<?xml version='1.0' encoding='UTF-8' standalone='yes' ?>
<!--File Created By SMS Backup & Restore Pro v7.21 on 04/10/2015 19:36:47-->
<?xml-stylesheet type="text/xsl" href="sms.xsl"?>
<smses count="59">
  <sms protocol="0" address="+841685410901" date="1443954587062" type="1" subject="null" body="Kepx100 n&#10;De 131,151,171x 120n.353,373,575x 150n.11,33,55,77x 200n.121,141,181,252,272,363,474,565,585x 100n.121,161,232,272,343,383,454,565,676,787x 80n.22,44,66,88.00.99x 150n.242,262,282,464,484,686x 120n" toa="null" sc_toa="null" service_center="+84980200605" read="1" status="-1" locked="0" date_sent="1443954701000" readable_date="04-10-2015 17:29:47" contact_name="Giang" />
  <sms protocol="0" address="+841685410901" date="1443954596724" type="2" subject="null" body="Ok" toa="null" sc_toa="null" service_center="null" read="1" status="-1" locked="0" date_sent="0" readable_date="04-10-2015 17:29:56" contact_name="Giang" />
  <sms protocol="0" address="0948723319" date="1443954614815" type="2" subject="null" body="Kepx100 n&#10;De 131,151,171x 120n.353,373,575x 150n.11,33,55,77x 200n.121,141,181,252,272,363,474,565,585x 100n.121,161,232,272,343,383,454,565,676,787x 80n.22,44,66,88.00.99x 150n.242,262,282,464,484,686x 120n" toa="null" sc_toa="null" service_center="null" read="1" status="-1" locked="0" date_sent="0" readable_date="04-10-2015 17:30:14" contact_name="Tuyet2" />
  <sms protocol="0" address="+84948723319" date="1443954653843" type="1" subject="null" body="Ok" toa="null" sc_toa="null" service_center="+8491020005" read="1" status="-1" locked="0" date_sent="1443954738000" readable_date="04-10-2015 17:30:53" contact_name="Tuyet2" />
  <sms protocol="0" address="+84948723319" date="1443954778606" type="1" subject="null" body="Ok" toa="null" sc_toa="null" service_center="+8491020005" read="1" status="-1" locked="0" date_sent="1443954862000" readable_date="04-10-2015 17:32:58" contact_name="Tuyet2" />
  <sms protocol="0" address="+84948723319" date="1443954798322" type="2" subject="null" body="Lo 59x100.10x50.&#10;De 50x120.55x240" toa="null" sc_toa="null" service_center="null" read="1" status="-1" locked="0" date_sent="0" readable_date="04-10-2015 17:33:18" contact_name="Tuyet2" />
  <sms protocol="0" address="+84948723319" date="1443955024157" type="1" subject="null" body="Ok" toa="null" sc_toa="null" service_center="+8491020005" read="1" status="-1" locked="0" date_sent="1443955106000" readable_date="04-10-2015 17:37:04" contact_name="Tuyet2" />
  <sms protocol="0" address="+841628303500" date="1443955645652" type="1" subject="null" body="Lo 00.141.151.797.77.393.171.676.262.696x100d.xien 00.97x2tr.00.79x2tr.00.26.97x2tr" toa="null" sc_toa="null" service_center="+84980200613" read="1" status="-1" locked="0" date_sent="1443955761000" readable_date="04-10-2015 17:47:25" contact_name="Công1" />
  <sms protocol="0" address="+84965753555" date="1443955649924" type="1" subject="null" body="Đê383 42 55 99 44 171 676 33 88 98 313 363  454 696 828 11 585  06 x200 050 55 00x200" toa="null" sc_toa="null" service_center="+84980200605" read="1" status="-1" locked="0" date_sent="1443955765000" readable_date="04-10-2015 17:47:29" contact_name="An" />
  <sms protocol="0" address="+841628303500" date="1443955658507" type="2" subject="null" body="Ok" toa="null" sc_toa="null" service_center="null" read="1" status="-1" locked="0" date_sent="0" readable_date="04-10-2015 17:47:38" contact_name="Công1" />
  <sms protocol="0" address="01678838814" date="1443955668992" type="2" subject="null" body="Lo 00.141.151.797.77.393.171.676.262.696x100d.xien 00.97x2tr.00.79x2tr.00.26.97x2tr" toa="null" sc_toa="null" service_center="null" read="1" status="-1" locked="0" date_sent="0" readable_date="04-10-2015 17:47:48" contact_name="Vo Anh Thai" />
  <sms protocol="0" address="+84965753555" date="1443955687434" type="2" subject="null" body="Ok" toa="null" sc_toa="null" service_center="null" read="1" status="-1" locked="0" date_sent="0" readable_date="04-10-2015 17:48:07" contact_name="An" />
  <sms protocol="0" address="+841678838814" date="1443955730551" type="1" subject="null" body="Ok1" toa="null" sc_toa="null" service_center="+84980200605" read="1" status="-1" locked="0" date_sent="1443955846000" readable_date="04-10-2015 17:48:50" contact_name="Vo Anh Thai" />
  <sms protocol="0" address="0948723319" date="1443955805924" type="2" subject="null" body="De 363x500d. Lo 363x100d " toa="null" sc_toa="null" service_center="null" read="1" status="-1" locked="0" date_sent="0" readable_date="04-10-2015 17:50:05" contact_name="Tuyet2" />
  <sms protocol="0" address="+84948723319" date="1443955824891" type="1" subject="null" body="Ok" toa="null" sc_toa="null" service_center="+8491020005" read="1" status="-1" locked="0" date_sent="1443955908000" readable_date="04-10-2015 17:50:24" contact_name="Tuyet2" />
  <sms protocol="0" address="+841662883398" date="1443956126274" type="1" subject="null" body="Kép bằng x1,500" toa="null" sc_toa="null" service_center="+84980200605" read="1" status="-1" locked="0" date_sent="1443956240000" readable_date="04-10-2015 17:55:26" contact_name="Chi Hoa" />
  <sms protocol="0" address="+841662883398" date="1443956140891" type="2" subject="null" body="Ok" toa="null" sc_toa="null" service_center="null" read="1" status="-1" locked="0" date_sent="0" readable_date="04-10-2015 17:55:40" contact_name="Chi Hoa" />
  <sms protocol="0" address="0948723319" date="1443956149832" type="2" subject="null" body="Kép bằng x1,500" toa="null" sc_toa="null" service_center="null" read="1" status="-1" locked="0" date_sent="0" readable_date="04-10-2015 17:55:49" contact_name="Tuyet2" />
  <sms protocol="0" address="+84948723319" date="1443956175615" type="1" subject="null" body="Ok" toa="null" sc_toa="null" service_center="+8491020005" read="1" status="-1" locked="0" date_sent="1443956259000" readable_date="04-10-2015 17:56:15" contact_name="Tuyet2" />
  <sms protocol="0" address="+841685410901" date="1443956393921" type="1" subject="null" body="Lo 292x50d p" toa="null" sc_toa="null" service_center="+84980200605" read="1" status="-1" locked="0" date_sent="1443956510000" readable_date="04-10-2015 17:59:53" contact_name="Giang" />
  <sms protocol="0" address="+841685410901" date="1443956444007" type="1" subject="null" body="Lo 50x300d " toa="null" sc_toa="null" service_center="+84980200605" read="1" status="-1" locked="0" date_sent="1443956559000" readable_date="04-10-2015 18:00:44" contact_name="Giang" />
  <sms protocol="0" address="+841685410901" date="1443956458646" type="2" subject="null" body="Ok" toa="null" sc_toa="null" service_center="null" read="1" status="-1" locked="0" date_sent="0" readable_date="04-10-2015 18:00:58" contact_name="Giang" />
  <sms protocol="0" address="0948723319" date="1443956473091" type="2" subject="null" body="Lo 292x50d " toa="null" sc_toa="null" service_center="null" read="1" status="-1" locked="0" date_sent="0" readable_date="04-10-2015 18:01:13" contact_name="Tuyet2" />
  <sms protocol="0" address="0948723319" date="1443956480758" type="2" subject="null" body="Lo 50x300d " toa="null" sc_toa="null" service_center="null" read="1" status="-1" locked="0" date_sent="0" readable_date="04-10-2015 18:01:20" contact_name="Tuyet2" />
  <sms protocol="0" address="+84948723319" date="1443956489673" type="1" subject="null" body="Ok" toa="null" sc_toa="null" service_center="+8491020005" read="1" status="-1" locked="0" date_sent="1443956573000" readable_date="04-10-2015 18:01:29" contact_name="Tuyet2" />
  <sms protocol="0" address="+84963069523" date="1443956744206" type="2" subject="null" body="Ok1" toa="null" sc_toa="null" service_center="null" read="1" status="-1" locked="0" date_sent="0" readable_date="04-10-2015 18:05:44" contact_name="Chi" />
  <sms protocol="0" address="0948723319" date="1443956753590" type="2" subject="null" body="T1 de Dit3,5,7x330n Tong tren 10 x 150n  dit 3,5x60n. dit 7x40n con le 53,97,373x300n939 x 50n 13.373.353.17.95x20n 03.050.07.43 x10n" toa="null" sc_toa="null" service_center="null" read="1" status="-1" locked="0" date_sent="0" readable_date="04-10-2015 18:05:53" contact_name="Tuyet2" />
  <sms protocol="0" address="+84963069523" date="1443956808830" type="1" subject="null" body="T1lay tin này mơ nhé  de Dit3,5,7x330n Tong tren 10 x 150n  dit 3,5x60n. dit 7x40n con le 53,97,373x300n939 x 50n 13.373.353.17.95x20n 03.05 .07.43 x10n" toa="null" sc_toa="null" service_center="+84980200605" read="1" status="-1" locked="0" date_sent="1443956923000" readable_date="04-10-2015 18:06:48" contact_name="Chi" />
  <sms protocol="0" address="+84963069523" date="1443956838941" type="2" subject="null" body="Ok" toa="null" sc_toa="null" service_center="null" read="1" status="-1" locked="0" date_sent="0" readable_date="04-10-2015 18:07:18" contact_name="Chi" />
  <sms protocol="0" address="+84948723319" date="1443956845556" type="1" subject="null" body="Ok" toa="null" sc_toa="null" service_center="+8491020005" read="1" status="-1" locked="0" date_sent="1443956929000" readable_date="04-10-2015 18:07:25" contact_name="Tuyet2" />
  <sms protocol="0" address="+841685410901" date="1443956937332" type="1" subject="null" body="Lo 23x40d 02 52x50d 00x20d 171x40d" toa="null" sc_toa="null" service_center="+84980200605" read="1" status="-1" locked="0" date_sent="1443957052000" readable_date="04-10-2015 18:08:57" contact_name="Giang" />
  <sms protocol="0" address="+841685410901" date="1443956947801" type="2" subject="null" body="Ok" toa="null" sc_toa="null" service_center="null" read="1" status="-1" locked="0" date_sent="0" readable_date="04-10-2015 18:09:07" contact_name="Giang" />
  <sms protocol="0" address="0948723319" date="1443956957548" type="2" subject="null" body="Lo 23x40d 02 52x50d 00x20d 171x40d" toa="null" sc_toa="null" service_center="null" read="1" status="-1" locked="0" date_sent="0" readable_date="04-10-2015 18:09:17" contact_name="Tuyet2" />
  <sms protocol="0" address="+841685410901" date="1443956967022" type="1" subject="null" body="De 55x1.100  70 11 x200n  303 55 696 22 33x100n " toa="null" sc_toa="null" service_center="+84980200605" read="1" status="-1" locked="0" date_sent="1443957082000" readable_date="04-10-2015 18:09:27" contact_name="Giang" />
  <sms protocol="0" address="+841685410901" date="1443956992838" type="2" subject="null" body="Ok" toa="null" sc_toa="null" service_center="null" read="1" status="-1" locked="0" date_sent="0" readable_date="04-10-2015 18:09:52" contact_name="Giang" />
  <sms protocol="0" address="0948723319" date="1443956997139" type="2" subject="null" body="De 55x1.100  70 11 x200n  303 55 696 22 33x100n " toa="null" sc_toa="null" service_center="null" read="1" status="-1" locked="0" date_sent="0" readable_date="04-10-2015 18:09:57" contact_name="Tuyet2" />
  <sms protocol="35" address="+841653535810" date="1443957044132" type="1" subject="null" body="DE 090.010.898.191.595.797.292.161.282.686.565.494.393.363.X600N.DE 99X8TR.DE 696.262.767.11.77.22.66.88.171.191.757.878.X500N.DE DUOI 6X500N." toa="null" sc_toa="null" service_center="+84980200613" read="1" status="-1" locked="0" date_sent="1443957160000" readable_date="04-10-2015 18:10:44" contact_name="Cong2" />
  <sms protocol="0" address="+841653535810" date="1443957170932" type="2" subject="null" body="Ok" toa="null" sc_toa="null" service_center="null" read="1" status="-1" locked="0" date_sent="0" readable_date="04-10-2015 18:12:50" contact_name="Cong2" />
  <sms protocol="0" address="+841685410901" date="1443957180401" type="1" subject="null" body="Kep x 600, 99 x 3triêu, 989 x 200, le le x 100 77 x 700, 73 76 x 200, 79 x 1.400, 97 x 300" toa="null" sc_toa="null" service_center="+84980200605" read="1" status="-1" locked="0" date_sent="1443957177000" readable_date="04-10-2015 18:13:00" contact_name="Giang" />
  <sms protocol="0" address="01678838814" date="1443957181500" type="2" subject="null" body="DE 090.010.898.191.595.797.292.161.282.686.565.494.393.363.X600N.DE 99X8TR.DE 696.262.767.11.77.22.66.88.171.191.757.878.X500N.DE DUOI 6X500N." toa="null" sc_toa="null" service_center="null" read="1" status="-1" locked="0" date_sent="0" readable_date="04-10-2015 18:13:01" contact_name="Vo Anh Thai" />
  <sms protocol="0" address="+841685410901" date="1443957197879" type="2" subject="null" body="Ok" toa="null" sc_toa="null" service_center="null" read="1" status="-1" locked="0" date_sent="0" readable_date="04-10-2015 18:13:17" contact_name="Giang" />
  <sms protocol="0" address="+841678838814" date="1443957204741" type="1" subject="null" body="Ok2" toa="null" sc_toa="null" service_center="+84980200605" read="1" status="-1" locked="0" date_sent="1443957201000" readable_date="04-10-2015 18:13:24" contact_name="Vo Anh Thai" />
  <sms protocol="0" address="+84948723319" date="1443957205651" type="1" subject="null" body="Ok" toa="null" sc_toa="null" service_center="+8491020005" read="1" status="-1" locked="0" date_sent="1443957143000" readable_date="04-10-2015 18:13:25" contact_name="Tuyet2" />
  <sms protocol="0" address="0948723319" date="1443957206527" type="2" subject="null" body="Kep x 600, 99 x 3triêu, 989 x 200, le le x 100 77 x 700, 73 76 x 200, 79 x 1.400, 97 x 300" toa="null" sc_toa="null" service_center="null" read="1" status="-1" locked="0" date_sent="0" readable_date="04-10-2015 18:13:26" contact_name="Tuyet2" />
  <sms protocol="0" address="0948723319" date="1443957244768" type="2" subject="null" body="DE 090.010.898.191.595.797.292.161.282.686.565.494.393.363.X600N.DE 99X8TR.DE 696.262.767.11.77.22.66.88.171.191.757.878.X500N.DE DUOI 6X500N." toa="null" sc_toa="null" service_center="null" read="1" status="-1" locked="0" date_sent="0" readable_date="04-10-2015 18:14:04" contact_name="Tuyet2" />
  <sms protocol="0" address="+84948723319" date="1443957453289" type="1" subject="null" body="Ok" toa="null" sc_toa="null" service_center="+8491020005" read="1" status="-1" locked="0" date_sent="1443957418000" readable_date="04-10-2015 18:17:33" contact_name="Tuyet2" />
  <sms protocol="0" address="+84965753555" date="1443957498574" type="1" subject="null" body="Đe co2x100" toa="null" sc_toa="null" service_center="+84980200605" read="1" status="-1" locked="0" date_sent="1443957489000" readable_date="04-10-2015 18:18:18" contact_name="An" />
  <sms protocol="0" address="+84965753555" date="1443957511506" type="2" subject="null" body="Ok" toa="null" sc_toa="null" service_center="null" read="1" status="-1" locked="0" date_sent="0" readable_date="04-10-2015 18:18:31" contact_name="An" />
  <sms protocol="0" address="0948723319" date="1443957520968" type="2" subject="null" body="Đe co2x100" toa="null" sc_toa="null" service_center="null" read="1" status="-1" locked="0" date_sent="0" readable_date="04-10-2015 18:18:40" contact_name="Tuyet2" />
  <sms protocol="0" address="+84948723319" date="1443957547280" type="1" subject="null" body="Ok" toa="null" sc_toa="null" service_center="+8491020005" read="1" status="-1" locked="0" date_sent="1443957513000" readable_date="04-10-2015 18:19:07" contact_name="Tuyet2" />
  <sms protocol="0" address="997" date="1443957986007" type="2" subject="null" body="Kqsxmb" toa="null" sc_toa="null" service_center="null" read="1" status="-1" locked="0" date_sent="0" readable_date="04-10-2015 18:26:26" contact_name="(Unknown)" />
  <sms protocol="0" address="997" date="1443957996441" type="1" subject="null" body="MB 4/10&#10;DB:80339&#10;1:30120&#10;2:24188-60828&#10;3:83640-47695-37992-43334-65092-11045&#10;4:3922-4922-3226-4755&#10;5:6425-0392-7736-0401-2433-4201&#10;6:190-283-208&#10;7:90-87-10-42" toa="null" sc_toa="null" service_center="+8491020165" read="1" status="-1" locked="0" date_sent="1443957960000" readable_date="04-10-2015 18:26:36" contact_name="(Unknown)" />
  <sms protocol="0" address="+84963069523" date="1443958432621" type="1" subject="null" body="Ngay:04/10/2015&#10;chau chuyen cho mo &#10;De:18480,0=13490,0n&#10;Th de:200,0= 14000,0n&#10;Mo bu cho cháu  : 510,0 - cháu  nợ 7580 =7040.0&#10;Tong  cháu bù mơ " toa="null" sc_toa="null" service_center="null" read="1" status="-1" locked="0" date_sent="0" readable_date="04-10-2015 18:33:52" contact_name="Chi" />
  <sms protocol="0" address="01628303500" date="1443961950163" type="2" subject="null" body="Ngay:04/10/2015&#13;&#10;em chuyen cho chi&#13;&#10;Lo:1800,0=39600,0n&#13;&#10;Xien:600,0=4500,0n&#13;&#10;Th lo:200,0=16000,0n&#13;&#10;em bu cho chi:28100,0n&#13;&#10;" toa="null" sc_toa="null" service_center="null" read="1" status="0" locked="0" date_sent="0" readable_date="04-10-2015 19:32:30" contact_name="Công1" />
  <sms protocol="0" address="01653535810" date="1443962010136" type="2" subject="null" body="Ngay:04/10/2015&#13;&#10;em chuyen cho chi&#13;&#10;De:39300,0=29475,0n&#13;&#10;Th de:600,0=42000,0n&#13;&#10;chi bu cho em:12525,- 28.100=15.575+em no194423=209.998&#10;&#10;" toa="null" sc_toa="null" service_center="null" read="1" status="0" locked="0" date_sent="0" readable_date="04-10-2015 19:33:30" contact_name="Cong2" />
  <sms protocol="0" address="0965753555" date="1443962034130" type="2" subject="null" body="Ngay:04/10/2015&#13;&#10;anh chuyen cho em&#13;&#10;De:8100,0=6075,0n&#13;&#10;anh bu cho em:6075,0n&#13;&#10;" toa="null" sc_toa="null" service_center="null" read="1" status="0" locked="0" date_sent="0" readable_date="04-10-2015 19:33:54" contact_name="An" />
  <sms protocol="0" address="01685410901" date="1443962076133" type="2" subject="null" body="Ngay:04/10/2015&#13;&#10;chau chuyen cho co&#13;&#10;De:26060,0=18841,4n&#13;&#10;Lo:640,0=13952,0n&#13;&#10;Th de:100,0=7000,0n&#13;&#10;Th lo:150,0=12000,0n&#13;&#10;chau bu cho co:13793,+695.519=709.312&#10;" toa="null" sc_toa="null" service_center="null" read="1" status="0" locked="0" date_sent="0" readable_date="04-10-2015 19:34:36" contact_name="Giang" />
  <sms protocol="0" address="01678838814" date="1443962127138" type="2" subject="null" body="Ngay:04/10/2015&#13;&#10;em chuyen cho chi&#13;&#10;De:39300,0=28296,0n&#13;&#10;Lo:1800,0=39240,0n&#13;&#10;Xien:600,0=3720,0n&#13;&#10;Thuong de:600,0=42000,0n&#13;&#10;Thuong lo:200,0=16000,0n&#13;&#10;em bu cho chi:13256,185.715=198.971&#10;" toa="null" sc_toa="null" service_center="null" read="1" status="0" locked="0" date_sent="0" readable_date="04-10-2015 19:35:27" contact_name="Vo Anh Thai" />
  <sms protocol="0" address="01662883398" date="1443962184133" type="2" subject="null" body="Ngay:04/10/2015&#13;&#10;chi chuyen cho em&#13;&#10;De:15000,0=11100,0n&#13;&#10;chi bu cho em:11100,+344.183=355.283&#10;" toa="null" sc_toa="null" service_center="null" read="1" status="0" locked="0" date_sent="0" readable_date="04-10-2015 19:36:24" contact_name="Chi Hoa" />
</smses>