<?xml version='1.0' encoding='UTF-8' standalone='yes' ?>
<!--File Created By SMS Backup & Restore Pro v7.21 on 05/10/2015 19:30:48-->
<?xml-stylesheet type="text/xsl" href="sms.xsl"?>
<smses count="122">
  <sms protocol="0" address="+84985687263" date="1444027856575" type="1" subject="null" body="Ok" toa="null" sc_toa="null" service_center="null" read="1" status="-1" locked="0" date_sent="0" readable_date="05-10-2015 13:50:56" contact_name="A Dug Hk" />
  <sms protocol="0" address="+84979399373" date="1444040338200" type="1" subject="null" body="Đề:05,50 x 50.01,10,15,51,56,65 x 20" toa="null" sc_toa="null" service_center="null" read="1" status="-1" locked="0" date_sent="0" readable_date="05-10-2015 17:18:58" contact_name="A Tung Thuy?" />
  <sms protocol="0" address="+84973836212" date="1444040786652" type="1" subject="null" body="Tin 1,lô 35x35d 50x30d 01x5d " toa="null" sc_toa="null" service_center="null" read="1" status="-1" locked="0" date_sent="0" readable_date="05-10-2015 17:26:26" contact_name="Tien Em" />
  <sms protocol="0" address="0973836212" date="1444040817222" type="2" subject="null" body="Nhan 1 tin.so tin cuoi:1." toa="null" sc_toa="null" service_center="null" read="1" status="0" locked="0" date_sent="0" readable_date="05-10-2015 17:26:57" contact_name="Tien Em" />
  <sms protocol="0" address="0979399373" date="1444040938723" type="2" subject="null" body="Anh gui cho EM 1 tin" toa="null" sc_toa="null" service_center="null" read="1" status="0" locked="0" date_sent="0" readable_date="05-10-2015 17:28:58" contact_name="A Tung Thuy?" />
  <sms protocol="0" address="+841685897838" date="1444042010608" type="1" subject="null" body="đê kep băng x120n 99 17 65 66 74x200n 18 75  474x50n" toa="null" sc_toa="null" service_center="null" read="1" status="-1" locked="0" date_sent="0" readable_date="05-10-2015 17:46:50" contact_name="Chi H. v. b" />
  <sms protocol="0" address="01685897838" date="1444042024715" type="2" subject="null" body="Nhan 1 tin." toa="null" sc_toa="null" service_center="null" read="1" status="0" locked="0" date_sent="0" readable_date="05-10-2015 17:47:04" contact_name="Chi H. v. b" />
  <sms protocol="0" address="+841685897838" date="1444042225020" type="1" subject="null" body="Xjen 85.74x20d.57.30x10d.70.85x10d.71.74.85x10d.75.85.65x10d.75.85.x10d" toa="null" sc_toa="null" service_center="null" read="1" status="-1" locked="0" date_sent="0" readable_date="05-10-2015 17:50:25" contact_name="Chi H. v. b" />
  <sms protocol="0" address="01677281854" date="1444042237718" type="2" subject="null" body="Tin 1: De:66,99x200n.74x130n.65x100n.17x80n.05,18,47,50,75x50n.01,10,15,51,56x20n.@2080148958@" toa="null" sc_toa="null" service_center="null" read="1" status="0" locked="0" date_sent="0" readable_date="05-10-2015 17:50:37" contact_name="(Unknown)" />
  <sms protocol="0" address="01685897838" date="1444042243714" type="2" subject="null" body="Nhan 2 tin." toa="null" sc_toa="null" service_center="null" read="1" status="0" locked="0" date_sent="0" readable_date="05-10-2015 17:50:43" contact_name="Chi H. v. b" />
  <sms protocol="0" address="01685897838" date="1444042246713" type="2" subject="null" body="Nhan 2 tin." toa="null" sc_toa="null" service_center="null" read="1" status="0" locked="0" date_sent="0" readable_date="05-10-2015 17:50:46" contact_name="Chi H. v. b" />
  <sms protocol="0" address="0964386982" date="1444042266219" type="2" subject="null" body="Tin 1: De:00,11,17,22,33,44,55,65,66,74,77,88,99x120n." toa="null" sc_toa="null" service_center="null" read="1" status="0" locked="0" date_sent="0" readable_date="05-10-2015 17:51:06" contact_name="A Duc" />
  <sms protocol="0" address="+841677281854" date="1444042267459" type="1" subject="null" body="Nhan 1 tin.so tin cuoi:1." toa="null" sc_toa="null" service_center="null" read="1" status="-1" locked="0" date_sent="0" readable_date="05-10-2015 17:51:07" contact_name="(Unknown)" />
  <sms protocol="0" address="0983650782" date="1444042294716" type="2" subject="null" body="Tin 1: lo:35x35d.50x30d.01x5d..xi2:74,85*20d.xi2:30,57*10d.,xi3:65,75,85*10d.,xi2:70,85*10d.,xi3:71,74,85*10d.,xi2:75,85*10d." toa="null" sc_toa="null" service_center="null" read="1" status="0" locked="0" date_sent="0" readable_date="05-10-2015 17:51:34" contact_name="A T 782 Lv" />
  <sms protocol="0" address="+84964386982" date="1444042311398" type="1" subject="null" body="Ok1" toa="null" sc_toa="null" service_center="null" read="1" status="-1" locked="0" date_sent="0" readable_date="05-10-2015 17:51:51" contact_name="A Duc" />
  <sms protocol="0" address="+84983099345" date="1444042323407" type="1" subject="null" body="Đề đít 5x500n" toa="null" sc_toa="null" service_center="null" read="1" status="-1" locked="0" date_sent="0" readable_date="05-10-2015 17:52:03" contact_name="Viet Bo" />
  <sms protocol="0" address="0983099345" date="1444042329217" type="2" subject="null" body="Nhan 1 tin." toa="null" sc_toa="null" service_center="null" read="1" status="0" locked="0" date_sent="0" readable_date="05-10-2015 17:52:09" contact_name="Viet Bo" />
  <sms protocol="0" address="01677281854" date="1444042357715" type="2" subject="null" body="Tin 2: De:05,15,25,35,45,55,65,75,85,95x300n.@1707314245@" toa="null" sc_toa="null" service_center="null" read="1" status="0" locked="0" date_sent="0" readable_date="05-10-2015 17:52:37" contact_name="(Unknown)" />
  <sms protocol="0" address="0964386982" date="1444042377215" type="2" subject="null" body="Tin 2: De:05,15,25,35,45,75,85,95x200n.55,65x80n." toa="null" sc_toa="null" service_center="null" read="1" status="0" locked="0" date_sent="0" readable_date="05-10-2015 17:52:57" contact_name="A Duc" />
  <sms protocol="0" address="01677281854" date="1444042392214" type="2" subject="null" body="Tin 3: De:55,65x120n.@3811362450@" toa="null" sc_toa="null" service_center="null" read="1" status="0" locked="0" date_sent="0" readable_date="05-10-2015 17:53:12" contact_name="(Unknown)" />
  <sms protocol="0" address="+84973836212" date="1444042422653" type="1" subject="null" body="Tin 2,lo 59x30d 24x5d" toa="null" sc_toa="null" service_center="null" read="1" status="-1" locked="0" date_sent="0" readable_date="05-10-2015 17:53:42" contact_name="Tien Em" />
  <sms protocol="0" address="0973836212" date="1444042428221" type="2" subject="null" body="Nhan 2 tin.so tin cuoi:2." toa="null" sc_toa="null" service_center="null" read="1" status="0" locked="0" date_sent="0" readable_date="05-10-2015 17:53:48" contact_name="Tien Em" />
  <sms protocol="0" address="+841677281854" date="1444042447656" type="1" subject="null" body="Nhan 3 tin.so tin cuoi:3." toa="null" sc_toa="null" service_center="null" read="1" status="-1" locked="0" date_sent="0" readable_date="05-10-2015 17:54:07" contact_name="(Unknown)" />
  <sms protocol="0" address="+841685897838" date="1444042484975" type="1" subject="null" body="Dau dit 6x20.636x100.88.353.272.676.x30." toa="null" sc_toa="null" service_center="null" read="1" status="-1" locked="0" date_sent="0" readable_date="05-10-2015 17:54:44" contact_name="Chi H. v. b" />
  <sms protocol="0" address="01685897838" date="1444042492717" type="2" subject="null" body="Nhan 3 tin." toa="null" sc_toa="null" service_center="null" read="1" status="0" locked="0" date_sent="0" readable_date="05-10-2015 17:54:52" contact_name="Chi H. v. b" />
  <sms protocol="0" address="0964386982" date="1444042504712" type="2" subject="null" body="Tin 3: De:36,63x120n.67,76x50n.66x40n.27,53,72,88x30n.06,16,26,46,56,60,61,62,64,68,69,86,96x20n." toa="null" sc_toa="null" service_center="null" read="1" status="0" locked="0" date_sent="0" readable_date="05-10-2015 17:55:04" contact_name="A Duc" />
  <sms protocol="0" address="+84973836212" date="1444042512933" type="1" subject="null" body="tjn3 xiên 24.30-10k.&#10;30.59-10k&#10;30.95-10k" toa="null" sc_toa="null" service_center="null" read="1" status="-1" locked="0" date_sent="0" readable_date="05-10-2015 17:55:12" contact_name="Tien Em" />
  <sms protocol="0" address="0973836212" date="1444042518215" type="2" subject="null" body="Nhan 3 tin.so tin cuoi:2." toa="null" sc_toa="null" service_center="null" read="1" status="0" locked="0" date_sent="0" readable_date="05-10-2015 17:55:18" contact_name="Tien Em" />
  <sms protocol="0" address="0983650782" date="1444042530218" type="2" subject="null" body="Tin 2: lo:59x30d.24x5d..xi2:24,30*1d.,xi2:30,59*1d.,xi2:30,95*1d." toa="null" sc_toa="null" service_center="null" read="1" status="0" locked="0" date_sent="0" readable_date="05-10-2015 17:55:30" contact_name="A T 782 Lv" />
  <sms protocol="0" address="+84964386982" date="1444042545538" type="1" subject="null" body="bac gui cho em 3 tin" toa="null" sc_toa="null" service_center="null" read="1" status="-1" locked="0" date_sent="0" readable_date="05-10-2015 17:55:45" contact_name="A Duc" />
  <sms protocol="0" address="+841685897838" date="1444042604329" type="1" subject="null" body="Xien 12.10x5d.14.04x5d.92.89x5d." toa="null" sc_toa="null" service_center="null" read="1" status="-1" locked="0" date_sent="0" readable_date="05-10-2015 17:56:44" contact_name="Chi H. v. b" />
  <sms protocol="0" address="+84977655973" date="1444042624378" type="1" subject="null" body="Lo 08x5d 22x15d dit 5x50n 25 85x100n 95 50 22 52 51x10n" toa="null" sc_toa="null" service_center="null" read="1" status="-1" locked="0" date_sent="0" readable_date="05-10-2015 17:57:04" contact_name="A Su Cong Tinh Uy" />
  <sms protocol="0" address="01685897838" date="1444042639713" type="2" subject="null" body="Nhan 4 tin." toa="null" sc_toa="null" service_center="null" read="1" status="0" locked="0" date_sent="0" readable_date="05-10-2015 17:57:19" contact_name="Chi H. v. b" />
  <sms protocol="0" address="0983650782" date="1444042651719" type="2" subject="null" body="Tin 3: lo:22x15d.08x5d..xi2:04,14*5d.,xi2:10,12*5d.,xi2:89,92*5d." toa="null" sc_toa="null" service_center="null" read="1" status="0" locked="0" date_sent="0" readable_date="05-10-2015 17:57:31" contact_name="A T 782 Lv" />
  <sms protocol="0" address="0977655973" date="1444042674213" type="2" subject="null" body="BAC gui cho EM 1 tin" toa="null" sc_toa="null" service_center="null" read="1" status="0" locked="0" date_sent="0" readable_date="05-10-2015 17:57:54" contact_name="A Su Cong Tinh Uy" />
  <sms protocol="0" address="+841685897838" date="1444042710694" type="1" subject="null" body="De 363x100n.dau dit 7x100n.hai kep x100n.565x50n" toa="null" sc_toa="null" service_center="null" read="1" status="-1" locked="0" date_sent="0" readable_date="05-10-2015 17:58:30" contact_name="Chi H. v. b" />
  <sms protocol="0" address="01685897838" date="1444042719212" type="2" subject="null" body="Nhan 5 tin." toa="null" sc_toa="null" service_center="null" read="1" status="0" locked="0" date_sent="0" readable_date="05-10-2015 17:58:39" contact_name="Chi H. v. b" />
  <sms protocol="0" address="01677281854" date="1444042758213" type="2" subject="null" body="Tin 4: De:77,44,47,49,57,61,63,66,67,70,71,73,74,76,78,79,83,87,88,94,97,99x100n.35x80n.95x60n.15,45,56x50n.51,52x10n.@1934058857@" toa="null" sc_toa="null" service_center="null" read="1" status="0" locked="0" date_sent="0" readable_date="05-10-2015 17:59:18" contact_name="(Unknown)" />
  <sms protocol="0" address="0964386982" date="1444042774720" type="2" subject="null" body="Tin 4: De:27,72x170n.50x110n.07,16,37,38x100n.77,22,00,11,17,33,36x80n." toa="null" sc_toa="null" service_center="null" read="1" status="0" locked="0" date_sent="0" readable_date="05-10-2015 17:59:34" contact_name="A Duc" />
  <sms protocol="0" address="+841677281854" date="1444042786450" type="1" subject="null" body="Nhan 4 tin.so tin cuoi:4." toa="null" sc_toa="null" service_center="null" read="1" status="-1" locked="0" date_sent="0" readable_date="05-10-2015 17:59:46" contact_name="(Unknown)" />
  <sms protocol="0" address="01677281854" date="1444042800234" type="2" subject="null" body="Tin 5: De:05,25,55,75,85x150n.65,77x120n.22,27,72x30n.00,11,17,33,36x20n.@1580874896@" toa="null" sc_toa="null" service_center="null" read="1" status="0" locked="0" date_sent="0" readable_date="05-10-2015 18:00:00" contact_name="(Unknown)" />
  <sms protocol="0" address="+841677281854" date="1444042830983" type="1" subject="null" body="Nhan 5 tin.so tin cuoi:5." toa="null" sc_toa="null" service_center="null" read="1" status="-1" locked="0" date_sent="0" readable_date="05-10-2015 18:00:30" contact_name="(Unknown)" />
  <sms protocol="0" address="+841685897838" date="1444042843431" type="1" subject="null" body="xien.87.00.30.x50d.33.30.00x50d.de.30.x5000n." toa="null" sc_toa="null" service_center="null" read="1" status="-1" locked="0" date_sent="0" readable_date="05-10-2015 18:00:43" contact_name="Chi H. v. b" />
  <sms protocol="0" address="01685897838" date="1444042849724" type="2" subject="null" body="Nhan 6 tin." toa="null" sc_toa="null" service_center="null" read="1" status="0" locked="0" date_sent="0" readable_date="05-10-2015 18:00:49" contact_name="Chi H. v. b" />
  <sms protocol="0" address="01685897838" date="1444042852722" type="2" subject="null" body="Nhan 6 tin." toa="null" sc_toa="null" service_center="null" read="1" status="0" locked="0" date_sent="0" readable_date="05-10-2015 18:00:52" contact_name="Chi H. v. b" />
  <sms protocol="0" address="0964386982" date="1444042893214" type="2" subject="null" body="Tin 5: De:30x200n." toa="null" sc_toa="null" service_center="null" read="1" status="0" locked="0" date_sent="0" readable_date="05-10-2015 18:01:33" contact_name="A Duc" />
  <sms protocol="0" address="01677281854" date="1444042906715" type="2" subject="null" body="Tin 6: De:30x4800n.@2924331527@" toa="null" sc_toa="null" service_center="null" read="1" status="0" locked="0" date_sent="0" readable_date="05-10-2015 18:01:46" contact_name="(Unknown)" />
  <sms protocol="0" address="+841677281854" date="1444042928228" type="1" subject="null" body="Nhan 6 tin.so tin cuoi:6." toa="null" sc_toa="null" service_center="null" read="1" status="-1" locked="0" date_sent="0" readable_date="05-10-2015 18:02:08" contact_name="(Unknown)" />
  <sms protocol="0" address="+84964386982" date="1444042940989" type="1" subject="null" body="Ok 5" toa="null" sc_toa="null" service_center="null" read="1" status="-1" locked="0" date_sent="0" readable_date="05-10-2015 18:02:20" contact_name="A Duc" />
  <sms protocol="0" address="0983650782" date="1444042941218" type="2" subject="null" body="Tin 4: xi3:00,30,33*50d.,xi3:00,30,87*50d." toa="null" sc_toa="null" service_center="null" read="1" status="0" locked="0" date_sent="0" readable_date="05-10-2015 18:02:21" contact_name="A T 782 Lv" />
  <sms protocol="0" address="+84983650782" date="1444042953260" type="1" subject="null" body="Em gui cho Anh 3 tin" toa="null" sc_toa="null" service_center="null" read="1" status="-1" locked="0" date_sent="0" readable_date="05-10-2015 18:02:33" contact_name="A T 782 Lv" />
  <sms protocol="0" address="+84973836212" date="1444042980132" type="1" subject="null" body="Tin 4. Lô 30x3d 83.61x5đ.&#10;35 x 10đ&#10;53x 20đ.&#10;74 x 100đ" toa="null" sc_toa="null" service_center="null" read="1" status="-1" locked="0" date_sent="0" readable_date="05-10-2015 18:03:00" contact_name="Tien Em" />
  <sms protocol="0" address="+84983650782" date="1444042994338" type="1" subject="null" body="Em gui cho Anh 4 tin" toa="null" sc_toa="null" service_center="null" read="1" status="-1" locked="0" date_sent="0" readable_date="05-10-2015 18:03:14" contact_name="A T 782 Lv" />
  <sms protocol="0" address="0973836212" date="1444043005720" type="2" subject="null" body="Nhan 4 tin.so tin cuoi:4.Tin thieu:3" toa="null" sc_toa="null" service_center="null" read="1" status="0" locked="0" date_sent="0" readable_date="05-10-2015 18:03:25" contact_name="Tien Em" />
  <sms protocol="0" address="+841685897838" date="1444043199684" type="1" subject="null" body="De.101.28.33.303.080.69.09.12.13.18.22.272.39.81.00.11.14.19.20.21.22.35.32.87.90.42.50.52.53.88.95.97..49.x300n.30.00.33.55.10.60.80.40.50.x300n" toa="null" sc_toa="null" service_center="null" read="1" status="-1" locked="0" date_sent="0" readable_date="05-10-2015 18:06:39" contact_name="Chi H. v. b" />
  <sms protocol="0" address="+84976427999" date="1444043202554" type="1" subject="null" body="Đề 98x400, 99x100" toa="null" sc_toa="null" service_center="null" read="1" status="-1" locked="0" date_sent="0" readable_date="05-10-2015 18:06:42" contact_name="A Dung Shop" />
  <sms protocol="0" address="01685897838" date="1444043212725" type="2" subject="null" body="Nhan 7 tin." toa="null" sc_toa="null" service_center="null" read="1" status="0" locked="0" date_sent="0" readable_date="05-10-2015 18:06:52" contact_name="Chi H. v. b" />
  <sms protocol="0" address="0983650782" date="1444043242716" type="2" subject="null" body="Tin 5: lo:74x100d.53x20d.35x10d.61,83x5d.30x3d." toa="null" sc_toa="null" service_center="null" read="1" status="0" locked="0" date_sent="0" readable_date="05-10-2015 18:07:22" contact_name="A T 782 Lv" />
  <sms protocol="0" address="+84983650782" date="1444043292155" type="1" subject="null" body="Em gui cho Anh 5 tin" toa="null" sc_toa="null" service_center="null" read="1" status="-1" locked="0" date_sent="0" readable_date="05-10-2015 18:08:12" contact_name="A T 782 Lv" />
  <sms protocol="0" address="+84979399373" date="1444043309689" type="1" subject="null" body="Lo 02 x10. 28 82 x15. 24X 5. De 55x 100. Dau 4.5.6.7.8 x10. 54x50" toa="null" sc_toa="null" service_center="null" read="1" status="-1" locked="0" date_sent="0" readable_date="05-10-2015 18:08:29" contact_name="A Tung Thuy?" />
  <sms protocol="0" address="01685897838" date="1444043323712" type="2" subject="null" body="chi gui cho EM 7 tin" toa="null" sc_toa="null" service_center="null" read="1" status="0" locked="0" date_sent="0" readable_date="05-10-2015 18:08:43" contact_name="Chi H. v. b" />
  <sms protocol="0" address="0973836212" date="1444043325212" type="2" subject="null" body="may gui cho tao 4 tinThieu tin:3" toa="null" sc_toa="null" service_center="null" read="1" status="32" locked="0" date_sent="0" readable_date="05-10-2015 18:08:45" contact_name="Tien Em" />
  <sms protocol="0" address="0976427999" date="1444043326713" type="2" subject="null" body="Anh gui cho EM 1 tin" toa="null" sc_toa="null" service_center="null" read="1" status="0" locked="0" date_sent="0" readable_date="05-10-2015 18:08:46" contact_name="A Dung Shop" />
  <sms protocol="0" address="0979399373" date="1444043328216" type="2" subject="null" body="Anh gui cho EM 2 tin" toa="null" sc_toa="null" service_center="null" read="1" status="32" locked="0" date_sent="0" readable_date="05-10-2015 18:08:48" contact_name="A Tung Thuy?" />
  <sms protocol="0" address="0983099345" date="1444043329712" type="2" subject="null" body="Ban gui cho toi 1 tin" toa="null" sc_toa="null" service_center="null" read="1" status="0" locked="0" date_sent="0" readable_date="05-10-2015 18:08:49" contact_name="Viet Bo" />
  <sms protocol="0" address="01677281854" date="1444043343212" type="2" subject="null" body="Tin 7: De:50,80x360n.00,10,22,30,33x350n.55x160n.98x150n.40,42,49,52,53,60,69,72,81,87,88x60n.01,03,08,09,11,12,13,14,18,19,20,21,27,28,32,35,39,90,95,97x50n.@1339746134@" toa="null" sc_toa="null" service_center="null" read="1" status="0" locked="0" date_sent="0" readable_date="05-10-2015 18:09:03" contact_name="(Unknown)" />
  <sms protocol="0" address="0964386982" date="1444043356713" type="2" subject="null" body="Tin 6: De:01,03,08,09,10,12,13,14,18,19,20,21,28,32,39,40,42,49,52,80,81,87,90,97,98x200n.60,69x180n.53x170n.50x90n.99x80n.54x60n.88x50n.41,43,44,46,47,48,51,56,57,58,59,61,62,63,64,66,67,68,70,71,73,74,76,78,79,82,83,84,86,89x10n." toa="null" sc_toa="null" service_center="null" read="1" status="0" locked="0" date_sent="0" readable_date="05-10-2015 18:09:16" contact_name="A Duc" />
  <sms protocol="0" address="0983650782" date="1444043371731" type="2" subject="null" body="Tin 6: lo:28,82x15d.02x10d.24x5d." toa="null" sc_toa="null" service_center="null" read="1" status="0" locked="0" date_sent="0" readable_date="05-10-2015 18:09:31" contact_name="A T 782 Lv" />
  <sms protocol="0" address="+84964386982" date="1444043371897" type="1" subject="null" body="Oi" toa="null" sc_toa="null" service_center="null" read="1" status="-1" locked="0" date_sent="0" readable_date="05-10-2015 18:09:31" contact_name="A Duc" />
  <sms protocol="0" address="+84964386982" date="1444043380889" type="1" subject="null" body="Ok" toa="null" sc_toa="null" service_center="null" read="1" status="-1" locked="0" date_sent="0" readable_date="05-10-2015 18:09:40" contact_name="A Duc" />
  <sms protocol="0" address="+841677281854" date="1444043394802" type="1" subject="null" body="Nhan 7 tin.so tin cuoi:7." toa="null" sc_toa="null" service_center="null" read="1" status="-1" locked="0" date_sent="0" readable_date="05-10-2015 18:09:54" contact_name="(Unknown)" />
  <sms protocol="0" address="01677281854" date="1444043421221" type="2" subject="null" body="Tin 8: De:00,11,22,27,30,33,35,55,72,95x250n.88x200n.50x160n.53x80n.60,69x70n.01,03,08,09,10,12,13,14,18,19,20,21,28,32,39,40,42,49,52,80,81,87,90,97,98x50n.99x20n.45,65,75,77,85x10n.@3709080919@" toa="null" sc_toa="null" service_center="null" read="1" status="0" locked="0" date_sent="0" readable_date="05-10-2015 18:10:21" contact_name="(Unknown)" />
  <sms protocol="0" address="+84983650782" date="1444043484325" type="1" subject="null" body="Em gui cho Anh 6 tin" toa="null" sc_toa="null" service_center="null" read="1" status="-1" locked="0" date_sent="0" readable_date="05-10-2015 18:11:24" contact_name="A T 782 Lv" />
  <sms protocol="0" address="+841677281854" date="1444043503104" type="1" subject="null" body="Nhan 8 tin.so tin cuoi:8." toa="null" sc_toa="null" service_center="null" read="1" status="-1" locked="0" date_sent="0" readable_date="05-10-2015 18:11:43" contact_name="(Unknown)" />
  <sms protocol="0" address="+841685897838" date="1444043516135" type="1" subject="null" body="xjen 17.38x10d.25.72.03x10d." toa="null" sc_toa="null" service_center="null" read="1" status="-1" locked="0" date_sent="0" readable_date="05-10-2015 18:11:56" contact_name="Chi H. v. b" />
  <sms protocol="0" address="01685897838" date="1444043520214" type="2" subject="null" body="Nhan 8 tin." toa="null" sc_toa="null" service_center="null" read="1" status="0" locked="0" date_sent="0" readable_date="05-10-2015 18:12:00" contact_name="Chi H. v. b" />
  <sms protocol="0" address="0983650782" date="1444043530719" type="2" subject="null" body="Tin 7: xi3:03,25,72*10d.,xi2:17,38*10d." toa="null" sc_toa="null" service_center="null" read="1" status="0" locked="0" date_sent="0" readable_date="05-10-2015 18:12:10" contact_name="A T 782 Lv" />
  <sms protocol="0" address="+84983650782" date="1444043601480" type="1" subject="null" body="Em gui cho Anh 7 tin" toa="null" sc_toa="null" service_center="null" read="1" status="-1" locked="0" date_sent="0" readable_date="05-10-2015 18:13:21" contact_name="A T 782 Lv" />
  <sms protocol="0" address="+841685897838" date="1444043618540" type="1" subject="null" body="Xien 22.04.82x10d.63.07.49x5d.73.82.49x5d." toa="null" sc_toa="null" service_center="null" read="1" status="-1" locked="0" date_sent="0" readable_date="05-10-2015 18:13:38" contact_name="Chi H. v. b" />
  <sms protocol="0" address="01685897838" date="1444043623716" type="2" subject="null" body="Nhan 9 tin." toa="null" sc_toa="null" service_center="null" read="1" status="0" locked="0" date_sent="0" readable_date="05-10-2015 18:13:43" contact_name="Chi H. v. b" />
  <sms protocol="0" address="0983650782" date="1444043634215" type="2" subject="null" body="Tin 8: xi3:07,49,63*5d.,xi3:49,73,82*5d.xi3:04,22,82*10d." toa="null" sc_toa="null" service_center="null" read="1" status="0" locked="0" date_sent="0" readable_date="05-10-2015 18:13:54" contact_name="A T 782 Lv" />
  <sms protocol="0" address="+841685897838" date="1444043644530" type="1" subject="null" body="&#10; De080x500.383.33.88x500.he 24x200." toa="null" sc_toa="null" service_center="null" read="1" status="-1" locked="0" date_sent="0" readable_date="05-10-2015 18:14:04" contact_name="Chi H. v. b" />
  <sms protocol="0" address="01685897838" date="1444043650718" type="2" subject="null" body="Nhan 10 tin." toa="null" sc_toa="null" service_center="null" read="1" status="0" locked="0" date_sent="0" readable_date="05-10-2015 18:14:10" contact_name="Chi H. v. b" />
  <sms protocol="0" address="0964386982" date="1444043671719" type="2" subject="null" body="Tin 7: De:24,29,92x200n.83,47,79x190n.38x100n.74x70n." toa="null" sc_toa="null" service_center="null" read="1" status="0" locked="0" date_sent="0" readable_date="05-10-2015 18:14:31" contact_name="A Duc" />
  <sms protocol="0" address="01677281854" date="1444043688213" type="2" subject="null" body="Tin 9: De:08,33,80,88x500n.38x400n.83x310n.42,97x200n.74x130n.47,79x10n.@3272927930@" toa="null" sc_toa="null" service_center="null" read="1" status="0" locked="0" date_sent="0" readable_date="05-10-2015 18:14:48" contact_name="(Unknown)" />
  <sms protocol="0" address="+84983650782" date="1444043698222" type="1" subject="null" body="Em gui cho Anh 8 tin" toa="null" sc_toa="null" service_center="null" read="1" status="-1" locked="0" date_sent="0" readable_date="05-10-2015 18:14:58" contact_name="A T 782 Lv" />
  <sms protocol="0" address="+841685897838" date="1444043710902" type="1" subject="null" body="Dit.0x300n.dau.0x100.n.30.x500n.080.03.00.55.838.10.616.66.404.707.67.434.848t.x200n.ba.cang.130.230.330.430.530.630.730.830.930.x300n.100.200.155.733.233..199.899.294.820.x100n" toa="null" sc_toa="null" service_center="null" read="1" status="-1" locked="0" date_sent="0" readable_date="05-10-2015 18:15:10" contact_name="Chi H. v. b" />
  <sms protocol="0" address="01685897838" date="1444043721212" type="2" subject="null" body="Nhan 11 tin." toa="null" sc_toa="null" service_center="null" read="1" status="0" locked="0" date_sent="0" readable_date="05-10-2015 18:15:21" contact_name="Chi H. v. b" />
  <sms protocol="0" address="+841677281854" date="1444043723142" type="1" subject="null" body="Nhan 9 tin.so tin cuoi:9." toa="null" sc_toa="null" service_center="null" read="1" status="-1" locked="0" date_sent="0" readable_date="05-10-2015 18:15:23" contact_name="(Unknown)" />
  <sms protocol="0" address="0983650782" date="1444043733212" type="2" subject="null" body="Tin 9: Ba cang:100,155,199,200,233,294,733,820,899x100n.130,230,330,430,530,630,730,830,930x300n." toa="null" sc_toa="null" service_center="null" read="1" status="0" locked="0" date_sent="0" readable_date="05-10-2015 18:15:33" contact_name="A T 782 Lv" />
  <sms protocol="0" address="+84964386982" date="1444043738103" type="1" subject="null" body="Ok7" toa="null" sc_toa="null" service_center="null" read="1" status="-1" locked="0" date_sent="0" readable_date="05-10-2015 18:15:38" contact_name="A Duc" />
  <sms protocol="0" address="0964386982" date="1444043770715" type="2" subject="null" body="Tin 8: De:04x250n.70x240n.34,43,48,61,84x200n.67x190n.07x150n.16x130n.02,06x100n.66x80n.30,00,10,40,80,03,08,20,50,60,90,38,55,83,01,05,09x50n." toa="null" sc_toa="null" service_center="null" read="1" status="0" locked="0" date_sent="0" readable_date="05-10-2015 18:16:10" contact_name="A Duc" />
  <sms protocol="0" address="01677281854" date="1444043787219" type="2" subject="null" body="Tin 10: De:30x750n.00x550n.10,40,80x450n.70x260n.03,08,20,50,60,90x250n.07,38,55,83x150n.66x120n.16x70n.01,04,05,09x50n.67x10n.@35074268@" toa="null" sc_toa="null" service_center="null" read="1" status="0" locked="0" date_sent="0" readable_date="05-10-2015 18:16:27" contact_name="(Unknown)" />
  <sms protocol="0" address="+84983650782" date="1444043808517" type="1" subject="null" body="Em gui cho Anh 9 tin" toa="null" sc_toa="null" service_center="null" read="1" status="-1" locked="0" date_sent="0" readable_date="05-10-2015 18:16:48" contact_name="A T 782 Lv" />
  <sms protocol="0" address="+84964386982" date="1444043817255" type="1" subject="null" body="bac gui cho em 8 tin" toa="null" sc_toa="null" service_center="null" read="1" status="-1" locked="0" date_sent="0" readable_date="05-10-2015 18:16:57" contact_name="A Duc" />
  <sms protocol="0" address="+841677281854" date="1444043823087" type="1" subject="null" body="Nhan 10 tin.so tin cuoi:10." toa="null" sc_toa="null" service_center="null" read="1" status="-1" locked="0" date_sent="0" readable_date="05-10-2015 18:17:03" contact_name="(Unknown)" />
  <sms protocol="0" address="0979399373" date="1444044088719" type="2" subject="null" body="Nhan 2 tin.. HET DE" toa="null" sc_toa="null" service_center="null" read="1" status="0" locked="0" date_sent="0" readable_date="05-10-2015 18:21:28" contact_name="A Tung Thuy?" />
  <sms protocol="0" address="0973836212" date="1444044090212" type="2" subject="null" body="Nhan 4 tin.so tin cuoi:4.Tin thieu:3. HET DE" toa="null" sc_toa="null" service_center="null" read="1" status="0" locked="0" date_sent="0" readable_date="05-10-2015 18:21:30" contact_name="Tien Em" />
  <sms protocol="0" address="01685897838" date="1444044091716" type="2" subject="null" body="Nhan 11 tin.. HET DE" toa="null" sc_toa="null" service_center="null" read="1" status="0" locked="0" date_sent="0" readable_date="05-10-2015 18:21:31" contact_name="Chi H. v. b" />
  <sms protocol="0" address="0983099345" date="1444044093227" type="2" subject="null" body="Nhan 1 tin.. HET DE" toa="null" sc_toa="null" service_center="null" read="1" status="0" locked="0" date_sent="0" readable_date="05-10-2015 18:21:33" contact_name="Viet Bo" />
  <sms protocol="0" address="0977655973" date="1444044094712" type="2" subject="null" body="Nhan 1 tin.. HET DE" toa="null" sc_toa="null" service_center="null" read="1" status="0" locked="0" date_sent="0" readable_date="05-10-2015 18:21:34" contact_name="A Su Cong Tinh Uy" />
  <sms protocol="0" address="0976427999" date="1444044096217" type="2" subject="null" body="Nhan 1 tin.. HET DE" toa="null" sc_toa="null" service_center="null" read="1" status="0" locked="0" date_sent="0" readable_date="05-10-2015 18:21:36" contact_name="A Dung Shop" />
  <sms protocol="0" address="+84983650782" date="1444044447341" type="1" subject="null" body="Ngay:05/10/2015&#10;Em chuyen cho Anh&#10;Lo:313,0=6792,1n&#10;3Cang:3600,0=2376,0n&#10;Xien:228,0=1368,0n&#10;Th lo:20,0=1600,0n&#10;Em bu cho Anh:8936,1n&#10;" toa="null" sc_toa="null" service_center="null" read="1" status="-1" locked="0" date_sent="0" readable_date="05-10-2015 18:27:27" contact_name="A T 782 Lv" />
  <sms protocol="0" address="0983650782" date="1444044466711" type="2" subject="null" body="Ngay:05/10/2015&#13;&#10;em chuyen cho anh&#13;&#10;Lo:313,0=6792,1n&#13;&#10;3Cang:3600,0=2376,0n&#13;&#10;Xien:228,0=1368,0n&#13;&#10;Thuong lo:20,0=1600,0n&#13;&#10;em bu cho anh:8936,1n&#13;&#10;" toa="null" sc_toa="null" service_center="null" read="1" status="0" locked="0" date_sent="0" readable_date="05-10-2015 18:27:46" contact_name="A T 782 Lv" />
  <sms protocol="0" address="01677281854" date="1444044471213" type="2" subject="null" body="Ngay:05/10/2015&#13;&#10;chau chuyen cho co&#13;&#10;De:30300,0=21816,0n&#13;&#10;chau bu cho co:21816,0n&#13;&#10;@1264295738@" toa="null" sc_toa="null" service_center="null" read="1" status="32" locked="0" date_sent="0" readable_date="05-10-2015 18:27:51" contact_name="(Unknown)" />
  <sms protocol="0" address="0976427999" date="1444044474217" type="2" subject="null" body="Ngay:05/10/2015&#13;&#10;Anh chuyen cho EM&#13;&#10;De:500,0=375,0n&#13;&#10;Anh bu cho EM:375,0n&#13;&#10;" toa="null" sc_toa="null" service_center="null" read="1" status="0" locked="0" date_sent="0" readable_date="05-10-2015 18:27:54" contact_name="A Dung Shop" />
  <sms protocol="0" address="0983099345" date="1444044480211" type="2" subject="null" body="Ngay:05/10/2015&#13;&#10;Ban chuyen cho toi&#13;&#10;De:5000,0=3650,0n&#13;&#10;Ban bu cho toi:3650,0n&#13;&#10;" toa="null" sc_toa="null" service_center="null" read="1" status="0" locked="0" date_sent="0" readable_date="05-10-2015 18:28:00" contact_name="Viet Bo" />
  <sms protocol="0" address="0979399373" date="1444044484711" type="2" subject="null" body="Ngay:05/10/2015&#13;&#10;Anh chuyen cho EM&#13;&#10;De:870,0=652,5n&#13;&#10;Lo:45,0=990,0n&#13;&#10;Th lo:15,0=1200,0n&#13;&#10;Anh bu cho EM:442,5n&#13;&#10;" toa="null" sc_toa="null" service_center="null" read="1" status="0" locked="0" date_sent="0" readable_date="05-10-2015 18:28:04" contact_name="A Tung Thuy?" />
  <sms protocol="0" address="0977655973" date="1444044487713" type="2" subject="null" body="Ngay:05/10/2015&#13;&#10;BAC chuyen cho EM&#13;&#10;De:750,0=600,0n&#13;&#10;Lo:20,0=450,0n&#13;&#10;BAC bu cho EM:1050,0n&#13;&#10;" toa="null" sc_toa="null" service_center="null" read="1" status="0" locked="0" date_sent="0" readable_date="05-10-2015 18:28:07" contact_name="A Su Cong Tinh Uy" />
  <sms protocol="0" address="0964386982" date="1444044492220" type="2" subject="null" body="Ngay:05/10/2015&#13;&#10;em chuyen cho anh&#13;&#10;De:16230,0=11604,4n&#13;&#10;Thuong de:200,0=14000,0n&#13;&#10;anh bu cho em:2395,6n&#13;&#10;" toa="null" sc_toa="null" service_center="null" read="1" status="0" locked="0" date_sent="0" readable_date="05-10-2015 18:28:12" contact_name="A Duc" />
  <sms protocol="0" address="01685897838" date="1444044498212" type="2" subject="null" body="Ngay:05/10/2015&#13;&#10;chi chuyen cho EM&#13;&#10;De:39410,0=28375,2n&#13;&#10;3Cang:3600,0=2556,0n&#13;&#10;Xien:225,0=1507,5n&#13;&#10;Th de:200,0=14000,0n&#13;&#10;chi bu cho EM:18438,7n&#13;&#10;" toa="null" sc_toa="null" service_center="null" read="1" status="0" locked="0" date_sent="0" readable_date="05-10-2015 18:28:18" contact_name="Chi H. v. b" />
  <sms protocol="0" address="0973836212" date="1444044504214" type="2" subject="null" body="Ngay:05/10/2015&#13;&#10;may chuyen cho tao&#13;&#10;Lo:248,0=5431,2n&#13;&#10;Xien:3,0=21,0n&#13;&#10;Th lo:5,0=400,0n&#13;&#10;may bu cho tao:5052,2n&#13;&#10;" toa="null" sc_toa="null" service_center="null" read="1" status="0" locked="0" date_sent="0" readable_date="05-10-2015 18:28:24" contact_name="Tien Em" />
  <sms protocol="0" address="+84964386982" date="1444044569870" type="1" subject="null" body="Ngay:05/10/2015&#10;bac chuyen cho em&#10;De:16230,0=11604,4n&#10;Th de:200,0=14000,0n&#10;em bu cho bac:2395,6n&#10;" toa="null" sc_toa="null" service_center="null" read="1" status="-1" locked="0" date_sent="0" readable_date="05-10-2015 18:29:29" contact_name="A Duc" />
  <sms protocol="0" address="+841677281854" date="1444044628101" type="1" subject="null" body="Ngay:05/10/2015&#10;chau chuyen cho co&#10;De:30300,0=21816,0n&#10;chau bu cho co:21816,0n&#10;" toa="null" sc_toa="null" service_center="null" read="1" status="-1" locked="0" date_sent="0" readable_date="05-10-2015 18:30:28" contact_name="(Unknown)" />
  <sms protocol="0" address="+84983099345" date="1444045016697" type="2" subject="null" body="Ngay:05/10/2015&#13;&#10;chi chuyen cho EM&#13;&#10;De:39410,0=28375,2n&#13;&#10;3Cang:3600,0=2556,0n&#13;&#10;Xien:225,0=1507,5n&#13;&#10;Th de:200,0=14000,0n&#13;&#10;chi bu cho EM:18438,7n&#13;&#10;T thu  c 18321" toa="null" sc_toa="null" service_center="null" read="1" status="0" locked="0" date_sent="0" readable_date="05-10-2015 18:36:56" contact_name="Viet Bo" />
  <sms protocol="0" address="01677281854" date="1444045088485" type="2" subject="null" body="Tinh den het ngay:04/10/15 chau bu 5871n&#13;&#10;Ngay:05/10/15 co+21816n &#13;&#10;Tong cong: chau bu 27687" toa="null" sc_toa="null" service_center="null" read="1" status="0" locked="0" date_sent="0" readable_date="05-10-2015 18:38:08" contact_name="(Unknown)" />
  <sms protocol="0" address="0964386982" date="1444045096486" type="2" subject="null" body="Tinh den het ngay:04/10/15 em bu 1817n&#13;&#10;Ngay:05/10/15 anh-2395n &#13;&#10;Tong cong: em thu 578" toa="null" sc_toa="null" service_center="null" read="1" status="0" locked="0" date_sent="0" readable_date="05-10-2015 18:38:16" contact_name="A Duc" />
  <sms protocol="0" address="0979399373" date="1444045149710" type="2" subject="null" body="Tinh den het ngay:04/10/15 EM thu 1012n&#13;&#10;Ngay:05/10/15 Anh+1012n -442n &#13;&#10;Tong cong: EM thu 442" toa="null" sc_toa="null" service_center="null" read="1" status="0" locked="0" date_sent="0" readable_date="05-10-2015 18:39:09" contact_name="A Tung Thuy?" />
  <sms protocol="0" address="0977655973" date="1444045158773" type="2" subject="null" body="Tinh den het ngay:04/10/15 EM thu 1645n&#13;&#10;Ngay:05/10/15 BAC-480n +1125n -1050n &#13;&#10;Tong cong: EM thu 2050" toa="null" sc_toa="null" service_center="null" read="1" status="0" locked="0" date_sent="0" readable_date="05-10-2015 18:39:18" contact_name="A Su Cong Tinh Uy" />
  <sms protocol="0" address="0983650782" date="1444045176553" type="2" subject="null" body="Tinh den het ngay:04/10/15 em bu 3657n&#13;&#10;Ngay:05/10/15 anh-3657n +8936n -2100n &#13;&#10;Tong cong: em bu 6836" toa="null" sc_toa="null" service_center="null" read="1" status="0" locked="0" date_sent="0" readable_date="05-10-2015 18:39:36" contact_name="A T 782 Lv" />
  <sms protocol="0" address="0983650782" date="1444045193222" type="2" subject="null" body="Tinh den het ngay:04/10/15 em bu 3657n&#13;&#10;Ngay:05/10/15 anh-3657n +8936n +2100n &#13;&#10;Tong cong: em bu 11036" toa="null" sc_toa="null" service_center="null" read="1" status="0" locked="0" date_sent="0" readable_date="05-10-2015 18:39:53" contact_name="A T 782 Lv" />
  <sms protocol="0" address="0983099345" date="1444045198604" type="2" subject="null" body="Tinh den het ngay:04/10/15 toi thu 37719n&#13;&#10;Ngay:05/10/15 Ban-180n +6400n -3650n -18321n &#13;&#10;Tong cong: toi thu 53470" toa="null" sc_toa="null" service_center="null" read="1" status="0" locked="0" date_sent="0" readable_date="05-10-2015 18:39:58" contact_name="Viet Bo" />
</smses>