<?xml version='1.0' encoding='UTF-8' standalone='yes' ?>
<!--File Created By SMS Backup & Restore Pro v7.21 on 06/10/2015 20:28:52-->
<?xml-stylesheet type="text/xsl" href="sms.xsl"?>
<smses count="72">
  <sms protocol="0" address="+841685410901" date="1444127625901" type="1" subject="null" body="Lo 76x120d  dau8x30n  85 86x200n  58 68x30n &#10;3cang  356x100 365x20n  952x10n &#10;Xi  22 77 56x100n &#10; 22 77 56 37x100n &#10;77 54 01x20n " toa="null" sc_toa="null" service_center="+84980200605" read="1" status="-1" locked="0" date_sent="1444127742000" readable_date="06-10-2015 17:33:45" contact_name="Giang" />
  <sms protocol="0" address="+841685410901" date="1444127744389" type="2" subject="null" body="Ok" toa="null" sc_toa="null" service_center="null" read="1" status="-1" locked="0" date_sent="0" readable_date="06-10-2015 17:35:44" contact_name="Giang" />
  <sms protocol="0" address="0948723319" date="1444127769195" type="2" subject="null" body="Lo 76x120d  dau8x30n  85 86x200n  58 68x30n &#10;3cang  356x100 365x20n  952x10n &#10;Xi  22 77 56x100n &#10; 22 77 56 37x100n &#10;77 54 01x20n " toa="null" sc_toa="null" service_center="null" read="1" status="-1" locked="0" date_sent="0" readable_date="06-10-2015 17:36:09" contact_name="Tuyet2" />
  <sms protocol="0" address="+84948723319" date="1444127786273" type="1" subject="null" body="Ok" toa="null" sc_toa="null" service_center="+8491020005" read="1" status="-1" locked="0" date_sent="1444127872000" readable_date="06-10-2015 17:36:26" contact_name="Tuyet2" />
  <sms protocol="0" address="+841685410901" date="1444127887840" type="1" subject="null" body="De 22 77x100  56x150n 65x50n  676x200n  75 76 77x100n&#10;Lo 20x200d 767x50d " toa="null" sc_toa="null" service_center="+84980200605" read="1" status="-1" locked="0" date_sent="1444128005000" readable_date="06-10-2015 17:38:07" contact_name="Giang" />
  <sms protocol="0" address="+841685410901" date="1444127899125" type="2" subject="null" body="Ok" toa="null" sc_toa="null" service_center="null" read="1" status="-1" locked="0" date_sent="0" readable_date="06-10-2015 17:38:19" contact_name="Giang" />
  <sms protocol="0" address="0948723319" date="1444127909687" type="2" subject="null" body="De 22 77x100  56x150n 65x50n  676x200n  75 76 77x100n&#10;Lo 20x200d 767x50d " toa="null" sc_toa="null" service_center="null" read="1" status="-1" locked="0" date_sent="0" readable_date="06-10-2015 17:38:29" contact_name="Tuyet2" />
  <sms protocol="0" address="+84948723319" date="1444127926815" type="1" subject="null" body="Ok" toa="null" sc_toa="null" service_center="+8491020005" read="1" status="-1" locked="0" date_sent="1444128012000" readable_date="06-10-2015 17:38:46" contact_name="Tuyet2" />
  <sms protocol="0" address="+841685410901" date="1444128339912" type="1" subject="null" body="De dd7x10n 575 252x10n &#10;de 090 232x 10 .292 191 33 13 24 44 00 11x 20.3 càng 909 313 819 911x 10." toa="null" sc_toa="null" service_center="+84980200605" read="1" status="-1" locked="0" date_sent="1444128457000" readable_date="06-10-2015 17:45:39" contact_name="Giang" />
  <sms protocol="0" address="+841685410901" date="1444128358018" type="2" subject="null" body="Ok" toa="null" sc_toa="null" service_center="null" read="1" status="-1" locked="0" date_sent="0" readable_date="06-10-2015 17:45:58" contact_name="Giang" />
  <sms protocol="0" address="0948723319" date="1444128377248" type="2" subject="null" body="De dd7x10n 575 252x10n &#10;de 090 232x 10 .292 191 33 13 24 44 00 11x 20." toa="null" sc_toa="null" service_center="null" read="1" status="-1" locked="0" date_sent="0" readable_date="06-10-2015 17:46:17" contact_name="Tuyet2" />
  <sms protocol="0" address="+841685410901" date="1444128381628" type="1" subject="null" body="de 00 01 02 03 04 05 06 07 08 09 14 16 17 24 25 26 27 34 35 37 43 44 47 52 53 54 57 61 62 64 67 70 71 76 77 80 84 87 89 90 91 92 93 94 95 96 97 98 99x 10.&#10;de tong 0,8x 50.tong 5x 30.00,99x 30." toa="null" sc_toa="null" service_center="+84980200605" read="1" status="-1" locked="0" date_sent="1444128498000" readable_date="06-10-2015 17:46:21" contact_name="Giang" />
  <sms protocol="0" address="+841685410901" date="1444128389576" type="2" subject="null" body="Ok" toa="null" sc_toa="null" service_center="null" read="1" status="-1" locked="0" date_sent="0" readable_date="06-10-2015 17:46:29" contact_name="Giang" />
  <sms protocol="0" address="0948723319" date="1444128409035" type="2" subject="null" body="de 00 01 02 03 04 05 06 07 08 09 14 16 17 24 25 26 27 34 35 37 43 44 47 52 53 54 57 61 62 64 67 70 71 76 77 80 84 87 89 90 91 92 93 94 95 96 97 98 99x 10.&#10;de tong 0,8x 50.tong 5x 30.00,99x 30." toa="null" sc_toa="null" service_center="null" read="1" status="-1" locked="0" date_sent="0" readable_date="06-10-2015 17:46:49" contact_name="Tuyet2" />
  <sms protocol="0" address="+84948723319" date="1444128473537" type="1" subject="null" body="Ok" toa="null" sc_toa="null" service_center="+8491020005" read="1" status="-1" locked="0" date_sent="1444128558000" readable_date="06-10-2015 17:47:53" contact_name="Tuyet2" />
  <sms protocol="0" address="+841685410901" date="1444128487591" type="1" subject="null" body="đề dàn từ 1-8 của tông chẵn(31so)x 100n. dàn từ 1-8 của tổng lẻ(33so)x 50n.292x 50n.474x 30n.797,424,44,99x 50n.575x 100n.696,191x 50n." toa="null" sc_toa="null" service_center="+84980200605" read="1" status="-1" locked="0" date_sent="1444128604000" readable_date="06-10-2015 17:48:07" contact_name="Giang" />
  <sms protocol="0" address="+841685410901" date="1444128497300" type="2" subject="null" body="Ok" toa="null" sc_toa="null" service_center="null" read="1" status="-1" locked="0" date_sent="0" readable_date="06-10-2015 17:48:17" contact_name="Giang" />
  <sms protocol="0" address="0948723319" date="1444128518705" type="2" subject="null" body="đề dàn từ 1-8 của tông chẵn(31so)x 100n. dàn từ 1-8 của tổng lẻ(33so)x 50n.292x 50n.474x 30n.797,424,44,99x 50n.575x 100n.696,191x 50n." toa="null" sc_toa="null" service_center="null" read="1" status="-1" locked="0" date_sent="0" readable_date="06-10-2015 17:48:38" contact_name="Tuyet2" />
  <sms protocol="0" address="+841685410901" date="1444128531651" type="1" subject="null" body="lô 383x 10d. lo 575,373x 15d. đề 383,181,080,585x 30k.575x 50k.&#10;đề dàn ko chia het cho 3 cua tong chan(35so)x 60.dan ko chia het cho 3 cua tong le(32so)x 35." toa="null" sc_toa="null" service_center="+84980200605" read="1" status="-1" locked="0" date_sent="1444128648000" readable_date="06-10-2015 17:48:51" contact_name="Giang" />
  <sms protocol="0" address="+841685410901" date="1444128541157" type="2" subject="null" body="Ok" toa="null" sc_toa="null" service_center="null" read="1" status="-1" locked="0" date_sent="0" readable_date="06-10-2015 17:49:01" contact_name="Giang" />
  <sms protocol="0" address="+84948723319" date="1444128557998" type="1" subject="null" body="Ok" toa="null" sc_toa="null" service_center="+8491020005" read="1" status="-1" locked="0" date_sent="1444128642000" readable_date="06-10-2015 17:49:17" contact_name="Tuyet2" />
  <sms protocol="0" address="0948723319" date="1444128566719" type="2" subject="null" body="lô 383x 10d. lo 575,373x 15d. đề 383,181,080,585x 30k.575x 50k.&#10;đề dàn ko chia het cho 3 cua tong chan(35so)x 60.dan ko chia het cho 3 cua tong le(32so)x 35." toa="null" sc_toa="null" service_center="null" read="1" status="-1" locked="0" date_sent="0" readable_date="06-10-2015 17:49:26" contact_name="Tuyet2" />
  <sms protocol="0" address="+841685410901" date="1444128650670" type="1" subject="null" body="Kepx200 n 55.77x100 n 575x50 n . 171x30 n" toa="null" sc_toa="null" service_center="+84980200605" read="1" status="-1" locked="0" date_sent="1444128765000" readable_date="06-10-2015 17:50:50" contact_name="Giang" />
  <sms protocol="0" address="+841685410901" date="1444128660212" type="2" subject="null" body="Ok" toa="null" sc_toa="null" service_center="null" read="1" status="-1" locked="0" date_sent="0" readable_date="06-10-2015 17:51:00" contact_name="Giang" />
  <sms protocol="0" address="0948723319" date="1444128669939" type="2" subject="null" body="Kepx200 n 55.77x100 n 575x50 n . 171x30 n" toa="null" sc_toa="null" service_center="null" read="1" status="-1" locked="0" date_sent="0" readable_date="06-10-2015 17:51:09" contact_name="Tuyet2" />
  <sms protocol="0" address="+841662883398" date="1444128779511" type="1" subject="null" body="Kép bằng x2tr, lô 99 x 500₫" toa="null" sc_toa="null" service_center="+84980200613" read="1" status="-1" locked="0" date_sent="1444128896000" readable_date="06-10-2015 17:52:59" contact_name="Chi Hoa" />
  <sms protocol="0" address="+84948723319" date="1444128782477" type="1" subject="null" body="Ok" toa="null" sc_toa="null" service_center="+8491020005" read="1" status="-1" locked="0" date_sent="1444128865000" readable_date="06-10-2015 17:53:02" contact_name="Tuyet2" />
  <sms protocol="0" address="+841662883398" date="1444128794390" type="2" subject="null" body="Ok" toa="null" sc_toa="null" service_center="null" read="1" status="-1" locked="0" date_sent="0" readable_date="06-10-2015 17:53:14" contact_name="Chi Hoa" />
  <sms protocol="0" address="0948723319" date="1444128805817" type="2" subject="null" body="Kép bằng x2tr, lô 99 x 500₫" toa="null" sc_toa="null" service_center="null" read="1" status="-1" locked="0" date_sent="0" readable_date="06-10-2015 17:53:25" contact_name="Tuyet2" />
  <sms protocol="0" address="+84948723319" date="1444128881023" type="1" subject="null" body="Ik" toa="null" sc_toa="null" service_center="+8491020005" read="1" status="-1" locked="0" date_sent="1444128966000" readable_date="06-10-2015 17:54:41" contact_name="Tuyet2" />
  <sms protocol="35" address="+841653535810" date="1444129064373" type="1" subject="null" body="DE DAU 6X500N.DUOI 6X500N.DE 353.858.959X1TR.DE 282.727.323.787.22.262.686.383.292.383.767.121.424.88.181.363.737.484.X800N.DE 171.474.696.898.77.33.66.11.44.161.X500N.LO 22X600D.LO 242.090.727.292X100D.DE 292.656X6TR.DE 424.262.636.282.272X600N.XIEN 27.22X5TR.DE 66X8TR.DE 696X3TR." toa="null" sc_toa="null" service_center="+84980200613" read="1" status="-1" locked="0" date_sent="1444129175000" readable_date="06-10-2015 17:57:44" contact_name="Cong2" />
  <sms protocol="0" address="+841653535810" date="1444129075079" type="2" subject="null" body="Ok" toa="null" sc_toa="null" service_center="null" read="1" status="-1" locked="0" date_sent="0" readable_date="06-10-2015 17:57:55" contact_name="Cong2" />
  <sms protocol="0" address="+841685410901" date="1444129091591" type="1" subject="null" body="Dau7x20n dit7x10n  72 75 77 78x50n  171 27 57 87x10n" toa="null" sc_toa="null" service_center="+84980200605" read="1" status="-1" locked="0" date_sent="1444129210000" readable_date="06-10-2015 17:58:11" contact_name="Giang" />
  <sms protocol="0" address="01678838814" date="1444129093213" type="2" subject="null" body="DE DAU 6X500N.DUOI 6X500N.DE 353.858.959X1TR.DE 282.727.323.787.22.262.686.383.292.383.767.121.424.88.181.363.737.484.X800N.DE 171.474.696.898.77.33.66.11.44.161.X500N.LO 22X600D.LO 242.090.727.292X100D.DE 292.656X6TR.DE 424.262.636.282.272X600N.XIEN 27.22X5TR.DE 66X8TR.DE 696X3TR." toa="null" sc_toa="null" service_center="null" read="1" status="-1" locked="0" date_sent="0" readable_date="06-10-2015 17:58:13" contact_name="Vo Anh Thai" />
  <sms protocol="0" address="+841685410901" date="1444129100255" type="2" subject="null" body="Ok" toa="null" sc_toa="null" service_center="null" read="1" status="-1" locked="0" date_sent="0" readable_date="06-10-2015 17:58:20" contact_name="Giang" />
  <sms protocol="0" address="0948723319" date="1444129107238" type="2" subject="null" body="Dau7x20n dit7x10n  72 75 77 78x50n  171 27 57 87x10n" toa="null" sc_toa="null" service_center="null" read="1" status="-1" locked="0" date_sent="0" readable_date="06-10-2015 17:58:27" contact_name="Tuyet2" />
  <sms protocol="0" address="+841678838814" date="1444129155908" type="1" subject="null" body="Ok1" toa="null" sc_toa="null" service_center="+84980200605" read="1" status="-1" locked="0" date_sent="1444129273000" readable_date="06-10-2015 17:59:15" contact_name="Vo Anh Thai" />
  <sms protocol="0" address="+841685410901" date="1444129435291" type="1" subject="null" body="De 51 71 81x50n  15 17 18x20n&#10;Lo 22 x300d" toa="null" sc_toa="null" service_center="+84980200613" read="1" status="-1" locked="0" date_sent="1444129551000" readable_date="06-10-2015 18:03:55" contact_name="Giang" />
  <sms protocol="0" address="+841685410901" date="1444129447061" type="2" subject="null" body="Ok" toa="null" sc_toa="null" service_center="null" read="1" status="-1" locked="0" date_sent="0" readable_date="06-10-2015 18:04:07" contact_name="Giang" />
  <sms protocol="0" address="0948723319" date="1444129453238" type="2" subject="null" body="De 51 71 81x50n  15 17 18x20n&#10;Lo 22 x300d" toa="null" sc_toa="null" service_center="null" read="1" status="-1" locked="0" date_sent="0" readable_date="06-10-2015 18:04:13" contact_name="Tuyet2" />
  <sms protocol="0" address="+84948723319" date="1444129560767" type="1" subject="null" body="Ok2" toa="null" sc_toa="null" service_center="+8491020005" read="1" status="-1" locked="0" date_sent="1444129645000" readable_date="06-10-2015 18:06:00" contact_name="Tuyet2" />
  <sms protocol="0" address="+84963069523" date="1444129571397" type="1" subject="null" body="T1 de Co3x300n có 0.5 x 50n ghép   0,6 voi  1,3,7x10n. co 0,6x5n Ghep06 voi  137x100n Co 2.6.8 x 100n tg 3.8 x 100n hê 26 x50n  171 x 50n 13,414,171,73,747,11,121,464x200n" toa="null" sc_toa="null" service_center="+84980200605" read="1" status="-1" locked="0" date_sent="1444129686000" readable_date="06-10-2015 18:06:11" contact_name="Chi" />
  <sms protocol="0" address="+84963069523" date="1444129581806" type="2" subject="null" body="Ok" toa="null" sc_toa="null" service_center="null" read="1" status="-1" locked="0" date_sent="0" readable_date="06-10-2015 18:06:21" contact_name="Chi" />
  <sms protocol="0" address="0948723319" date="1444129602828" type="2" subject="null" body="T1 de Co3x300n có 0.5 x 50n ghép   0,6 voi  1,3,7x10n. co 0,6x5n Ghep06 voi  137x100n Co 2.6.8 x 100n tg 3.8 x 100n hê 26 x50n  171 x 50n 13,414,171,73,747,11,121,464x200n" toa="null" sc_toa="null" service_center="null" read="1" status="-1" locked="0" date_sent="0" readable_date="06-10-2015 18:06:42" contact_name="Tuyet2" />
  <sms protocol="0" address="+84948723319" date="1444129627883" type="1" subject="null" body="Ok" toa="null" sc_toa="null" service_center="+8491020005" read="1" status="-1" locked="0" date_sent="1444129713000" readable_date="06-10-2015 18:07:07" contact_name="Tuyet2" />
  <sms protocol="0" address="+84948723319" date="1444129797326" type="2" subject="null" body="De he 32x200n" toa="null" sc_toa="null" service_center="null" read="1" status="-1" locked="0" date_sent="0" readable_date="06-10-2015 18:09:57" contact_name="Tuyet2" />
  <sms protocol="0" address="+84965753555" date="1444129828898" type="1" subject="null" body="Đê616 66 727 77 22 383 494 x300 kepbangx200 keplechx250" toa="null" sc_toa="null" service_center="+84980200613" read="1" status="-1" locked="0" date_sent="1444129945000" readable_date="06-10-2015 18:10:28" contact_name="An" />
  <sms protocol="0" address="+841685410901" date="1444129833884" type="1" subject="null" body="Lo 22 03 686x50d  14 89 65 69 67 22x20d &#10;Xi 30 56 74x300n" toa="null" sc_toa="null" service_center="+84980200613" read="1" status="-1" locked="0" date_sent="1444129947000" readable_date="06-10-2015 18:10:33" contact_name="Giang" />
  <sms protocol="0" address="+84965753555" date="1444129840523" type="2" subject="null" body="Ok" toa="null" sc_toa="null" service_center="null" read="1" status="-1" locked="0" date_sent="0" readable_date="06-10-2015 18:10:40" contact_name="An" />
  <sms protocol="0" address="+841685410901" date="1444129849127" type="2" subject="null" body="Ok" toa="null" sc_toa="null" service_center="null" read="1" status="-1" locked="0" date_sent="0" readable_date="06-10-2015 18:10:49" contact_name="Giang" />
  <sms protocol="0" address="0948723319" date="1444129855966" type="2" subject="null" body="Lo 22 03 686x50d  14 89 65 69 67 22x20d &#10;Xi 30 56 74x300n" toa="null" sc_toa="null" service_center="null" read="1" status="-1" locked="0" date_sent="0" readable_date="06-10-2015 18:10:55" contact_name="Tuyet2" />
  <sms protocol="0" address="+84948723319" date="1444129919082" type="1" subject="null" body="Ok" toa="null" sc_toa="null" service_center="+8491020005" read="1" status="-1" locked="0" date_sent="1444130004000" readable_date="06-10-2015 18:11:59" contact_name="Tuyet2" />
  <sms protocol="0" address="+841685410901" date="1444129934769" type="1" subject="null" body="De dd0x500n   64 65 69 67 00 73 22 00  020 60x100n  01 050 070x200n  010x500n 080x400n   090x1tr " toa="null" sc_toa="null" service_center="+84980200613" read="1" status="-1" locked="0" date_sent="1444130051000" readable_date="06-10-2015 18:12:14" contact_name="Giang" />
  <sms protocol="0" address="+841685410901" date="1444129943321" type="2" subject="null" body="Ok" toa="null" sc_toa="null" service_center="null" read="1" status="-1" locked="0" date_sent="0" readable_date="06-10-2015 18:12:23" contact_name="Giang" />
  <sms protocol="0" address="0948723319" date="1444129949610" type="2" subject="null" body="De dd0x500n   64 65 69 67 00 73 22 00  020 60x100n  01 050 070x200n  010x500n 080x400n   090x1tr " toa="null" sc_toa="null" service_center="null" read="1" status="-1" locked="0" date_sent="0" readable_date="06-10-2015 18:12:29" contact_name="Tuyet2" />
  <sms protocol="0" address="+841685410901" date="1444129974232" type="1" subject="null" body="Kep x 800, 99 70 71 12 72 73 74 75 78 79 77x 500, 76 x 1.000," toa="null" sc_toa="null" service_center="+84980200613" read="1" status="-1" locked="0" date_sent="1444130091000" readable_date="06-10-2015 18:12:54" contact_name="Giang" />
  <sms protocol="0" address="+841685410901" date="1444129981523" type="2" subject="null" body="Ok" toa="null" sc_toa="null" service_center="null" read="1" status="-1" locked="0" date_sent="0" readable_date="06-10-2015 18:13:01" contact_name="Giang" />
  <sms protocol="0" address="0948723319" date="1444129988365" type="2" subject="null" body="Kep x 800, 99 70 71 12 72 73 74 75 78 79 77x 500, 76 x 1.000," toa="null" sc_toa="null" service_center="null" read="1" status="-1" locked="0" date_sent="0" readable_date="06-10-2015 18:13:08" contact_name="Tuyet2" />
  <sms protocol="0" address="+841685410901" date="1444130042164" type="1" subject="null" body="De 59 050 535 585 55x 500" toa="null" sc_toa="null" service_center="+84980200613" read="1" status="-1" locked="0" date_sent="1444130159000" readable_date="06-10-2015 18:14:02" contact_name="Giang" />
  <sms protocol="0" address="+841685410901" date="1444130053117" type="2" subject="null" body="Ok" toa="null" sc_toa="null" service_center="null" read="1" status="-1" locked="0" date_sent="0" readable_date="06-10-2015 18:14:13" contact_name="Giang" />
  <sms protocol="0" address="0948723319" date="1444130065369" type="2" subject="null" body="De 59 050 535 585 55x 500" toa="null" sc_toa="null" service_center="null" read="1" status="-1" locked="0" date_sent="0" readable_date="06-10-2015 18:14:25" contact_name="Tuyet2" />
  <sms protocol="0" address="+84948723319" date="1444130198383" type="1" subject="null" body="Ok" toa="null" sc_toa="null" service_center="+8491020005" read="1" status="-1" locked="0" date_sent="1444130283000" readable_date="06-10-2015 18:16:38" contact_name="Tuyet2" />
  <sms protocol="0" address="+84963069523" date="1444131222518" type="1" subject="null" body="Ngay:06/10/2015&#10;chau chuyen cho mo &#10;De:19200,0= 14016,0n&#10;Th de: 255,0= 178500,0n&#10;Mơ  bu cho cháu  :3843,0 - 5232= 1398,0 cháu bù mơ &#10;" toa="null" sc_toa="null" service_center="null" read="1" status="-1" locked="0" date_sent="0" readable_date="06-10-2015 18:33:42" contact_name="Chi" />
  <sms protocol="0" address="+84963069523" date="1444131953653" type="2" subject="null" body="Ok chau" toa="null" sc_toa="null" service_center="null" read="1" status="-1" locked="0" date_sent="0" readable_date="06-10-2015 18:45:53" contact_name="Chi" />
  <sms protocol="0" address="997" date="1444131980676" type="2" subject="null" body="Kqsxmb" toa="null" sc_toa="null" service_center="null" read="1" status="-1" locked="0" date_sent="0" readable_date="06-10-2015 18:46:20" contact_name="(Unknown)" />
  <sms protocol="0" address="997" date="1444131986914" type="1" subject="null" body="MB 6/10&#10;DB:89780&#10;1:95300&#10;2:98273-67232&#10;3:93696-31978-94297-63591-55787-07736&#10;4:4590-9215-8395-4451&#10;5:1200-1562-2143-4595-9304-1316&#10;6:969-212-127&#10;7:88-94-49-66" toa="null" sc_toa="null" service_center="+8491020165" read="1" status="-1" locked="0" date_sent="1444132072000" readable_date="06-10-2015 18:46:26" contact_name="(Unknown)" />
  <sms protocol="0" address="+84948723319" date="1444135014237" type="1" subject="null" body="Tong de 92tr /1335 lo 1625/35 xien 520/0 chi -5474" toa="null" sc_toa="null" service_center="+8491020005" read="1" status="-1" locked="0" date_sent="1444135098000" readable_date="06-10-2015 19:36:54" contact_name="Tuyet2" />
  <sms protocol="0" address="0965753555" date="1444135432928" type="2" subject="null" body="Ngay:06/10/2015&#13;&#10;anh chuyen cho em&#13;&#10;De:7800,0=5850,0n&#13;&#10;anh bu cho em:5850,0n&#13;&#10;" toa="null" sc_toa="null" service_center="null" read="1" status="0" locked="0" date_sent="0" readable_date="06-10-2015 19:43:52" contact_name="An" />
  <sms protocol="0" address="01685410901" date="1444135494425" type="2" subject="null" body="Ngay:06/10/2015&#13;&#10;chau chuyen cho co&#13;&#10;De:50930,0=36822,4n&#13;&#10;Lo:1120,0=24416,0n&#13;&#10;3Cang:170,0=127,5n&#13;&#10;Xien:52,0=343,2n&#13;&#10;Th de:1080,0=75600,0n&#13;&#10;Th lo:35,0=2800,0n&#13;&#10;co bu cho chau:16690,-527.795=511.105&#10;" toa="null" sc_toa="null" service_center="null" read="1" status="0" locked="0" date_sent="0" readable_date="06-10-2015 19:44:54" contact_name="Giang" />
  <sms protocol="0" address="01678838814" date="1444135545421" type="2" subject="null" body="Ngay:06/10/2015&#13;&#10;em chuyen cho chi&#13;&#10;De:94700,0=68184,0n&#13;&#10;Lo:1400,0=30520,0n&#13;&#10;Xien:500,0=3100,0n&#13;&#10;Thuong lo:200,0=16000,0n&#13;&#10;em bu cho chi:85804,+122.999=208.803&#10;" toa="null" sc_toa="null" service_center="null" read="1" status="0" locked="0" date_sent="0" readable_date="06-10-2015 19:45:45" contact_name="Vo Anh Thai" />
  <sms protocol="0" address="01653535810" date="1444135617421" type="2" subject="null" body="Ngay:06/10/2015&#13;&#10;em chuyen cho chi&#13;&#10;De:94700,0=71025,0n&#13;&#10;Lo:1400,0=30800,0n&#13;&#10;Xien:500,0=3750,0n&#13;&#10;Th lo:200,0=16000,0n&#13;&#10;em bu cho chi:89575,+137.623=227.198&#10;" toa="null" sc_toa="null" service_center="null" read="1" status="0" locked="0" date_sent="0" readable_date="06-10-2015 19:46:57" contact_name="Cong2" />
  <sms protocol="0" address="01662883398" date="1444135698421" type="2" subject="null" body="Ngay:06/10/2015&#13;&#10;chi chuyen cho em&#13;&#10;De:20000,0=14800,0n&#13;&#10;Lo:500,0=11000,0n&#13;&#10;chi bu cho em:25800,+372.303=398.103&#10;" toa="null" sc_toa="null" service_center="null" read="1" status="0" locked="0" date_sent="0" readable_date="06-10-2015 19:48:18" contact_name="Chi Hoa" />
</smses>