<?xml version='1.0' encoding='UTF-8' standalone='yes' ?>
<!--File Created By SMS Backup & Restore Pro v7.21 on 07/10/2015 18:45:20-->
<?xml-stylesheet type="text/xsl" href="sms.xsl"?>
<smses count="148">
  <sms protocol="0" address="+84979399373" date="1444212741435" type="1" subject="null" body="Lô: 54,92,89x5. Đề 92x80k" toa="null" sc_toa="null" service_center="null" read="1" status="-1" locked="0" date_sent="0" readable_date="07-10-2015 17:12:21" contact_name="A Tung Thuy?" />
  <sms protocol="0" address="0979399373" date="1444213204868" type="2" subject="null" body="Anh gui cho EM 1 tin" toa="null" sc_toa="null" service_center="null" read="1" status="0" locked="0" date_sent="0" readable_date="07-10-2015 17:20:04" contact_name="A Tung Thuy?" />
  <sms protocol="0" address="+84983099345" date="1444213453201" type="1" subject="null" body="Đề đít 5x400n. 75x1triệu" toa="null" sc_toa="null" service_center="null" read="1" status="-1" locked="0" date_sent="0" readable_date="07-10-2015 17:24:13" contact_name="Viet Bo" />
  <sms protocol="0" address="0983099345" date="1444213515359" type="2" subject="null" body="Nhan 1 tin." toa="null" sc_toa="null" service_center="null" read="1" status="32" locked="0" date_sent="0" readable_date="07-10-2015 17:25:15" contact_name="Viet Bo" />
  <sms protocol="0" address="0983099345" date="1444213518353" type="2" subject="null" body="Nhan 1 tin." toa="null" sc_toa="null" service_center="null" read="1" status="32" locked="0" date_sent="0" readable_date="07-10-2015 17:25:18" contact_name="Viet Bo" />
  <sms protocol="0" address="+841685897838" date="1444214694113" type="1" subject="null" body="Xien 898x5d.363x5d.98.22.79x5d..de 252.x200.dau 2x50.24.53x20.70.23x10." toa="null" sc_toa="null" service_center="null" read="1" status="-1" locked="0" date_sent="0" readable_date="07-10-2015 17:44:54" contact_name="Chi H. v. b" />
  <sms protocol="0" address="01685897838" date="1444214706351" type="2" subject="null" body="Nhan 1 tin." toa="null" sc_toa="null" service_center="null" read="1" status="0" locked="0" date_sent="0" readable_date="07-10-2015 17:45:06" contact_name="Chi H. v. b" />
  <sms protocol="0" address="+84973836212" date="1444214706372" type="1" subject="null" body="T1 đề dd 9,tổng 9x10n lô 454,353x5d" toa="null" sc_toa="null" service_center="null" read="1" status="-1" locked="0" date_sent="0" readable_date="07-10-2015 17:45:06" contact_name="Tien Em" />
  <sms protocol="0" address="+841697208594" date="1444214724008" type="1" subject="null" body="E nhan xien ho c voi. X3.92.40.48.=20 ;X2.40.72.=20 ;X3.40.92.79.=20 ;X3.92.71.48.=20 ;X2.92.71.=20." toa="null" sc_toa="null" service_center="null" read="1" status="-1" locked="0" date_sent="0" readable_date="07-10-2015 17:45:24" contact_name="(Unknown)" />
  <sms protocol="0" address="0973836212" date="1444214742350" type="2" subject="null" body="Nhan 1 tin.so tin cuoi:1." toa="null" sc_toa="null" service_center="null" read="1" status="0" locked="0" date_sent="0" readable_date="07-10-2015 17:45:42" contact_name="Tien Em" />
  <sms protocol="0" address="01697208594" date="1444214778360" type="2" subject="null" body="Nhan 1 tin." toa="null" sc_toa="null" service_center="null" read="1" status="0" locked="0" date_sent="0" readable_date="07-10-2015 17:46:18" contact_name="(Unknown)" />
  <sms protocol="0" address="0964386982" date="1444214886348" type="2" subject="null" body="Tin 1: De:75,25,45,95,05,15,35,55,65,85x250n.52x200n." toa="null" sc_toa="null" service_center="null" read="1" status="0" locked="0" date_sent="0" readable_date="07-10-2015 17:48:06" contact_name="A Duc" />
  <sms protocol="0" address="01677281854" date="1444214919350" type="2" subject="null" body="Tin 1: De:75x1150n.25x400n.45,95x160n.05,15,35,55,65,85x150n.92x90n.24x70n.23,27,29x60n.20,21,22,26,28x50n.09,53,90,99x20n.18,19,36,39,49,54,59,63,69,70,72,79,81,89,91,93,94,96,97,98x10n.@566842893@" toa="null" sc_toa="null" service_center="null" read="1" status="0" locked="0" date_sent="0" readable_date="07-10-2015 17:48:39" contact_name="(Unknown)" />
  <sms protocol="0" address="+84964386982" date="1444214940678" type="1" subject="null" body="bac gui cho em 1 tin" toa="null" sc_toa="null" service_center="null" read="1" status="-1" locked="0" date_sent="0" readable_date="07-10-2015 17:49:00" contact_name="A Duc" />
  <sms protocol="0" address="0983650782" date="1444214944847" type="2" subject="null" body="Tin 1: lo:54x10d.35,45,53,89,92x5d..xi3:40,48,92*2d.,xi2:40,72*2d.,xi3:40,79,92*2d.,xi3:48,71,92*2d.,xi2:71,92*2d.xi3:22,79,98*5d.,xi2:36,63*5d.,xi2:89,98*5d." toa="null" sc_toa="null" service_center="null" read="1" status="0" locked="0" date_sent="0" readable_date="07-10-2015 17:49:04" contact_name="A T 782 Lv" />
  <sms protocol="0" address="+841685897838" date="1444215015659" type="1" subject="null" body="Xjen 39.30.x10d.41.38.55x10d.39.36.57x10d.57.99x20d.53.63.99x20d.39.14x10d.93.57.99.53x20d." toa="null" sc_toa="null" service_center="null" read="1" status="-1" locked="0" date_sent="0" readable_date="07-10-2015 17:50:15" contact_name="Chi H. v. b" />
  <sms protocol="0" address="01685897838" date="1444215037849" type="2" subject="null" body="Nhan 2 tin." toa="null" sc_toa="null" service_center="null" read="1" status="0" locked="0" date_sent="0" readable_date="07-10-2015 17:50:37" contact_name="Chi H. v. b" />
  <sms protocol="0" address="0983650782" date="1444215054350" type="2" subject="null" body="Tin 2: xi4:53,57,93,99*20d.,xi3:53,63,99*20d.,xi2:57,99*20d.xi2:14,39*10d.,xi2:30,39*10d.,xi3:36,39,57*10d.,xi3:38,41,55*10d." toa="null" sc_toa="null" service_center="null" read="1" status="0" locked="0" date_sent="0" readable_date="07-10-2015 17:50:54" contact_name="A T 782 Lv" />
  <sms protocol="0" address="+841685897838" date="1444215111689" type="1" subject="null" body="de :878x50  232x100  030x50 949x50. Xien 46.57.91 x5d.02.57.68x5d.91.02.10x5d.76.67.68x5d. De dau 7x20n" toa="null" sc_toa="null" service_center="null" read="1" status="-1" locked="0" date_sent="0" readable_date="07-10-2015 17:51:51" contact_name="Chi H. v. b" />
  <sms protocol="0" address="01685897838" date="1444215124852" type="2" subject="null" body="Nhan 3 tin." toa="null" sc_toa="null" service_center="null" read="1" status="0" locked="0" date_sent="0" readable_date="07-10-2015 17:52:04" contact_name="Chi H. v. b" />
  <sms protocol="0" address="0964386982" date="1444215147349" type="2" subject="null" body="Tin 2: De:23,32x100n.78x70n.03,30,49,87,94x50n.70,71,72,73,74,76,77,79x20n." toa="null" sc_toa="null" service_center="null" read="1" status="0" locked="0" date_sent="0" readable_date="07-10-2015 17:52:27" contact_name="A Duc" />
  <sms protocol="0" address="0983650782" date="1444215160852" type="2" subject="null" body="Tin 3: xi3:02,10,91*5d.,xi3:02,57,68*5d.,xi3:46,57,91*5d.,xi3:67,68,76*5d." toa="null" sc_toa="null" service_center="null" read="1" status="0" locked="0" date_sent="0" readable_date="07-10-2015 17:52:40" contact_name="A T 782 Lv" />
  <sms protocol="0" address="+84964386982" date="1444215202459" type="1" subject="null" body="bac gui cho em 2 tin" toa="null" sc_toa="null" service_center="null" read="1" status="-1" locked="0" date_sent="0" readable_date="07-10-2015 17:53:22" contact_name="A Duc" />
  <sms protocol="0" address="+841685897838" date="1444215215956" type="1" subject="null" body="Ba.cang.479.267.327.050.955.398.199.694.469.075.242.494.140.035.030.794.036.899.969.474.585.325.652.138.133.655.100.808.168.030.840.009.005.027.575.x150." toa="null" sc_toa="null" service_center="null" read="1" status="-1" locked="0" date_sent="0" readable_date="07-10-2015 17:53:35" contact_name="Chi H. v. b" />
  <sms protocol="0" address="01685897838" date="1444215223851" type="2" subject="null" body="Nhan 4 tin." toa="null" sc_toa="null" service_center="null" read="1" status="0" locked="0" date_sent="0" readable_date="07-10-2015 17:53:43" contact_name="Chi H. v. b" />
  <sms protocol="0" address="0983650782" date="1444215234351" type="2" subject="null" body="Tin 4: Ba cang:005,009,027,035,036,050,075,100,133,138,140,168,199,242,267,325,327,398,469,474,479,494,575,585,652,655,694,794,808,840,899,955,969x150n.030x300n." toa="null" sc_toa="null" service_center="null" read="1" status="0" locked="0" date_sent="0" readable_date="07-10-2015 17:53:54" contact_name="A T 782 Lv" />
  <sms protocol="0" address="+841677281854" date="1444215264547" type="1" subject="null" body="Nhan 1 tin.so tin cuoi:1." toa="null" sc_toa="null" service_center="null" read="1" status="-1" locked="0" date_sent="0" readable_date="07-10-2015 17:54:24" contact_name="(Unknown)" />
  <sms protocol="0" address="+84977655973" date="1444215411750" type="1" subject="null" body="Lo 65x35d 22x5d dit 5x45n dau5x10n 95 75x75n 33 54 595 55 99 x10n" toa="null" sc_toa="null" service_center="null" read="1" status="-1" locked="0" date_sent="0" readable_date="07-10-2015 17:56:51" contact_name="A Su Cong Tinh Uy" />
  <sms protocol="0" address="0977655973" date="1444215432358" type="2" subject="null" body="BAC gui cho EM 1 tin" toa="null" sc_toa="null" service_center="null" read="1" status="0" locked="0" date_sent="0" readable_date="07-10-2015 17:57:12" contact_name="A Su Cong Tinh Uy" />
  <sms protocol="0" address="+84973836212" date="1444215442056" type="1" subject="null" body="T2 lô 89 x 5 đ&#10;98x 15đ." toa="null" sc_toa="null" service_center="null" read="1" status="-1" locked="0" date_sent="0" readable_date="07-10-2015 17:57:22" contact_name="Tien Em" />
  <sms protocol="0" address="0973836212" date="1444215445851" type="2" subject="null" body="Nhan 2 tin.so tin cuoi:2." toa="null" sc_toa="null" service_center="null" read="1" status="0" locked="0" date_sent="0" readable_date="07-10-2015 17:57:25" contact_name="Tien Em" />
  <sms protocol="0" address="01677281854" date="1444215456351" type="2" subject="null" body="Tin 2: lo:65x35d.98x15d.22,89x5d.@2373674623@" toa="null" sc_toa="null" service_center="null" read="1" status="0" locked="0" date_sent="0" readable_date="07-10-2015 17:57:36" contact_name="(Unknown)" />
  <sms protocol="0" address="01677281854" date="1444215465348" type="2" subject="null" body="Tin 3: De:75x140n.95x130n.55x65n.05,15,25,35,45,65,85x45n.54,59x20n.33,50,51,52,53,56,57,58,99x10n.@4264485314@" toa="null" sc_toa="null" service_center="null" read="1" status="0" locked="0" date_sent="0" readable_date="07-10-2015 17:57:45" contact_name="(Unknown)" />
  <sms protocol="0" address="+841677281854" date="1444215482135" type="1" subject="null" body="Nhan 2 tin.so tin cuoi:2." toa="null" sc_toa="null" service_center="null" read="1" status="-1" locked="0" date_sent="0" readable_date="07-10-2015 17:58:02" contact_name="(Unknown)" />
  <sms protocol="0" address="+841677281854" date="1444215487905" type="1" subject="null" body="Nhan 3 tin.so tin cuoi:3." toa="null" sc_toa="null" service_center="null" read="1" status="-1" locked="0" date_sent="0" readable_date="07-10-2015 17:58:07" contact_name="(Unknown)" />
  <sms protocol="0" address="+841685897838" date="1444215501969" type="1" subject="null" body=".xien.44.66.05.x15d.21.05.87.x15d.99.55.27x15d.50.09.92.x15d68.99.46.x15d.98.69.41x15d30.35.00.x15d.31.21.41x15d.15.14.13x15d" toa="null" sc_toa="null" service_center="null" read="1" status="-1" locked="0" date_sent="0" readable_date="07-10-2015 17:58:21" contact_name="Chi H. v. b" />
  <sms protocol="0" address="01685897838" date="1444215510362" type="2" subject="null" body="Nhan 5 tin." toa="null" sc_toa="null" service_center="null" read="1" status="0" locked="0" date_sent="0" readable_date="07-10-2015 17:58:30" contact_name="Chi H. v. b" />
  <sms protocol="0" address="0983650782" date="1444215525354" type="2" subject="null" body="Tin 5: xi3:00,30,35*15d.,xi3:05,21,87*15d.,xi3:05,44,66*15d.,xi3:09,50,92*15d.,xi3:13,14,15*15d.,xi3:21,31,41*15d.,xi3:27,55,99*15d.,xi3:41,69,98*15d.,xi3:46,68,99*15d." toa="null" sc_toa="null" service_center="null" read="1" status="0" locked="0" date_sent="0" readable_date="07-10-2015 17:58:45" contact_name="A T 782 Lv" />
  <sms protocol="0" address="+84973836212" date="1444215545415" type="1" subject="null" body="T3 lô 74.x 20đ." toa="null" sc_toa="null" service_center="null" read="1" status="-1" locked="0" date_sent="0" readable_date="07-10-2015 17:59:05" contact_name="Tien Em" />
  <sms protocol="0" address="0973836212" date="1444215549347" type="2" subject="null" body="Nhan 3 tin.so tin cuoi:3." toa="null" sc_toa="null" service_center="null" read="1" status="0" locked="0" date_sent="0" readable_date="07-10-2015 17:59:09" contact_name="Tien Em" />
  <sms protocol="0" address="0983650782" date="1444215558349" type="2" subject="null" body="Tin 6: lo:74x20d." toa="null" sc_toa="null" service_center="null" read="1" status="0" locked="0" date_sent="0" readable_date="07-10-2015 17:59:18" contact_name="A T 782 Lv" />
  <sms protocol="0" address="+84964386982" date="1444215660761" type="2" subject="null" body="Tin2 ba cang 030 x100n" toa="null" sc_toa="null" service_center="null" read="1" status="0" locked="0" date_sent="0" readable_date="07-10-2015 18:01:00" contact_name="A Duc" />
  <sms protocol="0" address="+84983650782" date="1444215692120" type="1" subject="null" body="Em gui cho Anh 6 tin" toa="null" sc_toa="null" service_center="null" read="1" status="-1" locked="0" date_sent="0" readable_date="07-10-2015 18:01:32" contact_name="A T 782 Lv" />
  <sms protocol="0" address="0964386982" date="1444215720350" type="2" subject="null" body="em gui cho anh 3 tin" toa="null" sc_toa="null" service_center="null" read="1" status="0" locked="0" date_sent="0" readable_date="07-10-2015 18:02:00" contact_name="A Duc" />
  <sms protocol="0" address="+84976427999" date="1444215729056" type="1" subject="null" body="Đề:98*300&#10;99*100" toa="null" sc_toa="null" service_center="null" read="1" status="-1" locked="0" date_sent="0" readable_date="07-10-2015 18:02:09" contact_name="A Dung Shop" />
  <sms protocol="0" address="+84964386982" date="1444215732911" type="1" subject="null" body="E oi 3 cang ben nay cung ko an nen ko dc gia thap dau, van 72 day" toa="null" sc_toa="null" service_center="null" read="1" status="-1" locked="0" date_sent="0" readable_date="07-10-2015 18:02:12" contact_name="A Duc" />
  <sms protocol="0" address="+841685897838" date="1444215765025" type="1" subject="null" body="ba cang 494.499.955.805.050.505.005.550.551979.676.77.22.99.68m.87.33.95.01.313.64.84.94.91.92.14.54.35.38.39.44.83.88.080.282.020.262.x200n" toa="null" sc_toa="null" service_center="null" read="1" status="-1" locked="0" date_sent="0" readable_date="07-10-2015 18:02:45" contact_name="Chi H. v. b" />
  <sms protocol="0" address="0976427999" date="1444215792350" type="2" subject="null" body="Anh gui cho EM 1 tin" toa="null" sc_toa="null" service_center="null" read="1" status="0" locked="0" date_sent="0" readable_date="07-10-2015 18:03:12" contact_name="A Dung Shop" />
  <sms protocol="0" address="+84973836212" date="1444215816050" type="1" subject="null" body="T4 lô 31 x 10đ.&#10;23 x 5đ." toa="null" sc_toa="null" service_center="null" read="1" status="-1" locked="0" date_sent="0" readable_date="07-10-2015 18:03:36" contact_name="Tien Em" />
  <sms protocol="0" address="+841685897838" date="1444215823300" type="1" subject="null" body="de 44.99.40x200n.90.04.02.060.47 x50n.2kep x500n." toa="null" sc_toa="null" service_center="null" read="1" status="-1" locked="0" date_sent="0" readable_date="07-10-2015 18:03:43" contact_name="Chi H. v. b" />
  <sms protocol="0" address="01685897838" date="1444215862849" type="2" subject="null" body="Nhan 6 tin." toa="null" sc_toa="null" service_center="null" read="1" status="0" locked="0" date_sent="0" readable_date="07-10-2015 18:04:22" contact_name="Chi H. v. b" />
  <sms protocol="0" address="0973836212" date="1444215864354" type="2" subject="null" body="Nhan 4 tin.so tin cuoi:4." toa="null" sc_toa="null" service_center="null" read="1" status="0" locked="0" date_sent="0" readable_date="07-10-2015 18:04:24" contact_name="Tien Em" />
  <sms protocol="0" address="0983650782" date="1444215921354" type="2" subject="null" body="Tin 7: lo:31x10d.23x5d." toa="null" sc_toa="null" service_center="null" read="1" status="0" locked="0" date_sent="0" readable_date="07-10-2015 18:05:21" contact_name="A T 782 Lv" />
  <sms protocol="0" address="0964386982" date="1444215933353" type="2" subject="null" body="Tin 4: De:99,44,00,11,16,22,27,33,38,50,61,66,83,88,98x250n.72,77x230n.49,94,40x200n.02,04,06,47,60,90x50n." toa="null" sc_toa="null" service_center="null" read="1" status="0" locked="0" date_sent="0" readable_date="07-10-2015 18:05:33" contact_name="A Duc" />
  <sms protocol="0" address="01677281854" date="1444215946852" type="2" subject="null" body="Tin 4: De:99x550n.05,55x500n.44x450n.49,94x300n.72,77x270n.00,11,16,22,27,33,38,50,61,66,83,88x250n.98x50n.@3300816753@" toa="null" sc_toa="null" service_center="null" read="1" status="0" locked="0" date_sent="0" readable_date="07-10-2015 18:05:46" contact_name="(Unknown)" />
  <sms protocol="0" address="+841677281854" date="1444215985736" type="1" subject="null" body="Nhan 4 tin.so tin cuoi:4." toa="null" sc_toa="null" service_center="null" read="1" status="-1" locked="0" date_sent="0" readable_date="07-10-2015 18:06:25" contact_name="(Unknown)" />
  <sms protocol="0" address="+84964386982" date="1444215989526" type="1" subject="null" body="bac gui cho em 4 tinThieu tin:3" toa="null" sc_toa="null" service_center="null" read="1" status="-1" locked="0" date_sent="0" readable_date="07-10-2015 18:06:29" contact_name="A Duc" />
  <sms protocol="0" address="+841685897838" date="1444216002466" type="1" subject="null" body="ba cang 494.499.955.805.050.505.005.550.551.x200n.de  979.676.77.22.99.686.87.33.95.01.313.64.84.94.91.92.14.54.35.38.39.44.83.88.080.282.020.262.x500n" toa="null" sc_toa="null" service_center="null" read="1" status="-1" locked="0" date_sent="0" readable_date="07-10-2015 18:06:42" contact_name="Chi H. v. b" />
  <sms protocol="0" address="+84964386982" date="1444216005018" type="1" subject="null" body="ok4" toa="null" sc_toa="null" service_center="null" read="1" status="-1" locked="0" date_sent="0" readable_date="07-10-2015 18:06:45" contact_name="A Duc" />
  <sms protocol="0" address="01685897838" date="1444216018849" type="2" subject="null" body="Nhan 7 tin." toa="null" sc_toa="null" service_center="null" read="1" status="0" locked="0" date_sent="0" readable_date="07-10-2015 18:06:58" contact_name="Chi H. v. b" />
  <sms protocol="0" address="+841632029067" date="1444216024898" type="1" subject="null" body="Lo 18x30d 74x20d 6886x25d duoi5 x50n dau5 x20n 55 x600n 4595x200n" toa="null" sc_toa="null" service_center="null" read="1" status="-1" locked="0" date_sent="0" readable_date="07-10-2015 18:07:04" contact_name="(Unknown)" />
  <sms protocol="0" address="01632029067" date="1444216042853" type="2" subject="null" body="Nhan 1 tin." toa="null" sc_toa="null" service_center="null" read="1" status="0" locked="0" date_sent="0" readable_date="07-10-2015 18:07:22" contact_name="(Unknown)" />
  <sms protocol="0" address="+841632029067" date="1444216056860" type="1" subject="null" body="85x500n" toa="null" sc_toa="null" service_center="null" read="1" status="-1" locked="0" date_sent="0" readable_date="07-10-2015 18:07:36" contact_name="(Unknown)" />
  <sms protocol="0" address="01632029067" date="1444216060853" type="2" subject="null" body="Nhan 2 tin." toa="null" sc_toa="null" service_center="null" read="1" status="0" locked="0" date_sent="0" readable_date="07-10-2015 18:07:40" contact_name="(Unknown)" />
  <sms protocol="0" address="0964386982" date="1444216084850" type="2" subject="null" body="Tin 5: De:54,01,08,13,14,20,26,28,31,39,62,64,67,68,80,82,84,86,91,92,97x250n.76,79x230n.02,87x200n.51,52,53,56,57,58,59x20n." toa="null" sc_toa="null" service_center="null" read="1" status="0" locked="0" date_sent="0" readable_date="07-10-2015 18:08:04" contact_name="A Duc" />
  <sms protocol="0" address="+841685897838" date="1444216095474" type="1" subject="null" body=" Xien 44.38.59x20d.14.21.36x10d" toa="null" sc_toa="null" service_center="null" read="1" status="-1" locked="0" date_sent="0" readable_date="07-10-2015 18:08:15" contact_name="Chi H. v. b" />
  <sms protocol="0" address="+84983650782" date="1444216107322" type="1" subject="null" body="Em gui cho Anh 7 tin" toa="null" sc_toa="null" service_center="null" read="1" status="-1" locked="0" date_sent="0" readable_date="07-10-2015 18:08:27" contact_name="A T 782 Lv" />
  <sms protocol="0" address="01685897838" date="1444216111855" type="2" subject="null" body="Nhan 8 tin." toa="null" sc_toa="null" service_center="null" read="1" status="0" locked="0" date_sent="0" readable_date="07-10-2015 18:08:31" contact_name="Chi H. v. b" />
  <sms protocol="0" address="0983650782" date="1444216125347" type="2" subject="null" body="Tin 8: lo:18x30d.68,86x25d.74x20d..xi3:38,44,59*20d.xi3:14,21,36*10d." toa="null" sc_toa="null" service_center="null" read="1" status="0" locked="0" date_sent="0" readable_date="07-10-2015 18:08:45" contact_name="A T 782 Lv" />
  <sms protocol="0" address="0983650782" date="1444216137353" type="2" subject="null" body="Tin 9: Ba cang:005,050,494,955,499,505,550,551,805x200n." toa="null" sc_toa="null" service_center="null" read="1" status="0" locked="0" date_sent="0" readable_date="07-10-2015 18:08:57" contact_name="A T 782 Lv" />
  <sms protocol="0" address="01677281854" date="1444216150848" type="2" subject="null" body="Tin 5: De:95x750n.55x670n.35,85x550n.22,33,38,44,77,83,88,94,99x500n.02,87x300n.54,76,79x270n.01,08,13,14,20,26,28,31,39,45,62,64,67,68,80,82,84,86,91,92,97x250n.05,15,25,65,75x50n.50x20n.@265114636@" toa="null" sc_toa="null" service_center="null" read="1" status="0" locked="0" date_sent="0" readable_date="07-10-2015 18:09:10" contact_name="(Unknown)" />
  <sms protocol="0" address="+84964386982" date="1444216158825" type="1" subject="null" body="bac gui cho em 5 tin" toa="null" sc_toa="null" service_center="null" read="1" status="-1" locked="0" date_sent="0" readable_date="07-10-2015 18:09:18" contact_name="A Duc" />
  <sms protocol="0" address="+841677281854" date="1444216178461" type="1" subject="null" body="Nhan 5 tin.so tin cuoi:5." toa="null" sc_toa="null" service_center="null" read="1" status="-1" locked="0" date_sent="0" readable_date="07-10-2015 18:09:38" contact_name="(Unknown)" />
  <sms protocol="0" address="+841632029067" date="1444216184711" type="1" subject="null" body="Ghi ho anh 44,99,88 77,55,66,11,00,22  60N , 49,94,38,83,05,12 moi con . 36N ,69,96 63,18,17,67,68,24, 29,68,12,21 moi con .36N ,,55,44,77,00,1!,88 ,99 . 60N , duoi 5 . 36N " toa="null" sc_toa="null" service_center="null" read="1" status="-1" locked="0" date_sent="0" readable_date="07-10-2015 18:09:44" contact_name="(Unknown)" />
  <sms protocol="0" address="+84983650782" date="1444216190562" type="1" subject="null" body="Em gui cho Anh 9 tin" toa="null" sc_toa="null" service_center="null" read="1" status="-1" locked="0" date_sent="0" readable_date="07-10-2015 18:09:50" contact_name="A T 782 Lv" />
  <sms protocol="0" address="01632029067" date="1444216219855" type="2" subject="null" body="Nhan 3 tin." toa="null" sc_toa="null" service_center="null" read="1" status="0" locked="0" date_sent="0" readable_date="07-10-2015 18:10:19" contact_name="(Unknown)" />
  <sms protocol="0" address="0964386982" date="1444216237847" type="2" subject="null" body="Tin 6: De:12x72n.17,18,21,24,29,63,69,96x36n." toa="null" sc_toa="null" service_center="null" read="1" status="0" locked="0" date_sent="0" readable_date="07-10-2015 18:10:37" contact_name="A Duc" />
  <sms protocol="0" address="+841632029067" date="1444216245647" type="1" subject="null" body="Chi ơj gj e c0n lô 92x10đ.đê 92x80ng c nhe" toa="null" sc_toa="null" service_center="null" read="1" status="-1" locked="0" date_sent="0" readable_date="07-10-2015 18:10:45" contact_name="(Unknown)" />
  <sms protocol="0" address="01677281854" date="1444216251348" type="2" subject="null" body="Tin 6: De:55x156n.00,11,44,77,88,99x120n.05,68x72n.22,66x60n.15,25,35,38,45,49,65,67,75,83,85,94,95x36n.@4159620908@" toa="null" sc_toa="null" service_center="null" read="1" status="0" locked="0" date_sent="0" readable_date="07-10-2015 18:10:51" contact_name="(Unknown)" />
  <sms protocol="0" address="01632029067" date="1444216269351" type="2" subject="null" body="Nhan 4 tin." toa="null" sc_toa="null" service_center="null" read="1" status="0" locked="0" date_sent="0" readable_date="07-10-2015 18:11:09" contact_name="(Unknown)" />
  <sms protocol="0" address="01632029067" date="1444216272350" type="2" subject="null" body="Nhan 4 tin." toa="null" sc_toa="null" service_center="null" read="1" status="32" locked="0" date_sent="0" readable_date="07-10-2015 18:11:12" contact_name="(Unknown)" />
  <sms protocol="0" address="+841632029067" date="1444216277758" type="1" subject="null" body="Gi ho ah,16,61,17,71,00,x12n" toa="null" sc_toa="null" service_center="null" read="1" status="-1" locked="0" date_sent="0" readable_date="07-10-2015 18:11:17" contact_name="(Unknown)" />
  <sms protocol="0" address="01632029067" date="1444216287355" type="2" subject="null" body="Nhan 5 tin." toa="null" sc_toa="null" service_center="null" read="1" status="0" locked="0" date_sent="0" readable_date="07-10-2015 18:11:27" contact_name="(Unknown)" />
  <sms protocol="0" address="+841677281854" date="1444216296097" type="1" subject="null" body="Nhan 6 tin.so tin cuoi:6." toa="null" sc_toa="null" service_center="null" read="1" status="-1" locked="0" date_sent="0" readable_date="07-10-2015 18:11:36" contact_name="(Unknown)" />
  <sms protocol="0" address="0983650782" date="1444216297875" type="2" subject="null" body="Tin 10: lo:92x10d." toa="null" sc_toa="null" service_center="null" read="1" status="0" locked="0" date_sent="0" readable_date="07-10-2015 18:11:37" contact_name="A T 782 Lv" />
  <sms protocol="0" address="+841632029067" date="1444216299144" type="1" subject="null" body="Ho em:45;23;32;01;10x10d chi nhe." toa="null" sc_toa="null" service_center="null" read="1" status="-1" locked="0" date_sent="0" readable_date="07-10-2015 18:11:39" contact_name="(Unknown)" />
  <sms protocol="0" address="01632029067" date="1444216315855" type="2" subject="null" body="Nhan 6 tin." toa="null" sc_toa="null" service_center="null" read="1" status="0" locked="0" date_sent="0" readable_date="07-10-2015 18:11:55" contact_name="(Unknown)" />
  <sms protocol="0" address="0983650782" date="1444216327850" type="2" subject="null" body="Tin 11: lo:01,10,23,32,45x10d." toa="null" sc_toa="null" service_center="null" read="1" status="0" locked="0" date_sent="0" readable_date="07-10-2015 18:12:07" contact_name="A T 782 Lv" />
  <sms protocol="0" address="+84964386982" date="1444216337709" type="1" subject="null" body="bac gui cho em 6 tin" toa="null" sc_toa="null" service_center="null" read="1" status="-1" locked="0" date_sent="0" readable_date="07-10-2015 18:12:17" contact_name="A Duc" />
  <sms protocol="0" address="01677281854" date="1444216341354" type="2" subject="null" body="Tin 7: De:92x80n.00,16,17,61,71x12n.@1428320708@" toa="null" sc_toa="null" service_center="null" read="1" status="32" locked="0" date_sent="0" readable_date="07-10-2015 18:12:21" contact_name="(Unknown)" />
  <sms protocol="0" address="+84983650782" date="1444216358277" type="1" subject="null" body="Em gui cho Anh 11 tin" toa="null" sc_toa="null" service_center="null" read="1" status="-1" locked="0" date_sent="0" readable_date="07-10-2015 18:12:38" contact_name="A T 782 Lv" />
  <sms protocol="0" address="+841677281854" date="1444216406863" type="1" subject="null" body="Nhan 7 tin.so tin cuoi:7." toa="null" sc_toa="null" service_center="null" read="1" status="-1" locked="0" date_sent="0" readable_date="07-10-2015 18:13:26" contact_name="(Unknown)" />
  <sms protocol="0" address="0979399373" date="1444216447856" type="2" subject="null" body="Nhan 1 tin.. HET LO" toa="null" sc_toa="null" service_center="null" read="1" status="32" locked="0" date_sent="0" readable_date="07-10-2015 18:14:07" contact_name="A Tung Thuy?" />
  <sms protocol="0" address="0983099345" date="1444216449347" type="2" subject="null" body="Nhan 1 tin.. HET LO" toa="null" sc_toa="null" service_center="null" read="1" status="32" locked="0" date_sent="0" readable_date="07-10-2015 18:14:09" contact_name="Viet Bo" />
  <sms protocol="0" address="01685897838" date="1444216450848" type="2" subject="null" body="Nhan 8 tin.. HET LO" toa="null" sc_toa="null" service_center="null" read="1" status="32" locked="0" date_sent="0" readable_date="07-10-2015 18:14:10" contact_name="Chi H. v. b" />
  <sms protocol="0" address="0973836212" date="1444216452350" type="2" subject="null" body="Nhan 4 tin.so tin cuoi:4.. HET LO" toa="null" sc_toa="null" service_center="null" read="1" status="0" locked="0" date_sent="0" readable_date="07-10-2015 18:14:12" contact_name="Tien Em" />
  <sms protocol="0" address="01697208594" date="1444216453853" type="2" subject="null" body="Nhan 1 tin.. HET LO" toa="null" sc_toa="null" service_center="null" read="1" status="0" locked="0" date_sent="0" readable_date="07-10-2015 18:14:13" contact_name="(Unknown)" />
  <sms protocol="0" address="0977655973" date="1444216455347" type="2" subject="null" body="Nhan 1 tin.. HET LO" toa="null" sc_toa="null" service_center="null" read="1" status="32" locked="0" date_sent="0" readable_date="07-10-2015 18:14:15" contact_name="A Su Cong Tinh Uy" />
  <sms protocol="0" address="0976427999" date="1444216456851" type="2" subject="null" body="Nhan 1 tin.. HET LO" toa="null" sc_toa="null" service_center="null" read="1" status="0" locked="0" date_sent="0" readable_date="07-10-2015 18:14:16" contact_name="A Dung Shop" />
  <sms protocol="0" address="01632029067" date="1444216458348" type="2" subject="null" body="Nhan 6 tin.. HET LO" toa="null" sc_toa="null" service_center="null" read="1" status="0" locked="0" date_sent="0" readable_date="07-10-2015 18:14:18" contact_name="(Unknown)" />
  <sms protocol="0" address="+841685897838" date="1444216604191" type="1" subject="null" body="Hai kep x50n" toa="null" sc_toa="null" service_center="null" read="1" status="-1" locked="0" date_sent="0" readable_date="07-10-2015 18:16:44" contact_name="Chi H. v. b" />
  <sms protocol="0" address="01685897838" date="1444216611356" type="2" subject="null" body="Nhan 9 tin." toa="null" sc_toa="null" service_center="null" read="1" status="0" locked="0" date_sent="0" readable_date="07-10-2015 18:16:51" contact_name="Chi H. v. b" />
  <sms protocol="0" address="01677281854" date="1444216633852" type="2" subject="null" body="Tin 8: De:00,05,11,16,22,27,33,38,44,49,50,55,61,66,72,77,83,88,94,99x50n.@3568024727@" toa="null" sc_toa="null" service_center="null" read="1" status="0" locked="0" date_sent="0" readable_date="07-10-2015 18:17:13" contact_name="(Unknown)" />
  <sms protocol="0" address="+841667282163" date="1444216665497" type="1" subject="null" body="Ho anh kep bang nhan 300 duoi 5 nhan 120 nghin 00 55 28 82 11 nhan 120 nghin" toa="null" sc_toa="null" service_center="null" read="1" status="-1" locked="0" date_sent="0" readable_date="07-10-2015 18:17:45" contact_name="(Unknown)" />
  <sms protocol="0" address="01667282163" date="1444216699851" type="2" subject="null" body="chi gui cho EM 1 tin" toa="null" sc_toa="null" service_center="null" read="1" status="0" locked="0" date_sent="0" readable_date="07-10-2015 18:18:19" contact_name="(Unknown)" />
  <sms protocol="0" address="+841677281854" date="1444216715089" type="1" subject="null" body="Nhan 8 tin.so tin cuoi:8." toa="null" sc_toa="null" service_center="null" read="1" status="-1" locked="0" date_sent="0" readable_date="07-10-2015 18:18:35" contact_name="(Unknown)" />
  <sms protocol="0" address="01677281854" date="1444216750849" type="2" subject="null" body="Tin 9: De:55x540n.00,11x420n.22,33,44,66,77,88,99x300n.05,15,25,28,35,45,65,75,82,85,95x120n.@1745188292@" toa="null" sc_toa="null" service_center="null" read="1" status="0" locked="0" date_sent="0" readable_date="07-10-2015 18:19:10" contact_name="(Unknown)" />
  <sms protocol="0" address="+841685897838" date="1444216775526" type="1" subject="null" body="He.31.77.09.x300n" toa="null" sc_toa="null" service_center="null" read="1" status="-1" locked="0" date_sent="0" readable_date="07-10-2015 18:19:35" contact_name="Chi H. v. b" />
  <sms protocol="0" address="01685897838" date="1444216780857" type="2" subject="null" body="Nhan 10 tin." toa="null" sc_toa="null" service_center="null" read="1" status="0" locked="0" date_sent="0" readable_date="07-10-2015 18:19:40" contact_name="Chi H. v. b" />
  <sms protocol="0" address="01685897838" date="1444216782356" type="2" subject="null" body="Nhan 10 tin." toa="null" sc_toa="null" service_center="null" read="1" status="32" locked="0" date_sent="0" readable_date="07-10-2015 18:19:42" contact_name="Chi H. v. b" />
  <sms protocol="0" address="+841677281854" date="1444216787636" type="1" subject="null" body="Nhan 9 tin.so tin cuoi:9." toa="null" sc_toa="null" service_center="null" read="1" status="-1" locked="0" date_sent="0" readable_date="07-10-2015 18:19:47" contact_name="(Unknown)" />
  <sms protocol="0" address="0964386982" date="1444216797350" type="2" subject="null" body="Tin 7: De:09,36,81x250n.59x230n.18,63x214n.04,90x200n.40x50n." toa="null" sc_toa="null" service_center="null" read="1" status="0" locked="0" date_sent="0" readable_date="07-10-2015 18:19:57" contact_name="A Duc" />
  <sms protocol="0" address="01677281854" date="1444216810866" type="2" subject="null" body="Tin 10: De:13,22,27,31,45,54,68,72,77,86,95x300n.40x250n.04,90x100n.18,63x86n.59x70n.09,36,81x50n.@2124342382@" toa="null" sc_toa="null" service_center="null" read="1" status="0" locked="0" date_sent="0" readable_date="07-10-2015 18:20:10" contact_name="(Unknown)" />
  <sms protocol="0" address="+841677281854" date="1444216841459" type="1" subject="null" body="Nhan 10 tin.so tin cuoi:10." toa="null" sc_toa="null" service_center="null" read="1" status="-1" locked="0" date_sent="0" readable_date="07-10-2015 18:20:41" contact_name="(Unknown)" />
  <sms protocol="0" address="0979399373" date="1444216890355" type="2" subject="null" body="Nhan 1 tin.. HET DE" toa="null" sc_toa="null" service_center="null" read="1" status="0" locked="0" date_sent="0" readable_date="07-10-2015 18:21:30" contact_name="A Tung Thuy?" />
  <sms protocol="0" address="0983099345" date="1444216891851" type="2" subject="null" body="Nhan 1 tin.. HET DE" toa="null" sc_toa="null" service_center="null" read="1" status="0" locked="0" date_sent="0" readable_date="07-10-2015 18:21:31" contact_name="Viet Bo" />
  <sms protocol="0" address="01685897838" date="1444216893351" type="2" subject="null" body="Nhan 10 tin.. HET DE" toa="null" sc_toa="null" service_center="null" read="1" status="0" locked="0" date_sent="0" readable_date="07-10-2015 18:21:33" contact_name="Chi H. v. b" />
  <sms protocol="0" address="0973836212" date="1444216894857" type="2" subject="null" body="Nhan 4 tin.so tin cuoi:4.. HET DE" toa="null" sc_toa="null" service_center="null" read="1" status="32" locked="0" date_sent="0" readable_date="07-10-2015 18:21:34" contact_name="Tien Em" />
  <sms protocol="0" address="01697208594" date="1444216896350" type="2" subject="null" body="Nhan 1 tin.. HET DE" toa="null" sc_toa="null" service_center="null" read="1" status="32" locked="0" date_sent="0" readable_date="07-10-2015 18:21:36" contact_name="(Unknown)" />
  <sms protocol="0" address="0977655973" date="1444216897849" type="2" subject="null" body="Nhan 1 tin.. HET DE" toa="null" sc_toa="null" service_center="null" read="1" status="32" locked="0" date_sent="0" readable_date="07-10-2015 18:21:37" contact_name="A Su Cong Tinh Uy" />
  <sms protocol="0" address="0976427999" date="1444216899350" type="2" subject="null" body="Nhan 1 tin.. HET DE" toa="null" sc_toa="null" service_center="null" read="1" status="0" locked="0" date_sent="0" readable_date="07-10-2015 18:21:39" contact_name="A Dung Shop" />
  <sms protocol="0" address="01632029067" date="1444216900849" type="2" subject="null" body="Nhan 6 tin.. HET DE" toa="null" sc_toa="null" service_center="null" read="1" status="0" locked="0" date_sent="0" readable_date="07-10-2015 18:21:40" contact_name="(Unknown)" />
  <sms protocol="0" address="01667282163" date="1444216902347" type="2" subject="null" body="Nhan 1 tin.. HET DE" toa="null" sc_toa="null" service_center="null" read="1" status="0" locked="0" date_sent="0" readable_date="07-10-2015 18:21:42" contact_name="(Unknown)" />
  <sms protocol="0" address="+84964386982" date="1444216975827" type="1" subject="null" body="bac gui cho em 7 tin" toa="null" sc_toa="null" service_center="null" read="1" status="-1" locked="0" date_sent="0" readable_date="07-10-2015 18:22:55" contact_name="A Duc" />
  <sms protocol="0" address="+84983650782" date="1444217370392" type="1" subject="null" body="Ngay:07/10/2015&#10;Em chuyen cho Anh&#10;Lo:230,0=4991,0n&#10;3Cang:7050,0=4653,0n&#10;Xien:310,0=1860,0n&#10;Th lo:70,0=5600,0n&#10;Th xien:8000,0n&#10;Anh bu cho Em:2096,0n&#10;" toa="null" sc_toa="null" service_center="null" read="1" status="-1" locked="0" date_sent="0" readable_date="07-10-2015 18:29:30" contact_name="A T 782 Lv" />
  <sms protocol="0" address="0983650782" date="1444217644853" type="2" subject="null" body="Ngay:07/10/2015&#13;&#10;em chuyen cho anh&#13;&#10;Lo:230,0=4991,0n&#13;&#10;3Cang:7050,0=4653,0n&#13;&#10;Xien:310,0=1860,0n&#13;&#10;Thuong lo:70,0=5600,0n&#13;&#10;Thuong xien:8000,0n&#13;&#10;anh bu cho em:2096,0n&#13;&#10;" toa="null" sc_toa="null" service_center="null" read="1" status="0" locked="0" date_sent="0" readable_date="07-10-2015 18:34:04" contact_name="A T 782 Lv" />
  <sms protocol="0" address="01677281854" date="1444217649351" type="2" subject="null" body="Ngay:07/10/2015&#13;&#10;chau chuyen cho co&#13;&#10;De:36250,0=26100,0n&#13;&#10;Lo:60,0=1308,0n&#13;&#10;Thuong de:250,0=17500,0n&#13;&#10;Thuong lo:45,0=3600,0n&#13;&#10;chau bu cho co:6308,0n&#13;&#10;@4696607@" toa="null" sc_toa="null" service_center="null" read="1" status="32" locked="0" date_sent="0" readable_date="07-10-2015 18:34:09" contact_name="(Unknown)" />
  <sms protocol="0" address="0976427999" date="1444217655348" type="2" subject="null" body="Ngay:07/10/2015&#13;&#10;Anh chuyen cho EM&#13;&#10;De:400,0=300,0n&#13;&#10;Anh bu cho EM:300,0n&#13;&#10;" toa="null" sc_toa="null" service_center="null" read="1" status="0" locked="0" date_sent="0" readable_date="07-10-2015 18:34:15" contact_name="A Dung Shop" />
  <sms protocol="0" address="01697208594" date="1444217658351" type="2" subject="null" body="Ngay:07/10/2015&#13;&#10;chi chuyen cho EM&#13;&#10;Xien:10,0=68,0n&#13;&#10;chi bu cho EM:68,0n&#13;&#10;" toa="null" sc_toa="null" service_center="null" read="1" status="0" locked="0" date_sent="0" readable_date="07-10-2015 18:34:18" contact_name="(Unknown)" />
  <sms protocol="0" address="0983099345" date="1444217662849" type="2" subject="null" body="Ngay:07/10/2015&#13;&#10;Ban chuyen cho toi&#13;&#10;De:5000,0=3650,0n&#13;&#10;Ban bu cho toi:3650,0n&#13;&#10;" toa="null" sc_toa="null" service_center="null" read="1" status="0" locked="0" date_sent="0" readable_date="07-10-2015 18:34:22" contact_name="Viet Bo" />
  <sms protocol="0" address="0979399373" date="1444217667349" type="2" subject="null" body="Ngay:07/10/2015&#13;&#10;Anh chuyen cho EM&#13;&#10;De:80,0=60,0n&#13;&#10;Lo:15,0=330,0n&#13;&#10;Th lo:15,0=1200,0n&#13;&#10;EM bu cho Anh:810,0n&#13;&#10;" toa="null" sc_toa="null" service_center="null" read="1" status="32" locked="0" date_sent="0" readable_date="07-10-2015 18:34:27" contact_name="A Tung Thuy?" />
  <sms protocol="0" address="0977655973" date="1444217671874" type="2" subject="null" body="Ngay:07/10/2015&#13;&#10;BAC chuyen cho EM&#13;&#10;De:760,0=608,0n&#13;&#10;Lo:40,0=900,0n&#13;&#10;Th lo:40,0=3200,0n&#13;&#10;EM bu cho BAC:1692,0n&#13;&#10;" toa="null" sc_toa="null" service_center="null" read="1" status="0" locked="0" date_sent="0" readable_date="07-10-2015 18:34:31" contact_name="A Su Cong Tinh Uy" />
  <sms protocol="0" address="0964386982" date="1444217679380" type="2" subject="null" body="Ngay:07/10/2015&#13;&#10;em chuyen cho anh&#13;&#10;De:16958,0=12125,0n&#13;&#10;3Cang:100,0=72,0n&#13;&#10;Thuong de:250,0=17500,0n&#13;&#10;anh bu cho em:5303,0n&#13;&#10;" toa="null" sc_toa="null" service_center="null" read="1" status="0" locked="0" date_sent="0" readable_date="07-10-2015 18:34:39" contact_name="A Duc" />
  <sms protocol="0" address="01685897838" date="1444217697345" type="2" subject="null" body="Ngay:07/10/2015&#13;&#10;chi chuyen cho EM&#13;&#10;De:37560,0=27043,2n&#13;&#10;3Cang:7050,0=5005,5n&#13;&#10;Xien:300,0=2010,0n&#13;&#10;Th de:500,0=35000,0n&#13;&#10;Th xien:8000,0n&#13;&#10;EM bu cho chi:8941,3n&#13;&#10;" toa="null" sc_toa="null" service_center="null" read="1" status="0" locked="0" date_sent="0" readable_date="07-10-2015 18:34:57" contact_name="Chi H. v. b" />
  <sms protocol="0" address="01667282163" date="1444217707850" type="2" subject="null" body="Ngay:07/10/2015&#13;&#10;chi chuyen cho EM&#13;&#10;De:4800,0=3480,0n&#13;&#10;chi bu cho EM:3480,0n&#13;&#10;" toa="null" sc_toa="null" service_center="null" read="1" status="0" locked="0" date_sent="0" readable_date="07-10-2015 18:35:07" contact_name="(Unknown)" />
  <sms protocol="0" address="01632029067" date="1444217713850" type="2" subject="null" body="Ngay:07/10/2015&#13;&#10;Chị chuyen cho EM&#13;&#10;De:4308,0=3101,8n&#13;&#10;Lo:160,0=3480,0n&#13;&#10;Th lo:55,0=4400,0n&#13;&#10;Chị bu cho EM:2181,8n&#13;&#10;" toa="null" sc_toa="null" service_center="null" read="1" status="0" locked="0" date_sent="0" readable_date="07-10-2015 18:35:13" contact_name="(Unknown)" />
  <sms protocol="0" address="0973836212" date="1444217718349" type="2" subject="null" body="Ngay:07/10/2015&#13;&#10;may chuyen cho tao&#13;&#10;De:300,0=225,0n&#13;&#10;Lo:75,0=1642,5n&#13;&#10;Th lo:5,0=400,0n&#13;&#10;may bu cho tao:1467,5n&#13;&#10;" toa="null" sc_toa="null" service_center="null" read="1" status="32" locked="0" date_sent="0" readable_date="07-10-2015 18:35:18" contact_name="Tien Em" />
  <sms protocol="0" address="+84983099345" date="1444217901355" type="2" subject="null" body="Ngay:07/10/2015&#13;&#10;chi chuyen cho EM&#13;&#10;De:37560,0=27043,2n&#13;&#10;3Cang:7050,0=5005,5n&#13;&#10;Xien:300,0=2010,0n&#13;&#10;Th de:500,0=35000,0n&#13;&#10;Th xien:8000,0n&#13;&#10;EM bu cho chi:8941,3n&#13;&#10;T bu c 9142" toa="null" sc_toa="null" service_center="null" read="1" status="32" locked="0" date_sent="0" readable_date="07-10-2015 18:38:21" contact_name="Viet Bo" />
  <sms protocol="0" address="+841677281854" date="1444217989247" type="1" subject="null" body="Ngay:07/10/2015&#10;chau chuyen cho co&#10;De:36250,0=26100,0n&#10;Lo:60,0=1308,0n&#10;Th de:250,0=17500,0n&#10;Th lo:45,0=3600,0n&#10;chau bu cho co:6308,0n&#10;" toa="null" sc_toa="null" service_center="null" read="1" status="-1" locked="0" date_sent="0" readable_date="07-10-2015 18:39:49" contact_name="(Unknown)" />
  <sms protocol="0" address="01632029067" date="1444218069140" type="2" subject="null" body="Tinh den het ngay:06/10/15 EM bu 621n&#13;&#10;Ngay:07/10/15 Chị-68n -3456n -2181n &#13;&#10;Tong cong: EM thu 5084" toa="null" sc_toa="null" service_center="null" read="1" status="0" locked="0" date_sent="0" readable_date="07-10-2015 18:41:09" contact_name="(Unknown)" />
  <sms protocol="0" address="01677281854" date="1444218202467" type="2" subject="null" body="Tinh den het ngay:06/10/15 chau bu 1468n&#13;&#10;Ngay:07/10/15 co+6307n &#13;&#10;Tong cong: chau bu 7775" toa="null" sc_toa="null" service_center="null" read="1" status="0" locked="0" date_sent="0" readable_date="07-10-2015 18:43:22" contact_name="(Unknown)" />
  <sms protocol="0" address="0964386982" date="1444218204942" type="3" subject="null" body="Tinh den het ngay:06/10/15 em bu 6725n&#13;&#10;Ngay:07/10/15 anh-6725n -5303n &#13;&#10;Tong cong: em thu 5303" toa="null" sc_toa="null" service_center="null" read="1" status="-1" locked="0" date_sent="0" readable_date="07-10-2015 18:43:24" contact_name="(Unknown)" />
  <sms protocol="0" address="0973836212" date="1444218211220" type="2" subject="null" body="Tinh den het ngay:06/10/15 tao thu 11901n&#13;&#10;Ngay:07/10/15 may+6900n -1467n &#13;&#10;Tong cong: tao thu 6468" toa="null" sc_toa="null" service_center="null" read="1" status="32" locked="0" date_sent="0" readable_date="07-10-2015 18:43:31" contact_name="Tien Em" />
  <sms protocol="0" address="0973836212" date="1444218220494" type="3" subject="null" body="Tinh den het ngay:06/10/15 tao thu 11901n&#13;&#10;Ngay:07/10/15 may+6900n -1467n &#13;&#10;Tong cong: tao thu 6468" toa="null" sc_toa="null" service_center="null" read="1" status="-1" locked="0" date_sent="0" readable_date="07-10-2015 18:43:40" contact_name="(Unknown)" />
  <sms protocol="0" address="0976427999" date="1444218225964" type="2" subject="null" body="Tinh den het ngay:06/10/15 EM thu 600n&#13;&#10;Ngay:07/10/15 Anh-300n &#13;&#10;Tong cong: EM thu 900" toa="null" sc_toa="null" service_center="null" read="1" status="0" locked="0" date_sent="0" readable_date="07-10-2015 18:43:45" contact_name="A Dung Shop" />
  <sms protocol="0" address="0977655973" date="1444218231841" type="2" subject="null" body="Tinh den het ngay:06/10/15 EM thu 2470n&#13;&#10;Ngay:07/10/15 BAC+1692n &#13;&#10;Tong cong: EM thu 778" toa="null" sc_toa="null" service_center="null" read="1" status="0" locked="0" date_sent="0" readable_date="07-10-2015 18:43:51" contact_name="A Su Cong Tinh Uy" />
  <sms protocol="0" address="0979399373" date="1444218238279" type="2" subject="null" body="Tinh den het ngay:06/10/15 EM thu 1649n&#13;&#10;Ngay:07/10/15 Anh+810n &#13;&#10;Tong cong: EM thu 839" toa="null" sc_toa="null" service_center="null" read="1" status="0" locked="0" date_sent="0" readable_date="07-10-2015 18:43:58" contact_name="A Tung Thuy?" />
  <sms protocol="0" address="0983099345" date="1444218249254" type="2" subject="null" body="Tinh den het ngay:06/10/15 toi thu 31502n&#13;&#10;Ngay:07/10/15 Ban-5600n +10000n -3650n +9142n &#13;&#10;Tong cong: toi thu 21610" toa="null" sc_toa="null" service_center="null" read="1" status="0" locked="0" date_sent="0" readable_date="07-10-2015 18:44:09" contact_name="Viet Bo" />
</smses>