<?xml version='1.0' encoding='UTF-8' standalone='yes' ?>
<!--File Created By SMS Backup & Restore Pro v7.21 on 07/10/2015 23:42:16-->
<?xml-stylesheet type="text/xsl" href="sms.xsl"?>
<smses count="64">
  <sms protocol="0" address="+841685410901" date="1444213180910" type="1" subject="null" body="De 77 25 28x200n 787 52 82 252 575 585x50n  42 52x100n  272 24 25x30n &#10;Xi 28 25 87x100n &#10;3cang 228 225x100n  287 742 725x50n &#10;Lo 76x180d  77x30d " toa="null" sc_toa="null" service_center="+84980200605" read="1" status="-1" locked="0" date_sent="1444213298000" readable_date="07-10-2015 17:19:40" contact_name="Giang" />
  <sms protocol="0" address="+841685410901" date="1444213193746" type="2" subject="null" body="Ok" toa="null" sc_toa="null" service_center="null" read="1" status="-1" locked="0" date_sent="0" readable_date="07-10-2015 17:19:53" contact_name="Giang" />
  <sms protocol="0" address="0948723319" date="1444213225378" type="2" subject="null" body="De 77 25 28x200n 787 52 82 252 575 585x50n  42 52x100n  272 24 25x30n &#10;Lo 76x180d  77x30d " toa="null" sc_toa="null" service_center="null" read="1" status="-1" locked="0" date_sent="0" readable_date="07-10-2015 17:20:25" contact_name="Tuyet2" />
  <sms protocol="0" address="+84948723319" date="1444213267840" type="1" subject="null" body="Ok" toa="null" sc_toa="null" service_center="+8491020005" read="1" status="-1" locked="0" date_sent="1444213353000" readable_date="07-10-2015 17:21:07" contact_name="Tuyet2" />
  <sms protocol="0" address="+841662883398" date="1444214799635" type="1" subject="null" body="Dàn đề:151,161.171,191,575,767,797,595,565,,696 ,11,77,55,66,99 x 500 n" toa="null" sc_toa="null" service_center="+84980200613" read="1" status="-1" locked="0" date_sent="1444214911000" readable_date="07-10-2015 17:46:39" contact_name="Chi Hoa" />
  <sms protocol="0" address="+841662883398" date="1444214816455" type="2" subject="null" body="Ok" toa="null" sc_toa="null" service_center="null" read="1" status="-1" locked="0" date_sent="0" readable_date="07-10-2015 17:46:56" contact_name="Chi Hoa" />
  <sms protocol="0" address="+841662883398" date="1444214829486" type="1" subject="null" body="Kép bằng x 3tr" toa="null" sc_toa="null" service_center="+84980200613" read="1" status="-1" locked="0" date_sent="1444214946000" readable_date="07-10-2015 17:47:09" contact_name="Chi Hoa" />
  <sms protocol="0" address="0948723319" date="1444214831099" type="2" subject="null" body="đề:151,161.171,191,575,767,797,595,565,,696 ,11,77,55,66,99 x 500 n" toa="null" sc_toa="null" service_center="null" read="1" status="-1" locked="0" date_sent="0" readable_date="07-10-2015 17:47:11" contact_name="Tuyet2" />
  <sms protocol="0" address="+841662883398" date="1444214839794" type="2" subject="null" body="Ok" toa="null" sc_toa="null" service_center="null" read="1" status="-1" locked="0" date_sent="0" readable_date="07-10-2015 17:47:19" contact_name="Chi Hoa" />
  <sms protocol="0" address="0948723319" date="1444214849226" type="2" subject="null" body="Kép bằng x 3tr" toa="null" sc_toa="null" service_center="null" read="1" status="-1" locked="0" date_sent="0" readable_date="07-10-2015 17:47:29" contact_name="Tuyet2" />
  <sms protocol="0" address="+84948723319" date="1444214854828" type="1" subject="null" body="Ok" toa="null" sc_toa="null" service_center="+8491020005" read="1" status="-1" locked="0" date_sent="1444214940000" readable_date="07-10-2015 17:47:34" contact_name="Tuyet2" />
  <sms protocol="0" address="+841685410901" date="1444214898630" type="1" subject="null" body="De 97x15n dau7x30n 75 58x100n  57 27 83x30n  85 77x50n&#10;lo 08 98.10x 10d 11 16 86x 20d. De414,343,151,40,49,39,59,575,535x 10  33,272,22,55x 30&#10;cang 477,577,575.097x10n" toa="null" sc_toa="null" service_center="+84980200613" read="1" status="-1" locked="0" date_sent="1444215011000" readable_date="07-10-2015 17:48:18" contact_name="Giang" />
  <sms protocol="0" address="+841685410901" date="1444214915354" type="2" subject="null" body="Ok" toa="null" sc_toa="null" service_center="null" read="1" status="-1" locked="0" date_sent="0" readable_date="07-10-2015 17:48:35" contact_name="Giang" />
  <sms protocol="0" address="0948723319" date="1444214935418" type="2" subject="null" body="De 97x15n dau7x30n 75 58x100n  57 27 83x30n  85 77x50n&#10;lo 08 98.10x 10d 11 16 86x 20d. De414,343,151,40,49,39,59,575,535x 10  33,272,22,55x 30&#10;" toa="null" sc_toa="null" service_center="null" read="1" status="-1" locked="0" date_sent="0" readable_date="07-10-2015 17:48:55" contact_name="Tuyet2" />
  <sms protocol="0" address="+84948723319" date="1444214956914" type="1" subject="null" body="Ok" toa="null" sc_toa="null" service_center="+8491020005" read="1" status="-1" locked="0" date_sent="1444215041000" readable_date="07-10-2015 17:49:16" contact_name="Tuyet2" />
  <sms protocol="0" address="+84965753555" date="1444215194148" type="1" subject="null" body="Đe 00 77 272 88 383 66 99 505 33 44 55 494 11 22x200  959 989 82 87 70 464 030 43 717 93 323 45 565 151 353 36 161 373x150 " toa="null" sc_toa="null" service_center="+84980200613" read="1" status="-1" locked="0" date_sent="1444215307000" readable_date="07-10-2015 17:53:14" contact_name="An" />
  <sms protocol="0" address="+84965753555" date="1444215211454" type="2" subject="null" body="Ok" toa="null" sc_toa="null" service_center="null" read="1" status="-1" locked="0" date_sent="0" readable_date="07-10-2015 17:53:31" contact_name="An" />
  <sms protocol="0" address="+841685410901" date="1444215225982" type="1" subject="null" body="Kepx100n&#10;De co5,6,7x50&#10;575,66,77,55,52,72.696x 50 dd2x10n 121,141,161,181,242,282,464,484,686,232,343,454,262.11,22,44,88,99,00x 120n.131,151,171,191,383,474,585,787,252,272x 150n.33,55,77,66x 200n.353,373,575,676,565,363x 180n" toa="null" sc_toa="null" service_center="+84980200613" read="1" status="-1" locked="0" date_sent="1444215337000" readable_date="07-10-2015 17:53:45" contact_name="Giang" />
  <sms protocol="0" address="+841685410901" date="1444215235572" type="2" subject="null" body="Ok" toa="null" sc_toa="null" service_center="null" read="1" status="-1" locked="0" date_sent="0" readable_date="07-10-2015 17:53:55" contact_name="Giang" />
  <sms protocol="0" address="0948723319" date="1444215258433" type="2" subject="null" body="Kepx100n&#10;De co5,6,7x50&#10;575,66,77,55,52,72.696x 50 dd2x10n 121,141,161,181,242,282,464,484,686,232,343,454,262.11,22,44,88,99,00x 120n.131,151,171,191,383,474,585,787,252,272x 150n.33,55,77,66x 200n.353,373,575,676,565,363x 180n" toa="null" sc_toa="null" service_center="null" read="1" status="-1" locked="0" date_sent="0" readable_date="07-10-2015 17:54:18" contact_name="Tuyet2" />
  <sms protocol="0" address="+84948723319" date="1444215275381" type="1" subject="null" body="Ok" toa="null" sc_toa="null" service_center="+8491020005" read="1" status="-1" locked="0" date_sent="1444215359000" readable_date="07-10-2015 17:54:35" contact_name="Tuyet2" />
  <sms protocol="0" address="0948723319" date="1444215283461" type="2" subject="null" body="Đe 00 77 272 88 383 66 99 505 33 44 55 494 11 22x200  959 989 82 87 70 464 030 43 717 93 323 45 565 151 353 36 161 373x150 " toa="null" sc_toa="null" service_center="null" read="1" status="-1" locked="0" date_sent="0" readable_date="07-10-2015 17:54:43" contact_name="Tuyet2" />
  <sms protocol="0" address="+84948723319" date="1444215415616" type="1" subject="null" body="Ok" toa="null" sc_toa="null" service_center="+8491020005" read="1" status="-1" locked="0" date_sent="1444215499000" readable_date="07-10-2015 17:56:55" contact_name="Tuyet2" />
  <sms protocol="0" address="+841685410901" date="1444215501318" type="1" subject="null" body="De lẻ lẻ(25so)x 50.797x 50.tong 0,5x 50.&#10;Lo 76 77x20d  20x300d" toa="null" sc_toa="null" service_center="+84980200613" read="1" status="-1" locked="0" date_sent="1444215617000" readable_date="07-10-2015 17:58:21" contact_name="Giang" />
  <sms protocol="0" address="+841685410901" date="1444215510121" type="2" subject="null" body="Ok" toa="null" sc_toa="null" service_center="null" read="1" status="-1" locked="0" date_sent="0" readable_date="07-10-2015 17:58:30" contact_name="Giang" />
  <sms protocol="0" address="0948723319" date="1444215525652" type="2" subject="null" body="De lẻ lẻ(25so)x 50.797x 50.tong 0,5x 50.&#10;Lo 76 77x20d  20x300d" toa="null" sc_toa="null" service_center="null" read="1" status="-1" locked="0" date_sent="0" readable_date="07-10-2015 17:58:45" contact_name="Tuyet2" />
  <sms protocol="0" address="+84948723319" date="1444215571639" type="1" subject="null" body="Ok" toa="null" sc_toa="null" service_center="+8491020005" read="1" status="-1" locked="0" date_sent="1444215656000" readable_date="07-10-2015 17:59:31" contact_name="Tuyet2" />
  <sms protocol="35" address="+841653535810" date="1444215873735" type="1" subject="null" body="Lo:33x300d.lo 99.55.44.232.898.454.131.121.00.292.95.171.76.93.97.x100d.xien 33.31x2tr.33.12.x2tr.99.12x1tr.99.55x1tr.12.92.89x2tr.de 90.323.030.585.353.101.060.393.343.808.898.767.050.121.949.161.151.868.696.454.131x400n.de 95x6tr.de 59.797.171.373.747.15.35.191.45.57.x1tr.de 75.77x2tr.de kep =x2tr" toa="null" sc_toa="null" service_center="+84980200613" read="1" status="-1" locked="0" date_sent="1444215987000" readable_date="07-10-2015 18:04:33" contact_name="Cong2" />
  <sms protocol="0" address="+841653535810" date="1444215886619" type="2" subject="null" body="Ok" toa="null" sc_toa="null" service_center="null" read="1" status="-1" locked="0" date_sent="0" readable_date="07-10-2015 18:04:46" contact_name="Cong2" />
  <sms protocol="0" address="01678838814" date="1444215903330" type="2" subject="null" body="Lo:33x300d.lo 99.55.44.232.898.454.131.121.00.292.95.171.76.93.97.x100d.xien 33.31x2tr.33.12.x2tr.99.12x1tr.99.55x1tr.12.92.89x2tr.de 90.323.030.585.353.101.060.393.343.808.898.767.050.121.949.161.151.868.696.454.131x400n.de 95x6tr.de 59.797.171.373.747.15.35.191.45.57.x1tr.de 75.77x2tr.de kep =x2tr" toa="null" sc_toa="null" service_center="null" read="1" status="-1" locked="0" date_sent="0" readable_date="07-10-2015 18:05:03" contact_name="Vo Anh Thai" />
  <sms protocol="0" address="+841678838814" date="1444215937541" type="1" subject="null" body="Ok1" toa="null" sc_toa="null" service_center="+84980200605" read="1" status="-1" locked="0" date_sent="1444216055000" readable_date="07-10-2015 18:05:37" contact_name="Vo Anh Thai" />
  <sms protocol="0" address="+84963069523" date="1444215955105" type="1" subject="null" body="T 1 De 242 292 x 50n 141 191 x 20n co 2.6 x 100n lo 575 x 10n" toa="null" sc_toa="null" service_center="+84980200605" read="1" status="-1" locked="0" date_sent="1444216072000" readable_date="07-10-2015 18:05:55" contact_name="Chi" />
  <sms protocol="0" address="+84963069523" date="1444216155265" type="2" subject="null" body="Ok" toa="null" sc_toa="null" service_center="null" read="1" status="-1" locked="0" date_sent="0" readable_date="07-10-2015 18:09:15" contact_name="Chi" />
  <sms protocol="0" address="0948723319" date="1444216164881" type="2" subject="null" body="T 1 De 242 292 x 50n 141 191 x 20n co 2.6 x 100n lo 575 x 10n" toa="null" sc_toa="null" service_center="null" read="1" status="-1" locked="0" date_sent="0" readable_date="07-10-2015 18:09:24" contact_name="Tuyet2" />
  <sms protocol="0" address="+84948723319" date="1444216238121" type="1" subject="null" body="Ok" toa="null" sc_toa="null" service_center="+8491020005" read="1" status="-1" locked="0" date_sent="1444216323000" readable_date="07-10-2015 18:10:38" contact_name="Tuyet2" />
  <sms protocol="0" address="+841685410901" date="1444216245551" type="1" subject="null" body="De77 15 x 2triêu, 33 78 85 55 44 x 1triêu, cag 055 477 x 1triêu, 933 978 x 500" toa="null" sc_toa="null" service_center="+84980200613" read="1" status="-1" locked="0" date_sent="1444216356000" readable_date="07-10-2015 18:10:45" contact_name="Giang" />
  <sms protocol="0" address="+841685410901" date="1444216255229" type="2" subject="null" body="Ok" toa="null" sc_toa="null" service_center="null" read="1" status="-1" locked="0" date_sent="0" readable_date="07-10-2015 18:10:55" contact_name="Giang" />
  <sms protocol="0" address="0948723319" date="1444216267472" type="2" subject="null" body="De77 15 x 2triêu, 33 78 85 55 44 x 1triêu, cag 055 477 x 1triêu, 933 978 x 500" toa="null" sc_toa="null" service_center="null" read="1" status="-1" locked="0" date_sent="0" readable_date="07-10-2015 18:11:07" contact_name="Tuyet2" />
  <sms protocol="0" address="+841685410901" date="1444216267517" type="1" subject="null" body="Lo 88x100d 03x30d 13x20d  63 30 65 67x50d &#10;Xi 30 56 24x300n" toa="null" sc_toa="null" service_center="+84980200613" read="1" status="-1" locked="0" date_sent="1444216386000" readable_date="07-10-2015 18:11:07" contact_name="Giang" />
  <sms protocol="0" address="0948723319" date="1444216279532" type="2" subject="null" body="Lo 88x100d 03x30d 13x20d  63 30 65 67x50d &#10;Xi 30 56 24x300n" toa="null" sc_toa="null" service_center="null" read="1" status="-1" locked="0" date_sent="0" readable_date="07-10-2015 18:11:19" contact_name="Tuyet2" />
  <sms protocol="0" address="+841685410901" date="1444216284079" type="2" subject="null" body="Ok" toa="null" sc_toa="null" service_center="null" read="1" status="-1" locked="0" date_sent="0" readable_date="07-10-2015 18:11:24" contact_name="Giang" />
  <sms protocol="0" address="0948723319" date="1444216303642" type="2" subject="null" body="Bo cang cho chi" toa="null" sc_toa="null" service_center="null" read="1" status="-1" locked="0" date_sent="0" readable_date="07-10-2015 18:11:43" contact_name="Tuyet2" />
  <sms protocol="0" address="+84948723319" date="1444216379857" type="1" subject="null" body="Ok" toa="null" sc_toa="null" service_center="+8491020005" read="1" status="-1" locked="0" date_sent="1444216465000" readable_date="07-10-2015 18:12:59" contact_name="Tuyet2" />
  <sms protocol="0" address="+841685410901" date="1444216536123" type="1" subject="null" body="De 232 20 43 42 252 050 00 05 07 22 x100n 02 22 89 020 11 20 x200n 65x500n 00 10x600n  01x1.300n   02x300n  &#10;27 28 44 50 66 70 84 87 898 90 99x100n  88x800n  dau0 x100n " toa="null" sc_toa="null" service_center="+84980200613" read="1" status="-1" locked="0" date_sent="1444216650000" readable_date="07-10-2015 18:15:36" contact_name="Giang" />
  <sms protocol="0" address="+841685410901" date="1444216548226" type="2" subject="null" body="Ok" toa="null" sc_toa="null" service_center="null" read="1" status="-1" locked="0" date_sent="0" readable_date="07-10-2015 18:15:48" contact_name="Giang" />
  <sms protocol="0" address="0948723319" date="1444216561241" type="2" subject="null" body="De 232 20 43 42 252 050 00 05 07 22 x100n 02 22 89 020 11 20 x200n 65x500n 00 10x600n  01x1.300n   02x300n  &#10;27 28 44 50 66 70 84 87 898 90 99x100n  88x800n  dau0 x100n " toa="null" sc_toa="null" service_center="null" read="1" status="-1" locked="0" date_sent="0" readable_date="07-10-2015 18:16:01" contact_name="Tuyet2" />
  <sms protocol="0" address="0948723319" date="1444216574691" type="2" subject="null" body="Co 3.8x200n" toa="null" sc_toa="null" service_center="null" read="1" status="-1" locked="0" date_sent="0" readable_date="07-10-2015 18:16:14" contact_name="Tuyet2" />
  <sms protocol="0" address="+841685410901" date="1444216596508" type="1" subject="null" body="Đe. 050.00.55x500, 26 x1.600, 62 x 3.200, 73 75 78 79 77 99x 700, kep x 400, " toa="null" sc_toa="null" service_center="+84980200613" read="1" status="-1" locked="0" date_sent="1444216709000" readable_date="07-10-2015 18:16:36" contact_name="Giang" />
  <sms protocol="0" address="+841685410901" date="1444216605761" type="2" subject="null" body="Ok" toa="null" sc_toa="null" service_center="null" read="1" status="-1" locked="0" date_sent="0" readable_date="07-10-2015 18:16:45" contact_name="Giang" />
  <sms protocol="0" address="0948723319" date="1444216615967" type="2" subject="null" body="Đe. 050.00.55x500, 26 x1.600, 62 x 3.200, 73 75 78 79 77 99x 700, kep x 400, " toa="null" sc_toa="null" service_center="null" read="1" status="-1" locked="0" date_sent="0" readable_date="07-10-2015 18:16:55" contact_name="Tuyet2" />
  <sms protocol="0" address="+84948723319" date="1444216683773" type="1" subject="null" body="Ok" toa="null" sc_toa="null" service_center="+8491020005" read="1" status="-1" locked="0" date_sent="1444216769000" readable_date="07-10-2015 18:18:03" contact_name="Tuyet2" />
  <sms protocol="0" address="997" date="1444217526773" type="2" subject="null" body="Kqsxmb" toa="null" sc_toa="null" service_center="null" read="1" status="-1" locked="0" date_sent="0" readable_date="07-10-2015 18:32:06" contact_name="(Unknown)" />
  <sms protocol="0" address="997" date="1444217539482" type="1" subject="null" body="MB 7/10&#10;DB:35208&#10;1:34468&#10;2:98961-63666&#10;3:62380-91701-21617-76194-71546-84229&#10;4:1452-4648-6657-6912&#10;5:8199-5792-2822-4189-9596-0620&#10;6:328-103-292&#10;7:60-65-49-24" toa="null" sc_toa="null" service_center="+8491020165" read="1" status="-1" locked="0" date_sent="1444217624000" readable_date="07-10-2015 18:32:19" contact_name="(Unknown)" />
  <sms protocol="0" address="0948723319" date="1444217931680" type="2" subject="null" body="Ngay:07/10/2015&#13;&#10;chi  chuyen cho em&#13;&#10;De:113295,0=81572,4n&#13;&#10;Lo:1010,0=21917,0n&#13;&#10;3Cang:3000,0=3000,0n&#13;&#10;Xien:30,0=186,0n&#13;&#10;Thuong de:300,0=21000,0n&#13;&#10;Thuong lo:400,0=32000,0n&#13;&#10;chi  bu cho em:53675,+230.298=283.973+5016=288.989&#10;" toa="null" sc_toa="null" service_center="null" read="1" status="0" locked="0" date_sent="0" readable_date="07-10-2015 18:38:51" contact_name="Tuyet2" />
  <sms protocol="0" address="0963069523" date="1444218018680" type="2" subject="null" body="Ngay:07/10/2015&#13;&#10;chau chuyen cho mo &#13;&#10;De:3880,0=2832,4n&#13;&#10;Lo:20,0=434,0n&#13;&#10;Th lo:10,0=800,0n&#13;&#10;chau bu cho mo :2466,+ 1398=3864&#10;" toa="null" sc_toa="null" service_center="null" read="1" status="0" locked="0" date_sent="0" readable_date="07-10-2015 18:40:18" contact_name="Chi" />
  <sms protocol="0" address="0965753555" date="1444218026171" type="2" subject="null" body="Ngay:07/10/2015&#13;&#10;anh chuyen cho em&#13;&#10;De:7950,0=5962,5n&#13;&#10;anh bu cho em:5962,5n&#13;&#10;" toa="null" sc_toa="null" service_center="null" read="1" status="0" locked="0" date_sent="0" readable_date="07-10-2015 18:40:26" contact_name="An" />
  <sms protocol="0" address="01685410901" date="1444218069679" type="2" subject="null" body="Ngay:07/10/2015&#13;&#10;chau chuyen cho co&#13;&#10;De:51765,0=37426,1n&#13;&#10;Lo:990,0=21582,0n&#13;&#10;3Cang:3390,0=2542,5n&#13;&#10;Xien:40,0=264,0n&#13;&#10;Th de:100,0=7000,0n&#13;&#10;Th lo:390,0=31200,0n&#13;&#10;chau bu cho co:23614,+511.105=534.719&#10;" toa="null" sc_toa="null" service_center="null" read="1" status="0" locked="0" date_sent="0" readable_date="07-10-2015 18:41:09" contact_name="Giang" />
  <sms protocol="0" address="01678838814" date="1444218122180" type="2" subject="null" body="Ngay:07/10/2015&#13;&#10;em chuyen cho chi&#13;&#10;De:61400,0=44208,0n&#13;&#10;Lo:2500,0=54500,0n&#13;&#10;Xien:800,0=4960,0n&#13;&#10;Thuong de:400,0=28000,0n&#13;&#10;Thuong lo:700,0=56000,0n&#13;&#10;Thuong xien:90000,0n&#13;&#10;chi bu cho em:70332,-208.803=138.471&#10;" toa="null" sc_toa="null" service_center="null" read="1" status="0" locked="0" date_sent="0" readable_date="07-10-2015 18:42:02" contact_name="Vo Anh Thai" />
  <sms protocol="0" address="01653535810" date="1444218180680" type="2" subject="null" body="Ngay:07/10/2015&#13;&#10;em chuyen cho chi&#13;&#10;De:61400,0=46050,0n&#13;&#10;Lo:2500,0=55000,0n&#13;&#10;Xien:800,0=6000,0n&#13;&#10;Th de:400,0=28000,0n&#13;&#10;Th lo:700,0=56000,0n&#13;&#10;Th xien:90000,0n&#13;&#10;chi bu cho em:66950,-277.198=210.248&#10;" toa="null" sc_toa="null" service_center="null" read="1" status="0" locked="0" date_sent="0" readable_date="07-10-2015 18:43:00" contact_name="Cong2" />
  <sms protocol="0" address="01662883398" date="1444218237682" type="2" subject="null" body="Ngay:07/10/2015&#13;&#10;chi chuyen cho em&#13;&#10;De:42500,0=31450,0n&#13;&#10;chi bu cho em:31450,+398.103=329.553&#10;" toa="null" sc_toa="null" service_center="null" read="1" status="0" locked="0" date_sent="0" readable_date="07-10-2015 18:43:57" contact_name="Chi Hoa" />
  <sms protocol="0" address="0948723319" date="1444218297585" type="2" subject="null" body="Tru cag di roi chot lai cho chi .chi ban ti viec" toa="null" sc_toa="null" service_center="null" read="1" status="-1" locked="0" date_sent="0" readable_date="07-10-2015 18:44:57" contact_name="Tuyet2" />
  <sms protocol="0" address="+84948723319" date="1444218314831" type="1" subject="null" body="Ok " toa="null" sc_toa="null" service_center="+8491020005" read="1" status="-1" locked="0" date_sent="1444218399000" readable_date="07-10-2015 18:45:14" contact_name="Tuyet2" />
  <sms protocol="0" address="+84948723319" date="1444218447713" type="1" subject="null" body="Ngay:07/10/2015&#10;chi chuyen cho em &#10;De:113295,0=81572,4n&#10;Lo:1010,0=21917,0n&#10;Xien:30,0=186,0n&#10;Th de:300,0=21000,0n&#10;Th lo:400,0=32000,0n&#10;chi bu cho em :50675,4n&#10;+5016=-55691+230298=-285989" toa="null" sc_toa="null" service_center="+8491020005" read="1" status="-1" locked="0" date_sent="1444218529000" readable_date="07-10-2015 18:47:27" contact_name="Tuyet2" />
  <sms protocol="0" address="+841252048017" date="1444235952809" type="1" subject="null" body="L gui tang mot mon qua dac biet&#10;Hay xem va cam nhan&#10;Du-dung-du-sai-cung-xin ...Cam on...&#10;&gt;Nhan: SO1 den 99-88&#10;De nhan MIEN PHJ 100% (0d)" toa="null" sc_toa="null" service_center="+8491020005" read="1" status="-1" locked="0" date_sent="1444236038000" readable_date="07-10-2015 23:39:12" contact_name="(Unknown)" />
</smses>