<?xml version='1.0' encoding='UTF-8' standalone='yes' ?>
<!--File Created By SMS Backup & Restore Pro v7.21 on 08/10/2015 18:43:46-->
<?xml-stylesheet type="text/xsl" href="sms.xsl"?>
<smses count="52">
  <sms protocol="0" address="+841685410901" date="1444300496895" type="1" subject="null" body="Kép x200n .55 77x100 n&#10;lô 141x 20d.lô 20,89x 15d.lô 22x 10d. đề 141,747,151,757,161,969,191,797,353,313,373x 30k. 52,42,51,14,48,58,545,43,59,040,33,44,99,77x 20k." toa="null" sc_toa="null" service_center="+84980200613" read="1" status="-1" locked="0" date_sent="1444300607000" readable_date="08-10-2015 17:34:56" contact_name="Giang" />
  <sms protocol="0" address="+841685410901" date="1444300514506" type="2" subject="null" body="Ok" toa="null" sc_toa="null" service_center="null" read="1" status="-1" locked="0" date_sent="0" readable_date="08-10-2015 17:35:14" contact_name="Giang" />
  <sms protocol="0" address="0948723319" date="1444300538145" type="2" subject="null" body="Kép x200n .55 77x100 n&#10;lô 141x 20d.lô 20,89x 15d.lô 22x 10d. đề 141,747,151,757,161,969,191,797,353,313,373x 30k. 52,42,51,14,48,58,545,43,59,040,33,44,99,77x 20k." toa="null" sc_toa="null" service_center="null" read="1" status="-1" locked="0" date_sent="0" readable_date="08-10-2015 17:35:38" contact_name="Tuyet2" />
  <sms protocol="0" address="+84948723319" date="1444300573129" type="1" subject="null" body="Ok" toa="null" sc_toa="null" service_center="+8491020005" read="1" status="-1" locked="0" date_sent="1444300658000" readable_date="08-10-2015 17:36:13" contact_name="Tuyet2" />
  <sms protocol="0" address="+841685410901" date="1444300650184" type="1" subject="null" body="De co 5,6,7x 60n 575,66,77,55.696x 50n&#10;121,141,161,181,242,282,464,484,686,232,343,454,262.11,22,44,88,99,00x 150n.131,151,171,191,383,474,585,787,252,272x 180n.33,55,77,66x 250n.353,373,575,676,565,363x 200n&#10;De le le(25so)x 60.797x 50. Tong 0,5x 80." toa="null" sc_toa="null" service_center="+84980200613" read="1" status="-1" locked="0" date_sent="1444300763000" readable_date="08-10-2015 17:37:30" contact_name="Giang" />
  <sms protocol="0" address="+841685410901" date="1444300664032" type="2" subject="null" body="Ok" toa="null" sc_toa="null" service_center="null" read="1" status="-1" locked="0" date_sent="0" readable_date="08-10-2015 17:37:44" contact_name="Giang" />
  <sms protocol="0" address="0948723319" date="1444300689789" type="2" subject="null" body="De co 5,6,7x 60n 575,66,77,55.696x 50n&#10;121,141,161,181,242,282,464,484,686,232,343,454,262.11,22,44,88,99,00x 150n.131,151,171,191,383,474,585,787,252,272x 180n.33,55,77,66x 250n.353,373,575,676,565,363x 200n&#10;De le le(25so)x 60.797x 50. Tong 0,5x 80." toa="null" sc_toa="null" service_center="null" read="1" status="-1" locked="0" date_sent="0" readable_date="08-10-2015 17:38:09" contact_name="Tuyet2" />
  <sms protocol="0" address="+841662883398" date="1444300799791" type="1" subject="null" body="Dàn đề:151,161.171,191,575,767,797,595,565,,696 ,11,77,55,66,99 x 1tr" toa="null" sc_toa="null" service_center="+84980200605" read="1" status="-1" locked="0" date_sent="1444300916000" readable_date="08-10-2015 17:39:59" contact_name="Chi Hoa" />
  <sms protocol="0" address="+841662883398" date="1444300814175" type="2" subject="null" body="Ok" toa="null" sc_toa="null" service_center="null" read="1" status="-1" locked="0" date_sent="0" readable_date="08-10-2015 17:40:14" contact_name="Chi Hoa" />
  <sms protocol="0" address="0948723319" date="1444300826781" type="2" subject="null" body="Dàn đề:151,161.171,191,575,767,797,595,565,,696 ,11,77,55,66,99 x 1tr" toa="null" sc_toa="null" service_center="null" read="1" status="-1" locked="0" date_sent="0" readable_date="08-10-2015 17:40:26" contact_name="Tuyet2" />
  <sms protocol="0" address="+841662883398" date="1444300840323" type="1" subject="null" body="Kép bằng x2tr" toa="null" sc_toa="null" service_center="+84980200605" read="1" status="-1" locked="0" date_sent="1444300957000" readable_date="08-10-2015 17:40:40" contact_name="Chi Hoa" />
  <sms protocol="0" address="+841662883398" date="1444300854839" type="2" subject="null" body="Ok" toa="null" sc_toa="null" service_center="null" read="1" status="-1" locked="0" date_sent="0" readable_date="08-10-2015 17:40:54" contact_name="Chi Hoa" />
  <sms protocol="0" address="0948723319" date="1444300863209" type="2" subject="null" body="Kép bằng x2tr" toa="null" sc_toa="null" service_center="null" read="1" status="-1" locked="0" date_sent="0" readable_date="08-10-2015 17:41:03" contact_name="Tuyet2" />
  <sms protocol="0" address="+84948723319" date="1444300999900" type="1" subject="null" body="Ok" toa="null" sc_toa="null" service_center="+8491020005" read="1" status="-1" locked="0" date_sent="1444301085000" readable_date="08-10-2015 17:43:19" contact_name="Tuyet2" />
  <sms protocol="0" address="+841685410901" date="1444301281289" type="1" subject="null" body="Xi 44 36 03 66x100n&#10;44 36 03x100n&#10;Cang 766x15n &#10;De dit5x30n 25 75 85 272 757x50n  42 45x30n  77x20n&#10;Lo 76 62x80d  77x30d" toa="null" sc_toa="null" service_center="+84980200613" read="1" status="-1" locked="0" date_sent="1444301398000" readable_date="08-10-2015 17:48:01" contact_name="Giang" />
  <sms protocol="0" address="+841685410901" date="1444301296869" type="2" subject="null" body="Ok" toa="null" sc_toa="null" service_center="null" read="1" status="-1" locked="0" date_sent="0" readable_date="08-10-2015 17:48:16" contact_name="Giang" />
  <sms protocol="0" address="0948723319" date="1444301316624" type="2" subject="null" body="&#10;De dit5x30n 25 75 85 272 757x50n  42 45x30n  77x20n&#10;Lo 76 62x80d  77x30d" toa="null" sc_toa="null" service_center="null" read="1" status="-1" locked="0" date_sent="0" readable_date="08-10-2015 17:48:36" contact_name="Tuyet2" />
  <sms protocol="0" address="+84948723319" date="1444301594566" type="1" subject="null" body="Ok" toa="null" sc_toa="null" service_center="+8491020005" read="1" status="-1" locked="0" date_sent="1444301679000" readable_date="08-10-2015 17:53:14" contact_name="Tuyet2" />
  <sms protocol="35" address="+841653535810" date="1444301690609" type="1" subject="null" body="Lo:81.33.69.02.09.44.66.71.98.31.35.47.262.191.58.161.363.383.22.24.959.x50.d.xien 35.66x1tr.69.66x1tr.02.31x1tr.81.09x1tr.33.09x1tr.22.33x1tr.66.24.81x1tr.58.47.35x1tr.38.22.66x1tr.06.95.02x1tr.de:818x8tr.de 686.808.090.696.191.383.393.484.494.88.898.x1tr.de 202.606.262.66.121.232.363.424.161.464.282.343.030.151.858.05.71.797.353.454.242x500n.de 88.99.77.66.x3tr.de 00.11.22.33.44.55.x1500n.de 363.959.x600n..." toa="null" sc_toa="null" service_center="+84980200613" read="1" status="-1" locked="0" date_sent="1444301799000" readable_date="08-10-2015 17:54:50" contact_name="Cong2" />
  <sms protocol="0" address="+841653535810" date="1444301711507" type="2" subject="null" body="Ok" toa="null" sc_toa="null" service_center="null" read="1" status="-1" locked="0" date_sent="0" readable_date="08-10-2015 17:55:11" contact_name="Cong2" />
  <sms protocol="0" address="01678838814" date="1444301741627" type="2" subject="null" body="Lo:81.33.69.02.09.44.66.71.98.31.35.47.262.191.58.161.363.383.22.24.959.x50.d.xien 35.66x1tr.69.66x1tr.02.31x1tr.81.09x1tr.33.09x1tr.22.33x1tr.66.24.81x1tr.58.47.35x1tr.38.22.66x1tr.06.95.02x1tr.de:818x8tr.de 686.808.090.696.191.383.393.484.494.88.898.x1tr.de 202.606.262.66.121.232.363.424.161.464.282.343.030.151.858.05.71.797.353.454.242x500n.de 88.99.77.66.x3tr.de 00.11.22.33.44.55.x1500n.de 363.959.x600n..." toa="null" sc_toa="null" service_center="null" read="1" status="-1" locked="0" date_sent="0" readable_date="08-10-2015 17:55:41" contact_name="Vo Anh Thai" />
  <sms protocol="0" address="+841678838814" date="1444301794916" type="1" subject="null" body="Ok1" toa="null" sc_toa="null" service_center="+84980200605" read="1" status="-1" locked="0" date_sent="1444301911000" readable_date="08-10-2015 17:56:34" contact_name="Vo Anh Thai" />
  <sms protocol="0" address="+84963069523" date="1444301878626" type="1" subject="null" body="T1 de Ghep13579x200n co1,9x100n co 9x10n. co 1x10n. Co 2.6 x 200n 969 979 x 50n 767 77 x 40n tg 2.7 x 30n tg tren 10 x 100n 191,979,x10n" toa="null" sc_toa="null" service_center="+84980200605" read="1" status="-1" locked="0" date_sent="1444301995000" readable_date="08-10-2015 17:57:58" contact_name="Chi" />
  <sms protocol="0" address="+84963069523" date="1444301893077" type="2" subject="null" body="Ok" toa="null" sc_toa="null" service_center="null" read="1" status="-1" locked="0" date_sent="0" readable_date="08-10-2015 17:58:13" contact_name="Chi" />
  <sms protocol="0" address="0948723319" date="1444301908262" type="2" subject="null" body="T1 de Ghep13579x200n co1,9x100n co 9x10n. co 1x10n. Co 2.6 x 200n 969 979 x 50n 767 77 x 40n tg 2.7 x 30n tg tren 10 x 100n 191,979,x10n" toa="null" sc_toa="null" service_center="null" read="1" status="-1" locked="0" date_sent="0" readable_date="08-10-2015 17:58:28" contact_name="Tuyet2" />
  <sms protocol="0" address="+84948723319" date="1444302024025" type="1" subject="null" body="Ok" toa="null" sc_toa="null" service_center="+8491020005" read="1" status="-1" locked="0" date_sent="1444302109000" readable_date="08-10-2015 18:00:24" contact_name="Tuyet2" />
  <sms protocol="0" address="+841685410901" date="1444302596798" type="1" subject="null" body="Lô 47 x 500d  767x100d  30 63x50d  33x20d &#10;Xi 00 10 02x300n" toa="null" sc_toa="null" service_center="+84980200613" read="1" status="-1" locked="0" date_sent="1444302714000" readable_date="08-10-2015 18:09:56" contact_name="Giang" />
  <sms protocol="0" address="+841685410901" date="1444302609448" type="2" subject="null" body="Ok" toa="null" sc_toa="null" service_center="null" read="1" status="-1" locked="0" date_sent="0" readable_date="08-10-2015 18:10:09" contact_name="Giang" />
  <sms protocol="0" address="0948723319" date="1444302620282" type="2" subject="null" body="Lô 47 x 500d  767x100d  30 63x50d  33x20d &#10;Xi 00 10 02x300n" toa="null" sc_toa="null" service_center="null" read="1" status="-1" locked="0" date_sent="0" readable_date="08-10-2015 18:10:20" contact_name="Tuyet2" />
  <sms protocol="0" address="+841685410901" date="1444302666392" type="1" subject="null" body="De 010 050 060x500n  030x1tr  34 00 10 28 31 50 88 07x100n 34x200n " toa="null" sc_toa="null" service_center="+84980200613" read="1" status="-1" locked="0" date_sent="1444302783000" readable_date="08-10-2015 18:11:06" contact_name="Giang" />
  <sms protocol="0" address="+841685410901" date="1444302678194" type="2" subject="null" body="Ok" toa="null" sc_toa="null" service_center="null" read="1" status="-1" locked="0" date_sent="0" readable_date="08-10-2015 18:11:18" contact_name="Giang" />
  <sms protocol="0" address="0948723319" date="1444302684571" type="2" subject="null" body="De 010 050 060x500n  030x1tr  34 00 10 28 31 50 88 07x100n 34x200n " toa="null" sc_toa="null" service_center="null" read="1" status="-1" locked="0" date_sent="0" readable_date="08-10-2015 18:11:24" contact_name="Tuyet2" />
  <sms protocol="0" address="+841685410901" date="1444302687653" type="1" subject="null" body="Cang 299x100n  307x50n  770 103x20n" toa="null" sc_toa="null" service_center="+84980200613" read="1" status="-1" locked="0" date_sent="1444302804000" readable_date="08-10-2015 18:11:27" contact_name="Giang" />
  <sms protocol="0" address="+841685410901" date="1444302699564" type="2" subject="null" body="Ok" toa="null" sc_toa="null" service_center="null" read="1" status="-1" locked="0" date_sent="0" readable_date="08-10-2015 18:11:39" contact_name="Giang" />
  <sms protocol="0" address="+841685410901" date="1444302770238" type="1" subject="null" body="De 15 x 2.700, 26 x 200, 55 00 77 33x 500, 66 33 x 200, 70 74 75 78 79 x 500, 72 73 76 78 x 800, kep x 400 kepx100n dit4x100n   &#10;Lo 87 44 99x20d" toa="null" sc_toa="null" service_center="+84980200613" read="1" status="-1" locked="0" date_sent="1444302887000" readable_date="08-10-2015 18:12:50" contact_name="Giang" />
  <sms protocol="0" address="+84948723319" date="1444302777180" type="1" subject="null" body="Ok" toa="null" sc_toa="null" service_center="+8491020005" read="1" status="-1" locked="0" date_sent="1444302862000" readable_date="08-10-2015 18:12:57" contact_name="Tuyet2" />
  <sms protocol="0" address="+841685410901" date="1444302780960" type="2" subject="null" body="Ok" toa="null" sc_toa="null" service_center="null" read="1" status="-1" locked="0" date_sent="0" readable_date="08-10-2015 18:13:00" contact_name="Giang" />
  <sms protocol="0" address="0948723319" date="1444302791637" type="2" subject="null" body="De 15 x 2.700, 26 x 200, 55 00 77 33x 500, 66 33 x 200, 70 74 75 78 79 x 500, 72 73 76 78 x 800, kep x 400 kepx100n dit4x100n   &#10;Lo 87 44 99x20d" toa="null" sc_toa="null" service_center="null" read="1" status="-1" locked="0" date_sent="0" readable_date="08-10-2015 18:13:11" contact_name="Tuyet2" />
  <sms protocol="0" address="+84965753555" date="1444302854384" type="1" subject="null" body="Đe27 949 66 61 050 88 x300" toa="null" sc_toa="null" service_center="+84980200613" read="1" status="-1" locked="0" date_sent="1444302970000" readable_date="08-10-2015 18:14:14" contact_name="An" />
  <sms protocol="0" address="+84965753555" date="1444302866960" type="2" subject="null" body="Ok" toa="null" sc_toa="null" service_center="null" read="1" status="-1" locked="0" date_sent="0" readable_date="08-10-2015 18:14:26" contact_name="An" />
  <sms protocol="0" address="0948723319" date="1444302911175" type="2" subject="null" body="De co 4.x200n" toa="null" sc_toa="null" service_center="null" read="1" status="-1" locked="0" date_sent="0" readable_date="08-10-2015 18:15:11" contact_name="Tuyet2" />
  <sms protocol="0" address="+84948723319" date="1444302990815" type="1" subject="null" body="Ok" toa="null" sc_toa="null" service_center="+8491020005" read="1" status="-1" locked="0" date_sent="1444303075000" readable_date="08-10-2015 18:16:30" contact_name="Tuyet2" />
  <sms protocol="0" address="+84965753555" date="1444303049580" type="1" subject="null" body="Kepbangx150 keplechx100 đe494 88 44 66x200" toa="null" sc_toa="null" service_center="+84980200613" read="1" status="-1" locked="0" date_sent="1444303166000" readable_date="08-10-2015 18:17:29" contact_name="An" />
  <sms protocol="0" address="+84965753555" date="1444303066150" type="2" subject="null" body="Ok" toa="null" sc_toa="null" service_center="null" read="1" status="-1" locked="0" date_sent="0" readable_date="08-10-2015 18:17:46" contact_name="An" />
  <sms protocol="0" address="+84963069523" date="1444303742539" type="1" subject="null" body="Ngay:08/10/2015&#10;chau chuyen cho mo &#10;De:20740,0= 15140,4n&#10;chau bu cho mo : 15140,+ 3864= 19000 tr&#10;" toa="null" sc_toa="null" service_center="null" read="1" status="-1" locked="0" date_sent="0" readable_date="08-10-2015 18:29:02" contact_name="Chi" />
  <sms protocol="0" address="997" date="1444304098842" type="2" subject="null" body="Kqsxmb" toa="null" sc_toa="null" service_center="null" read="1" status="-1" locked="0" date_sent="0" readable_date="08-10-2015 18:34:58" contact_name="(Unknown)" />
  <sms protocol="0" address="997" date="1444304103886" type="1" subject="null" body="MB 8/10&#10;DB:44655&#10;1:44642&#10;2:34224-17720&#10;3:16606-92522-96052-05980-64158-59366&#10;4:2579-4019-3968-2968&#10;5:3973-2922-8395-3543-8480-8152&#10;6:711-836-776&#10;7:85-97-09-90" toa="null" sc_toa="null" service_center="+8491020165" read="1" status="-1" locked="0" date_sent="1444304189000" readable_date="08-10-2015 18:35:03" contact_name="(Unknown)" />
  <sms protocol="0" address="0948723319" date="1444304318341" type="2" subject="null" body="Ngay:08/10/2015&#13;&#10;chi  chuyen cho em&#13;&#10;De:113860,0=81979,2n&#13;&#10;Lo:1150,0=24955,0n&#13;&#10;Xien:30,0=186,0n&#13;&#10;Thuong de:4830,0=338100,0n&#13;&#10;Thuong lo:215,0=17200,0n&#13;&#10;em bu cho chi :248179,- 285.989=37.810&#10;" toa="null" sc_toa="null" service_center="null" read="1" status="0" locked="0" date_sent="0" readable_date="08-10-2015 18:38:38" contact_name="Tuyet2" />
  <sms protocol="0" address="0965753555" date="1444304331838" type="2" subject="null" body="Ngay:08/10/2015&#13;&#10;anh chuyen cho em&#13;&#10;De:5900,0=4425,0n&#13;&#10;Th de:150,0=10500,0n&#13;&#10;em bu cho anh:6075,0n&#13;&#10;" toa="null" sc_toa="null" service_center="null" read="1" status="0" locked="0" date_sent="0" readable_date="08-10-2015 18:38:51" contact_name="An" />
  <sms protocol="0" address="01685410901" date="1444304382837" type="2" subject="null" body="Ngay:08/10/2015&#13;&#10;chau chuyen cho co&#13;&#10;De:45320,0=32766,4n&#13;&#10;Lo:1150,0=25070,0n&#13;&#10;3Cang:205,0=153,8n&#13;&#10;Xien:50,0=330,0n&#13;&#10;Th de:1830,0=128100,0n&#13;&#10;Th lo:215,0=17200,0n&#13;&#10;co bu cho chau:86979,-534.719=447.740&#10;" toa="null" sc_toa="null" service_center="null" read="1" status="0" locked="0" date_sent="0" readable_date="08-10-2015 18:39:42" contact_name="Giang" />
  <sms protocol="0" address="01678838814" date="1444304444342" type="2" subject="null" body="Ngay:08/10/2015&#13;&#10;em chuyen cho chi&#13;&#10;De:79900,0=57528,0n&#13;&#10;Lo:1350,0=29430,0n&#13;&#10;Xien:1000,0=6200,0n&#13;&#10;Thuong de:1500,0=105000,0n&#13;&#10;Thuong lo:450,0=36000,0n&#13;&#10;chi bu cho em:47842,-138.471=90629&#10;" toa="null" sc_toa="null" service_center="null" read="1" status="0" locked="0" date_sent="0" readable_date="08-10-2015 18:40:44" contact_name="Vo Anh Thai" />
  <sms protocol="0" address="01653535810" date="1444304574841" type="2" subject="null" body="Ngay:08/10/2015&#13;&#10;em chuyen cho chi&#13;&#10;De:79900,0=59925,0n&#13;&#10;Lo:1350,0=29700,0n&#13;&#10;Xien:1000,0=7500,0n&#13;&#10;Th de:1500,0=105000,0n&#13;&#10;Th lo:450,0=36000,0n&#13;&#10;chi bu cho em:43875,-160.248=116.373&#10;" toa="null" sc_toa="null" service_center="null" read="1" status="0" locked="0" date_sent="0" readable_date="08-10-2015 18:42:54" contact_name="Cong2" />
</smses>