<?xml version='1.0' encoding='UTF-8' standalone='yes' ?>
<!--File Created By SMS Backup & Restore Pro v7.21 on 08/10/2015 19:00:17-->
<?xml-stylesheet type="text/xsl" href="sms.xsl"?>
<smses count="131">
  <sms protocol="0" address="+84979399373" date="1444299104998" type="1" subject="null" body="Lô: 79.38,83x5. Đề 60x80" toa="null" sc_toa="null" service_center="null" read="1" status="-1" locked="0" date_sent="0" readable_date="08-10-2015 17:11:44" contact_name="A Tung Thuy?" />
  <sms protocol="0" address="0979399373" date="1444299142038" type="2" subject="null" body="Anh gui cho EM 2 tin" toa="null" sc_toa="null" service_center="null" read="1" status="0" locked="0" date_sent="0" readable_date="08-10-2015 17:12:22" contact_name="A Tung Thuy?" />
  <sms protocol="0" address="+84979399373" date="1444299389669" type="2" subject="null" body="Ok1" toa="null" sc_toa="null" service_center="null" read="1" status="0" locked="0" date_sent="0" readable_date="08-10-2015 17:16:29" contact_name="A Tung Thuy?" />
  <sms protocol="0" address="+84973836212" date="1444300761913" type="1" subject="null" body="T1,lo 353x55d" toa="null" sc_toa="null" service_center="null" read="1" status="-1" locked="0" date_sent="0" readable_date="08-10-2015 17:39:21" contact_name="Tien Em" />
  <sms protocol="0" address="0973836212" date="1444300780056" type="2" subject="null" body="Nhan 1 tin.so tin cuoi:1." toa="null" sc_toa="null" service_center="null" read="1" status="0" locked="0" date_sent="0" readable_date="08-10-2015 17:39:40" contact_name="Tien Em" />
  <sms protocol="0" address="+841665038101" date="1444301003589" type="1" subject="null" body="ghi a de dau 5xmoi con 20ngjn. Duoi 5 moi con 20 ngjn. De dau 0,duoi 0 moi con 5 ngin. Lo 55,58,34 moi con 5diem" toa="null" sc_toa="null" service_center="null" read="1" status="-1" locked="0" date_sent="0" readable_date="08-10-2015 17:43:23" contact_name="(Unknown)" />
  <sms protocol="0" address="01665038101" date="1444301084543" type="2" subject="null" body="Anh gui cho EM 1 tin" toa="null" sc_toa="null" service_center="null" read="1" status="0" locked="0" date_sent="0" readable_date="08-10-2015 17:44:44" contact_name="(Unknown)" />
  <sms protocol="0" address="+841685897838" date="1444301346972" type="1" subject="null" body="Xien 32.87.98x5d.xien 4.32.87.98.43x10n." toa="null" sc_toa="null" service_center="null" read="1" status="-1" locked="0" date_sent="0" readable_date="08-10-2015 17:49:06" contact_name="Chi H. v. b" />
  <sms protocol="0" address="+84983099345" date="1444301357058" type="1" subject="null" body="Đề đít 5x500n.   " toa="null" sc_toa="null" service_center="null" read="1" status="-1" locked="0" date_sent="0" readable_date="08-10-2015 17:49:17" contact_name="Viet Bo" />
  <sms protocol="0" address="0983099345" date="1444301363538" type="2" subject="null" body="Nhan 1 tin." toa="null" sc_toa="null" service_center="null" read="1" status="0" locked="0" date_sent="0" readable_date="08-10-2015 17:49:23" contact_name="Viet Bo" />
  <sms protocol="0" address="01685897838" date="1444301365033" type="2" subject="null" body="Nhan 1 tin." toa="null" sc_toa="null" service_center="null" read="1" status="0" locked="0" date_sent="0" readable_date="08-10-2015 17:49:25" contact_name="Chi H. v. b" />
  <sms protocol="0" address="0983099345" date="1444301366536" type="2" subject="null" body="Nhan 1 tin." toa="null" sc_toa="null" service_center="null" read="1" status="0" locked="0" date_sent="0" readable_date="08-10-2015 17:49:26" contact_name="Viet Bo" />
  <sms protocol="0" address="01685897838" date="1444301368035" type="2" subject="null" body="Nhan 1 tin." toa="null" sc_toa="null" service_center="null" read="1" status="0" locked="0" date_sent="0" readable_date="08-10-2015 17:49:28" contact_name="Chi H. v. b" />
  <sms protocol="0" address="0964386982" date="1444301419035" type="2" subject="null" body="Tin 1: De:55,05,15,25,35,45,65,75,85,95x250n." toa="null" sc_toa="null" service_center="null" read="1" status="0" locked="0" date_sent="0" readable_date="08-10-2015 17:50:19" contact_name="A Duc" />
  <sms protocol="0" address="+841685897838" date="1444301421030" type="1" subject="null" body="De hai kep x500n." toa="null" sc_toa="null" service_center="null" read="1" status="-1" locked="0" date_sent="0" readable_date="08-10-2015 17:50:21" contact_name="Chi H. v. b" />
  <sms protocol="0" address="01685897838" date="1444301426534" type="2" subject="null" body="Nhan 2 tin." toa="null" sc_toa="null" service_center="null" read="1" status="0" locked="0" date_sent="0" readable_date="08-10-2015 17:50:26" contact_name="Chi H. v. b" />
  <sms protocol="0" address="0964386982" date="1444301446039" type="2" subject="null" body="Tin 2: De:50,00,11,16,22,27,33,38,44,49,61,66,72,77,83,88,94,99x250n.60x85n." toa="null" sc_toa="null" service_center="null" read="1" status="0" locked="0" date_sent="0" readable_date="08-10-2015 17:50:46" contact_name="A Duc" />
  <sms protocol="0" address="01677281854" date="1444301459541" type="2" subject="null" body="Tin 1: De:55x790n.05x775n.50x275n.15,25,35,45,65,75,85,95x270n.00x260n.11,16,22,27,33,38,44,49,61,66,72,77,83,88,94,99x250n.51,52,53,54,56,57,58,59x20n.01,02,03,04,06,07,08,09,10,20,30,40,70,80,90x5n.@289980582@" toa="null" sc_toa="null" service_center="null" read="1" status="0" locked="0" date_sent="0" readable_date="08-10-2015 17:50:59" contact_name="(Unknown)" />
  <sms protocol="0" address="0983650782" date="1444301476036" type="2" subject="null" body="Tin 1: lo:35,53x55d.34,38,55,58,79,83x5d..xi4:32,43,87,98*1d.xi3:32,87,98*5d." toa="null" sc_toa="null" service_center="null" read="1" status="0" locked="0" date_sent="0" readable_date="08-10-2015 17:51:16" contact_name="A T 782 Lv" />
  <sms protocol="0" address="+841677281854" date="1444301492204" type="1" subject="null" body="Nhan 1 tin.so tin cuoi:1." toa="null" sc_toa="null" service_center="null" read="1" status="-1" locked="0" date_sent="0" readable_date="08-10-2015 17:51:32" contact_name="(Unknown)" />
  <sms protocol="0" address="+841685897838" date="1444301500556" type="1" subject="null" body="Xien 62.91.90x20d." toa="null" sc_toa="null" service_center="null" read="1" status="-1" locked="0" date_sent="0" readable_date="08-10-2015 17:51:40" contact_name="Chi H. v. b" />
  <sms protocol="0" address="01685897838" date="1444301516544" type="2" subject="null" body="Nhan 3 tin." toa="null" sc_toa="null" service_center="null" read="1" status="0" locked="0" date_sent="0" readable_date="08-10-2015 17:51:56" contact_name="Chi H. v. b" />
  <sms protocol="0" address="01685897838" date="1444301518036" type="2" subject="null" body="Nhan 3 tin." toa="null" sc_toa="null" service_center="null" read="1" status="0" locked="0" date_sent="0" readable_date="08-10-2015 17:51:58" contact_name="Chi H. v. b" />
  <sms protocol="0" address="+84976427999" date="1444301552930" type="1" subject="null" body="Lô;70*50 &#10;Đề:98*300&#10;99*200" toa="null" sc_toa="null" service_center="null" read="1" status="-1" locked="0" date_sent="0" readable_date="08-10-2015 17:52:32" contact_name="A Dung Shop" />
  <sms protocol="0" address="01685897838" date="1444301569040" type="2" subject="null" body="chi gui cho EM 3 tin" toa="null" sc_toa="null" service_center="null" read="1" status="0" locked="0" date_sent="0" readable_date="08-10-2015 17:52:49" contact_name="Chi H. v. b" />
  <sms protocol="0" address="0973836212" date="1444301570538" type="2" subject="null" body="may gui cho tao 1 tin" toa="null" sc_toa="null" service_center="null" read="1" status="0" locked="0" date_sent="0" readable_date="08-10-2015 17:52:50" contact_name="Tien Em" />
  <sms protocol="0" address="0976427999" date="1444301572038" type="2" subject="null" body="Anh gui cho EM 1 tin" toa="null" sc_toa="null" service_center="null" read="1" status="32" locked="0" date_sent="0" readable_date="08-10-2015 17:52:52" contact_name="A Dung Shop" />
  <sms protocol="0" address="0979399373" date="1444301573534" type="2" subject="null" body="Anh gui cho EM 1 tin" toa="null" sc_toa="null" service_center="null" read="1" status="0" locked="0" date_sent="0" readable_date="08-10-2015 17:52:53" contact_name="A Tung Thuy?" />
  <sms protocol="0" address="0983099345" date="1444301575036" type="2" subject="null" body="Ban gui cho toi 1 tin" toa="null" sc_toa="null" service_center="null" read="1" status="32" locked="0" date_sent="0" readable_date="08-10-2015 17:52:55" contact_name="Viet Bo" />
  <sms protocol="0" address="0983650782" date="1444301588547" type="2" subject="null" body="Tin 2: lo:70x50d..xi3:62,90,91*20d." toa="null" sc_toa="null" service_center="null" read="1" status="0" locked="0" date_sent="0" readable_date="08-10-2015 17:53:08" contact_name="A T 782 Lv" />
  <sms protocol="0" address="0964386982" date="1444301603538" type="2" subject="null" body="Tin 3: De:98x250n." toa="null" sc_toa="null" service_center="null" read="1" status="0" locked="0" date_sent="0" readable_date="08-10-2015 17:53:23" contact_name="A Duc" />
  <sms protocol="0" address="+84964386982" date="1444301647650" type="1" subject="null" body="bac gui cho em 3 tin" toa="null" sc_toa="null" service_center="null" read="1" status="-1" locked="0" date_sent="0" readable_date="08-10-2015 17:54:07" contact_name="A Duc" />
  <sms protocol="0" address="+84973836212" date="1444301700746" type="1" subject="null" body="T2 08x5d 32.23.74.x 10đ.&#10;38 x 40đ." toa="null" sc_toa="null" service_center="null" read="1" status="-1" locked="0" date_sent="0" readable_date="08-10-2015 17:55:00" contact_name="Tien Em" />
  <sms protocol="0" address="0973836212" date="1444301713040" type="2" subject="null" body="Nhan 2 tin.so tin cuoi:2." toa="null" sc_toa="null" service_center="null" read="1" status="0" locked="0" date_sent="0" readable_date="08-10-2015 17:55:13" contact_name="Tien Em" />
  <sms protocol="0" address="0983650782" date="1444301884040" type="2" subject="null" body="Tin 3: lo:38x40d.23,32,74x10d.08x5d." toa="null" sc_toa="null" service_center="null" read="1" status="0" locked="0" date_sent="0" readable_date="08-10-2015 17:58:04" contact_name="A T 782 Lv" />
  <sms protocol="0" address="01677281854" date="1444301897541" type="2" subject="null" body="Tin 2: De:99x200n.98x50n.@3743246848@" toa="null" sc_toa="null" service_center="null" read="1" status="0" locked="0" date_sent="0" readable_date="08-10-2015 17:58:17" contact_name="(Unknown)" />
  <sms protocol="0" address="+841697208594" date="1444301919093" type="1" subject="null" body="E nhan ho c xien. X3.90.30.08.=30 ; X3.01.35.82.=10 ;X4.10.39.53.75.=20" toa="null" sc_toa="null" service_center="null" read="1" status="-1" locked="0" date_sent="0" readable_date="08-10-2015 17:58:39" contact_name="(Unknown)" />
  <sms protocol="0" address="01697208594" date="1444301941038" type="2" subject="null" body="Nhan 1 tin." toa="null" sc_toa="null" service_center="null" read="1" status="32" locked="0" date_sent="0" readable_date="08-10-2015 17:59:01" contact_name="(Unknown)" />
  <sms protocol="0" address="+841677281854" date="1444301958164" type="1" subject="null" body="Nhan 2 tin.so tin cuoi:2." toa="null" sc_toa="null" service_center="null" read="1" status="-1" locked="0" date_sent="0" readable_date="08-10-2015 17:59:18" contact_name="(Unknown)" />
  <sms protocol="0" address="+841685897838" date="1444302270457" type="1" subject="null" body="de: 16 .05 72.x100 39 .19 34, 88 ,44, 78, 77x50n" toa="null" sc_toa="null" service_center="null" read="1" status="-1" locked="0" date_sent="0" readable_date="08-10-2015 18:04:30" contact_name="Chi H. v. b" />
  <sms protocol="0" address="+84983650782" date="1444302276783" type="1" subject="null" body="Em gui cho Anh 3 tin" toa="null" sc_toa="null" service_center="null" read="1" status="-1" locked="0" date_sent="0" readable_date="08-10-2015 18:04:36" contact_name="A T 782 Lv" />
  <sms protocol="0" address="01685897838" date="1444302283051" type="2" subject="null" body="Nhan 4 tin." toa="null" sc_toa="null" service_center="null" read="1" status="0" locked="0" date_sent="0" readable_date="08-10-2015 18:04:43" contact_name="Chi H. v. b" />
  <sms protocol="0" address="+84977655973" date="1444302283451" type="1" subject="null" body="Lo 05x15d dit 5x50n dau 5x10n 45 55x75n 595 99 676 343 48 63 44x10n" toa="null" sc_toa="null" service_center="null" read="1" status="-1" locked="0" date_sent="0" readable_date="08-10-2015 18:04:43" contact_name="A Su Cong Tinh Uy" />
  <sms protocol="0" address="0977655973" date="1444302304040" type="2" subject="null" body="BAC gui cho EM 1 tin" toa="null" sc_toa="null" service_center="null" read="1" status="0" locked="0" date_sent="0" readable_date="08-10-2015 18:05:04" contact_name="A Su Cong Tinh Uy" />
  <sms protocol="0" address="0964386982" date="1444302325042" type="2" subject="null" body="Tin 4: De:34x60n.19,39,78x50n." toa="null" sc_toa="null" service_center="null" read="1" status="0" locked="0" date_sent="0" readable_date="08-10-2015 18:05:25" contact_name="A Duc" />
  <sms protocol="0" address="01677281854" date="1444302343037" type="2" subject="null" body="Tin 3: De:05x150n.55x135n.45x125n.16,72x100n.44,95x60n.15,25,35,65,75,77,85,88x50n.59x20n.43,48,50,51,52,53,54,56,57,58,63,67,76,99x10n.@3150716109@" toa="null" sc_toa="null" service_center="null" read="1" status="0" locked="0" date_sent="0" readable_date="08-10-2015 18:05:43" contact_name="(Unknown)" />
  <sms protocol="0" address="0983650782" date="1444302355038" type="2" subject="null" body="Tin 4: lo:05x15d..xi3:08,30,90*3d.xi4:10,39,53,75*2d.xi3:01,35,82*1d." toa="null" sc_toa="null" service_center="null" read="1" status="0" locked="0" date_sent="0" readable_date="08-10-2015 18:05:55" contact_name="A T 782 Lv" />
  <sms protocol="0" address="+841677281854" date="1444302377910" type="1" subject="null" body="Nhan 3 tin.so tin cuoi:3." toa="null" sc_toa="null" service_center="null" read="1" status="-1" locked="0" date_sent="0" readable_date="08-10-2015 18:06:17" contact_name="(Unknown)" />
  <sms protocol="0" address="+841632029067" date="1444302510351" type="1" subject="null" body="Ho anh kep bang nhan 180 nghin dau 6 dau 5 duoi 6 duoi 5 nhan 84 nghin 55 66 11 nhan 120 nghin " toa="null" sc_toa="null" service_center="null" read="1" status="-1" locked="0" date_sent="0" readable_date="08-10-2015 18:08:30" contact_name="(Unknown)" />
  <sms protocol="0" address="01632029067" date="1444302521543" type="2" subject="null" body="Nhan 1 tin." toa="null" sc_toa="null" service_center="null" read="1" status="0" locked="0" date_sent="0" readable_date="08-10-2015 18:08:41" contact_name="(Unknown)" />
  <sms protocol="0" address="0964386982" date="1444302538073" type="2" subject="null" body="Tin 5: De:56x168n.06,26,36,46,51,52,53,54,57,58,59,60,62,63,64,67,68,69,76,86,96x84n." toa="null" sc_toa="null" service_center="null" read="1" status="0" locked="0" date_sent="0" readable_date="08-10-2015 18:08:58" contact_name="A Duc" />
  <sms protocol="0" address="01677281854" date="1444302551544" type="2" subject="null" body="Tin 4: De:55,66x468n.11x300n.00,22,33,44,77,88,99x180n.65x168n.05,15,16,25,35,45,50,61,75,85,95x84n.@1602286894@" toa="null" sc_toa="null" service_center="null" read="1" status="0" locked="0" date_sent="0" readable_date="08-10-2015 18:09:11" contact_name="(Unknown)" />
  <sms protocol="0" address="+84964386982" date="1444302583331" type="1" subject="null" body="bac gui cho em 5 tin" toa="null" sc_toa="null" service_center="null" read="1" status="-1" locked="0" date_sent="0" readable_date="08-10-2015 18:09:43" contact_name="A Duc" />
  <sms protocol="0" address="+841685897838" date="1444302591199" type="1" subject="null" body="Xjen 86.44x20d.37.86.30x20d.37.44x20d.73.37.44x10d.75.41.72x10d.11.77.43x,10d" toa="null" sc_toa="null" service_center="null" read="1" status="-1" locked="0" date_sent="0" readable_date="08-10-2015 18:09:51" contact_name="Chi H. v. b" />
  <sms protocol="0" address="01685897838" date="1444302595038" type="2" subject="null" body="Nhan 5 tin." toa="null" sc_toa="null" service_center="null" read="1" status="0" locked="0" date_sent="0" readable_date="08-10-2015 18:09:55" contact_name="Chi H. v. b" />
  <sms protocol="0" address="01685897838" date="1444302598039" type="2" subject="null" body="Nhan 5 tin." toa="null" sc_toa="null" service_center="null" read="1" status="0" locked="0" date_sent="0" readable_date="08-10-2015 18:09:58" contact_name="Chi H. v. b" />
  <sms protocol="0" address="+841677281854" date="1444302606791" type="1" subject="null" body="Nhan 4 tin.so tin cuoi:4." toa="null" sc_toa="null" service_center="null" read="1" status="-1" locked="0" date_sent="0" readable_date="08-10-2015 18:10:06" contact_name="(Unknown)" />
  <sms protocol="0" address="0983650782" date="1444302620541" type="2" subject="null" body="Tin 5: xi3:30,37,86*20d.,xi2:37,44*20d.,xi2:44,86*20d.xi3:11,43,77*10d.,xi3:37,44,73*10d.,xi3:41,72,75*10d." toa="null" sc_toa="null" service_center="null" read="1" status="0" locked="0" date_sent="0" readable_date="08-10-2015 18:10:20" contact_name="A T 782 Lv" />
  <sms protocol="0" address="+84983650782" date="1444302629434" type="1" subject="null" body="Em gui cho Anh 4 tin" toa="null" sc_toa="null" service_center="null" read="1" status="-1" locked="0" date_sent="0" readable_date="08-10-2015 18:10:29" contact_name="A T 782 Lv" />
  <sms protocol="0" address="+841685897838" date="1444302715612" type="1" subject="null" body="Ba.cang.050.505.035.027.267.271.299.905.868.168.165.256.479.188.183.676.036.836.055.100.255.620.720.238.492.059.959.950.649.699.605.x100n" toa="null" sc_toa="null" service_center="null" read="1" status="-1" locked="0" date_sent="0" readable_date="08-10-2015 18:11:55" contact_name="Chi H. v. b" />
  <sms protocol="0" address="01685897838" date="1444302721044" type="2" subject="null" body="Nhan 6 tin." toa="null" sc_toa="null" service_center="null" read="1" status="0" locked="0" date_sent="0" readable_date="08-10-2015 18:12:01" contact_name="Chi H. v. b" />
  <sms protocol="0" address="0983650782" date="1444302730053" type="2" subject="null" body="Tin 6: Ba cang:027,035,036,050,055,059,100,165,168,183,188,238,255,256,267,271,299,479,492,505,605,620,649,676,699,720,836,868,905,950,959x100n." toa="null" sc_toa="null" service_center="null" read="1" status="0" locked="0" date_sent="0" readable_date="08-10-2015 18:12:10" contact_name="A T 782 Lv" />
  <sms protocol="0" address="+84983650782" date="1444302751599" type="1" subject="null" body="Em gui cho Anh 5 tin" toa="null" sc_toa="null" service_center="null" read="1" status="-1" locked="0" date_sent="0" readable_date="08-10-2015 18:12:31" contact_name="A T 782 Lv" />
  <sms protocol="0" address="0979399373" date="1444302794537" type="2" subject="null" body="Nhan 1 tin.. HET LO" toa="null" sc_toa="null" service_center="null" read="1" status="32" locked="0" date_sent="0" readable_date="08-10-2015 18:13:14" contact_name="A Tung Thuy?" />
  <sms protocol="0" address="0973836212" date="1444302796045" type="2" subject="null" body="Nhan 2 tin.so tin cuoi:2.. HET LO" toa="null" sc_toa="null" service_center="null" read="1" status="0" locked="0" date_sent="0" readable_date="08-10-2015 18:13:16" contact_name="Tien Em" />
  <sms protocol="0" address="01665038101" date="1444302797539" type="2" subject="null" body="Nhan 1 tin.. HET LO" toa="null" sc_toa="null" service_center="null" read="1" status="32" locked="0" date_sent="0" readable_date="08-10-2015 18:13:17" contact_name="(Unknown)" />
  <sms protocol="0" address="01685897838" date="1444302799041" type="2" subject="null" body="Nhan 6 tin.. HET LO" toa="null" sc_toa="null" service_center="null" read="1" status="32" locked="0" date_sent="0" readable_date="08-10-2015 18:13:19" contact_name="Chi H. v. b" />
  <sms protocol="0" address="0983099345" date="1444302800542" type="2" subject="null" body="Nhan 1 tin.. HET LO" toa="null" sc_toa="null" service_center="null" read="1" status="32" locked="0" date_sent="0" readable_date="08-10-2015 18:13:20" contact_name="Viet Bo" />
  <sms protocol="0" address="0976427999" date="1444302802036" type="2" subject="null" body="Nhan 1 tin.. HET LO" toa="null" sc_toa="null" service_center="null" read="1" status="32" locked="0" date_sent="0" readable_date="08-10-2015 18:13:22" contact_name="A Dung Shop" />
  <sms protocol="0" address="01697208594" date="1444302803549" type="2" subject="null" body="Nhan 1 tin.. HET LO" toa="null" sc_toa="null" service_center="null" read="1" status="0" locked="0" date_sent="0" readable_date="08-10-2015 18:13:23" contact_name="(Unknown)" />
  <sms protocol="0" address="0977655973" date="1444302805042" type="2" subject="null" body="Nhan 1 tin.. HET LO" toa="null" sc_toa="null" service_center="null" read="1" status="0" locked="0" date_sent="0" readable_date="08-10-2015 18:13:25" contact_name="A Su Cong Tinh Uy" />
  <sms protocol="0" address="01632029067" date="1444302806537" type="2" subject="null" body="Nhan 1 tin.. HET LO" toa="null" sc_toa="null" service_center="null" read="1" status="32" locked="0" date_sent="0" readable_date="08-10-2015 18:13:26" contact_name="(Unknown)" />
  <sms protocol="0" address="+841685897838" date="1444302984739" type="1" subject="null" body="De.35.616.626.12.39.44.565.767.797.81.959.99.31.33.38.050.808.585.191.32.141.303.010.90.020.46.37.x300n" toa="null" sc_toa="null" service_center="null" read="1" status="-1" locked="0" date_sent="0" readable_date="08-10-2015 18:16:24" contact_name="Chi H. v. b" />
  <sms protocol="0" address="01685897838" date="1444302994039" type="2" subject="null" body="Nhan 7 tin." toa="null" sc_toa="null" service_center="null" read="1" status="0" locked="0" date_sent="0" readable_date="08-10-2015 18:16:34" contact_name="Chi H. v. b" />
  <sms protocol="0" address="01685897838" date="1444302997037" type="2" subject="null" body="Nhan 7 tin." toa="null" sc_toa="null" service_center="null" read="1" status="0" locked="0" date_sent="0" readable_date="08-10-2015 18:16:37" contact_name="Chi H. v. b" />
  <sms protocol="0" address="0964386982" date="1444303012041" type="2" subject="null" body="Tin 6: De:01,02,03,08,10,12,14,20,30,31,32,37,41,79,80,81,90,91,97x250n.19,39x200n.26,46,58,59,62,67,76x166n.56x82n." toa="null" sc_toa="null" service_center="null" read="1" status="0" locked="0" date_sent="0" readable_date="08-10-2015 18:16:52" contact_name="A Duc" />
  <sms protocol="0" address="01677281854" date="1444303025544" type="2" subject="null" body="Tin 5: De:05,16,33,35,38,44,50,61,65,85,95,99x300n.56x218n.26,46,58,59,62,67,76x134n.19,39x100n.01,02,03,08,10,12,14,20,30,31,32,37,41,79,80,81,90,91,97x50n.@3256192990@" toa="null" sc_toa="null" service_center="null" read="1" status="0" locked="0" date_sent="0" readable_date="08-10-2015 18:17:05" contact_name="(Unknown)" />
  <sms protocol="0" address="+841677281854" date="1444303056995" type="1" subject="null" body="Nhan 5 tin.so tin cuoi:5." toa="null" sc_toa="null" service_center="null" read="1" status="-1" locked="0" date_sent="0" readable_date="08-10-2015 18:17:36" contact_name="(Unknown)" />
  <sms protocol="0" address="0983650782" date="1444303057042" type="2" subject="null" body="em gui cho anh 6 tin" toa="null" sc_toa="null" service_center="null" read="1" status="0" locked="0" date_sent="0" readable_date="08-10-2015 18:17:37" contact_name="A T 782 Lv" />
  <sms protocol="0" address="+84964386982" date="1444303080100" type="1" subject="null" body="bac gui cho em 6 tin" toa="null" sc_toa="null" service_center="null" read="1" status="-1" locked="0" date_sent="0" readable_date="08-10-2015 18:18:00" contact_name="A Duc" />
  <sms protocol="0" address="+841685897838" date="1444303100534" type="1" subject="null" body="De.dau.dit.2x500n.dau.di.4.x300n.he.42.22.02.82x500n" toa="null" sc_toa="null" service_center="null" read="1" status="-1" locked="0" date_sent="0" readable_date="08-10-2015 18:18:20" contact_name="Chi H. v. b" />
  <sms protocol="0" address="+84983650782" date="1444303104214" type="1" subject="null" body="Em gui cho Anh 6 tin" toa="null" sc_toa="null" service_center="null" read="1" status="-1" locked="0" date_sent="0" readable_date="08-10-2015 18:18:24" contact_name="A T 782 Lv" />
  <sms protocol="0" address="01685897838" date="1444303111040" type="2" subject="null" body="Nhan 8 tin." toa="null" sc_toa="null" service_center="null" read="1" status="0" locked="0" date_sent="0" readable_date="08-10-2015 18:18:31" contact_name="Chi H. v. b" />
  <sms protocol="0" address="01685897838" date="1444303114043" type="2" subject="null" body="Nhan 8 tin." toa="null" sc_toa="null" service_center="null" read="1" status="0" locked="0" date_sent="0" readable_date="08-10-2015 18:18:34" contact_name="Chi H. v. b" />
  <sms protocol="0" address="0964386982" date="1444303144039" type="2" subject="null" body="Tin 7: De:24,42,23,28,29,82,92,47,74,07,21,70,73,87,04,40,43,48,84x250n.78x200n.34x190n.52,57,54,64x166n." toa="null" sc_toa="null" service_center="null" read="1" status="32" locked="0" date_sent="0" readable_date="08-10-2015 18:19:04" contact_name="A Duc" />
  <sms protocol="0" address="01677281854" date="1444303157548" type="2" subject="null" body="Tin 6: De:22x1500n.24,42x1050n.02,20,25,27,32,72x1000n.52x834n.23,28,29,82,92x750n.44x600n.47,74x550n.12,26,37,62,75,77,79,97x500n.57x334n.14,41,45,46,49,78,94x300n.07,21,70,73,87x250n.54,64x134n.34x110n.04,40,43,48,84x50n.@593225647@" toa="null" sc_toa="null" service_center="null" read="1" status="0" locked="0" date_sent="0" readable_date="08-10-2015 18:19:17" contact_name="(Unknown)" />
  <sms protocol="0" address="+841677281854" date="1444303186369" type="1" subject="null" body="Nhan 6 tin.so tin cuoi:6." toa="null" sc_toa="null" service_center="null" read="1" status="-1" locked="0" date_sent="0" readable_date="08-10-2015 18:19:46" contact_name="(Unknown)" />
  <sms protocol="0" address="+841685897838" date="1444303204798" type="1" subject="null" body="He05.dau djt 5x300" toa="null" sc_toa="null" service_center="null" read="1" status="-1" locked="0" date_sent="0" readable_date="08-10-2015 18:20:04" contact_name="Chi H. v. b" />
  <sms protocol="0" address="01685897838" date="1444303219041" type="2" subject="null" body="Nhan 9 tin." toa="null" sc_toa="null" service_center="null" read="1" status="0" locked="0" date_sent="0" readable_date="08-10-2015 18:20:19" contact_name="Chi H. v. b" />
  <sms protocol="0" address="01677281854" date="1444303231038" type="2" subject="null" body="Tin 7: De:55x900n.05,50x600n.00,15,25,35,45,51,52,53,54,56,57,58,59,65,75,85,95x300n.@44859620@" toa="null" sc_toa="null" service_center="null" read="1" status="0" locked="0" date_sent="0" readable_date="08-10-2015 18:20:31" contact_name="(Unknown)" />
  <sms protocol="0" address="+841677281854" date="1444303255424" type="1" subject="null" body="Nhan 7 tin.so tin cuoi:7." toa="null" sc_toa="null" service_center="null" read="1" status="-1" locked="0" date_sent="0" readable_date="08-10-2015 18:20:55" contact_name="(Unknown)" />
  <sms protocol="0" address="+84964386982" date="1444303268255" type="1" subject="null" body="bac gui cho em 7 tin" toa="null" sc_toa="null" service_center="null" read="1" status="-1" locked="0" date_sent="0" readable_date="08-10-2015 18:21:08" contact_name="A Duc" />
  <sms protocol="0" address="+841685897838" date="1444303273240" type="1" subject="null" body="Hai kep x10n" toa="null" sc_toa="null" service_center="null" read="1" status="-1" locked="0" date_sent="0" readable_date="08-10-2015 18:21:13" contact_name="Chi H. v. b" />
  <sms protocol="0" address="01685897838" date="1444303280539" type="2" subject="null" body="Nhan 10 tin." toa="null" sc_toa="null" service_center="null" read="1" status="0" locked="0" date_sent="0" readable_date="08-10-2015 18:21:20" contact_name="Chi H. v. b" />
  <sms protocol="0" address="01677281854" date="1444303292538" type="2" subject="null" body="Tin 8: De:00,05,11,16,22,27,33,38,44,49,50,55,61,66,72,77,83,88,94,99x10n.@1539910592@" toa="null" sc_toa="null" service_center="null" read="1" status="0" locked="0" date_sent="0" readable_date="08-10-2015 18:21:32" contact_name="(Unknown)" />
  <sms protocol="0" address="0979399373" date="1444303297043" type="2" subject="null" body="Nhan 1 tin.. HET DE" toa="null" sc_toa="null" service_center="null" read="1" status="32" locked="0" date_sent="0" readable_date="08-10-2015 18:21:37" contact_name="A Tung Thuy?" />
  <sms protocol="0" address="0973836212" date="1444303298536" type="2" subject="null" body="Nhan 2 tin.so tin cuoi:2.. HET DE" toa="null" sc_toa="null" service_center="null" read="1" status="0" locked="0" date_sent="0" readable_date="08-10-2015 18:21:38" contact_name="Tien Em" />
  <sms protocol="0" address="01665038101" date="1444303300039" type="2" subject="null" body="Nhan 1 tin.. HET DE" toa="null" sc_toa="null" service_center="null" read="1" status="0" locked="0" date_sent="0" readable_date="08-10-2015 18:21:40" contact_name="(Unknown)" />
  <sms protocol="0" address="01685897838" date="1444303301535" type="2" subject="null" body="Nhan 10 tin.. HET DE" toa="null" sc_toa="null" service_center="null" read="1" status="32" locked="0" date_sent="0" readable_date="08-10-2015 18:21:41" contact_name="Chi H. v. b" />
  <sms protocol="0" address="0983099345" date="1444303303037" type="2" subject="null" body="Nhan 1 tin.. HET DE" toa="null" sc_toa="null" service_center="null" read="1" status="0" locked="0" date_sent="0" readable_date="08-10-2015 18:21:43" contact_name="Viet Bo" />
  <sms protocol="0" address="0976427999" date="1444303304536" type="2" subject="null" body="Nhan 1 tin.. HET DE" toa="null" sc_toa="null" service_center="null" read="1" status="0" locked="0" date_sent="0" readable_date="08-10-2015 18:21:44" contact_name="A Dung Shop" />
  <sms protocol="0" address="01697208594" date="1444303306040" type="2" subject="null" body="Nhan 1 tin.. HET DE" toa="null" sc_toa="null" service_center="null" read="1" status="0" locked="0" date_sent="0" readable_date="08-10-2015 18:21:46" contact_name="(Unknown)" />
  <sms protocol="0" address="0977655973" date="1444303307542" type="2" subject="null" body="Nhan 1 tin.. HET DE" toa="null" sc_toa="null" service_center="null" read="1" status="32" locked="0" date_sent="0" readable_date="08-10-2015 18:21:47" contact_name="A Su Cong Tinh Uy" />
  <sms protocol="0" address="01632029067" date="1444303309046" type="2" subject="null" body="Nhan 1 tin.. HET DE" toa="null" sc_toa="null" service_center="null" read="1" status="0" locked="0" date_sent="0" readable_date="08-10-2015 18:21:49" contact_name="(Unknown)" />
  <sms protocol="0" address="+841677281854" date="1444303356028" type="1" subject="null" body="Nhan 8 tin.so tin cuoi:8." toa="null" sc_toa="null" service_center="null" read="1" status="-1" locked="0" date_sent="0" readable_date="08-10-2015 18:22:36" contact_name="(Unknown)" />
  <sms protocol="0" address="+84964386982" date="1444303734296" type="1" subject="null" body="Ngay:08/10/2015&#10;bac chuyen cho em&#10;De:21675,0=15497,6n&#10;Th de:250,0=17500,0n&#10;em bu cho bac:2002,4n&#10;" toa="null" sc_toa="null" service_center="null" read="1" status="-1" locked="0" date_sent="0" readable_date="08-10-2015 18:28:54" contact_name="A Duc" />
  <sms protocol="0" address="0983650782" date="1444303742536" type="2" subject="null" body="Ngay:08/10/2015&#13;&#10;em chuyen cho anh&#13;&#10;Lo:280,0=6076,0n&#13;&#10;3Cang:3100,0=2046,0n&#13;&#10;Xien:122,0=732,0n&#13;&#10;Thuong lo:15,0=1200,0n&#13;&#10;em bu cho anh:7654,0n&#13;&#10;" toa="null" sc_toa="null" service_center="null" read="1" status="0" locked="0" date_sent="0" readable_date="08-10-2015 18:29:02" contact_name="A T 782 Lv" />
  <sms protocol="0" address="01677281854" date="1444303745536" type="2" subject="null" body="Ngay:08/10/2015&#13;&#10;chau chuyen cho co&#13;&#10;De:51125,0=36810,0n&#13;&#10;Thuong de:2303,0=161210,0n&#13;&#10;co bu cho chau:124400,0n&#13;&#10;@4038001924@" toa="null" sc_toa="null" service_center="null" read="1" status="0" locked="0" date_sent="0" readable_date="08-10-2015 18:29:05" contact_name="(Unknown)" />
  <sms protocol="0" address="01697208594" date="1444303750039" type="2" subject="null" body="Ngay:08/10/2015&#13;&#10;chi chuyen cho EM&#13;&#10;Xien:6,0=40,8n&#13;&#10;chi bu cho EM:40,8n&#13;&#10;" toa="null" sc_toa="null" service_center="null" read="1" status="0" locked="0" date_sent="0" readable_date="08-10-2015 18:29:10" contact_name="(Unknown)" />
  <sms protocol="0" address="0983099345" date="1444303754542" type="2" subject="null" body="Ngay:08/10/2015&#13;&#10;Ban chuyen cho toi&#13;&#10;De:5000,0=3650,0n&#13;&#10;Th de:500,0=35000,0n&#13;&#10;toi bu cho Ban:31350,0n&#13;&#10;" toa="null" sc_toa="null" service_center="null" read="1" status="0" locked="0" date_sent="0" readable_date="08-10-2015 18:29:14" contact_name="Viet Bo" />
  <sms protocol="0" address="0979399373" date="1444303759043" type="2" subject="null" body="Ngay:08/10/2015&#13;&#10;Anh chuyen cho EM&#13;&#10;De:80,0=60,0n&#13;&#10;Lo:15,0=330,0n&#13;&#10;Th lo:5,0=400,0n&#13;&#10;EM bu cho Anh:10,0n&#13;&#10;" toa="null" sc_toa="null" service_center="null" read="1" status="32" locked="0" date_sent="0" readable_date="08-10-2015 18:29:19" contact_name="A Tung Thuy?" />
  <sms protocol="0" address="0977655973" date="1444303763536" type="2" subject="null" body="Ngay:08/10/2015&#13;&#10;BAC chuyen cho EM&#13;&#10;De:850,0=680,0n&#13;&#10;Lo:15,0=337,5n&#13;&#10;Th de:135,0=9450,0n&#13;&#10;EM bu cho BAC:8432,5n&#13;&#10;" toa="null" sc_toa="null" service_center="null" read="1" status="32" locked="0" date_sent="0" readable_date="08-10-2015 18:29:23" contact_name="A Su Cong Tinh Uy" />
  <sms protocol="0" address="0964386982" date="1444303769541" type="2" subject="null" body="Ngay:08/10/2015&#13;&#10;em chuyen cho anh&#13;&#10;De:21675,0=15497,6n&#13;&#10;Thuong de:250,0=17500,0n&#13;&#10;anh bu cho em:2002,4n&#13;&#10;" toa="null" sc_toa="null" service_center="null" read="1" status="0" locked="0" date_sent="0" readable_date="08-10-2015 18:29:29" contact_name="A Duc" />
  <sms protocol="0" address="01685897838" date="1444303774041" type="2" subject="null" body="Ngay:08/10/2015&#13;&#10;chi chuyen cho EM&#13;&#10;De:60350,0=43452,0n&#13;&#10;3Cang:3100,0=2201,0n&#13;&#10;Xien:116,0=777,2n&#13;&#10;Th de:1410,0=98700,0n&#13;&#10;EM bu cho chi:52269,8n&#13;&#10;" toa="null" sc_toa="null" service_center="null" read="1" status="32" locked="0" date_sent="0" readable_date="08-10-2015 18:29:34" contact_name="Chi H. v. b" />
  <sms protocol="0" address="01665038101" date="1444303781542" type="2" subject="null" body="Ngay:08/10/2015&#13;&#10;Anh chuyen cho EM&#13;&#10;De:500,0=400,0n&#13;&#10;Lo:15,0=337,5n&#13;&#10;Th de:40,0=2800,0n&#13;&#10;Th lo:10,0=800,0n&#13;&#10;EM bu cho Anh:2862,5n&#13;&#10;" toa="null" sc_toa="null" service_center="null" read="1" status="0" locked="0" date_sent="0" readable_date="08-10-2015 18:29:41" contact_name="(Unknown)" />
  <sms protocol="0" address="01632029067" date="1444303787539" type="2" subject="null" body="Ngay:08/10/2015&#13;&#10;Chị chuyen cho EM&#13;&#10;De:5520,0=3974,4n&#13;&#10;Th de:468,0=32760,0n&#13;&#10;EM bu cho Chị:28785,6n&#13;&#10;" toa="null" sc_toa="null" service_center="null" read="1" status="0" locked="0" date_sent="0" readable_date="08-10-2015 18:29:47" contact_name="(Unknown)" />
  <sms protocol="0" address="0973836212" date="1444303792041" type="2" subject="null" body="Ngay:08/10/2015&#13;&#10;may chuyen cho tao&#13;&#10;Lo:185,0=4051,5n&#13;&#10;may bu cho tao:4051,5n&#13;&#10;" toa="null" sc_toa="null" service_center="null" read="1" status="32" locked="0" date_sent="0" readable_date="08-10-2015 18:29:52" contact_name="Tien Em" />
  <sms protocol="0" address="+841665038101" date="1444303853167" type="1" subject="null" body="Quen ko gj de 55. Hnay a mo day" toa="null" sc_toa="null" service_center="null" read="1" status="-1" locked="0" date_sent="0" readable_date="08-10-2015 18:30:53" contact_name="(Unknown)" />
  <sms protocol="0" address="+84983650782" date="1444304082308" type="1" subject="null" body="Ngay:08/10/2015&#10;Em chuyen cho Anh&#10;Lo:280,0=6076,0n&#10;3Cang:3100,0=2046,0n&#10;Xien:122,0=732,0n&#10;Th lo:15,0=1200,0n&#10;Em bu cho Anh:7654,0n&#10;" toa="null" sc_toa="null" service_center="null" read="1" status="-1" locked="0" date_sent="0" readable_date="08-10-2015 18:34:42" contact_name="A T 782 Lv" />
  <sms protocol="0" address="+841677281854" date="1444304181235" type="1" subject="null" body="Ngay:08/10/2015&#10;chau chuyen cho co&#10;De:51125,0=36810,0n&#10;Th de:2303,0=161210,0n&#10;co bu cho chau:124400,0n&#10;" toa="null" sc_toa="null" service_center="null" read="1" status="-1" locked="0" date_sent="0" readable_date="08-10-2015 18:36:21" contact_name="(Unknown)" />
  <sms protocol="0" address="+84983099345" date="1444304306392" type="2" subject="null" body="Ngay:08/10/2015&#13;&#10;chi chuyen cho EM&#13;&#10;De:60350,0=43452,0n&#13;&#10;3Cang:3100,0=2201,0n&#13;&#10;Xien:116,0=777,2n&#13;&#10;Th de:1410,0=98700,0n&#13;&#10;EM bu cho chi:52269,8n&#13;&#10;T bu c 52355" toa="null" sc_toa="null" service_center="null" read="1" status="32" locked="0" date_sent="0" readable_date="08-10-2015 18:38:26" contact_name="Viet Bo" />
  <sms protocol="0" address="01632029067" date="1444304441549" type="2" subject="null" body="Ngay:08/10/2015&#13;&#10;Chị chuyen cho EM&#13;&#10;De:5520,0=3974,4n&#13;&#10;Xien:6,0=40,8n&#13;&#10;Th de:468,0=32760,0n&#13;&#10;EM bu cho Chị:28744,8n&#13;&#10;" toa="null" sc_toa="null" service_center="null" read="1" status="0" locked="0" date_sent="0" readable_date="08-10-2015 18:40:41" contact_name="(Unknown)" />
  <sms protocol="0" address="01632029067" date="1444304462665" type="2" subject="null" body="Tinh den het ngay:07/10/15 EM thu 5084n&#13;&#10;Ngay:08/10/15 Chị+43n +28744n &#13;&#10;Tong cong: EM bu 23703" toa="null" sc_toa="null" service_center="null" read="1" status="0" locked="0" date_sent="0" readable_date="08-10-2015 18:41:02" contact_name="(Unknown)" />
  <sms protocol="0" address="01665038101" date="1444304484051" type="2" subject="null" body="Ngay:08/10/15 Anh+2862n " toa="null" sc_toa="null" service_center="null" read="1" status="0" locked="0" date_sent="0" readable_date="08-10-2015 18:41:24" contact_name="(Unknown)" />
  <sms protocol="0" address="0964386982" date="1444304492938" type="2" subject="null" body="Tinh den het ngay:07/10/15 em thu 5303n&#13;&#10;Ngay:08/10/15 anh+2000n -2002n &#13;&#10;Tong cong: em thu 5305" toa="null" sc_toa="null" service_center="null" read="1" status="32" locked="0" date_sent="0" readable_date="08-10-2015 18:41:32" contact_name="A Duc" />
  <sms protocol="0" address="0973836212" date="1444304501065" type="2" subject="null" body="Tinh den het ngay:07/10/15 tao thu 6468n&#13;&#10;Ngay:08/10/15 may-4051n &#13;&#10;Tong cong: tao thu 10519" toa="null" sc_toa="null" service_center="null" read="1" status="32" locked="0" date_sent="0" readable_date="08-10-2015 18:41:41" contact_name="Tien Em" />
  <sms protocol="0" address="0976427999" date="1444304506284" type="2" subject="null" body="Tinh den het ngay:07/10/15 EM thu 900n&#13;&#10;Ngay:08/10/15 Anh-1475n &#13;&#10;Tong cong: EM thu 2375" toa="null" sc_toa="null" service_center="null" read="1" status="0" locked="0" date_sent="0" readable_date="08-10-2015 18:41:46" contact_name="A Dung Shop" />
  <sms protocol="0" address="0977655973" date="1444304512496" type="2" subject="null" body="Tinh den het ngay:07/10/15 EM thu 778n&#13;&#10;Ngay:08/10/15 BAC+8432n &#13;&#10;Tong cong: EM bu 7654" toa="null" sc_toa="null" service_center="null" read="1" status="0" locked="0" date_sent="0" readable_date="08-10-2015 18:41:52" contact_name="A Su Cong Tinh Uy" />
  <sms protocol="0" address="0979399373" date="1444304517313" type="2" subject="null" body="Tinh den het ngay:07/10/15 EM thu 839n&#13;&#10;Ngay:08/10/15 Anh+10n &#13;&#10;Tong cong: EM thu 829" toa="null" sc_toa="null" service_center="null" read="1" status="0" locked="0" date_sent="0" readable_date="08-10-2015 18:41:57" contact_name="A Tung Thuy?" />
  <sms protocol="0" address="0983099345" date="1444304541092" type="2" subject="null" body="Tinh den het ngay:07/10/15 toi thu 21610n&#13;&#10;Ngay:08/10/15 Ban+5000n +31350n +52355n &#13;&#10;Tong cong: toi bu 67095" toa="null" sc_toa="null" service_center="null" read="1" status="0" locked="0" date_sent="0" readable_date="08-10-2015 18:42:21" contact_name="Viet Bo" />
  <sms protocol="0" address="+84986818481" date="1444304743407" type="1" subject="null" body="Tinh ho anh" toa="null" sc_toa="null" service_center="null" read="1" status="-1" locked="0" date_sent="0" readable_date="08-10-2015 18:45:43" contact_name="(Unknown)" />
</smses>