<?xml version='1.0' encoding='UTF-8' standalone='yes' ?>
<!--File Created By SMS Backup & Restore Pro v7.21 on 09/10/2015 19:59:40-->
<?xml-stylesheet type="text/xsl" href="sms.xsl"?>
<smses count="122">
  <sms protocol="0" address="0974282195" date="1444349398273" type="2" subject="null" body="ngay 08/10/15:&#13;&#10;THU:&#13;&#10;boss:124400;&#13;&#10;a duc:5305;&#13;&#10;t e :10519;&#13;&#10;a dung shop:2375&#13;&#10;BU&#13;&#10;chi lan hau:23703;&#13;&#10;a 10:2862;&#13;&#10;a su:7654;&#13;&#10;v b:67095;&#13;&#10;a t:7654" toa="null" sc_toa="null" service_center="null" read="1" status="0" locked="0" date_sent="0" readable_date="09-10-2015 07:09:58" contact_name="(Unknown)" />
  <sms protocol="0" address="0974282195" date="1444364549593" type="2" subject="null" body="39010000739538" toa="null" sc_toa="null" service_center="null" read="1" status="32" locked="0" date_sent="0" readable_date="09-10-2015 11:22:29" contact_name="(Unknown)" />
  <sms protocol="0" address="0974282195" date="1444375545243" type="2" subject="null" body="ngay 09/10/15:&#13;&#10;THU:&#13;&#10;boss:24400;&#13;&#10;a duc:5305;&#13;&#10;t e :10519;&#13;&#10;a dung shop:2375&#13;&#10;A tu 9000&#10;BU&#13;&#10;a t:9054" toa="null" sc_toa="null" service_center="null" read="1" status="32" locked="0" date_sent="0" readable_date="09-10-2015 14:25:45" contact_name="(Unknown)" />
  <sms protocol="0" address="+84979399373" date="1444379356674" type="1" subject="null" body="Lô 31,64,87x 5. Đề 46,64x100." toa="null" sc_toa="null" service_center="null" read="1" status="-1" locked="0" date_sent="0" readable_date="09-10-2015 15:29:16" contact_name="A Tung Thuy?" />
  <sms protocol="0" address="+84983099345" date="1444381868101" type="1" subject="null" body="Đề 44,46x250n lô 44,46x50đ" toa="null" sc_toa="null" service_center="null" read="1" status="-1" locked="0" date_sent="0" readable_date="09-10-2015 16:11:08" contact_name="Viet Bo" />
  <sms protocol="0" address="0983099345" date="1444381882609" type="2" subject="null" body="Nhan 1 tin." toa="null" sc_toa="null" service_center="null" read="1" status="0" locked="0" date_sent="0" readable_date="09-10-2015 16:11:22" contact_name="Viet Bo" />
  <sms protocol="0" address="0979399373" date="1444382073098" type="2" subject="null" body="Anh gui cho EM 1 tin" toa="null" sc_toa="null" service_center="null" read="1" status="0" locked="0" date_sent="0" readable_date="09-10-2015 16:14:33" contact_name="A Tung Thuy?" />
  <sms protocol="0" address="0983099345" date="1444382074597" type="2" subject="null" body="Ban gui cho toi 1 tin" toa="null" sc_toa="null" service_center="null" read="1" status="0" locked="0" date_sent="0" readable_date="09-10-2015 16:14:34" contact_name="Viet Bo" />
  <sms protocol="0" address="+841697208594" date="1444385875647" type="1" subject="null" body="E nhan xien ho c X2.30.90.=70 ;X2.30.46.=40 ;X2.09.64.=50." toa="null" sc_toa="null" service_center="null" read="1" status="-1" locked="0" date_sent="0" readable_date="09-10-2015 17:17:55" contact_name="(Unknown)" />
  <sms protocol="0" address="01697208594" date="1444385910101" type="2" subject="null" body="Nhan 1 tin." toa="null" sc_toa="null" service_center="null" read="1" status="0" locked="0" date_sent="0" readable_date="09-10-2015 17:18:30" contact_name="(Unknown)" />
  <sms protocol="0" address="+841628909893" date="1444386867682" type="1" subject="null" body="Ghi a lô 46x30điêm. Lô 06,07,64 môi con 10điêm. Đề 06,46 môi con 50ngin." toa="null" sc_toa="null" service_center="null" read="1" status="-1" locked="0" date_sent="0" readable_date="09-10-2015 17:34:27" contact_name="A M" />
  <sms protocol="0" address="01628909893" date="1444386886601" type="2" subject="null" body="anh gui cho EM 1 tin" toa="null" sc_toa="null" service_center="null" read="1" status="0" locked="0" date_sent="0" readable_date="09-10-2015 17:34:46" contact_name="A M" />
  <sms protocol="0" address="+841685897838" date="1444387074469" type="1" subject="null" body="Tin 1.De 07.464.36.45.44.929.95x100n.02.04.68.565.25x50n. Xien  36.41.95x5d.41.52.05x5d" toa="null" sc_toa="null" service_center="null" read="1" status="-1" locked="0" date_sent="0" readable_date="09-10-2015 17:37:54" contact_name="Chi H. v. b" />
  <sms protocol="0" address="01685897838" date="1444387087601" type="2" subject="null" body="Nhan 1 tin.so tin cuoi:1." toa="null" sc_toa="null" service_center="null" read="1" status="0" locked="0" date_sent="0" readable_date="09-10-2015 17:38:07" contact_name="Chi H. v. b" />
  <sms protocol="0" address="+84974086142" date="1444387126093" type="1" subject="null" body="Mưa qá mai đi học sáng xong t qa nhé" toa="null" sc_toa="null" service_center="null" read="1" status="-1" locked="0" date_sent="0" readable_date="09-10-2015 17:38:46" contact_name="Haj Dang" />
  <sms protocol="0" address="+84973836212" date="1444387143984" type="1" subject="null" body="T1 lo 34-38đ. 54-20đ" toa="null" sc_toa="null" service_center="null" read="1" status="-1" locked="0" date_sent="0" readable_date="09-10-2015 17:39:03" contact_name="Tien Em" />
  <sms protocol="0" address="0973836212" date="1444387167103" type="2" subject="null" body="Nhan 1 tin.so tin cuoi:1." toa="null" sc_toa="null" service_center="null" read="1" status="0" locked="0" date_sent="0" readable_date="09-10-2015 17:39:27" contact_name="Tien Em" />
  <sms protocol="0" address="01677281854" date="1444387257114" type="2" subject="null" body="Tin 1: lo:46x30d.@3567113094@" toa="null" sc_toa="null" service_center="null" read="1" status="0" locked="0" date_sent="0" readable_date="09-10-2015 17:40:57" contact_name="(Unknown)" />
  <sms protocol="0" address="0983650782" date="1444387270607" type="2" subject="null" body="Tin 1: lo:44,46x50d.34x38d.54x20d.64x15d.06,07x10d.31,87x5d..xi2:30,90*7d.xi3:05,41,52*5d.,xi2:09,64*5d.,xi3:36,41,95*5d.xi2:30,46*4d." toa="null" sc_toa="null" service_center="null" read="1" status="0" locked="0" date_sent="0" readable_date="09-10-2015 17:41:10" contact_name="A T 782 Lv" />
  <sms protocol="0" address="0964386982" date="1444387297599" type="2" subject="null" body="Tin 1: De:46,44x250n.64x200n.07,29,36,45,92,95x100n.02,04,06,25,56,65,68x50n." toa="null" sc_toa="null" service_center="null" read="1" status="0" locked="0" date_sent="0" readable_date="09-10-2015 17:41:37" contact_name="A Duc" />
  <sms protocol="0" address="01677281854" date="1444387312595" type="2" subject="null" body="Tin 2: De:46x250n.44x100n.@4094991398@" toa="null" sc_toa="null" service_center="null" read="1" status="0" locked="0" date_sent="0" readable_date="09-10-2015 17:41:52" contact_name="(Unknown)" />
  <sms protocol="0" address="+841697208594" date="1444387333934" type="1" subject="null" body="E oi xien nua ne.X2.86.72.=50." toa="null" sc_toa="null" service_center="null" read="1" status="-1" locked="0" date_sent="0" readable_date="09-10-2015 17:42:13" contact_name="(Unknown)" />
  <sms protocol="0" address="01697208594" date="1444387345604" type="2" subject="null" body="Nhan 2 tin." toa="null" sc_toa="null" service_center="null" read="1" status="0" locked="0" date_sent="0" readable_date="09-10-2015 17:42:25" contact_name="(Unknown)" />
  <sms protocol="0" address="+841685897838" date="1444387354712" type="1" subject="null" body="Tin 2. De 565.676.787.121.898.454.575.010.323.343.868.79.58.47.x20n. Xien 56.67.78x5d.78.23.89x5d." toa="null" sc_toa="null" service_center="null" read="1" status="-1" locked="0" date_sent="0" readable_date="09-10-2015 17:42:34" contact_name="Chi H. v. b" />
  <sms protocol="0" address="01685897838" date="1444387359113" type="2" subject="null" body="Nhan 2 tin.so tin cuoi:2." toa="null" sc_toa="null" service_center="null" read="1" status="0" locked="0" date_sent="0" readable_date="09-10-2015 17:42:39" contact_name="Chi H. v. b" />
  <sms protocol="0" address="01677281854" date="1444387378602" type="2" subject="null" body="Tin 3: De:01,10,12,21,23,32,34,43,45,47,54,56,57,58,65,67,68,75,76,78,79,86,87,89,98x20n." toa="null" sc_toa="null" service_center="null" read="1" status="32" locked="0" date_sent="0" readable_date="09-10-2015 17:42:58" contact_name="(Unknown)" />
  <sms protocol="0" address="+84964386982" date="1444387387231" type="1" subject="null" body="bac gui cho em 1 tin ban cho  nhieu nhieu len ty nua nha" toa="null" sc_toa="null" service_center="null" read="1" status="-1" locked="0" date_sent="0" readable_date="09-10-2015 17:43:07" contact_name="A Duc" />
  <sms protocol="0" address="+841677281854" date="1444387425531" type="1" subject="null" body="Nhan 2 tin.so tin cuoi:2." toa="null" sc_toa="null" service_center="null" read="1" status="-1" locked="0" date_sent="0" readable_date="09-10-2015 17:43:45" contact_name="(Unknown)" />
  <sms protocol="0" address="+841677281854" date="1444387434648" type="1" subject="null" body="Nhan 3 tin.so tin cuoi:3." toa="null" sc_toa="null" service_center="null" read="1" status="-1" locked="0" date_sent="0" readable_date="09-10-2015 17:43:54" contact_name="(Unknown)" />
  <sms protocol="0" address="0983650782" date="1444387464097" type="2" subject="null" body="Tin 2: xi3:23,78,89*5d.,xi3:56,67,78*5d.,xi2:72,86*5d." toa="null" sc_toa="null" service_center="null" read="1" status="0" locked="0" date_sent="0" readable_date="09-10-2015 17:44:24" contact_name="A T 782 Lv" />
  <sms protocol="0" address="+841685897838" date="1444387892234" type="1" subject="null" body="Tin 3.de :39x500 n - 93, 67, 54 ,78,272 x50n  lo 59x20d  3 cang 339x100n 839,393x50n" toa="null" sc_toa="null" service_center="null" read="1" status="-1" locked="0" date_sent="0" readable_date="09-10-2015 17:51:32" contact_name="Chi H. v. b" />
  <sms protocol="0" address="01685897838" date="1444387903601" type="2" subject="null" body="Nhan 3 tin.so tin cuoi:3." toa="null" sc_toa="null" service_center="null" read="1" status="0" locked="0" date_sent="0" readable_date="09-10-2015 17:51:43" contact_name="Chi H. v. b" />
  <sms protocol="0" address="01685897838" date="1444387905096" type="2" subject="null" body="Nhan 3 tin.so tin cuoi:3." toa="null" sc_toa="null" service_center="null" read="1" status="32" locked="0" date_sent="0" readable_date="09-10-2015 17:51:45" contact_name="Chi H. v. b" />
  <sms protocol="0" address="+84989573888" date="1444387969571" type="1" subject="null" body="12 21 13 31=100n" toa="null" sc_toa="null" service_center="null" read="1" status="-1" locked="0" date_sent="0" readable_date="09-10-2015 17:52:49" contact_name="A Hoang Meo" />
  <sms protocol="0" address="0989573888" date="1444387993603" type="2" subject="null" body="BAC gui cho EM 1 tin" toa="null" sc_toa="null" service_center="null" read="1" status="0" locked="0" date_sent="0" readable_date="09-10-2015 17:53:13" contact_name="A Hoang Meo" />
  <sms protocol="0" address="+841685897838" date="1444388043098" type="1" subject="null" body="Dau dit 6 x70.676.565x30n." toa="null" sc_toa="null" service_center="null" read="1" status="-1" locked="0" date_sent="0" readable_date="09-10-2015 17:54:03" contact_name="Chi H. v. b" />
  <sms protocol="0" address="01685897838" date="1444388049101" type="2" subject="null" body="Nhan 4 tin.so tin cuoi:3." toa="null" sc_toa="null" service_center="null" read="1" status="0" locked="0" date_sent="0" readable_date="09-10-2015 17:54:09" contact_name="Chi H. v. b" />
  <sms protocol="0" address="0964386982" date="1444388215606" type="2" subject="null" body="Tin 2: De:39x250n.67x150n.66x140n.12,13,21,31,56,65,76x100n.06,16,26,36,60,61,62,63,68,69,86,96x70n." toa="null" sc_toa="null" service_center="null" read="1" status="32" locked="0" date_sent="0" readable_date="09-10-2015 17:56:55" contact_name="A Duc" />
  <sms protocol="0" address="01677281854" date="1444388230600" type="2" subject="null" body="Tin 4: De:39x250n.46,64x70n.27,54,72,78,93x50n." toa="null" sc_toa="null" service_center="null" read="1" status="0" locked="0" date_sent="0" readable_date="09-10-2015 17:57:10" contact_name="(Unknown)" />
  <sms protocol="0" address="0983650782" date="1444388242597" type="2" subject="null" body="Tin 3: lo:59x20d." toa="null" sc_toa="null" service_center="null" read="1" status="0" locked="0" date_sent="0" readable_date="09-10-2015 17:57:22" contact_name="A T 782 Lv" />
  <sms protocol="0" address="0983650782" date="1444388256100" type="2" subject="null" body="Tin 4: Ba cang:339x100n.393,839x50n." toa="null" sc_toa="null" service_center="null" read="1" status="32" locked="0" date_sent="0" readable_date="09-10-2015 17:57:36" contact_name="A T 782 Lv" />
  <sms protocol="0" address="+841677281854" date="1444388279296" type="1" subject="null" body="Nhan 4 tin.so tin cuoi:4." toa="null" sc_toa="null" service_center="null" read="1" status="-1" locked="0" date_sent="0" readable_date="09-10-2015 17:57:59" contact_name="(Unknown)" />
  <sms protocol="0" address="+841685897838" date="1444388569054" type="1" subject="null" body="Tin 5. Xien.12.40.76x15d.97.77.x15d.29.39.44.x15d.33.83.79.x15d.00.68.86.x15 d.67.44.99x15d.99.09.x15d.99.90.x15d.82.44x15d.78.44.24x15d.55.53.30.x15d.52.82.91x15d.91.44.47x15d.02.40.69.x15d69.91.94x15d." toa="null" sc_toa="null" service_center="null" read="1" status="-1" locked="0" date_sent="0" readable_date="09-10-2015 18:02:49" contact_name="Chi H. v. b" />
  <sms protocol="0" address="01685897838" date="1444388575602" type="2" subject="null" body="Nhan 5 tin.so tin cuoi:5.Tin thieu:4" toa="null" sc_toa="null" service_center="null" read="1" status="0" locked="0" date_sent="0" readable_date="09-10-2015 18:02:55" contact_name="Chi H. v. b" />
  <sms protocol="0" address="01685897838" date="1444388577101" type="2" subject="null" body="Nhan 5 tin.so tin cuoi:5.Tin thieu:4" toa="null" sc_toa="null" service_center="null" read="1" status="0" locked="0" date_sent="0" readable_date="09-10-2015 18:02:57" contact_name="Chi H. v. b" />
  <sms protocol="0" address="+841632029067" date="1444388589707" type="1" subject="null" body="27 77 x200n 37x100n lo 74x100d 18 55x50d" toa="null" sc_toa="null" service_center="null" read="1" status="-1" locked="0" date_sent="0" readable_date="09-10-2015 18:03:09" contact_name="(Unknown)" />
  <sms protocol="0" address="01632029067" date="1444388596600" type="2" subject="null" body="Nhan 1 tin." toa="null" sc_toa="null" service_center="null" read="1" status="0" locked="0" date_sent="0" readable_date="09-10-2015 18:03:16" contact_name="(Unknown)" />
  <sms protocol="0" address="+84983650782" date="1444388666466" type="1" subject="null" body="Em gui cho Anh 4 tin" toa="null" sc_toa="null" service_center="null" read="1" status="-1" locked="0" date_sent="0" readable_date="09-10-2015 18:04:26" contact_name="A T 782 Lv" />
  <sms protocol="0" address="0983650782" date="1444388671598" type="2" subject="null" body="Tin 5: lo:74x100d.18,55x50d..xi3:00,68,86*15d.,xi3:02,40,69*15d.,xi2:09,99*15d.,xi3:12,40,76*15d.,xi3:24,44,78*15d.,xi3:29,39,44*15d.,xi3:30,53,55*15d.,xi3:33,79,83*15d.,xi3:44,47,91*15d.,xi3:44,67,99*15d.,xi2:44,82*15d.,xi3:52,82,91*15d.,xi3:69,91,94*15d.,xi2:77,97*15d.,xi2:90,99*15d." toa="null" sc_toa="null" service_center="null" read="1" status="0" locked="0" date_sent="0" readable_date="09-10-2015 18:04:31" contact_name="A T 782 Lv" />
  <sms protocol="0" address="01677281854" date="1444388686628" type="2" subject="null" body="Tin 5: De:27,77x200n.37x100n." toa="null" sc_toa="null" service_center="null" read="1" status="32" locked="0" date_sent="0" readable_date="09-10-2015 18:04:46" contact_name="(Unknown)" />
  <sms protocol="0" address="+841677281854" date="1444388729703" type="1" subject="null" body="Nhan 5 tin.so tin cuoi:5." toa="null" sc_toa="null" service_center="null" read="1" status="-1" locked="0" date_sent="0" readable_date="09-10-2015 18:05:29" contact_name="(Unknown)" />
  <sms protocol="0" address="+84983650782" date="1444388738849" type="1" subject="null" body="Em gui cho Anh 5 tin" toa="null" sc_toa="null" service_center="null" read="1" status="-1" locked="0" date_sent="0" readable_date="09-10-2015 18:05:38" contact_name="A T 782 Lv" />
  <sms protocol="0" address="0964386982" date="1444388755599" type="2" subject="null" body="em gui cho anh 2 tin" toa="null" sc_toa="null" service_center="null" read="1" status="0" locked="0" date_sent="0" readable_date="09-10-2015 18:05:55" contact_name="A Duc" />
  <sms protocol="0" address="+84977655973" date="1444388787517" type="1" subject="null" body="Lo 05 44x10d dau 7x15n 24x50n 101 202 707 424 585x10n" toa="null" sc_toa="null" service_center="null" read="1" status="-1" locked="0" date_sent="0" readable_date="09-10-2015 18:06:27" contact_name="A Su Cong Tinh Uy" />
  <sms protocol="0" address="+84964386982" date="1444388823424" type="1" subject="null" body="bac gui cho em 2 tin co lo ko e" toa="null" sc_toa="null" service_center="null" read="1" status="-1" locked="0" date_sent="0" readable_date="09-10-2015 18:07:03" contact_name="A Duc" />
  <sms protocol="0" address="0977655973" date="1444388829097" type="2" subject="null" body="BAC gui cho EM 1 tin" toa="null" sc_toa="null" service_center="null" read="1" status="0" locked="0" date_sent="0" readable_date="09-10-2015 18:07:09" contact_name="A Su Cong Tinh Uy" />
  <sms protocol="0" address="0983650782" date="1444388868102" type="2" subject="null" body="Tin 6: lo:05,44x10d." toa="null" sc_toa="null" service_center="null" read="1" status="0" locked="0" date_sent="0" readable_date="09-10-2015 18:07:48" contact_name="A T 782 Lv" />
  <sms protocol="0" address="01677281854" date="1444388884601" type="2" subject="null" body="Tin 6: De:24x60n.70x25n.71,72,73,74,75,76,77,78,79x15n.01,02,07,10,20,42,58,85x10n." toa="null" sc_toa="null" service_center="null" read="1" status="0" locked="0" date_sent="0" readable_date="09-10-2015 18:08:04" contact_name="(Unknown)" />
  <sms protocol="0" address="+841677281854" date="1444388942940" type="1" subject="null" body="Nhan 6 tin.so tin cuoi:6." toa="null" sc_toa="null" service_center="null" read="1" status="-1" locked="0" date_sent="0" readable_date="09-10-2015 18:09:02" contact_name="(Unknown)" />
  <sms protocol="0" address="+841685897838" date="1444389008854" type="1" subject="null" body="Tin 6.xien 45.71.93x20d.31.52.99x10d." toa="null" sc_toa="null" service_center="null" read="1" status="-1" locked="0" date_sent="0" readable_date="09-10-2015 18:10:08" contact_name="Chi H. v. b" />
  <sms protocol="0" address="+84983650782" date="1444389014667" type="1" subject="null" body="Em gui cho Anh 6 tin" toa="null" sc_toa="null" service_center="null" read="1" status="-1" locked="0" date_sent="0" readable_date="09-10-2015 18:10:14" contact_name="A T 782 Lv" />
  <sms protocol="0" address="01685897838" date="1444389015100" type="2" subject="null" body="Nhan 6 tin.so tin cuoi:6.Tin thieu:4" toa="null" sc_toa="null" service_center="null" read="1" status="0" locked="0" date_sent="0" readable_date="09-10-2015 18:10:15" contact_name="Chi H. v. b" />
  <sms protocol="0" address="0983650782" date="1444389034596" type="2" subject="null" body="Tin 7: xi3:45,71,93*20d.xi3:31,52,99*10d." toa="null" sc_toa="null" service_center="null" read="1" status="0" locked="0" date_sent="0" readable_date="09-10-2015 18:10:34" contact_name="A T 782 Lv" />
  <sms protocol="0" address="01685897838" date="1444389117101" type="2" subject="null" body="Nhan 7 tin.so tin cuoi:7.Tin thieu:4" toa="null" sc_toa="null" service_center="null" read="1" status="0" locked="0" date_sent="0" readable_date="09-10-2015 18:11:57" contact_name="Chi H. v. b" />
  <sms protocol="0" address="+84983650782" date="1444389127557" type="1" subject="null" body="Em gui cho Anh 7 tin" toa="null" sc_toa="null" service_center="null" read="1" status="-1" locked="0" date_sent="0" readable_date="09-10-2015 18:12:07" contact_name="A T 782 Lv" />
  <sms protocol="0" address="01632029067" date="1444389168103" type="2" subject="null" body="Chị gui cho EM 1 tin" toa="null" sc_toa="null" service_center="null" read="1" status="32" locked="0" date_sent="0" readable_date="09-10-2015 18:12:48" contact_name="(Unknown)" />
  <sms protocol="0" address="01685897838" date="1444389169605" type="2" subject="null" body="chi gui cho EM 6 tinThieu tin:4" toa="null" sc_toa="null" service_center="null" read="1" status="0" locked="0" date_sent="0" readable_date="09-10-2015 18:12:49" contact_name="Chi H. v. b" />
  <sms protocol="0" address="01697208594" date="1444389171103" type="2" subject="null" body="chi gui cho EM 2 tin" toa="null" sc_toa="null" service_center="null" read="1" status="0" locked="0" date_sent="0" readable_date="09-10-2015 18:12:51" contact_name="(Unknown)" />
  <sms protocol="0" address="0973836212" date="1444389172600" type="2" subject="null" body="may gui cho tao 1 tin" toa="null" sc_toa="null" service_center="null" read="1" status="0" locked="0" date_sent="0" readable_date="09-10-2015 18:12:52" contact_name="Tien Em" />
  <sms protocol="0" address="0979399373" date="1444389259605" type="2" subject="null" body="Nhan 1 tin.. HET LO" toa="null" sc_toa="null" service_center="null" read="1" status="32" locked="0" date_sent="0" readable_date="09-10-2015 18:14:19" contact_name="A Tung Thuy?" />
  <sms protocol="0" address="0983099345" date="1444389261099" type="2" subject="null" body="Nhan 1 tin.. HET LO" toa="null" sc_toa="null" service_center="null" read="1" status="32" locked="0" date_sent="0" readable_date="09-10-2015 18:14:21" contact_name="Viet Bo" />
  <sms protocol="0" address="01697208594" date="1444389262597" type="2" subject="null" body="Nhan 2 tin.. HET LO" toa="null" sc_toa="null" service_center="null" read="1" status="0" locked="0" date_sent="0" readable_date="09-10-2015 18:14:22" contact_name="(Unknown)" />
  <sms protocol="0" address="01628909893" date="1444389264097" type="2" subject="null" body="Nhan 1 tin.. HET LO" toa="null" sc_toa="null" service_center="null" read="1" status="0" locked="0" date_sent="0" readable_date="09-10-2015 18:14:24" contact_name="A M" />
  <sms protocol="0" address="01685897838" date="1444389265596" type="2" subject="null" body="Nhan 6 tin.so tin cuoi:6.Tin thieu:4. HET LO" toa="null" sc_toa="null" service_center="null" read="1" status="0" locked="0" date_sent="0" readable_date="09-10-2015 18:14:25" contact_name="Chi H. v. b" />
  <sms protocol="0" address="0973836212" date="1444389267100" type="2" subject="null" body="Nhan 1 tin.so tin cuoi:1.. HET LO" toa="null" sc_toa="null" service_center="null" read="1" status="0" locked="0" date_sent="0" readable_date="09-10-2015 18:14:27" contact_name="Tien Em" />
  <sms protocol="0" address="0989573888" date="1444389268600" type="2" subject="null" body="Nhan 1 tin.. HET LO" toa="null" sc_toa="null" service_center="null" read="1" status="32" locked="0" date_sent="0" readable_date="09-10-2015 18:14:28" contact_name="A Hoang Meo" />
  <sms protocol="0" address="01632029067" date="1444389270097" type="2" subject="null" body="Nhan 1 tin.. HET LO" toa="null" sc_toa="null" service_center="null" read="1" status="0" locked="0" date_sent="0" readable_date="09-10-2015 18:14:30" contact_name="(Unknown)" />
  <sms protocol="0" address="0977655973" date="1444389271606" type="2" subject="null" body="Nhan 1 tin.. HET LO" toa="null" sc_toa="null" service_center="null" read="1" status="0" locked="0" date_sent="0" readable_date="09-10-2015 18:14:31" contact_name="A Su Cong Tinh Uy" />
  <sms protocol="0" address="+841685897838" date="1444389320180" type="1" subject="null" body="Ti  7.nay nhe.Ba.cang.147.038.027.059.095.168.794.799.479.299.269.105.686.868.499.949.494.x100n.de.474.414.464.242.717.676.272.44.161.212.00.050.78.949.838.x500n" toa="null" sc_toa="null" service_center="null" read="1" status="-1" locked="0" date_sent="0" readable_date="09-10-2015 18:15:20" contact_name="Chi H. v. b" />
  <sms protocol="0" address="+841685897838" date="1444389323190" type="1" subject="null" body="Tin 7 em" toa="null" sc_toa="null" service_center="null" read="1" status="-1" locked="0" date_sent="0" readable_date="09-10-2015 18:15:23" contact_name="Chi H. v. b" />
  <sms protocol="0" address="01685897838" date="1444389346601" type="2" subject="null" body="Nhan 7 tin.so tin cuoi:6.Tin thieu:4" toa="null" sc_toa="null" service_center="null" read="1" status="0" locked="0" date_sent="0" readable_date="09-10-2015 18:15:46" contact_name="Chi H. v. b" />
  <sms protocol="0" address="0964386982" date="1444389393103" type="2" subject="null" body="Tin 3: De:00,05,14,17,24,27,38,41,42,47,49,50,71,72,74,78,83,94x250n.16,61x180n.12,21,76x150n.67x100n.64x50n." toa="null" sc_toa="null" service_center="null" read="1" status="0" locked="0" date_sent="0" readable_date="09-10-2015 18:16:33" contact_name="A Duc" />
  <sms protocol="0" address="0983650782" date="1444389406600" type="2" subject="null" body="Tin 8: Ba cang:027,038,059,095,105,147,168,269,299,479,494,499,686,794,799,868,949x100n." toa="null" sc_toa="null" service_center="null" read="1" status="0" locked="0" date_sent="0" readable_date="09-10-2015 18:16:46" contact_name="A T 782 Lv" />
  <sms protocol="0" address="01677281854" date="1444389418598" type="2" subject="null" body="Tin 7: De:44,46x500n.64x450n.67x400n.12,21,76x350n.16,61x320n.00,05,14,17,24,27,38,41,42,47,49,50,71,72,74,78,83,94x250n." toa="null" sc_toa="null" service_center="null" read="1" status="0" locked="0" date_sent="0" readable_date="09-10-2015 18:16:58" contact_name="(Unknown)" />
  <sms protocol="0" address="+84964386982" date="1444389438307" type="1" subject="null" body="bac gui cho em 3 tin" toa="null" sc_toa="null" service_center="null" read="1" status="-1" locked="0" date_sent="0" readable_date="09-10-2015 18:17:18" contact_name="A Duc" />
  <sms protocol="0" address="+84983650782" date="1444389440978" type="1" subject="null" body="Em gui cho Anh 8 tin" toa="null" sc_toa="null" service_center="null" read="1" status="-1" locked="0" date_sent="0" readable_date="09-10-2015 18:17:20" contact_name="A T 782 Lv" />
  <sms protocol="0" address="+841677281854" date="1444389453726" type="1" subject="null" body="Nhan 7 tin.so tin cuoi:7." toa="null" sc_toa="null" service_center="null" read="1" status="-1" locked="0" date_sent="0" readable_date="09-10-2015 18:17:33" contact_name="(Unknown)" />
  <sms protocol="0" address="+841685897838" date="1444389668081" type="1" subject="null" body="De 52x100" toa="null" sc_toa="null" service_center="null" read="1" status="-1" locked="0" date_sent="0" readable_date="09-10-2015 18:21:08" contact_name="Chi H. v. b" />
  <sms protocol="0" address="01685897838" date="1444389673595" type="2" subject="null" body="Nhan 8 tin.so tin cuoi:6.Tin thieu:4" toa="null" sc_toa="null" service_center="null" read="1" status="0" locked="0" date_sent="0" readable_date="09-10-2015 18:21:13" contact_name="Chi H. v. b" />
  <sms protocol="0" address="01677281854" date="1444389679606" type="2" subject="null" body="Tin 8: De:52x100n." toa="null" sc_toa="null" service_center="null" read="1" status="0" locked="0" date_sent="0" readable_date="09-10-2015 18:21:19" contact_name="(Unknown)" />
  <sms protocol="0" address="0979399373" date="1444389727600" type="2" subject="null" body="Nhan 1 tin.. HET DE" toa="null" sc_toa="null" service_center="null" read="1" status="32" locked="0" date_sent="0" readable_date="09-10-2015 18:22:07" contact_name="A Tung Thuy?" />
  <sms protocol="0" address="0983099345" date="1444389729100" type="2" subject="null" body="Nhan 1 tin.. HET DE" toa="null" sc_toa="null" service_center="null" read="1" status="32" locked="0" date_sent="0" readable_date="09-10-2015 18:22:09" contact_name="Viet Bo" />
  <sms protocol="0" address="01697208594" date="1444389730601" type="2" subject="null" body="Nhan 2 tin.. HET DE" toa="null" sc_toa="null" service_center="null" read="1" status="0" locked="0" date_sent="0" readable_date="09-10-2015 18:22:10" contact_name="(Unknown)" />
  <sms protocol="0" address="01628909893" date="1444389732105" type="2" subject="null" body="Nhan 1 tin.. HET DE" toa="null" sc_toa="null" service_center="null" read="1" status="32" locked="0" date_sent="0" readable_date="09-10-2015 18:22:12" contact_name="A M" />
  <sms protocol="0" address="01685897838" date="1444389733596" type="2" subject="null" body="Nhan 8 tin.so tin cuoi:6.Tin thieu:4. HET DE" toa="null" sc_toa="null" service_center="null" read="1" status="32" locked="0" date_sent="0" readable_date="09-10-2015 18:22:13" contact_name="Chi H. v. b" />
  <sms protocol="0" address="0973836212" date="1444389735102" type="2" subject="null" body="Nhan 1 tin.so tin cuoi:1.. HET DE" toa="null" sc_toa="null" service_center="null" read="1" status="0" locked="0" date_sent="0" readable_date="09-10-2015 18:22:15" contact_name="Tien Em" />
  <sms protocol="0" address="0989573888" date="1444389736620" type="2" subject="null" body="Nhan 1 tin.. HET DE" toa="null" sc_toa="null" service_center="null" read="1" status="32" locked="0" date_sent="0" readable_date="09-10-2015 18:22:16" contact_name="A Hoang Meo" />
  <sms protocol="0" address="01632029067" date="1444389738100" type="2" subject="null" body="Nhan 1 tin.. HET DE" toa="null" sc_toa="null" service_center="null" read="1" status="0" locked="0" date_sent="0" readable_date="09-10-2015 18:22:18" contact_name="(Unknown)" />
  <sms protocol="0" address="0977655973" date="1444389739601" type="2" subject="null" body="Nhan 1 tin.. HET DE" toa="null" sc_toa="null" service_center="null" read="1" status="0" locked="0" date_sent="0" readable_date="09-10-2015 18:22:19" contact_name="A Su Cong Tinh Uy" />
  <sms protocol="0" address="+841677281854" date="1444389764851" type="1" subject="null" body="Nhan 8 tin.so tin cuoi:8." toa="null" sc_toa="null" service_center="null" read="1" status="-1" locked="0" date_sent="0" readable_date="09-10-2015 18:22:44" contact_name="(Unknown)" />
  <sms protocol="0" address="+841677281854" date="1444389853768" type="1" subject="null" body="chau gui cho co 8 tin" toa="null" sc_toa="null" service_center="null" read="1" status="-1" locked="0" date_sent="0" readable_date="09-10-2015 18:24:13" contact_name="(Unknown)" />
  <sms protocol="0" address="0983650782" date="1444390038103" type="2" subject="null" body="Ngay:09/10/2015&#13;&#10;em chuyen cho anh&#13;&#10;Lo:443,0=9613,1n&#13;&#10;3Cang:1900,0=1254,0n&#13;&#10;Xien:296,0=1776,0n&#13;&#10;Thuong lo:135,0=10800,0n&#13;&#10;Thuong xien:500,0n&#13;&#10;em bu cho anh:1343,1n&#13;&#10;" toa="null" sc_toa="null" service_center="null" read="1" status="0" locked="0" date_sent="0" readable_date="09-10-2015 18:27:18" contact_name="A T 782 Lv" />
  <sms protocol="0" address="01677281854" date="1444390042598" type="2" subject="null" body="Ngay:09/10/2015&#13;&#10;chau chuyen cho co&#13;&#10;De:10430,0=7509,6n&#13;&#10;Lo:30,0=654,0n&#13;&#10;chau bu cho co:8163,6n&#13;&#10;" toa="null" sc_toa="null" service_center="null" read="1" status="32" locked="0" date_sent="0" readable_date="09-10-2015 18:27:22" contact_name="(Unknown)" />
  <sms protocol="0" address="0983099345" date="1444390047104" type="2" subject="null" body="Ngay:09/10/2015&#13;&#10;Ban chuyen cho toi&#13;&#10;De:500,0=365,0n&#13;&#10;Lo:100,0=2180,0n&#13;&#10;Ban bu cho toi:2545,0n&#13;&#10;" toa="null" sc_toa="null" service_center="null" read="1" status="0" locked="0" date_sent="0" readable_date="09-10-2015 18:27:27" contact_name="Viet Bo" />
  <sms protocol="0" address="01697208594" date="1444390051607" type="2" subject="null" body="Ngay:09/10/2015&#13;&#10;chi chuyen cho EM&#13;&#10;Xien:21,0=142,8n&#13;&#10;Th xien:500,0n&#13;&#10;EM bu cho chi:357,2n&#13;&#10;" toa="null" sc_toa="null" service_center="null" read="1" status="0" locked="0" date_sent="0" readable_date="09-10-2015 18:27:31" contact_name="(Unknown)" />
  <sms protocol="0" address="0979399373" date="1444390056099" type="2" subject="null" body="Ngay:09/10/2015&#13;&#10;Anh chuyen cho EM&#13;&#10;De:200,0=150,0n&#13;&#10;Lo:15,0=330,0n&#13;&#10;Th lo:5,0=400,0n&#13;&#10;Anh bu cho EM:80,0n&#13;&#10;" toa="null" sc_toa="null" service_center="null" read="1" status="0" locked="0" date_sent="0" readable_date="09-10-2015 18:27:36" contact_name="A Tung Thuy?" />
  <sms protocol="0" address="0977655973" date="1444390059108" type="2" subject="null" body="Ngay:09/10/2015&#13;&#10;BAC chuyen cho EM&#13;&#10;De:300,0=240,0n&#13;&#10;Lo:20,0=450,0n&#13;&#10;BAC bu cho EM:690,0n&#13;&#10;" toa="null" sc_toa="null" service_center="null" read="1" status="0" locked="0" date_sent="0" readable_date="09-10-2015 18:27:39" contact_name="A Su Cong Tinh Uy" />
  <sms protocol="0" address="0964386982" date="1444390065104" type="2" subject="null" body="Ngay:09/10/2015&#13;&#10;em chuyen cho anh&#13;&#10;De:9190,0=6570,8n&#13;&#10;em bu cho anh:6570,8n&#13;&#10;" toa="null" sc_toa="null" service_center="null" read="1" status="0" locked="0" date_sent="0" readable_date="09-10-2015 18:27:45" contact_name="A Duc" />
  <sms protocol="0" address="01685897838" date="1444390071099" type="2" subject="null" body="Ngay:09/10/2015&#13;&#10;chi chuyen cho EM&#13;&#10;De:17620,0=12686,4n&#13;&#10;Lo:20,0=434,0n&#13;&#10;3Cang:1900,0=1349,0n&#13;&#10;Xien:275,0=1842,5n&#13;&#10;chi bu cho EM:16311,9n&#13;&#10;" toa="null" sc_toa="null" service_center="null" read="1" status="0" locked="0" date_sent="0" readable_date="09-10-2015 18:27:51" contact_name="Chi H. v. b" />
  <sms protocol="0" address="0989573888" date="1444390075596" type="2" subject="null" body="Ngay:09/10/2015&#13;&#10;BAC chuyen cho EM&#13;&#10;De:400,0=300,0n&#13;&#10;BAC bu cho EM:300,0n&#13;&#10;" toa="null" sc_toa="null" service_center="null" read="1" status="0" locked="0" date_sent="0" readable_date="09-10-2015 18:27:55" contact_name="A Hoang Meo" />
  <sms protocol="0" address="01632029067" date="1444390080099" type="2" subject="null" body="Ngay:09/10/2015&#13;&#10;Chị chuyen cho EM&#13;&#10;De:500,0=360,0n&#13;&#10;Lo:200,0=4350,0n&#13;&#10;Th lo:100,0=8000,0n&#13;&#10;EM bu cho Chị:3290,0n&#13;&#10;" toa="null" sc_toa="null" service_center="null" read="1" status="0" locked="0" date_sent="0" readable_date="09-10-2015 18:28:00" contact_name="(Unknown)" />
  <sms protocol="0" address="01628909893" date="1444390084601" type="2" subject="null" body="Ngay:09/10/2015&#13;&#10;anh chuyen cho EM&#13;&#10;De:100,0=80,0n&#13;&#10;Lo:60,0=1350,0n&#13;&#10;Th lo:30,0=2400,0n&#13;&#10;EM bu cho anh:970,0n&#13;&#10;" toa="null" sc_toa="null" service_center="null" read="1" status="32" locked="0" date_sent="0" readable_date="09-10-2015 18:28:04" contact_name="A M" />
  <sms protocol="0" address="0973836212" date="1444390090597" type="2" subject="null" body="Ngay:09/10/2015&#13;&#10;may chuyen cho tao&#13;&#10;Lo:58,0=1270,2n&#13;&#10;may bu cho tao:1270,2n&#13;&#10;" toa="null" sc_toa="null" service_center="null" read="1" status="32" locked="0" date_sent="0" readable_date="09-10-2015 18:28:10" contact_name="Tien Em" />
  <sms protocol="0" address="+84964386982" date="1444390142388" type="1" subject="null" body="Ngay:09/10/2015&#10;bac chuyen cho em&#10;De:9190,0=6570,8n&#10;bac bu cho em:6570,8n&#10;" toa="null" sc_toa="null" service_center="null" read="1" status="-1" locked="0" date_sent="0" readable_date="09-10-2015 18:29:02" contact_name="A Duc" />
  <sms protocol="0" address="+84983099345" date="1444390169168" type="2" subject="null" body="Ngay:09/10/2015&#13;&#10;chi chuyen cho EM&#13;&#10;De:17620,0=12686,4n&#13;&#10;Lo:20,0=434,0n&#13;&#10;3Cang:1900,0=1349,0n&#13;&#10;Xien:275,0=1842,5n&#13;&#10;chi bu cho EM:16311,9n&#13;&#10;T bu c 16228" toa="null" sc_toa="null" service_center="null" read="1" status="0" locked="0" date_sent="0" readable_date="09-10-2015 18:29:29" contact_name="Viet Bo" />
  <sms protocol="0" address="+841677281854" date="1444390225595" type="1" subject="null" body="Ngay:09/10/2015&#10;chau chuyen cho co&#10;De:10430,0=7509,6n&#10;Lo:30,0=654,0n&#10;chau bu cho co:8163,6n&#10;" toa="null" sc_toa="null" service_center="null" read="0" status="-1" locked="0" date_sent="0" readable_date="09-10-2015 18:30:25" contact_name="(Unknown)" />
  <sms protocol="0" address="01632029067" date="1444390247646" type="2" subject="null" body="Tinh den het ngay:08/10/15 EM bu 23703n&#13;&#10;Ngay:09/10/15 Chị-23703n +357n +3290n &#13;&#10;Tong cong: EM bu 3647" toa="null" sc_toa="null" service_center="null" read="1" status="32" locked="0" date_sent="0" readable_date="09-10-2015 18:30:47" contact_name="(Unknown)" />
  <sms protocol="0" address="0973836212" date="1444390259387" type="2" subject="null" body="Tinh den het ngay:08/10/15 tao thu 10519n&#13;&#10;Ngay:09/10/15 may-1270n &#13;&#10;Tong cong: tao thu 11789" toa="null" sc_toa="null" service_center="null" read="1" status="0" locked="0" date_sent="0" readable_date="09-10-2015 18:30:59" contact_name="Tien Em" />
  <sms protocol="0" address="0979399373" date="1444390267390" type="2" subject="null" body="Tinh den het ngay:08/10/15 EM thu 829n&#13;&#10;Ngay:09/10/15 Anh-80n &#13;&#10;Tong cong: EM thu 909" toa="null" sc_toa="null" service_center="null" read="1" status="32" locked="0" date_sent="0" readable_date="09-10-2015 18:31:07" contact_name="A Tung Thuy?" />
  <sms protocol="0" address="0983099345" date="1444390271745" type="2" subject="null" body="Tinh den het ngay:08/10/15 toi bu 67095n&#13;&#10;Ngay:09/10/15 Ban-26500n -51690n -2545n -16218n &#13;&#10;Tong cong: toi thu 29858" toa="null" sc_toa="null" service_center="null" read="1" status="0" locked="0" date_sent="0" readable_date="09-10-2015 18:31:11" contact_name="Viet Bo" />
  <sms protocol="0" address="+84983650782" date="1444390383591" type="1" subject="null" body="Ngay:09/10/2015&#10;Em chuyen cho Anh&#10;Lo:443,0=9613,1n&#10;3Cang:1900,0=1254,0n&#10;Xien:296,0=1776,0n&#10;Th lo:135,0=10800,0n&#10;Th xien:500,0n&#10;Em bu cho Anh:1343,1n&#10;" toa="null" sc_toa="null" service_center="null" read="0" status="-1" locked="0" date_sent="0" readable_date="09-10-2015 18:33:03" contact_name="A T 782 Lv" />
  <sms protocol="0" address="VIETTEL" date="1444391381695" type="1" subject="null" body="[TB] Viettel cam on Quy khach da tham gia chuong trinh KM VT100 va tran trong thong bao chuong trinh duoc tam ngung tu ngay 10/10. Hen gap Quy khach hang trong cac chuong trinh khuyen mai khac. De biet duoc cac CTKM khac vui long LH 198 (200d/p). Tran trong." toa="null" sc_toa="null" service_center="null" read="0" status="-1" locked="0" date_sent="0" readable_date="09-10-2015 18:49:41" contact_name="(Unknown)" />
</smses>