<?xml version='1.0' encoding='UTF-8' standalone='yes' ?>
<!--File Created By SMS Backup & Restore Pro v7.21 on 11/10/2015 19:03:16-->
<?xml-stylesheet type="text/xsl" href="sms.xsl"?>
<smses count="80">
  <sms protocol="0" address="+84963069523" date="1444531639143" type="1" subject="null" body="Ngay:10/10/2015&#10;chau chuyen cho mo &#10;De: 20050,0= 14782,0n th de 4200&#10;chau bu cho mo : 10436,0+ 36.089= 46.525,0 tr&#10;Lay tin này mơ nhé " toa="null" sc_toa="null" service_center="+84980200605" read="1" status="-1" locked="0" date_sent="1444531754000" readable_date="11-10-2015 09:47:19" contact_name="Chi" />
  <sms protocol="0" address="+84963069523" date="1444531682954" type="2" subject="null" body="Ok" toa="null" sc_toa="null" service_center="null" read="1" status="-1" locked="0" date_sent="0" readable_date="11-10-2015 09:48:02" contact_name="Chi" />
  <sms protocol="0" address="+841662883398" date="1444559295194" type="1" subject="null" body="Đầu đít 2 x1tr, 797,747, 292 x 500, 242 x 2tr" toa="null" sc_toa="null" service_center="+84980200605" read="1" status="-1" locked="0" date_sent="1444559412000" readable_date="11-10-2015 17:28:15" contact_name="Chi Hoa" />
  <sms protocol="0" address="+841662883398" date="1444559307923" type="2" subject="null" body="Ok" toa="null" sc_toa="null" service_center="null" read="1" status="-1" locked="0" date_sent="0" readable_date="11-10-2015 17:28:27" contact_name="Chi Hoa" />
  <sms protocol="0" address="0948723319" date="1444559316696" type="2" subject="null" body="Đầu đít 2 x1tr, 797,747, 292 x 500, 242 x 2tr" toa="null" sc_toa="null" service_center="null" read="1" status="-1" locked="0" date_sent="0" readable_date="11-10-2015 17:28:36" contact_name="Tuyet2" />
  <sms protocol="0" address="+84948723319" date="1444559334508" type="1" subject="null" body="Ok" toa="null" sc_toa="null" service_center="+8491020005" read="1" status="-1" locked="0" date_sent="1444559418000" readable_date="11-10-2015 17:28:54" contact_name="Tuyet2" />
  <sms protocol="0" address="+841662883398" date="1444559342424" type="1" subject="null" body="Lô xiên: 17,23,59 x 1tr" toa="null" sc_toa="null" service_center="+84980200605" read="1" status="-1" locked="0" date_sent="1444559458000" readable_date="11-10-2015 17:29:02" contact_name="Chi Hoa" />
  <sms protocol="0" address="+841662883398" date="1444559815405" type="2" subject="null" body="Ok" toa="null" sc_toa="null" service_center="null" read="1" status="-1" locked="0" date_sent="0" readable_date="11-10-2015 17:36:55" contact_name="Chi Hoa" />
  <sms protocol="0" address="0948723319" date="1444559822904" type="2" subject="null" body="Lô xiên: 17,23,59 x 1tr" toa="null" sc_toa="null" service_center="null" read="1" status="-1" locked="0" date_sent="0" readable_date="11-10-2015 17:37:02" contact_name="Tuyet2" />
  <sms protocol="0" address="+84948723319" date="1444559840947" type="1" subject="null" body="Ok" toa="null" sc_toa="null" service_center="+8491020005" read="1" status="-1" locked="0" date_sent="1444559924000" readable_date="11-10-2015 17:37:20" contact_name="Tuyet2" />
  <sms protocol="0" address="+841662883398" date="1444560476302" type="1" subject="null" body="Lô xiên : 17,75,59 x 1tr" toa="null" sc_toa="null" service_center="+84980200605" read="1" status="-1" locked="0" date_sent="1444560593000" readable_date="11-10-2015 17:47:56" contact_name="Chi Hoa" />
  <sms protocol="0" address="+841662883398" date="1444560492754" type="2" subject="null" body="Ok" toa="null" sc_toa="null" service_center="null" read="1" status="-1" locked="0" date_sent="0" readable_date="11-10-2015 17:48:12" contact_name="Chi Hoa" />
  <sms protocol="65" address="+84963069523" date="1444560531322" type="1" subject="null" body="T1 de 020 232 373 282 646 676 606 66 636 161 33 x 30n.464x50n. He 3 7 .1 1x40n. Lo 464 151 535 282 99x 10n" toa="null" sc_toa="null" service_center="+84980200605" read="1" status="-1" locked="0" date_sent="1444560648000" readable_date="11-10-2015 17:48:51" contact_name="Chi" />
  <sms protocol="0" address="+84963069523" date="1444560542506" type="2" subject="null" body="Ok" toa="null" sc_toa="null" service_center="null" read="1" status="-1" locked="0" date_sent="0" readable_date="11-10-2015 17:49:02" contact_name="Chi" />
  <sms protocol="0" address="0948723319" date="1444560554158" type="2" subject="null" body="T1 de 020 232 373 282 646 676 606 66 636 161 33 x 30n.464x50n. He 3 7 .1 1x40n. Lo 464 151 535 282 99x 10n" toa="null" sc_toa="null" service_center="null" read="1" status="-1" locked="0" date_sent="0" readable_date="11-10-2015 17:49:14" contact_name="Tuyet2" />
  <sms protocol="0" address="+84948723319" date="1444560670132" type="1" subject="null" body="Ok" toa="null" sc_toa="null" service_center="+8491020005" read="1" status="-1" locked="0" date_sent="1444560753000" readable_date="11-10-2015 17:51:10" contact_name="Tuyet2" />
  <sms protocol="0" address="+841662883398" date="1444560700343" type="1" subject="null" body="Lô 171 x 1,000₫" toa="null" sc_toa="null" service_center="+84980200605" read="1" status="-1" locked="0" date_sent="1444560817000" readable_date="11-10-2015 17:51:40" contact_name="Chi Hoa" />
  <sms protocol="0" address="+841662883398" date="1444560714174" type="2" subject="null" body="Ok" toa="null" sc_toa="null" service_center="null" read="1" status="-1" locked="0" date_sent="0" readable_date="11-10-2015 17:51:54" contact_name="Chi Hoa" />
  <sms protocol="0" address="0948723319" date="1444560723409" type="2" subject="null" body="Lô 171 x 1,000₫" toa="null" sc_toa="null" service_center="null" read="1" status="-1" locked="0" date_sent="0" readable_date="11-10-2015 17:52:03" contact_name="Tuyet2" />
  <sms protocol="0" address="+84948723319" date="1444560754101" type="1" subject="null" body="Ok" toa="null" sc_toa="null" service_center="+8491020005" read="1" status="-1" locked="0" date_sent="1444560838000" readable_date="11-10-2015 17:52:34" contact_name="Tuyet2" />
  <sms protocol="0" address="+841685410901" date="1444560841194" type="1" subject="null" body="đề co 2,6,7(51so)x 30k.&#10;đề dàn từ 1-8 của tổng lẻ(33so)x 35. đề dàn từ 1-8 của tổng chẵn(31so)x 50.&#10;&#10;lô 575x 10d. đề 575x 30n." toa="null" sc_toa="null" service_center="+84980200605" read="1" status="-1" locked="0" date_sent="1444560956000" readable_date="11-10-2015 17:54:01" contact_name="Giang" />
  <sms protocol="0" address="+841685410901" date="1444560851042" type="2" subject="null" body="Ok" toa="null" sc_toa="null" service_center="null" read="1" status="-1" locked="0" date_sent="0" readable_date="11-10-2015 17:54:11" contact_name="Giang" />
  <sms protocol="0" address="0948723319" date="1444560866977" type="2" subject="null" body="đề co 2,6,7(51so)x 30k.&#10;đề dàn từ 1-8 của tổng lẻ(33so)x 35. đề dàn từ 1-8 của tổng chẵn(31so)x 50.&#10;&#10;lô 575x 10d. đề 575x 30n." toa="null" sc_toa="null" service_center="null" read="1" status="-1" locked="0" date_sent="0" readable_date="11-10-2015 17:54:26" contact_name="Tuyet2" />
  <sms protocol="0" address="+841685410901" date="1444560933246" type="1" subject="null" body="Lo 898x30d 191x50d&#10;De 04 27x100n  88x40n  68x30n  77x150n   70 75x50n  27x100n  72x300n  dau7x80n&#10;Xi 77 12 58 96x100n&#10;77 12 58x300n " toa="null" sc_toa="null" service_center="+84980200613" read="1" status="-1" locked="0" date_sent="1444561049000" readable_date="11-10-2015 17:55:33" contact_name="Giang" />
  <sms protocol="0" address="+841685410901" date="1444560944063" type="2" subject="null" body="Ok" toa="null" sc_toa="null" service_center="null" read="1" status="-1" locked="0" date_sent="0" readable_date="11-10-2015 17:55:44" contact_name="Giang" />
  <sms protocol="0" address="+841685410901" date="1444560948222" type="1" subject="null" body="Cang 377x50n  624 424  791x10n" toa="null" sc_toa="null" service_center="+84980200613" read="1" status="-1" locked="0" date_sent="1444561064000" readable_date="11-10-2015 17:55:48" contact_name="Giang" />
  <sms protocol="0" address="+84948723319" date="1444560954555" type="1" subject="null" body="Ok" toa="null" sc_toa="null" service_center="+8491020005" read="1" status="-1" locked="0" date_sent="1444561038000" readable_date="11-10-2015 17:55:54" contact_name="Tuyet2" />
  <sms protocol="0" address="+841685410901" date="1444560960009" type="2" subject="null" body="Ok" toa="null" sc_toa="null" service_center="null" read="1" status="-1" locked="0" date_sent="0" readable_date="11-10-2015 17:56:00" contact_name="Giang" />
  <sms protocol="0" address="0948723319" date="1444560979769" type="2" subject="null" body="Lo 898x30d 191x50d&#10;De 04 27x100n  88x40n  68x30n  77x150n   70 75x50n  27x100n  72x300n  dau7x80n&#10;" toa="null" sc_toa="null" service_center="null" read="1" status="-1" locked="0" date_sent="0" readable_date="11-10-2015 17:56:19" contact_name="Tuyet2" />
  <sms protocol="0" address="+84948723319" date="1444561056012" type="1" subject="null" body="Ok" toa="null" sc_toa="null" service_center="+8491020005" read="1" status="-1" locked="0" date_sent="1444561140000" readable_date="11-10-2015 17:57:36" contact_name="Tuyet2" />
  <sms protocol="0" address="+841685410901" date="1444561307060" type="1" subject="null" body="Lô 98 x 400, 40 x 300" toa="null" sc_toa="null" service_center="+84980200605" read="1" status="-1" locked="0" date_sent="1444561423000" readable_date="11-10-2015 18:01:47" contact_name="Giang" />
  <sms protocol="0" address="+841685410901" date="1444561316952" type="2" subject="null" body="Ok" toa="null" sc_toa="null" service_center="null" read="1" status="-1" locked="0" date_sent="0" readable_date="11-10-2015 18:01:56" contact_name="Giang" />
  <sms protocol="0" address="0948723319" date="1444561326311" type="2" subject="null" body="Lô 98 x 400, 40 x 300" toa="null" sc_toa="null" service_center="null" read="1" status="-1" locked="0" date_sent="0" readable_date="11-10-2015 18:02:06" contact_name="Tuyet2" />
  <sms protocol="0" address="+84948723319" date="1444561364728" type="1" subject="null" body="Ok" toa="null" sc_toa="null" service_center="+8491020005" read="1" status="-1" locked="0" date_sent="1444561448000" readable_date="11-10-2015 18:02:44" contact_name="Tuyet2" />
  <sms protocol="0" address="+841685410901" date="1444561368168" type="1" subject="null" body="Co 2,7x600n" toa="null" sc_toa="null" service_center="+84980200613" read="1" status="-1" locked="0" date_sent="1444561484000" readable_date="11-10-2015 18:02:48" contact_name="Giang" />
  <sms protocol="0" address="+841685410901" date="1444561377600" type="2" subject="null" body="Ok" toa="null" sc_toa="null" service_center="null" read="1" status="-1" locked="0" date_sent="0" readable_date="11-10-2015 18:02:57" contact_name="Giang" />
  <sms protocol="0" address="0948723319" date="1444561395032" type="2" subject="null" body="Co 2,7x600n" toa="null" sc_toa="null" service_center="null" read="1" status="-1" locked="0" date_sent="0" readable_date="11-10-2015 18:03:15" contact_name="Tuyet2" />
  <sms protocol="0" address="+84948723319" date="1444561419666" type="1" subject="null" body="Ok" toa="null" sc_toa="null" service_center="+8491020005" read="1" status="-1" locked="0" date_sent="1444561503000" readable_date="11-10-2015 18:03:39" contact_name="Tuyet2" />
  <sms protocol="35" address="+841653535810" date="1444561461841" type="1" subject="null" body="LO 88.22.11.55X150D.LO 10.33.383.121.151.787.282.262.19.47.89.48.242.595.18.90.X100D.XIEN 88.87X1TR.22.88.X1TR.88.11X1TR.22.11X1TR.22.55X1TR.12.20.54X2TR.12.44.50X2TR.90.24.19X1TR.DE DAU 8X800N.DE 282.686X6TR.DE 383.X2TR.DE 181.363.161.131.262.323.565.767.66.99.44.11.33.88.22X600N.DE 121.353.373.484.959.171.151.141.505.202.X400N" toa="null" sc_toa="null" service_center="+84980200613" read="1" status="-1" locked="0" date_sent="1444561569000" readable_date="11-10-2015 18:04:21" contact_name="Cong2" />
  <sms protocol="0" address="+841653535810" date="1444561473167" type="2" subject="null" body="Ok" toa="null" sc_toa="null" service_center="null" read="1" status="-1" locked="0" date_sent="0" readable_date="11-10-2015 18:04:33" contact_name="Cong2" />
  <sms protocol="0" address="01678838814" date="1444561491649" type="2" subject="null" body="LO 88.22.11.55X150D.LO 10.33.383.121.151.787.282.262.19.47.89.48.242.595.18.90.X100D.XIEN 88.87X1TR.22.88.X1TR.88.11X1TR.22.11X1TR.22.55X1TR.12.20.54X2TR.12.44.50X2TR.90.24.19X1TR.DE DAU 8X800N.DE 282.686X6TR.DE 383.X2TR.DE 181.363.161.131.262.323.565.767.66.99.44.11.33.88.22X600N.DE 121.353.373.484.959.171.151.141.505.202.X400N" toa="null" sc_toa="null" service_center="null" read="1" status="-1" locked="0" date_sent="0" readable_date="11-10-2015 18:04:51" contact_name="Vo Anh Thai" />
  <sms protocol="0" address="+841678838814" date="1444561561888" type="1" subject="null" body="Ok1" toa="null" sc_toa="null" service_center="+84980200605" read="1" status="-1" locked="0" date_sent="1444561677000" readable_date="11-10-2015 18:06:01" contact_name="Vo Anh Thai" />
  <sms protocol="0" address="+84965753555" date="1444561639243" type="1" subject="null" body="Đe97 61 363 47 44 01 00x300 87 03 09 99 75 94 33 59 69 97x150" toa="null" sc_toa="null" service_center="+84980200613" read="1" status="-1" locked="0" date_sent="1444561755000" readable_date="11-10-2015 18:07:19" contact_name="An" />
  <sms protocol="0" address="+84965753555" date="1444561657729" type="2" subject="null" body="Ok" toa="null" sc_toa="null" service_center="null" read="1" status="-1" locked="0" date_sent="0" readable_date="11-10-2015 18:07:37" contact_name="An" />
  <sms protocol="0" address="+84971202383" date="1444561793089" type="1" subject="null" body="lo 21x3000&#10;00 48 12 x 1000&#10;43 x 2000&#10;21 26  x 2000" toa="null" sc_toa="null" service_center="+84980200605" read="1" status="-1" locked="0" date_sent="1444561909000" readable_date="11-10-2015 18:09:53" contact_name="Nam1" />
  <sms protocol="0" address="0948723319" date="1444561808023" type="2" subject="null" body="lo 21x3000&#10;00 48 12 x 1000&#10;43 x 2000&#10;21 26  x 2000" toa="null" sc_toa="null" service_center="null" read="1" status="-1" locked="0" date_sent="0" readable_date="11-10-2015 18:10:08" contact_name="Tuyet2" />
  <sms protocol="0" address="+84971202383" date="1444561811475" type="2" subject="null" body="Ok" toa="null" sc_toa="null" service_center="null" read="1" status="-1" locked="0" date_sent="0" readable_date="11-10-2015 18:10:11" contact_name="Nam1" />
  <sms protocol="0" address="+841685410901" date="1444561867529" type="1" subject="null" body="De 76 x 700, 67 x 400, 70 71 72 73 75 78 22 x 550, 74 x 1triêu, đâu 7 x 500, đit 7 x 200, 272 x 200" toa="null" sc_toa="null" service_center="+84980200613" read="1" status="-1" locked="0" date_sent="1444561979000" readable_date="11-10-2015 18:11:07" contact_name="Giang" />
  <sms protocol="0" address="+841685410901" date="1444561875476" type="2" subject="null" body="Ok" toa="null" sc_toa="null" service_center="null" read="1" status="-1" locked="0" date_sent="0" readable_date="11-10-2015 18:11:15" contact_name="Giang" />
  <sms protocol="0" address="+84948723319" date="1444561882190" type="1" subject="null" body="Ok" toa="null" sc_toa="null" service_center="+8491020005" read="1" status="-1" locked="0" date_sent="1444561967000" readable_date="11-10-2015 18:11:22" contact_name="Tuyet2" />
  <sms protocol="0" address="0948723319" date="1444561887651" type="2" subject="null" body="De 76 x 700, 67 x 400, 70 71 72 73 75 78 22 x 550, 74 x 1triêu, đâu 7 x 500, đit 7 x 200, 272 x 200" toa="null" sc_toa="null" service_center="null" read="1" status="-1" locked="0" date_sent="0" readable_date="11-10-2015 18:11:27" contact_name="Tuyet2" />
  <sms protocol="0" address="+84971202383" date="1444561910974" type="1" subject="null" body="lo 18 x 400&#10;14 45 54 67 02 x 100&#10;15 12 21 x 20 &#10;55 00 25 50 52 05 50 x 50 &#10;90 x 30" toa="null" sc_toa="null" service_center="+84980200605" read="1" status="-1" locked="0" date_sent="1444562020000" readable_date="11-10-2015 18:11:50" contact_name="Nam1" />
  <sms protocol="0" address="0948723319" date="1444561923222" type="2" subject="null" body="lo 18 x 400&#10;14 45 54 67 02 x 100&#10;15 12 21 x 20 &#10;55 00 25 50 52 05 50 x 50 &#10;90 x 30" toa="null" sc_toa="null" service_center="null" read="1" status="-1" locked="0" date_sent="0" readable_date="11-10-2015 18:12:03" contact_name="Tuyet2" />
  <sms protocol="0" address="+84971202383" date="1444561930248" type="2" subject="null" body="Ok" toa="null" sc_toa="null" service_center="null" read="1" status="-1" locked="0" date_sent="0" readable_date="11-10-2015 18:12:10" contact_name="Nam1" />
  <sms protocol="0" address="+84948723319" date="1444561992910" type="1" subject="null" body="Ok" toa="null" sc_toa="null" service_center="+8491020005" read="1" status="-1" locked="0" date_sent="1444562076000" readable_date="11-10-2015 18:13:12" contact_name="Tuyet2" />
  <sms protocol="0" address="+84948723319" date="1444561998964" type="2" subject="null" body="Lo 05x50d" toa="null" sc_toa="null" service_center="null" read="1" status="-1" locked="0" date_sent="0" readable_date="11-10-2015 18:13:18" contact_name="Tuyet2" />
  <sms protocol="0" address="+841685410901" date="1444562078873" type="1" subject="null" body="Lo 05x50d &#10;Xi 50 51 52x200n" toa="null" sc_toa="null" service_center="+84980200613" read="1" status="-1" locked="0" date_sent="1444562194000" readable_date="11-10-2015 18:14:38" contact_name="Giang" />
  <sms protocol="0" address="+841685410901" date="1444562089031" type="2" subject="null" body="Ok" toa="null" sc_toa="null" service_center="null" read="1" status="-1" locked="0" date_sent="0" readable_date="11-10-2015 18:14:49" contact_name="Giang" />
  <sms protocol="0" address="+84948723319" date="1444562108699" type="2" subject="null" body="De co 1.0x200n" toa="null" sc_toa="null" service_center="null" read="1" status="-1" locked="0" date_sent="0" readable_date="11-10-2015 18:15:08" contact_name="Tuyet2" />
  <sms protocol="0" address="+84948723319" date="1444562131681" type="1" subject="null" body="Ok" toa="null" sc_toa="null" service_center="+8491020005" read="1" status="-1" locked="0" date_sent="1444562215000" readable_date="11-10-2015 18:15:31" contact_name="Tuyet2" />
  <sms protocol="0" address="+84971202383" date="1444562164261" type="1" subject="null" body="de 00 151 171 26 x 1tr &#10;21 x 3tr 48 x 2tr &#10;12 10 27 75 12 20 75 00 53 121 x 100&#10;52 x 1t400&#10;06 32 45 05 55 56 x 200  45 232 62 10 x 300 &#10;39 x 500" toa="null" sc_toa="null" service_center="+84980200605" read="1" status="-1" locked="0" date_sent="1444562281000" readable_date="11-10-2015 18:16:04" contact_name="Nam1" />
  <sms protocol="0" address="0948723319" date="1444562182452" type="2" subject="null" body="de 00 151 171 26 x 1tr &#10;21 x 3tr 48 x 2tr &#10;12 10 27 75 12 20 75 00 53 121 x 100&#10;52 x 1t400&#10;06 32 45 05 55 56 x 200  45 232 62 10 x 300 &#10;39 x 500" toa="null" sc_toa="null" service_center="null" read="1" status="-1" locked="0" date_sent="0" readable_date="11-10-2015 18:16:22" contact_name="Tuyet2" />
  <sms protocol="0" address="+84971202383" date="1444562187163" type="2" subject="null" body="Ok" toa="null" sc_toa="null" service_center="null" read="1" status="-1" locked="0" date_sent="0" readable_date="11-10-2015 18:16:27" contact_name="Nam1" />
  <sms protocol="35" address="+841653535810" date="1444562195425" type="1" subject="null" body="DE TONG 4X1TR." toa="null" sc_toa="null" service_center="+84980200613" read="1" status="-1" locked="0" date_sent="1444562311000" readable_date="11-10-2015 18:16:35" contact_name="Cong2" />
  <sms protocol="0" address="+841653535810" date="1444562204819" type="2" subject="null" body="Ok" toa="null" sc_toa="null" service_center="null" read="1" status="-1" locked="0" date_sent="0" readable_date="11-10-2015 18:16:44" contact_name="Cong2" />
  <sms protocol="0" address="0948723319" date="1444562211326" type="2" subject="null" body="DE TONG 4X1TR." toa="null" sc_toa="null" service_center="null" read="1" status="-1" locked="0" date_sent="0" readable_date="11-10-2015 18:16:51" contact_name="Tuyet2" />
  <sms protocol="0" address="+84948723319" date="1444562297657" type="1" subject="null" body="Ok" toa="null" sc_toa="null" service_center="+8491020005" read="1" status="-1" locked="0" date_sent="1444562381000" readable_date="11-10-2015 18:18:17" contact_name="Tuyet2" />
  <sms protocol="0" address="+84948723319" date="1444562312809" type="1" subject="null" body="Ok" toa="null" sc_toa="null" service_center="+8491020005" read="1" status="-1" locked="0" date_sent="1444562396000" readable_date="11-10-2015 18:18:32" contact_name="Tuyet2" />
  <sms protocol="0" address="997" date="1444563136310" type="2" subject="null" body="Kqsxmb" toa="null" sc_toa="null" service_center="null" read="1" status="-1" locked="0" date_sent="0" readable_date="11-10-2015 18:32:16" contact_name="(Unknown)" />
  <sms protocol="0" address="997" date="1444563144526" type="1" subject="null" body="MB 11/10&#10;DB:18535&#10;1:17310&#10;2:33827-55762&#10;3:13813-39612-17020-39496-49502-31547&#10;4:7468-7232-8579-2513&#10;5:0905-1112-2343-6338-2365-5648&#10;6:836-602-441&#10;7:67-15-64-45" toa="null" sc_toa="null" service_center="+8491020446" read="1" status="-1" locked="0" date_sent="1444563227000" readable_date="11-10-2015 18:32:24" contact_name="(Unknown)" />
  <sms protocol="0" address="0948723319" date="1444563691118" type="2" subject="null" body="Ngay:11/10/2015&#13;&#10;chi  chuyen cho em&#13;&#10;De:103060,0=74203,2n&#13;&#10;Lo:16360,0=355012,0n&#13;&#10;Xien:100,0=620,0n&#13;&#10;Thuong de:50,0=3500,0n&#13;&#10;Thuong lo:5590,0=447200,0n&#13;&#10;em bu cho chi :20864,+1255=22.119-331.150=309.031&#10;" toa="null" sc_toa="null" service_center="null" read="1" status="0" locked="0" date_sent="0" readable_date="11-10-2015 18:41:31" contact_name="Tuyet2" />
  <sms protocol="0" address="0965753555" date="1444563724119" type="2" subject="null" body="Ngay:11/10/2015&#13;&#10;anh chuyen cho em&#13;&#10;De:3900,0=2925,0n&#13;&#10;anh bu cho em:2925,0n&#13;&#10;" toa="null" sc_toa="null" service_center="null" read="1" status="0" locked="0" date_sent="0" readable_date="11-10-2015 18:42:04" contact_name="An" />
  <sms protocol="0" address="0971202383" date="1444563742121" type="2" subject="null" body="Ngay:11/10/2015&#13;&#10;chau chuyen cho co &#13;&#10;De:16700,0=12074,1n&#13;&#10;Lo:13340,0=290812,0n&#13;&#10;Th lo:5510,0=440800,0n&#13;&#10;co  bu cho chau:137913,9n&#13;&#10;" toa="null" sc_toa="null" service_center="null" read="1" status="0" locked="0" date_sent="0" readable_date="11-10-2015 18:42:22" contact_name="Nam1" />
  <sms protocol="0" address="01685410901" date="1444563829121" type="2" subject="null" body="Ngay:11/10/2015&#13;&#10;chau chuyen cho co&#13;&#10;De:40980,0=29628,5n&#13;&#10;Lo:930,0=20274,0n&#13;&#10;3Cang:80,0=60,0n&#13;&#10;Xien:60,0=396,0n&#13;&#10;Th de:50,0=3500,0n&#13;&#10;Th lo:50,0=4000,0n&#13;&#10;chau bu cho co:42858,- nam 137913=95.055-no cu620.766=525.711&#10;" toa="null" sc_toa="null" service_center="null" read="1" status="0" locked="0" date_sent="0" readable_date="11-10-2015 18:43:49" contact_name="Giang" />
  <sms protocol="0" address="01678838814" date="1444563889137" type="2" subject="null" body="Ngay:11/10/2015&#13;&#10;em chuyen cho chi&#13;&#10;De:57800,0=41616,0n&#13;&#10;Lo:3000,0=65400,0n&#13;&#10;Xien:1000,0=6200,0n&#13;&#10;Thuong de:400,0=28000,0n&#13;&#10;Thuong lo:800,0=64000,0n&#13;&#10;em bu cho chi:21216,+71.911=93.127&#10;" toa="null" sc_toa="null" service_center="null" read="1" status="0" locked="0" date_sent="0" readable_date="11-10-2015 18:44:49" contact_name="Vo Anh Thai" />
  <sms protocol="0" address="+84963069523" date="1444563933626" type="1" subject="null" body="Ngay11/10/2015 chau chuyen cho mo de 1368000,0=99280,0 th de15trieu = 1050000,0.lo 9000,0 = 197100,0 th lo 7000,0 = 56000,0.mo bu chau 1313620,0 - 46525,0 = 1267095,0" toa="null" sc_toa="null" service_center="null" read="1" status="-1" locked="0" date_sent="0" readable_date="11-10-2015 18:45:33" contact_name="Chi" />
  <sms protocol="0" address="01662883398" date="1444563961121" type="2" subject="null" body="Ngay:11/10/2015&#13;&#10;chi chuyen cho em&#13;&#10;De:27000,0=19980,0n&#13;&#10;Lo:2000,0=44000,0n&#13;&#10;Xien:200,0=1480,0n&#13;&#10;chi bu cho em:65460,+251+493=316.953&#10;" toa="null" sc_toa="null" service_center="null" read="1" status="0" locked="0" date_sent="0" readable_date="11-10-2015 18:46:01" contact_name="Chi Hoa" />
  <sms protocol="0" address="0963069523" date="1444564153126" type="2" subject="null" body="Ngay:11/10/2015&#13;&#10;chau chuyen cho mo &#13;&#10;De:1180,0=861,4n&#13;&#10;Lo:90,0=1953,0n&#13;&#10;Th lo:30,0=2400,0n&#13;&#10;chau bu cho mo :414,+ 46.525=46.939&#10;" toa="null" sc_toa="null" service_center="null" read="1" status="0" locked="0" date_sent="0" readable_date="11-10-2015 18:49:13" contact_name="Chi" />
  <sms protocol="0" address="+84963069523" date="1444564498242" type="2" subject="null" body="T1 de 020 232 373 282 646 676 606 66 636 161 33 x 30n.464x50n. He 3 7 .1 1x40n. Lo 464 151 535 282 99x 10n hom nay chau chuyen cho mo 1tin nay thoi nhe.chau tinh nham roi day.tinh lai di" toa="null" sc_toa="null" service_center="null" read="1" status="-1" locked="0" date_sent="0" readable_date="11-10-2015 18:54:58" contact_name="Chi" />
  <sms protocol="0" address="+84963069523" date="1444564976989" type="2" subject="null" body="Ti goi lai cho mo" toa="null" sc_toa="null" service_center="null" read="1" status="-1" locked="0" date_sent="0" readable_date="11-10-2015 19:02:56" contact_name="Chi" />
</smses>