<?xml version='1.0' encoding='UTF-8' standalone='yes' ?>
<!--File Created By SMS Backup & Restore Pro v7.21 on 13/10/2015 04:30:48-->
<?xml-stylesheet type="text/xsl" href="sms.xsl"?>
<smses count="115">
  <sms protocol="0" address="+84979399373" date="1444640257546" type="1" subject="null" body="Lo: 19,89,87x5. Xiên 3: 31,93,03x80k" toa="null" sc_toa="null" service_center="null" read="1" status="-1" locked="0" date_sent="0" readable_date="12-10-2015 15:57:37" contact_name="A Tung Thuy?" />
  <sms protocol="0" address="+841685897838" date="1444642482376" type="1" subject="null" body=" Day con  2 x 25 n  he22  x 10 n 77 22 727 x 10 n  494  050  11 66 575 77  88 x10n 2k x 10 n lo 050 11  x 5 d xien 11 39 87 x 20 n xien4  69 35  22 75  x10n xien 48  39 11 x 10 n " toa="null" sc_toa="null" service_center="null" read="1" status="-1" locked="0" date_sent="0" readable_date="12-10-2015 16:34:42" contact_name="Chi H. v. b" />
  <sms protocol="0" address="+84979399373" date="1444642745105" type="1" subject="null" body="Lô 12.21 x 10" toa="null" sc_toa="null" service_center="null" read="1" status="-1" locked="0" date_sent="0" readable_date="12-10-2015 16:39:05" contact_name="A Tung Thuy?" />
  <sms protocol="0" address="01685897838" date="1444644355973" type="2" subject="null" body="Nhan 1 tin." toa="null" sc_toa="null" service_center="null" read="1" status="0" locked="0" date_sent="0" readable_date="12-10-2015 17:05:55" contact_name="Chi H. v. b" />
  <sms protocol="0" address="01685897838" date="1444644376972" type="2" subject="null" body="chi gui cho EM 1 tin" toa="null" sc_toa="null" service_center="null" read="1" status="32" locked="0" date_sent="0" readable_date="12-10-2015 17:06:16" contact_name="Chi H. v. b" />
  <sms protocol="0" address="0979399373" date="1444644378477" type="2" subject="null" body="Anh gui cho EM 2 tin" toa="null" sc_toa="null" service_center="null" read="1" status="0" locked="0" date_sent="0" readable_date="12-10-2015 17:06:18" contact_name="A Tung Thuy?" />
  <sms protocol="0" address="01677281854" date="1444646131970" type="2" subject="null" body="Tin 1: De:77x65n.22,27,72x55n.57,75x35n.02,07,12,17,20,21,23,24,25,26,28,29,32,37,42,47,52,62,67,70,71,73,74,76,78,79,82,87,92,97x25n.05,11,49,50,66,88,94x20n.00,16,33,38,44,55,61,83,99x10n." toa="null" sc_toa="null" service_center="null" read="1" status="0" locked="0" date_sent="0" readable_date="12-10-2015 17:35:31" contact_name="(Unknown)" />
  <sms protocol="0" address="0983650782" date="1444646151481" type="2" subject="null" body="Tin 1: lo:12,21x10d.05,11,19,50,87,89x5d..xi3:11,39,87*2d.xi3:11,39,48*1d.,xi4:22,35,69,75*1d.xi3:03,31,93*8d." toa="null" sc_toa="null" service_center="null" read="1" status="0" locked="0" date_sent="0" readable_date="12-10-2015 17:35:51" contact_name="A T 782 Lv" />
  <sms protocol="0" address="+841685897838" date="1444646657553" type="1" subject="null" body=".xjen 62.31x10d.83.53x30d.14.71x10d.68.69x10d." toa="null" sc_toa="null" service_center="null" read="1" status="-1" locked="0" date_sent="0" readable_date="12-10-2015 17:44:17" contact_name="Chi H. v. b" />
  <sms protocol="0" address="01685897838" date="1444646685475" type="2" subject="null" body="Nhan 2 tin." toa="null" sc_toa="null" service_center="null" read="1" status="0" locked="0" date_sent="0" readable_date="12-10-2015 17:44:45" contact_name="Chi H. v. b" />
  <sms protocol="0" address="+84968193922" date="1444646775162" type="1" subject="null" body="E nham xien c voi.X3.18.49.53.=20 ;X2.00.13.=50 ;X2.20.29.=20." toa="null" sc_toa="null" service_center="null" read="1" status="-1" locked="0" date_sent="0" readable_date="12-10-2015 17:46:15" contact_name="(Unknown)" />
  <sms protocol="0" address="+841685897838" date="1444646782313" type="1" subject="null" body="He 21.05.94x200.252.22.050.00x300" toa="null" sc_toa="null" service_center="null" read="1" status="-1" locked="0" date_sent="0" readable_date="12-10-2015 17:46:22" contact_name="Chi H. v. b" />
  <sms protocol="0" address="01685897838" date="1444646800982" type="2" subject="null" body="Nhan 3 tin." toa="null" sc_toa="null" service_center="null" read="1" status="0" locked="0" date_sent="0" readable_date="12-10-2015 17:46:40" contact_name="Chi H. v. b" />
  <sms protocol="0" address="0968193922" date="1444646802474" type="2" subject="null" body="Nhan 1 tin." toa="null" sc_toa="null" service_center="null" read="1" status="32" locked="0" date_sent="0" readable_date="12-10-2015 17:46:42" contact_name="(Unknown)" />
  <sms protocol="0" address="01685897838" date="1444646803977" type="2" subject="null" body="Nhan 3 tin." toa="null" sc_toa="null" service_center="null" read="1" status="0" locked="0" date_sent="0" readable_date="12-10-2015 17:46:43" contact_name="Chi H. v. b" />
  <sms protocol="0" address="0968193922" date="1444646805471" type="2" subject="null" body="Nhan 1 tin." toa="null" sc_toa="null" service_center="null" read="1" status="32" locked="0" date_sent="0" readable_date="12-10-2015 17:46:45" contact_name="(Unknown)" />
  <sms protocol="0" address="+84973836212" date="1444646819993" type="1" subject="null" body="T1 040 x 15đ." toa="null" sc_toa="null" service_center="null" read="1" status="-1" locked="0" date_sent="0" readable_date="12-10-2015 17:46:59" contact_name="Tien Em" />
  <sms protocol="0" address="0973836212" date="1444646827977" type="2" subject="null" body="Nhan 1 tin.so tin cuoi:1." toa="null" sc_toa="null" service_center="null" read="1" status="0" locked="0" date_sent="0" readable_date="12-10-2015 17:47:07" contact_name="Tien Em" />
  <sms protocol="0" address="+841628909893" date="1444646843050" type="1" subject="null" body="Ghi a lo 03,30 moi con 20diem. Lo 06,07 moi con 5diem" toa="null" sc_toa="null" service_center="null" read="1" status="-1" locked="0" date_sent="0" readable_date="12-10-2015 17:47:23" contact_name="A M" />
  <sms protocol="0" address="01628909893" date="1444646865470" type="2" subject="null" body="anh gui cho EM 1 tin" toa="null" sc_toa="null" service_center="null" read="1" status="0" locked="0" date_sent="0" readable_date="12-10-2015 17:47:45" contact_name="A M" />
  <sms protocol="0" address="0964386982" date="1444646889476" type="2" subject="null" body="Tin 1: De:00,05,50,22,25,52,12,17,21,26,44,49,55,62,67,71,76,94,99x200n." toa="null" sc_toa="null" service_center="null" read="1" status="0" locked="0" date_sent="0" readable_date="12-10-2015 17:48:09" contact_name="A Duc" />
  <sms protocol="0" address="01677281854" date="1444646911973" type="2" subject="null" body="Tin 2: De:00,05,50x300n.22,25,52x100n." toa="null" sc_toa="null" service_center="null" read="1" status="32" locked="0" date_sent="0" readable_date="12-10-2015 17:48:31" contact_name="(Unknown)" />
  <sms protocol="0" address="0983650782" date="1444646925470" type="2" subject="null" body="Tin 2: lo:03,30x20d.04,40x15d.06,07x5d..xi2:53,83*30d.xi3:18,49,53*2d.,xi2:20,29*2d.xi2:00,13*5d.xi2:14,71*10d.,xi2:31,62*10d.,xi2:68,69*10d." toa="null" sc_toa="null" service_center="null" read="1" status="0" locked="0" date_sent="0" readable_date="12-10-2015 17:48:45" contact_name="A T 782 Lv" />
  <sms protocol="0" address="+84964386982" date="1444646927592" type="1" subject="null" body="bac gui cho em 1 tin" toa="null" sc_toa="null" service_center="null" read="1" status="-1" locked="0" date_sent="0" readable_date="12-10-2015 17:48:47" contact_name="A Duc" />
  <sms protocol="0" address="+84973836212" date="1444647011268" type="1" subject="null" body="T2 18.74.59.87 x 20đ" toa="null" sc_toa="null" service_center="null" read="1" status="-1" locked="0" date_sent="0" readable_date="12-10-2015 17:50:11" contact_name="Tien Em" />
  <sms protocol="0" address="0973836212" date="1444647019975" type="2" subject="null" body="Nhan 2 tin.so tin cuoi:2." toa="null" sc_toa="null" service_center="null" read="1" status="0" locked="0" date_sent="0" readable_date="12-10-2015 17:50:19" contact_name="Tien Em" />
  <sms protocol="0" address="0983650782" date="1444647055973" type="2" subject="null" body="Tin 3: lo:18,59,74,87x20d." toa="null" sc_toa="null" service_center="null" read="1" status="32" locked="0" date_sent="0" readable_date="12-10-2015 17:50:55" contact_name="A T 782 Lv" />
  <sms protocol="0" address="+841685897838" date="1444647141866" type="1" subject="null" body="Xjen 71.48x10d.73.71.33x10d.22.33.53x10d" toa="null" sc_toa="null" service_center="null" read="1" status="-1" locked="0" date_sent="0" readable_date="12-10-2015 17:52:21" contact_name="Chi H. v. b" />
  <sms protocol="0" address="01685897838" date="1444647154976" type="2" subject="null" body="Nhan 4 tin." toa="null" sc_toa="null" service_center="null" read="1" status="0" locked="0" date_sent="0" readable_date="12-10-2015 17:52:34" contact_name="Chi H. v. b" />
  <sms protocol="0" address="01685897838" date="1444647157970" type="2" subject="null" body="Nhan 4 tin." toa="null" sc_toa="null" service_center="null" read="1" status="0" locked="0" date_sent="0" readable_date="12-10-2015 17:52:37" contact_name="Chi H. v. b" />
  <sms protocol="0" address="+841685897838" date="1444647300625" type="1" subject="null" body="Ba cang.694.419.075.036.009.050.505.607.370.357.184.170.144.183.138.744.686.550.055.555.000.643.059.640.x100n." toa="null" sc_toa="null" service_center="null" read="1" status="-1" locked="0" date_sent="0" readable_date="12-10-2015 17:55:00" contact_name="Chi H. v. b" />
  <sms protocol="0" address="01685897838" date="1444647309471" type="2" subject="null" body="Nhan 5 tin." toa="null" sc_toa="null" service_center="null" read="1" status="32" locked="0" date_sent="0" readable_date="12-10-2015 17:55:09" contact_name="Chi H. v. b" />
  <sms protocol="0" address="01685897838" date="1444647310971" type="2" subject="null" body="Nhan 5 tin." toa="null" sc_toa="null" service_center="null" read="1" status="32" locked="0" date_sent="0" readable_date="12-10-2015 17:55:10" contact_name="Chi H. v. b" />
  <sms protocol="0" address="+84983099345" date="1444647318515" type="1" subject="null" body="Lô 34,43 x100đ" toa="null" sc_toa="null" service_center="null" read="1" status="-1" locked="0" date_sent="0" readable_date="12-10-2015 17:55:18" contact_name="Viet Bo" />
  <sms protocol="0" address="0983099345" date="1444647324471" type="2" subject="null" body="Nhan 1 tin." toa="null" sc_toa="null" service_center="null" read="1" status="0" locked="0" date_sent="0" readable_date="12-10-2015 17:55:24" contact_name="Viet Bo" />
  <sms protocol="0" address="0983099345" date="1444647325973" type="2" subject="null" body="Nhan 1 tin." toa="null" sc_toa="null" service_center="null" read="1" status="0" locked="0" date_sent="0" readable_date="12-10-2015 17:55:25" contact_name="Viet Bo" />
  <sms protocol="0" address="0983650782" date="1444647336482" type="2" subject="null" body="Tin 4: lo:34,43x100d..xi3:22,33,53*10d.,xi3:33,71,73*10d.,xi2:48,71*10d." toa="null" sc_toa="null" service_center="null" read="1" status="32" locked="0" date_sent="0" readable_date="12-10-2015 17:55:36" contact_name="A T 782 Lv" />
  <sms protocol="0" address="+841677281854" date="1444647340844" type="1" subject="null" body="Nhan 2 tin.so tin cuoi:2." toa="null" sc_toa="null" service_center="null" read="1" status="-1" locked="0" date_sent="0" readable_date="12-10-2015 17:55:40" contact_name="(Unknown)" />
  <sms protocol="0" address="0983650782" date="1444647351472" type="2" subject="null" body="Tin 5: Ba cang:000,009,036,050,055,059,075,138,144,170,183,184,357,370,419,505,550,555,607,640,643,686,694,744x100n." toa="null" sc_toa="null" service_center="null" read="1" status="0" locked="0" date_sent="0" readable_date="12-10-2015 17:55:51" contact_name="A T 782 Lv" />
  <sms protocol="0" address="+84983650782" date="1444647689747" type="1" subject="null" body="Em gui cho Anh 5 tin" toa="null" sc_toa="null" service_center="null" read="1" status="-1" locked="0" date_sent="0" readable_date="12-10-2015 18:01:29" contact_name="A T 782 Lv" />
  <sms protocol="0" address="+841685897838" date="1444647700021" type="1" subject="null" body="De 29x200n.2kep x50n.dau dit 0 x50n." toa="null" sc_toa="null" service_center="null" read="1" status="-1" locked="0" date_sent="0" readable_date="12-10-2015 18:01:40" contact_name="Chi H. v. b" />
  <sms protocol="0" address="01685897838" date="1444647706973" type="2" subject="null" body="Nhan 6 tin." toa="null" sc_toa="null" service_center="null" read="1" status="0" locked="0" date_sent="0" readable_date="12-10-2015 18:01:46" contact_name="Chi H. v. b" />
  <sms protocol="0" address="01677281854" date="1444647717476" type="2" subject="null" body="Tin 3: De:29x200n.00x150n.05,50x100n.01,02,03,04,06,07,08,09,10,11,16,20,22,27,30,33,38,40,44,49,55,60,61,66,70,72,77,80,83,88,90,94,99x50n." toa="null" sc_toa="null" service_center="null" read="1" status="0" locked="0" date_sent="0" readable_date="12-10-2015 18:01:57" contact_name="(Unknown)" />
  <sms protocol="0" address="+841677281854" date="1444647743556" type="1" subject="null" body="Nhan 3 tin.so tin cuoi:3." toa="null" sc_toa="null" service_center="null" read="1" status="-1" locked="0" date_sent="0" readable_date="12-10-2015 18:02:23" contact_name="(Unknown)" />
  <sms protocol="0" address="+841685897838" date="1444647802488" type="1" subject="null" body="De 181.060.363.393.797.434.424.585.575.474.484.959.171.151.040.080.737.282.262.787.292.191.141.454x100" toa="null" sc_toa="null" service_center="null" read="1" status="-1" locked="0" date_sent="0" readable_date="12-10-2015 18:03:22" contact_name="Chi H. v. b" />
  <sms protocol="0" address="01685897838" date="1444647811976" type="2" subject="null" body="Nhan 7 tin." toa="null" sc_toa="null" service_center="null" read="1" status="0" locked="0" date_sent="0" readable_date="12-10-2015 18:03:31" contact_name="Chi H. v. b" />
  <sms protocol="0" address="01677281854" date="1444647831477" type="2" subject="null" body="Tin 4: De:04,06,08,14,15,17,18,19,24,26,28,29,34,36,37,39,40,41,42,43,45,47,48,51,54,57,58,59,60,62,63,71,73,74,75,78,79,80,81,82,84,85,87,91,92,93,95,97x50n." toa="null" sc_toa="null" service_center="null" read="1" status="32" locked="0" date_sent="0" readable_date="12-10-2015 18:03:51" contact_name="(Unknown)" />
  <sms protocol="0" address="0964386982" date="1444647850985" type="2" subject="null" body="Tin 2: De:04,06,08,14,15,18,19,24,28,29,34,36,37,39,40,41,42,43,45,47,48,51,54,57,58,59,60,63,73,74,75,78,79,80,81,82,84,85,87,91,92,93,95,97x50n." toa="null" sc_toa="null" service_center="null" read="1" status="0" locked="0" date_sent="0" readable_date="12-10-2015 18:04:10" contact_name="A Duc" />
  <sms protocol="0" address="+841677281854" date="1444647861564" type="1" subject="null" body="Nhan 4 tin.so tin cuoi:4." toa="null" sc_toa="null" service_center="null" read="1" status="-1" locked="0" date_sent="0" readable_date="12-10-2015 18:04:21" contact_name="(Unknown)" />
  <sms protocol="0" address="+84977655973" date="1444647895261" type="1" subject="null" body="Lo 11 39x10d dau 7x 30n duoi 4x10n 14 15 74 49x50n 48 676 51 65x10n" toa="null" sc_toa="null" service_center="null" read="1" status="-1" locked="0" date_sent="0" readable_date="12-10-2015 18:04:55" contact_name="A Su Cong Tinh Uy" />
  <sms protocol="0" address="0977655973" date="1444647912475" type="2" subject="null" body="BAC gui cho EM 1 tin" toa="null" sc_toa="null" service_center="null" read="1" status="0" locked="0" date_sent="0" readable_date="12-10-2015 18:05:12" contact_name="A Su Cong Tinh Uy" />
  <sms protocol="0" address="+841685897838" date="1444647916946" type="1" subject="null" body="Day 34x30n" toa="null" sc_toa="null" service_center="null" read="1" status="-1" locked="0" date_sent="0" readable_date="12-10-2015 18:05:16" contact_name="Chi H. v. b" />
  <sms protocol="0" address="01685897838" date="1444647924477" type="2" subject="null" body="Nhan 8 tin." toa="null" sc_toa="null" service_center="null" read="1" status="0" locked="0" date_sent="0" readable_date="12-10-2015 18:05:24" contact_name="Chi H. v. b" />
  <sms protocol="0" address="01677281854" date="1444647939479" type="2" subject="null" body="Tin 5: De:74x90n.71x80n.14x60n.15,17,26,49,62x50n.34,48,76,84x40n.39,43,70,72,73,75,77,78,79,89,93,98x30n.04,24,44,51,54,64,65,67,94x10n." toa="null" sc_toa="null" service_center="null" read="1" status="0" locked="0" date_sent="0" readable_date="12-10-2015 18:05:39" contact_name="(Unknown)" />
  <sms protocol="0" address="0983650782" date="1444647952976" type="2" subject="null" body="Tin 6: lo:11,39x10d." toa="null" sc_toa="null" service_center="null" read="1" status="0" locked="0" date_sent="0" readable_date="12-10-2015 18:05:52" contact_name="A T 782 Lv" />
  <sms protocol="0" address="+841677281854" date="1444647962427" type="1" subject="null" body="Nhan 5 tin.so tin cuoi:5." toa="null" sc_toa="null" service_center="null" read="1" status="-1" locked="0" date_sent="0" readable_date="12-10-2015 18:06:02" contact_name="(Unknown)" />
  <sms protocol="0" address="+84983650782" date="1444648049551" type="1" subject="null" body="Em gui cho Anh 6 tin" toa="null" sc_toa="null" service_center="null" read="1" status="-1" locked="0" date_sent="0" readable_date="12-10-2015 18:07:29" contact_name="A T 782 Lv" />
  <sms protocol="0" address="+84964386982" date="1444648117795" type="1" subject="null" body="bac gui cho em 2 tin" toa="null" sc_toa="null" service_center="null" read="1" status="-1" locked="0" date_sent="0" readable_date="12-10-2015 18:08:37" contact_name="A Duc" />
  <sms protocol="0" address="+841685897838" date="1444648215522" type="1" subject="null" body="Xien.00.33.x10d.86.99.00.x10d.21.31.41x10d.33.70.44.x10d.16.42.72x10d.34.00.33.x10d.77.96.83.x10d83.09.17.x10d.05.33.00x10d49.94.79.x10d66.76.86.x10d.86.91.07.x10d91.48.76.x10d.94.33.31x10d21.31.41x10d55.33.86x10d.ba.cang.100.170.120.050.005.794.799.694.144.149.127.257.853.155.439.550.x100n" toa="null" sc_toa="null" service_center="null" read="1" status="-1" locked="0" date_sent="0" readable_date="12-10-2015 18:10:15" contact_name="Chi H. v. b" />
  <sms protocol="0" address="01685897838" date="1444648221471" type="2" subject="null" body="Nhan 9 tin." toa="null" sc_toa="null" service_center="null" read="1" status="0" locked="0" date_sent="0" readable_date="12-10-2015 18:10:21" contact_name="Chi H. v. b" />
  <sms protocol="0" address="0983650782" date="1444648231978" type="2" subject="null" body="Tin 7: xi3:21,31,41*20d.xi3:00,05,33*10d.,xi2:00,33*10d.,xi3:00,33,34*10d.,xi3:00,86,99*10d.,xi3:07,86,91*10d.,xi3:09,17,83*10d.,xi3:16,42,72*10d.,xi3:31,33,94*10d.,xi3:33,44,70*10d.,xi3:33,55,86*10d.,xi3:48,76,91*10d.,xi3:49,79,94*10d.,xi3:66,76,86*10d.,xi3:77,83,96*10d." toa="null" sc_toa="null" service_center="null" read="1" status="0" locked="0" date_sent="0" readable_date="12-10-2015 18:10:31" contact_name="A T 782 Lv" />
  <sms protocol="0" address="0983650782" date="1444648245473" type="2" subject="null" body="Tin 8: Ba cang:050,144,170,550,694,005,100,120,127,149,155,257,439,794,799,853x100n." toa="null" sc_toa="null" service_center="null" read="1" status="0" locked="0" date_sent="0" readable_date="12-10-2015 18:10:45" contact_name="A T 782 Lv" />
  <sms protocol="0" address="+841632029067" date="1444648268296" type="1" subject="null" body="Ho anh voi dau 0 nhan 120 nghin duoi 0 dau 4 duoi 4 nhan 60 nghin 04 40 77 44 55 88 11 66 72 82 89  nhan 60 nghin " toa="null" sc_toa="null" service_center="null" read="1" status="-1" locked="0" date_sent="0" readable_date="12-10-2015 18:11:08" contact_name="(Unknown)" />
  <sms protocol="0" address="+84983650782" date="1444648277839" type="1" subject="null" body="Em gui cho Anh 8 tin" toa="null" sc_toa="null" service_center="null" read="1" status="-1" locked="0" date_sent="0" readable_date="12-10-2015 18:11:17" contact_name="A T 782 Lv" />
  <sms protocol="0" address="01632029067" date="1444648278491" type="2" subject="null" body="Nhan 1 tin." toa="null" sc_toa="null" service_center="null" read="1" status="0" locked="0" date_sent="0" readable_date="12-10-2015 18:11:18" contact_name="(Unknown)" />
  <sms protocol="0" address="01677281854" date="1444648293478" type="2" subject="null" body="Tin 6: De:04x240n.00,40,44x180n.01,02,03,05,06,07,08,09x120n.10,11,14,20,24,30,34,41,42,43,45,46,47,48,49,50,54,55,60,64,66,70,72,74,77,80,82,84,88,89,90,94x60n." toa="null" sc_toa="null" service_center="null" read="1" status="0" locked="0" date_sent="0" readable_date="12-10-2015 18:11:33" contact_name="(Unknown)" />
  <sms protocol="0" address="+841685897838" date="1444648323920" type="1" subject="null" body="De.hai.kep.x300n.373.131.171.11.757.797.33.383.030.434.44.41.505.00.09.707.848.x1000n" toa="null" sc_toa="null" service_center="null" read="1" status="-1" locked="0" date_sent="0" readable_date="12-10-2015 18:12:03" contact_name="Chi H. v. b" />
  <sms protocol="0" address="01685897838" date="1444648332471" type="2" subject="null" body="Nhan 10 tin." toa="null" sc_toa="null" service_center="null" read="1" status="32" locked="0" date_sent="0" readable_date="12-10-2015 18:12:12" contact_name="Chi H. v. b" />
  <sms protocol="0" address="0964386982" date="1444648350476" type="2" subject="null" body="Tin 3: De:11,33,38,83,03,07,09,13,30,31,70,16,27,61,66,72,77,88x250n.34,37,41,43,48,57,73,75,79,84,97x200n.00,05,44,50,17,71,22,49,55,94,99x50n." toa="null" sc_toa="null" service_center="null" read="1" status="0" locked="0" date_sent="0" readable_date="12-10-2015 18:12:30" contact_name="A Duc" />
  <sms protocol="0" address="0964386982" date="1444648368477" type="2" subject="null" body="Tin 4: De:00,05,44,50,11,33,38,83,17,71,34,37,41,43,48,57,73,75,79,84,97,03,07,09,13,30,31,70,22,49,55,94,99,16,27,61,66,72,77,88x50n." toa="null" sc_toa="null" service_center="null" read="1" status="0" locked="0" date_sent="0" readable_date="12-10-2015 18:12:48" contact_name="A Duc" />
  <sms protocol="0" address="+84964386982" date="1444648370615" type="1" subject="null" body="bac gui cho em 3 tin" toa="null" sc_toa="null" service_center="null" read="1" status="-1" locked="0" date_sent="0" readable_date="12-10-2015 18:12:50" contact_name="A Duc" />
  <sms protocol="0" address="+841677281854" date="1444648379597" type="1" subject="null" body="Nhan 6 tin.so tin cuoi:6." toa="null" sc_toa="null" service_center="null" read="1" status="-1" locked="0" date_sent="0" readable_date="12-10-2015 18:12:59" contact_name="(Unknown)" />
  <sms protocol="0" address="01677281854" date="1444648387982" type="2" subject="null" body="Tin 7: De:00,05,44,50x1200n.11,33,38,83x1000n.17,71x900n.34,37,41,43,48,57,73,75,79,84,97x750n.03,07,09,13,30,31,70x700n.22,49,55,94,99x200n." toa="null" sc_toa="null" service_center="null" read="1" status="0" locked="0" date_sent="0" readable_date="12-10-2015 18:13:07" contact_name="(Unknown)" />
  <sms protocol="0" address="+84964386982" date="1444648405896" type="1" subject="null" body="bac gui cho em 4 tin" toa="null" sc_toa="null" service_center="null" read="1" status="-1" locked="0" date_sent="0" readable_date="12-10-2015 18:13:25" contact_name="A Duc" />
  <sms protocol="0" address="+841677281854" date="1444648421943" type="1" subject="null" body="Nhan 7 tin.so tin cuoi:7." toa="null" sc_toa="null" service_center="null" read="1" status="-1" locked="0" date_sent="0" readable_date="12-10-2015 18:13:41" contact_name="(Unknown)" />
  <sms protocol="0" address="0979399373" date="1444648504971" type="2" subject="null" body="Nhan 2 tin.. HET LO" toa="null" sc_toa="null" service_center="null" read="1" status="0" locked="0" date_sent="0" readable_date="12-10-2015 18:15:04" contact_name="A Tung Thuy?" />
  <sms protocol="0" address="01685897838" date="1444648506472" type="2" subject="null" body="Nhan 10 tin.. HET LO" toa="null" sc_toa="null" service_center="null" read="1" status="32" locked="0" date_sent="0" readable_date="12-10-2015 18:15:06" contact_name="Chi H. v. b" />
  <sms protocol="0" address="0968193922" date="1444648507974" type="2" subject="null" body="Nhan 1 tin.. HET LO" toa="null" sc_toa="null" service_center="null" read="1" status="0" locked="0" date_sent="0" readable_date="12-10-2015 18:15:07" contact_name="(Unknown)" />
  <sms protocol="0" address="0973836212" date="1444648509480" type="2" subject="null" body="Nhan 2 tin.so tin cuoi:2.. HET LO" toa="null" sc_toa="null" service_center="null" read="1" status="0" locked="0" date_sent="0" readable_date="12-10-2015 18:15:09" contact_name="Tien Em" />
  <sms protocol="0" address="01628909893" date="1444648510969" type="2" subject="null" body="Nhan 1 tin.. HET LO" toa="null" sc_toa="null" service_center="null" read="1" status="0" locked="0" date_sent="0" readable_date="12-10-2015 18:15:10" contact_name="A M" />
  <sms protocol="0" address="0983099345" date="1444648512475" type="2" subject="null" body="Nhan 1 tin.. HET LO" toa="null" sc_toa="null" service_center="null" read="1" status="0" locked="0" date_sent="0" readable_date="12-10-2015 18:15:12" contact_name="Viet Bo" />
  <sms protocol="0" address="0977655973" date="1444648513971" type="2" subject="null" body="Nhan 1 tin.. HET LO" toa="null" sc_toa="null" service_center="null" read="1" status="32" locked="0" date_sent="0" readable_date="12-10-2015 18:15:13" contact_name="A Su Cong Tinh Uy" />
  <sms protocol="0" address="01632029067" date="1444648515471" type="2" subject="null" body="Nhan 1 tin.. HET LO" toa="null" sc_toa="null" service_center="null" read="1" status="0" locked="0" date_sent="0" readable_date="12-10-2015 18:15:15" contact_name="(Unknown)" />
  <sms protocol="0" address="0979399373" date="1444648927974" type="2" subject="null" body="Nhan 2 tin.. HET DE" toa="null" sc_toa="null" service_center="null" read="1" status="32" locked="0" date_sent="0" readable_date="12-10-2015 18:22:07" contact_name="A Tung Thuy?" />
  <sms protocol="0" address="01685897838" date="1444648929472" type="2" subject="null" body="Nhan 10 tin.. HET DE" toa="null" sc_toa="null" service_center="null" read="1" status="32" locked="0" date_sent="0" readable_date="12-10-2015 18:22:09" contact_name="Chi H. v. b" />
  <sms protocol="0" address="0968193922" date="1444648930972" type="2" subject="null" body="Nhan 1 tin.. HET DE" toa="null" sc_toa="null" service_center="null" read="1" status="0" locked="0" date_sent="0" readable_date="12-10-2015 18:22:10" contact_name="(Unknown)" />
  <sms protocol="0" address="0973836212" date="1444648932474" type="2" subject="null" body="Nhan 2 tin.so tin cuoi:2.. HET DE" toa="null" sc_toa="null" service_center="null" read="1" status="32" locked="0" date_sent="0" readable_date="12-10-2015 18:22:12" contact_name="Tien Em" />
  <sms protocol="0" address="01628909893" date="1444648933977" type="2" subject="null" body="Nhan 1 tin.. HET DE" toa="null" sc_toa="null" service_center="null" read="1" status="0" locked="0" date_sent="0" readable_date="12-10-2015 18:22:13" contact_name="A M" />
  <sms protocol="0" address="0983099345" date="1444648935478" type="2" subject="null" body="Nhan 1 tin.. HET DE" toa="null" sc_toa="null" service_center="null" read="1" status="0" locked="0" date_sent="0" readable_date="12-10-2015 18:22:15" contact_name="Viet Bo" />
  <sms protocol="0" address="0977655973" date="1444648936973" type="2" subject="null" body="Nhan 1 tin.. HET DE" toa="null" sc_toa="null" service_center="null" read="1" status="32" locked="0" date_sent="0" readable_date="12-10-2015 18:22:16" contact_name="A Su Cong Tinh Uy" />
  <sms protocol="0" address="01632029067" date="1444648938471" type="2" subject="null" body="Nhan 1 tin.. HET DE" toa="null" sc_toa="null" service_center="null" read="1" status="0" locked="0" date_sent="0" readable_date="12-10-2015 18:22:18" contact_name="(Unknown)" />
  <sms protocol="0" address="+841677281854" date="1444649063108" type="1" subject="null" body="chau gui cho co 7 tin" toa="null" sc_toa="null" service_center="null" read="1" status="-1" locked="0" date_sent="0" readable_date="12-10-2015 18:24:23" contact_name="(Unknown)" />
  <sms protocol="0" address="0983650782" date="1444649245970" type="2" subject="null" body="Ngay:12/10/2015&#13;&#10;em chuyen cho anh&#13;&#10;Lo:430,0=9331,0n&#13;&#10;3Cang:4000,0=2640,0n&#13;&#10;Xien:271,0=1626,0n&#13;&#10;Thuong lo:195,0=15600,0n&#13;&#10;anh bu cho em:2003,0n&#13;&#10;" toa="null" sc_toa="null" service_center="null" read="1" status="32" locked="0" date_sent="0" readable_date="12-10-2015 18:27:25" contact_name="A T 782 Lv" />
  <sms protocol="0" address="01677281854" date="1444649250471" type="2" subject="null" body="Ngay:12/10/2015&#13;&#10;chau chuyen cho co&#13;&#10;De:36580,0=26337,6n&#13;&#10;Thuong de:855,0=59850,0n&#13;&#10;co bu cho chau:33512,4n&#13;&#10;" toa="null" sc_toa="null" service_center="null" read="1" status="0" locked="0" date_sent="0" readable_date="12-10-2015 18:27:30" contact_name="(Unknown)" />
  <sms protocol="0" address="0968193922" date="1444649253482" type="2" subject="null" body="Ngay:12/10/2015&#13;&#10;chị chuyen cho EM&#13;&#10;Xien:9,0=61,2n&#13;&#10;chị bu cho EM:61,2n&#13;&#10;" toa="null" sc_toa="null" service_center="null" read="1" status="0" locked="0" date_sent="0" readable_date="12-10-2015 18:27:33" contact_name="(Unknown)" />
  <sms protocol="0" address="0983099345" date="1444649257981" type="2" subject="null" body="Ngay:12/10/2015&#13;&#10;Ban chuyen cho toi&#13;&#10;Lo:200,0=4360,0n&#13;&#10;Th lo:100,0=8000,0n&#13;&#10;toi bu cho Ban:3640,0n&#13;&#10;" toa="null" sc_toa="null" service_center="null" read="1" status="0" locked="0" date_sent="0" readable_date="12-10-2015 18:27:37" contact_name="Viet Bo" />
  <sms protocol="0" address="0979399373" date="1444649262470" type="2" subject="null" body="Ngay:12/10/2015&#13;&#10;Anh chuyen cho EM&#13;&#10;Lo:35,0=770,0n&#13;&#10;Xien:8,0=60,0n&#13;&#10;Th lo:15,0=1200,0n&#13;&#10;EM bu cho Anh:370,0n&#13;&#10;" toa="null" sc_toa="null" service_center="null" read="1" status="32" locked="0" date_sent="0" readable_date="12-10-2015 18:27:42" contact_name="A Tung Thuy?" />
  <sms protocol="0" address="0977655973" date="1444649266970" type="2" subject="null" body="Ngay:12/10/2015&#13;&#10;BAC chuyen cho EM&#13;&#10;De:650,0=520,0n&#13;&#10;Lo:20,0=450,0n&#13;&#10;Th de:30,0=2100,0n&#13;&#10;EM bu cho BAC:1130,0n&#13;&#10;" toa="null" sc_toa="null" service_center="null" read="1" status="0" locked="0" date_sent="0" readable_date="12-10-2015 18:27:46" contact_name="A Su Cong Tinh Uy" />
  <sms protocol="0" address="0964386982" date="1444649277476" type="2" subject="null" body="Ngay:12/10/2015&#13;&#10;em chuyen cho anh&#13;&#10;De:15250,0=10903,8n&#13;&#10;Thuong de:300,0=21000,0n&#13;&#10;anh bu cho em:10096,2n&#13;&#10;" toa="null" sc_toa="null" service_center="null" read="1" status="0" locked="0" date_sent="0" readable_date="12-10-2015 18:27:57" contact_name="A Duc" />
  <sms protocol="0" address="01685897838" date="1444649286472" type="2" subject="null" body="Ngay:12/10/2015&#13;&#10;chi chuyen cho EM&#13;&#10;De:47520,0=34214,4n&#13;&#10;Lo:15,0=325,5n&#13;&#10;3Cang:4000,0=2760,0n&#13;&#10;Xien:254,0=1651,0n&#13;&#10;Th de:1125,0=78750,0n&#13;&#10;Th lo:5,0=400,0n&#13;&#10;EM bu cho chi:40199,1n&#13;&#10;" toa="null" sc_toa="null" service_center="null" read="1" status="0" locked="0" date_sent="0" readable_date="12-10-2015 18:28:06" contact_name="Chi H. v. b" />
  <sms protocol="0" address="01632029067" date="1444649293973" type="2" subject="null" body="Ngay:12/10/2015&#13;&#10;Chị chuyen cho EM&#13;&#10;De:3660,0=2635,2n&#13;&#10;Chị bu cho EM:2635,2n&#13;&#10;" toa="null" sc_toa="null" service_center="null" read="1" status="0" locked="0" date_sent="0" readable_date="12-10-2015 18:28:13" contact_name="(Unknown)" />
  <sms protocol="0" address="01628909893" date="1444649302975" type="2" subject="null" body="Ngay:12/10/2015&#13;&#10;anh chuyen cho EM&#13;&#10;Lo:50,0=1125,0n&#13;&#10;anh bu cho EM:1125,0n&#13;&#10;" toa="null" sc_toa="null" service_center="null" read="1" status="0" locked="0" date_sent="0" readable_date="12-10-2015 18:28:22" contact_name="A M" />
  <sms protocol="0" address="0973836212" date="1444649308971" type="2" subject="null" body="Ngay:12/10/2015&#13;&#10;may chuyen cho tao&#13;&#10;Lo:110,0=2409,0n&#13;&#10;Th lo:75,0=6000,0n&#13;&#10;tao bu cho may:3591,0n&#13;&#10;" toa="null" sc_toa="null" service_center="null" read="1" status="0" locked="0" date_sent="0" readable_date="12-10-2015 18:28:28" contact_name="Tien Em" />
  <sms protocol="0" address="+84983650782" date="1444649320624" type="1" subject="null" body="Ngay:12/10/2015&#10;Em chuyen cho Anh&#10;Lo:430,0=9331,0n&#10;3Cang:4000,0=2640,0n&#10;Xien:271,0=1626,0n&#10;Th lo:195,0=15600,0n&#10;Anh bu cho Em:2003,0n&#10;" toa="null" sc_toa="null" service_center="null" read="1" status="-1" locked="0" date_sent="0" readable_date="12-10-2015 18:28:40" contact_name="A T 782 Lv" />
  <sms protocol="0" address="01685897838" date="1444649397472" type="2" subject="null" body="Ngay:12/10/2015&#13;&#10;chi chuyen cho EM&#13;&#10;De:47520,0=34214,4n&#13;&#10;Lo:15,0=325,5n&#13;&#10;3Cang:4000,0=2840,0n&#13;&#10;Xien:254,0=1752,6n&#13;&#10;Th de:1125,0=78750,0n&#13;&#10;Th lo:5,0=400,0n&#13;&#10;EM bu cho chi:40017,5n&#13;&#10;" toa="null" sc_toa="null" service_center="null" read="1" status="0" locked="0" date_sent="0" readable_date="12-10-2015 18:29:57" contact_name="Chi H. v. b" />
  <sms protocol="0" address="+841677281854" date="1444649499284" type="1" subject="null" body="Ngay:12/10/2015&#10;chau chuyen cho co&#10;De:36580,0=26337,6n&#10;Th de:855,0=59850,0n&#10;co bu cho chau:33512,4n&#10;" toa="null" sc_toa="null" service_center="null" read="1" status="-1" locked="0" date_sent="0" readable_date="12-10-2015 18:31:39" contact_name="(Unknown)" />
  <sms protocol="0" address="+84983099345" date="1444649708613" type="2" subject="null" body="Ngay:12/10/2015&#13;&#10;chi chuyen cho EM&#13;&#10;De:47520,0=34214,4n&#13;&#10;Lo:15,0=325,5n&#13;&#10;3Cang:4000,0=2840,0n&#13;&#10;Xien:254,0=1752,6n&#13;&#10;Th de:1125,0=78750,0n&#13;&#10;Th lo:5,0=400,0n&#13;&#10;EM bu cho chi:40017,5n&#13;&#10;T bu c 4199" toa="null" sc_toa="null" service_center="null" read="1" status="0" locked="0" date_sent="0" readable_date="12-10-2015 18:35:08" contact_name="Viet Bo" />
  <sms protocol="0" address="+84983099345" date="1444649721274" type="2" subject="null" body="40199" toa="null" sc_toa="null" service_center="null" read="1" status="0" locked="0" date_sent="0" readable_date="12-10-2015 18:35:21" contact_name="Viet Bo" />
  <sms protocol="0" address="01628909893" date="1444649869100" type="2" subject="null" body="Ngay:12/10/15 anh-1125n +80n " toa="null" sc_toa="null" service_center="null" read="1" status="32" locked="0" date_sent="0" readable_date="12-10-2015 18:37:49" contact_name="A M" />
  <sms protocol="0" address="01632029067" date="1444649880321" type="2" subject="null" body="Tinh den het ngay:11/10/15 EM bu 3443n&#13;&#10;Ngay:12/10/15 Chị-3443n -61n -2635n &#13;&#10;Tong cong: EM thu 2696" toa="null" sc_toa="null" service_center="null" read="1" status="0" locked="0" date_sent="0" readable_date="12-10-2015 18:38:00" contact_name="(Unknown)" />
  <sms protocol="0" address="0973836212" date="1444649893547" type="2" subject="null" body="Tinh den het ngay:11/10/15 tao bu 700n&#13;&#10;Ngay:12/10/15 may-6000n +3591n &#13;&#10;Tong cong: tao thu 1709" toa="null" sc_toa="null" service_center="null" read="1" status="0" locked="0" date_sent="0" readable_date="12-10-2015 18:38:13" contact_name="Tien Em" />
  <sms protocol="0" address="0977655973" date="1444649901959" type="2" subject="null" body="Tinh den het ngay:11/10/15 EM bu 145n&#13;&#10;Ngay:12/10/15 BAC-890n +1130n &#13;&#10;Tong cong: EM bu 385" toa="null" sc_toa="null" service_center="null" read="1" status="0" locked="0" date_sent="0" readable_date="12-10-2015 18:38:21" contact_name="A Su Cong Tinh Uy" />
  <sms protocol="0" address="0979399373" date="1444649911961" type="2" subject="null" body="Tinh den het ngay:11/10/15 EM thu 774n&#13;&#10;Ngay:12/10/15 Anh+370n &#13;&#10;Tong cong: EM thu 404" toa="null" sc_toa="null" service_center="null" read="1" status="0" locked="0" date_sent="0" readable_date="12-10-2015 18:38:31" contact_name="A Tung Thuy?" />
  <sms protocol="0" address="0983099345" date="1444649913976" type="2" subject="null" body="Tinh den het ngay:11/10/15 toi thu 28404n&#13;&#10;Ngay:12/10/15 Ban+3640n +40199n &#13;&#10;Tong cong: toi bu 15435" toa="null" sc_toa="null" service_center="null" read="1" status="0" locked="0" date_sent="0" readable_date="12-10-2015 18:38:33" contact_name="Viet Bo" />
  <sms protocol="0" address="0983650782" date="1444649916646" type="2" subject="null" body="Tinh den het ngay:11/10/15 em thu 7082n&#13;&#10;Ngay:12/10/15 anh+7082n +2100n -2003n &#13;&#10;Tong cong: em bu 97" toa="null" sc_toa="null" service_center="null" read="1" status="0" locked="0" date_sent="0" readable_date="12-10-2015 18:38:36" contact_name="A T 782 Lv" />
</smses>