<?xml version='1.0' encoding='UTF-8' standalone='yes' ?>
<!--File Created By SMS Backup & Restore Pro v7.21 on 14/10/2015 18:48:55-->
<?xml-stylesheet type="text/xsl" href="sms.xsl"?>
<smses count="102">
  <sms protocol="0" address="+841685410901" date="1444817714409" type="1" subject="null" body="lô 383x 15d. đề 141,242,484,515,525,595,616,626,696,929x 25k." toa="null" sc_toa="null" service_center="+84980200613" read="1" status="-1" locked="0" date_sent="1444817712000" readable_date="14-10-2015 17:15:14" contact_name="Giang" />
  <sms protocol="0" address="+841685410901" date="1444817726032" type="2" subject="null" body="Ok" toa="null" sc_toa="null" service_center="null" read="1" status="-1" locked="0" date_sent="0" readable_date="14-10-2015 17:15:26" contact_name="Giang" />
  <sms protocol="0" address="0948723319" date="1444817737808" type="2" subject="null" body="lô 383x 15d. đề 141,242,484,515,525,595,616,626,696,929x 25k." toa="null" sc_toa="null" service_center="null" read="1" status="-1" locked="0" date_sent="0" readable_date="14-10-2015 17:15:37" contact_name="Tuyet2" />
  <sms protocol="0" address="+841685410901" date="1444817789095" type="1" subject="null" body="De10,56x 200n.32,34,54,78,98x 100n.01,65x 150n.12,76x 150n.21,67x 100n.23,43,45,87,89x 80n.50,16,72,38,94x 100n.05,61,27,83,49x 80n.55,77,99,00x 50n.11,22,33,44,66,88x 80n.060,151x 120n.262,171x 120n.030,090,696,181,070,363,454,252,080,484x 50n.292,474,585x 100n." toa="null" sc_toa="null" service_center="+84980200613" read="1" status="-1" locked="0" date_sent="1444817785000" readable_date="14-10-2015 17:16:29" contact_name="Giang" />
  <sms protocol="0" address="+841685410901" date="1444817790171" type="2" subject="null" body="Chau bao bon no gui lo som ti nhe. 6H12 chôt lô nhe" toa="null" sc_toa="null" service_center="null" read="1" status="-1" locked="0" date_sent="0" readable_date="14-10-2015 17:16:30" contact_name="Giang" />
  <sms protocol="0" address="+841685410901" date="1444817796532" type="2" subject="null" body="Ok" toa="null" sc_toa="null" service_center="null" read="1" status="-1" locked="0" date_sent="0" readable_date="14-10-2015 17:16:36" contact_name="Giang" />
  <sms protocol="0" address="+841685410901" date="1444817850794" type="1" subject="null" body="đề có 4,6,8(51so)x 25k." toa="null" sc_toa="null" service_center="+84980200613" read="1" status="-1" locked="0" date_sent="1444817848000" readable_date="14-10-2015 17:17:30" contact_name="Giang" />
  <sms protocol="0" address="0948723319" date="1444817852578" type="2" subject="null" body="De10,56x 200n.    32,34,54,78,98x 100n.     01,65x 150n.    12,76x 150n.21,67x 100n.     23,43,45,87,89x 80n.     50,16,72,38,94x 100n.05,61,27,83,49x 80n.55,77,99,00x 50n.11,22,33,44,66,88x 80n.      060,151x 120n.     262,171x 120n.030,090,696,181,070,363,454,252,080,484x 50n.     292,474,585x 100n." toa="null" sc_toa="null" service_center="null" read="1" status="-1" locked="0" date_sent="0" readable_date="14-10-2015 17:17:32" contact_name="Tuyet2" />
  <sms protocol="0" address="+84948723319" date="1444817857144" type="1" subject="null" body="Ok" toa="null" sc_toa="null" service_center="+8491020005" read="1" status="-1" locked="0" date_sent="1444817762000" readable_date="14-10-2015 17:17:37" contact_name="Tuyet2" />
  <sms protocol="0" address="+841685410901" date="1444817858130" type="2" subject="null" body="Ok" toa="null" sc_toa="null" service_center="null" read="1" status="-1" locked="0" date_sent="0" readable_date="14-10-2015 17:17:38" contact_name="Giang" />
  <sms protocol="0" address="0948723319" date="1444817867220" type="2" subject="null" body="đề có 4,6,8(51so)x 25k." toa="null" sc_toa="null" service_center="null" read="1" status="-1" locked="0" date_sent="0" readable_date="14-10-2015 17:17:47" contact_name="Tuyet2" />
  <sms protocol="0" address="+84948723319" date="1444818094787" type="1" subject="null" body="Ok2" toa="null" sc_toa="null" service_center="+8491020005" read="1" status="-1" locked="0" date_sent="1444818059000" readable_date="14-10-2015 17:21:34" contact_name="Tuyet2" />
  <sms protocol="0" address="+841685410901" date="1444818432842" type="1" subject="null" body="đề dàn từ 1-8 của tông lẻ(31so)x 50. dàn từ 1-8 của tông chẵn (33so)x 35.3 cang 347x 20.3 cang 712x 50." toa="null" sc_toa="null" service_center="+84980200613" read="1" status="-1" locked="0" date_sent="1444818425000" readable_date="14-10-2015 17:27:12" contact_name="Giang" />
  <sms protocol="0" address="+841685410901" date="1444818444393" type="2" subject="null" body="Ok" toa="null" sc_toa="null" service_center="null" read="1" status="-1" locked="0" date_sent="0" readable_date="14-10-2015 17:27:24" contact_name="Giang" />
  <sms protocol="0" address="0948723319" date="1444818470498" type="2" subject="null" body="đề dàn từ 1-8 của tông lẻ(31so)x 50. dàn từ 1-8 của tông chẵn (33so)x 35" toa="null" sc_toa="null" service_center="null" read="1" status="-1" locked="0" date_sent="0" readable_date="14-10-2015 17:27:50" contact_name="Tuyet2" />
  <sms protocol="0" address="+84948723319" date="1444818516227" type="1" subject="null" body="Ok" toa="null" sc_toa="null" service_center="+8491020005" read="1" status="-1" locked="0" date_sent="1444818480000" readable_date="14-10-2015 17:28:36" contact_name="Tuyet2" />
  <sms protocol="0" address="+841685410901" date="1444819027574" type="1" subject="null" body="Xi  00 94 30 38&#10;94 38 30&#10;18 94x100n &#10;De 94x300n  49x100n  77 272 282 080 88 00 20x50n&#10;Lo 18x30d " toa="null" sc_toa="null" service_center="+84980200613" read="1" status="-1" locked="0" date_sent="1444819025000" readable_date="14-10-2015 17:37:07" contact_name="Giang" />
  <sms protocol="0" address="+841685410901" date="1444819036346" type="1" subject="null" body="Cang 294x100n" toa="null" sc_toa="null" service_center="+84980200613" read="1" status="-1" locked="0" date_sent="1444819034000" readable_date="14-10-2015 17:37:16" contact_name="Giang" />
  <sms protocol="0" address="+841685410901" date="1444819037620" type="2" subject="null" body="Ok" toa="null" sc_toa="null" service_center="null" read="1" status="-1" locked="0" date_sent="0" readable_date="14-10-2015 17:37:17" contact_name="Giang" />
  <sms protocol="0" address="0948723319" date="1444819055738" type="2" subject="null" body="Xi  00 94 30 38&#10;94 38 30&#10;18 94x100n &#10;De 94x300n  49x100n  77 272 282 080 88 00 20x50n&#10;Lo 18x30d " toa="null" sc_toa="null" service_center="null" read="1" status="-1" locked="0" date_sent="0" readable_date="14-10-2015 17:37:35" contact_name="Tuyet2" />
  <sms protocol="0" address="+841685410901" date="1444819060914" type="2" subject="null" body="Ok" toa="null" sc_toa="null" service_center="null" read="1" status="-1" locked="0" date_sent="0" readable_date="14-10-2015 17:37:40" contact_name="Giang" />
  <sms protocol="0" address="+84948723319" date="1444819072404" type="1" subject="null" body="Ok" toa="null" sc_toa="null" service_center="+8491020005" read="1" status="-1" locked="0" date_sent="1444819037000" readable_date="14-10-2015 17:37:52" contact_name="Tuyet2" />
  <sms protocol="0" address="+841685410901" date="1444820026817" type="1" subject="null" body="De  21 75x120n lo 363x200d" toa="null" sc_toa="null" service_center="+84980200613" read="1" status="-1" locked="0" date_sent="1444820023000" readable_date="14-10-2015 17:53:46" contact_name="Giang" />
  <sms protocol="0" address="+841685410901" date="1444820040944" type="2" subject="null" body="Ok" toa="null" sc_toa="null" service_center="null" read="1" status="-1" locked="0" date_sent="0" readable_date="14-10-2015 17:54:00" contact_name="Giang" />
  <sms protocol="0" address="0948723319" date="1444820046899" type="2" subject="null" body="De  21 75x120n lo 363x200d" toa="null" sc_toa="null" service_center="null" read="1" status="-1" locked="0" date_sent="0" readable_date="14-10-2015 17:54:06" contact_name="Tuyet2" />
  <sms protocol="0" address="+84948723319" date="1444820132776" type="1" subject="null" body="Ok" toa="null" sc_toa="null" service_center="+8491020005" read="1" status="-1" locked="0" date_sent="1444820097000" readable_date="14-10-2015 17:55:32" contact_name="Tuyet2" />
  <sms protocol="0" address="+841685410901" date="1444820281292" type="1" subject="null" body="De 696 242 484 494 595x30n  585x150n" toa="null" sc_toa="null" service_center="+84980200613" read="1" status="-1" locked="0" date_sent="1444820278000" readable_date="14-10-2015 17:58:01" contact_name="Giang" />
  <sms protocol="0" address="+841685410901" date="1444820291199" type="2" subject="null" body="Ok" toa="null" sc_toa="null" service_center="null" read="1" status="-1" locked="0" date_sent="0" readable_date="14-10-2015 17:58:11" contact_name="Giang" />
  <sms protocol="0" address="0948723319" date="1444820297466" type="2" subject="null" body="De 696 242 484 494 595x30n  585x150n" toa="null" sc_toa="null" service_center="null" read="1" status="-1" locked="0" date_sent="0" readable_date="14-10-2015 17:58:17" contact_name="Tuyet2" />
  <sms protocol="0" address="+841662883398" date="1444820365807" type="1" subject="null" body="Đít 1.4 x 1.500n" toa="null" sc_toa="null" service_center="+84980200605" read="1" status="-1" locked="0" date_sent="1444820362000" readable_date="14-10-2015 17:59:25" contact_name="Chi Hoa" />
  <sms protocol="0" address="+841662883398" date="1444820377400" type="2" subject="null" body="Ok" toa="null" sc_toa="null" service_center="null" read="1" status="-1" locked="0" date_sent="0" readable_date="14-10-2015 17:59:37" contact_name="Chi Hoa" />
  <sms protocol="0" address="0948723319" date="1444820383752" type="2" subject="null" body="Đít 1.4 x 1.500n" toa="null" sc_toa="null" service_center="null" read="1" status="-1" locked="0" date_sent="0" readable_date="14-10-2015 17:59:43" contact_name="Tuyet2" />
  <sms protocol="0" address="+841685410901" date="1444820465658" type="1" subject="null" body="De 55 88x30n  Lô 18 x 100, 56 x300" toa="null" sc_toa="null" service_center="+84980200613" read="1" status="-1" locked="0" date_sent="1444820462000" readable_date="14-10-2015 18:01:05" contact_name="Giang" />
  <sms protocol="0" address="+841685410901" date="1444820476078" type="2" subject="null" body="Ok" toa="null" sc_toa="null" service_center="null" read="1" status="-1" locked="0" date_sent="0" readable_date="14-10-2015 18:01:16" contact_name="Giang" />
  <sms protocol="0" address="0948723319" date="1444820482579" type="2" subject="null" body="De 55 88x30n  Lô 18 x 100, 56 x300" toa="null" sc_toa="null" service_center="null" read="1" status="-1" locked="0" date_sent="0" readable_date="14-10-2015 18:01:22" contact_name="Tuyet2" />
  <sms protocol="0" address="+84948723319" date="1444820502250" type="1" subject="null" body="Ok" toa="null" sc_toa="null" service_center="+8491020005" read="1" status="-1" locked="0" date_sent="1444820466000" readable_date="14-10-2015 18:01:42" contact_name="Tuyet2" />
  <sms protocol="0" address="+841685410901" date="1444820511837" type="1" subject="null" body="Lo 212x50d " toa="null" sc_toa="null" service_center="+84980200613" read="1" status="-1" locked="0" date_sent="1444820508000" readable_date="14-10-2015 18:01:51" contact_name="Giang" />
  <sms protocol="0" address="+841685410901" date="1444820522260" type="2" subject="null" body="Ok" toa="null" sc_toa="null" service_center="null" read="1" status="-1" locked="0" date_sent="0" readable_date="14-10-2015 18:02:02" contact_name="Giang" />
  <sms protocol="0" address="0948723319" date="1444820527498" type="2" subject="null" body="Lo 212x50d " toa="null" sc_toa="null" service_center="null" read="1" status="-1" locked="0" date_sent="0" readable_date="14-10-2015 18:02:07" contact_name="Tuyet2" />
  <sms protocol="0" address="+84948723319" date="1444820548621" type="1" subject="null" body="Ok" toa="null" sc_toa="null" service_center="+8491020005" read="1" status="-1" locked="0" date_sent="1444820513000" readable_date="14-10-2015 18:02:28" contact_name="Tuyet2" />
  <sms protocol="35" address="+841653535810" date="1444820725883" type="1" subject="null" body="Lo 77x600d.lo 757.18.55.797.76.292.13.66.09.11.33.494.89.83.95.80.696.060.99.62.72.64x100d.de 868.060.767x3tr.de 040.050.707.292.121.20.28.62.63.64.67.69.48.78.22.23.24.272x800n.de 42.43.44.47.49.50.58.737.74.79.52.53.54.575.59.303x400n." toa="null" sc_toa="null" service_center="+84980200613" read="1" status="-1" locked="0" date_sent="1444820719000" readable_date="14-10-2015 18:05:25" contact_name="Cong2" />
  <sms protocol="0" address="+841653535810" date="1444820737052" type="2" subject="null" body="Ok" toa="null" sc_toa="null" service_center="null" read="1" status="-1" locked="0" date_sent="0" readable_date="14-10-2015 18:05:37" contact_name="Cong2" />
  <sms protocol="0" address="01678838814" date="1444820752236" type="2" subject="null" body="Lo 77x600d.lo 757.18.55.797.76.292.13.66.09.11.33.494.89.83.95.80.696.060.99.62.72.64x100d.de 868.060.767x3tr.de 040.050.707.292.121.20.28.62.63.64.67.69.48.78.22.23.24.272x800n.de 42.43.44.47.49.50.58.737.74.79.52.53.54.575.59.303x400n." toa="null" sc_toa="null" service_center="null" read="1" status="-1" locked="0" date_sent="0" readable_date="14-10-2015 18:05:52" contact_name="Vo Anh Thai" />
  <sms protocol="0" address="+841678838814" date="1444820805559" type="1" subject="null" body="Ok1" toa="null" sc_toa="null" service_center="+84980200605" read="1" status="-1" locked="0" date_sent="1444820802000" readable_date="14-10-2015 18:06:45" contact_name="Vo Anh Thai" />
  <sms protocol="0" address="+84971202383" date="1444820886109" type="1" subject="null" body="lo 58 56 x 1000&#10;85 x 500&#10;18 74 26 09 06 x 200&#10;69 77 x 100&#10;07 70 x 50" toa="null" sc_toa="null" service_center="+84980200605" read="1" status="-1" locked="0" date_sent="1444820883000" readable_date="14-10-2015 18:08:06" contact_name="Nam1" />
  <sms protocol="0" address="0948723319" date="1444820901154" type="2" subject="null" body="lo 58 56 x 1000&#10;85 x 500&#10;18 74 26 09 06 x 200&#10;69 77 x 100&#10;07 70 x 50" toa="null" sc_toa="null" service_center="null" read="1" status="-1" locked="0" date_sent="0" readable_date="14-10-2015 18:08:21" contact_name="Tuyet2" />
  <sms protocol="0" address="+84971202383" date="1444820904073" type="2" subject="null" body="Ok" toa="null" sc_toa="null" service_center="null" read="1" status="-1" locked="0" date_sent="0" readable_date="14-10-2015 18:08:24" contact_name="Nam1" />
  <sms protocol="0" address="+841685410901" date="1444820910935" type="1" subject="null" body="De 363x250n 00x20n  060x10n" toa="null" sc_toa="null" service_center="+84980200613" read="1" status="-1" locked="0" date_sent="1444820908000" readable_date="14-10-2015 18:08:30" contact_name="Giang" />
  <sms protocol="0" address="+841685410901" date="1444820919532" type="2" subject="null" body="Ok" toa="null" sc_toa="null" service_center="null" read="1" status="-1" locked="0" date_sent="0" readable_date="14-10-2015 18:08:39" contact_name="Giang" />
  <sms protocol="0" address="0948723319" date="1444820925619" type="2" subject="null" body="De 363x250n 00x20n  060x10n" toa="null" sc_toa="null" service_center="null" read="1" status="-1" locked="0" date_sent="0" readable_date="14-10-2015 18:08:45" contact_name="Tuyet2" />
  <sms protocol="0" address="+84971202383" date="1444820947000" type="1" subject="null" body="xien 4 56 58 06 18&#10;56 58 26 69 &#10;56 58 74 09 &#10;56 58 70 96 x 1tr" toa="null" sc_toa="null" service_center="+84980200605" read="1" status="-1" locked="0" date_sent="1444820944000" readable_date="14-10-2015 18:09:07" contact_name="Nam1" />
  <sms protocol="0" address="+84971202383" date="1444820958800" type="2" subject="null" body="Ok" toa="null" sc_toa="null" service_center="null" read="1" status="-1" locked="0" date_sent="0" readable_date="14-10-2015 18:09:18" contact_name="Nam1" />
  <sms protocol="0" address="+84948723319" date="1444820965524" type="1" subject="null" body="Ok" toa="null" sc_toa="null" service_center="+8491020005" read="1" status="-1" locked="0" date_sent="1444820930000" readable_date="14-10-2015 18:09:25" contact_name="Tuyet2" />
  <sms protocol="0" address="+84971202383" date="1444820986291" type="1" subject="null" body="de 08 80 x 10tr &#10;3c 784 584 x 50" toa="null" sc_toa="null" service_center="+84980200605" read="1" status="-1" locked="0" date_sent="1444820983000" readable_date="14-10-2015 18:09:46" contact_name="Nam1" />
  <sms protocol="0" address="+84971202383" date="1444820998486" type="2" subject="null" body="Ok" toa="null" sc_toa="null" service_center="null" read="1" status="-1" locked="0" date_sent="0" readable_date="14-10-2015 18:09:58" contact_name="Nam1" />
  <sms protocol="0" address="0948723319" date="1444821012837" type="2" subject="null" body="de 08 80 x 10tr &#10;" toa="null" sc_toa="null" service_center="null" read="1" status="-1" locked="0" date_sent="0" readable_date="14-10-2015 18:10:12" contact_name="Tuyet2" />
  <sms protocol="0" address="+84948723319" date="1444821027902" type="1" subject="null" body="Ok" toa="null" sc_toa="null" service_center="+8491020005" read="1" status="-1" locked="0" date_sent="1444820992000" readable_date="14-10-2015 18:10:27" contact_name="Tuyet2" />
  <sms protocol="0" address="+841685410901" date="1444821063837" type="1" subject="null" body="Cang 427.027x1.000" toa="null" sc_toa="null" service_center="+84980200613" read="1" status="-1" locked="0" date_sent="1444821060000" readable_date="14-10-2015 18:11:03" contact_name="Giang" />
  <sms protocol="0" address="+841685410901" date="1444821072717" type="2" subject="null" body="Ok" toa="null" sc_toa="null" service_center="null" read="1" status="-1" locked="0" date_sent="0" readable_date="14-10-2015 18:11:12" contact_name="Giang" />
  <sms protocol="0" address="0948723319" date="1444821133212" type="2" subject="null" body="de 868.060.767 040.050.707.292.121.20.28.62.63.64.67.69.48.78.22.23.24.272 42.43.44.47.49.50.58.737.74.79.52.53.54.575.59.303x500n" toa="null" sc_toa="null" service_center="null" read="1" status="-1" locked="0" date_sent="0" readable_date="14-10-2015 18:12:13" contact_name="Tuyet2" />
  <sms protocol="0" address="+841685410901" date="1444821137337" type="1" subject="null" body="Lo 60x200d" toa="null" sc_toa="null" service_center="+84980200613" read="1" status="-1" locked="0" date_sent="1444821134000" readable_date="14-10-2015 18:12:17" contact_name="Giang" />
  <sms protocol="0" address="+84965753555" date="1444821143016" type="1" subject="null" body=".de 868.060.767x500.de 040.050.707.292.121.20.28.62.63.64.67.69.48.78.22.23.24.272x600n.de 42.43.44.47.49.50.58.737.74.79.52.53.54.575.59.303x400n." toa="null" sc_toa="null" service_center="+84980200605" read="1" status="-1" locked="0" date_sent="1444821140000" readable_date="14-10-2015 18:12:23" contact_name="An" />
  <sms protocol="0" address="+841685410901" date="1444821147723" type="2" subject="null" body="Ok" toa="null" sc_toa="null" service_center="null" read="1" status="-1" locked="0" date_sent="0" readable_date="14-10-2015 18:12:27" contact_name="Giang" />
  <sms protocol="0" address="0948723319" date="1444821155780" type="2" subject="null" body="Lo 60x200d" toa="null" sc_toa="null" service_center="null" read="1" status="-1" locked="0" date_sent="0" readable_date="14-10-2015 18:12:35" contact_name="Tuyet2" />
  <sms protocol="0" address="+84965753555" date="1444821163643" type="2" subject="null" body="Ok" toa="null" sc_toa="null" service_center="null" read="1" status="-1" locked="0" date_sent="0" readable_date="14-10-2015 18:12:43" contact_name="An" />
  <sms protocol="0" address="+84948723319" date="1444821178494" type="1" subject="null" body="Ok" toa="null" sc_toa="null" service_center="+8491020005" read="1" status="-1" locked="0" date_sent="1444821142000" readable_date="14-10-2015 18:12:58" contact_name="Tuyet2" />
  <sms protocol="0" address="+84971202383" date="1444821209870" type="1" subject="null" body="lo 16 x 2000 61 92 54 x 1000 86 61 x 500 &#10;x4 82 92 54 86 x 500" toa="null" sc_toa="null" service_center="+84980200605" read="1" status="-1" locked="0" date_sent="1444821206000" readable_date="14-10-2015 18:13:29" contact_name="Nam1" />
  <sms protocol="0" address="0948723319" date="1444821222649" type="2" subject="null" body="lo 16 x 2000 61 92 54 x 1000 86 61 x 500 &#10;x4 82 92 54 86 x 500" toa="null" sc_toa="null" service_center="null" read="1" status="-1" locked="0" date_sent="0" readable_date="14-10-2015 18:13:42" contact_name="Tuyet2" />
  <sms protocol="0" address="+84971202383" date="1444821233762" type="2" subject="null" body="Ok" toa="null" sc_toa="null" service_center="null" read="1" status="-1" locked="0" date_sent="0" readable_date="14-10-2015 18:13:53" contact_name="Nam1" />
  <sms protocol="0" address="+841685410901" date="1444821273192" type="1" subject="null" body="Đâu 8,5,1x500n" toa="null" sc_toa="null" service_center="+84980200613" read="1" status="-1" locked="0" date_sent="1444821269000" readable_date="14-10-2015 18:14:33" contact_name="Giang" />
  <sms protocol="0" address="+841685410901" date="1444821282483" type="2" subject="null" body="Ok" toa="null" sc_toa="null" service_center="null" read="1" status="-1" locked="0" date_sent="0" readable_date="14-10-2015 18:14:42" contact_name="Giang" />
  <sms protocol="0" address="+84948723319" date="1444821285458" type="1" subject="null" body="Ok" toa="null" sc_toa="null" service_center="+8491020005" read="1" status="-1" locked="0" date_sent="1444821250000" readable_date="14-10-2015 18:14:45" contact_name="Tuyet2" />
  <sms protocol="0" address="0948723319" date="1444821289322" type="2" subject="null" body="Đâu 8,5,1x500n" toa="null" sc_toa="null" service_center="null" read="1" status="-1" locked="0" date_sent="0" readable_date="14-10-2015 18:14:49" contact_name="Tuyet2" />
  <sms protocol="0" address="+84948723319" date="1444821383875" type="1" subject="null" body="Ok" toa="null" sc_toa="null" service_center="+8491020005" read="1" status="-1" locked="0" date_sent="1444821347000" readable_date="14-10-2015 18:16:23" contact_name="Tuyet2" />
  <sms protocol="0" address="+84971202383" date="1444821387237" type="1" subject="null" body="lo 78 x 300 03 53 x 100&#10;67 01 10 x 50 24 07 05 x 30 55 83 06 60 29 18 x 20" toa="null" sc_toa="null" service_center="+84980200605" read="1" status="-1" locked="0" date_sent="1444821384000" readable_date="14-10-2015 18:16:27" contact_name="Nam1" />
  <sms protocol="0" address="0948723319" date="1444821398240" type="2" subject="null" body="lo 78 x 300 03 53 x 100&#10;67 01 10 x 50 24 07 05 x 30 55 83 06 60 29 18 x 20" toa="null" sc_toa="null" service_center="null" read="1" status="-1" locked="0" date_sent="0" readable_date="14-10-2015 18:16:38" contact_name="Tuyet2" />
  <sms protocol="0" address="+84971202383" date="1444821413993" type="2" subject="null" body="Ok" toa="null" sc_toa="null" service_center="null" read="1" status="-1" locked="0" date_sent="0" readable_date="14-10-2015 18:16:53" contact_name="Nam1" />
  <sms protocol="0" address="+84948723319" date="1444821425958" type="1" subject="null" body="Ok" toa="null" sc_toa="null" service_center="+8491020005" read="1" status="-1" locked="0" date_sent="1444821389000" readable_date="14-10-2015 18:17:05" contact_name="Tuyet2" />
  <sms protocol="0" address="+84971202383" date="1444821429631" type="1" subject="null" body="x4 71 50 70 09 x 300&#10;67 24 07 x 300" toa="null" sc_toa="null" service_center="+84980200605" read="1" status="-1" locked="0" date_sent="1444821423000" readable_date="14-10-2015 18:17:09" contact_name="Nam1" />
  <sms protocol="0" address="+841685410901" date="1444821434724" type="1" subject="null" body="De61 x 500, 19 x 400, 11 55 88 300, 50 x 2.500, 05 x 500, 151 x300" toa="null" sc_toa="null" service_center="+84980200613" read="1" status="-1" locked="0" date_sent="1444821427000" readable_date="14-10-2015 18:17:14" contact_name="Giang" />
  <sms protocol="0" address="+84971202383" date="1444821439804" type="2" subject="null" body="Ok" toa="null" sc_toa="null" service_center="null" read="1" status="-1" locked="0" date_sent="0" readable_date="14-10-2015 18:17:19" contact_name="Nam1" />
  <sms protocol="0" address="+841685410901" date="1444821449348" type="2" subject="null" body="Ok" toa="null" sc_toa="null" service_center="null" read="1" status="-1" locked="0" date_sent="0" readable_date="14-10-2015 18:17:29" contact_name="Giang" />
  <sms protocol="0" address="0948723319" date="1444821455414" type="2" subject="null" body="De61 x 500, 19 x 400, 11 55 88 300, 50 x 2.500, 05 x 500, 151 x300" toa="null" sc_toa="null" service_center="null" read="1" status="-1" locked="0" date_sent="0" readable_date="14-10-2015 18:17:35" contact_name="Tuyet2" />
  <sms protocol="0" address="+841685410901" date="1444821525512" type="2" subject="null" body="Ok" toa="null" sc_toa="null" service_center="null" read="1" status="-1" locked="0" date_sent="0" readable_date="14-10-2015 18:18:45" contact_name="Giang" />
  <sms protocol="0" address="+84948723319" date="1444821530039" type="1" subject="null" body="Ok" toa="null" sc_toa="null" service_center="+8491020005" read="1" status="-1" locked="0" date_sent="1444821494000" readable_date="14-10-2015 18:18:50" contact_name="Tuyet2" />
  <sms protocol="0" address="+84971202383" date="1444821705681" type="1" subject="null" body="de 18 84 85 86 66 60 81 83 x 500 38 28 x 200 82 x 400  43 x 300 12 x 120  61 x300  97 87 x 10  60 61 62 68 56 38 39 10 50 58 49 41 x 300&#10;65 x 1tr &#10;232 x 60 66 x 200  78 x 10  79 x 20 &#10;15 x 200&#10;09 29 69 99 x 100" toa="null" sc_toa="null" service_center="+84980200605" read="1" status="-1" locked="0" date_sent="1444821702000" readable_date="14-10-2015 18:21:45" contact_name="Nam1" />
  <sms protocol="0" address="0948723319" date="1444821724685" type="2" subject="null" body="de 18 84 85 86 66 60 81 83 x 500 38 28 x 200 82 x 400  43 x 300 12 x 120  61 x300  97 87 x 10  60 61 62 68 56 38 39 10 50 58 49 41 x 300&#10;65 x 1tr &#10;232 x 60 66 x 200  78 x 10  79 x 20 &#10;15 x 200&#10;09 29 69 99 x 100" toa="null" sc_toa="null" service_center="null" read="1" status="-1" locked="0" date_sent="0" readable_date="14-10-2015 18:22:04" contact_name="Tuyet2" />
  <sms protocol="0" address="+84948723319" date="1444821749843" type="1" subject="null" body="Ok" toa="null" sc_toa="null" service_center="+8491020005" read="1" status="-1" locked="0" date_sent="1444821713000" readable_date="14-10-2015 18:22:29" contact_name="Tuyet2" />
  <sms protocol="0" address="+84971202383" date="1444821759962" type="2" subject="null" body="Ok" toa="null" sc_toa="null" service_center="null" read="1" status="-1" locked="0" date_sent="0" readable_date="14-10-2015 18:22:39" contact_name="Nam1" />
  <sms protocol="0" address="+84971202383" date="1444821762780" type="1" subject="null" body="de 02 00 x 200 &#10;90 79 x 100 &#10;01 x 300" toa="null" sc_toa="null" service_center="+84980200605" read="1" status="-1" locked="0" date_sent="1444821759000" readable_date="14-10-2015 18:22:42" contact_name="Nam1" />
  <sms protocol="0" address="0948723319" date="1444821774672" type="2" subject="null" body="de 02 00 x 200 &#10;90 79 x 100 &#10;01 x 300" toa="null" sc_toa="null" service_center="null" read="1" status="-1" locked="0" date_sent="0" readable_date="14-10-2015 18:22:54" contact_name="Tuyet2" />
  <sms protocol="0" address="+84971202383" date="1444821797800" type="2" subject="null" body="Ok" toa="null" sc_toa="null" service_center="null" read="1" status="-1" locked="0" date_sent="0" readable_date="14-10-2015 18:23:17" contact_name="Nam1" />
  <sms protocol="0" address="+84948723319" date="1444821833372" type="1" subject="null" body="Ok" toa="null" sc_toa="null" service_center="+8491020005" read="1" status="-1" locked="0" date_sent="1444821797000" readable_date="14-10-2015 18:23:53" contact_name="Tuyet2" />
  <sms protocol="0" address="997" date="1444822524575" type="2" subject="null" body="Kqsxmb" toa="null" sc_toa="null" service_center="null" read="1" status="-1" locked="0" date_sent="0" readable_date="14-10-2015 18:35:24" contact_name="(Unknown)" />
  <sms protocol="0" address="997" date="1444822536204" type="1" subject="null" body="MB 14/10&#10;DB:50685&#10;1:74083&#10;2:50046-19940&#10;3:30643-48343-63381-63217-22030-92525&#10;4:5733-9616-7330-6209&#10;5:7728-2323-9305-5006-9941-2669&#10;6:191-705-875&#10;7:98-41-85-49" toa="null" sc_toa="null" service_center="+8491020446" read="1" status="-1" locked="0" date_sent="1444822499000" readable_date="14-10-2015 18:35:36" contact_name="(Unknown)" />
  <sms protocol="0" address="0965753555" date="1444822764756" type="2" subject="null" body="Ngay:14/10/2015&#13;&#10;anh chuyen cho em&#13;&#10;De:25000,0=18750,0n&#13;&#10;anh bu cho em:18750,0n&#13;&#10;" toa="null" sc_toa="null" service_center="null" read="1" status="0" locked="0" date_sent="0" readable_date="14-10-2015 18:39:24" contact_name="An" />
  <sms protocol="0" address="0971202383" date="1444822784261" type="2" subject="null" body="Ngay:14/10/2015&#13;&#10;chau chuyen cho co &#13;&#10;De:31990,0=23128,8n&#13;&#10;Lo:10660,0=232388,0n&#13;&#10;3Cang:100,0=100,0n&#13;&#10;Xien:510,0=3468,0n&#13;&#10;Th de:500,0=35000,0n&#13;&#10;Th lo:3600,0=288000,0n&#13;&#10;co  bu cho chau:63915,2n&#13;&#10;" toa="null" sc_toa="null" service_center="null" read="1" status="0" locked="0" date_sent="0" readable_date="14-10-2015 18:39:44" contact_name="Nam1" />
  <sms protocol="0" address="01685410901" date="1444822925261" type="2" subject="null" body="Ngay:14/10/2015&#13;&#10;chau chuyen cho co&#13;&#10;De:33475,0=24202,4n&#13;&#10;Lo:1160,0=25288,0n&#13;&#10;3Cang:2170,0=1627,5n&#13;&#10;Xien:30,0=198,0n&#13;&#10;Th de:825,0=57750,0n&#13;&#10;Th lo:15,0=1200,0n&#13;&#10;co bu cho chau:7634,+63915=71.549-429.941=358.392&#10;" toa="null" sc_toa="null" service_center="null" read="1" status="0" locked="0" date_sent="0" readable_date="14-10-2015 18:42:05" contact_name="Giang" />
  <sms protocol="0" address="01678838814" date="1444822964272" type="2" subject="null" body="Ngay:14/10/2015&#13;&#10;em chuyen cho chi&#13;&#10;De:44800,0=32256,0n&#13;&#10;Lo:3400,0=74120,0n&#13;&#10;Thuong lo:700,0=56000,0n&#13;&#10;em bu cho chi:50376,+99.247=149.623&#10;" toa="null" sc_toa="null" service_center="null" read="1" status="0" locked="0" date_sent="0" readable_date="14-10-2015 18:42:44" contact_name="Vo Anh Thai" />
  <sms protocol="0" address="01653535810" date="1444823018256" type="2" subject="null" body="Ngay:14/10/2015&#13;&#10;em chuyen cho chi&#13;&#10;De:44800,0=33600,0n&#13;&#10;Lo:3400,0=74800,0n&#13;&#10;Th lo:700,0=56000,0n&#13;&#10;em bu cho chi:52400,+208.423=256.823&#10;" toa="null" sc_toa="null" service_center="null" read="1" status="0" locked="0" date_sent="0" readable_date="14-10-2015 18:43:38" contact_name="Cong2" />
  <sms protocol="0" address="01662883398" date="1444823063274" type="2" subject="null" body="Ngay:14/10/2015&#13;&#10;chi chuyen cho em&#13;&#10;De:30000,0=22200,0n&#13;&#10;chi bu cho em:22200,+309.913=332.113&#10;" toa="null" sc_toa="null" service_center="null" read="1" status="0" locked="0" date_sent="0" readable_date="14-10-2015 18:44:23" contact_name="Chi Hoa" />
  <sms protocol="0" address="0948723319" date="1444823265755" type="2" subject="null" body="Ngay:14/10/2015&#13;&#10;chi  chuyen cho em&#13;&#10;De:119965,0=86374,8n&#13;&#10;Lo:11820,0=256494,0n&#13;&#10;Xien:80,0=496,0n&#13;&#10;Thuong de:1325,0=92750,0n&#13;&#10;Thuong lo:3615,0=289200,0n&#13;&#10;em bu cho chi :38585,-9328=29257-1166 lo=28091-231.614=203.523&#10;" toa="null" sc_toa="null" service_center="null" read="1" status="0" locked="0" date_sent="0" readable_date="14-10-2015 18:47:45" contact_name="Tuyet2" />
</smses>