<?xml version='1.0' encoding='UTF-8' standalone='yes' ?>
<!--File Created By SMS Backup & Restore Pro v7.21 on 14/10/2015 18:56:34-->
<?xml-stylesheet type="text/xsl" href="sms.xsl"?>
<smses count="104">
  <sms protocol="0" address="+84979399373" date="1444815968582" type="1" subject="null" body="Lô:64,92,04,87,19,34 ×10d. Đề:06,60 ×70. Xiên 3:22,61,36×50. Xiên 3:80,01,33" toa="null" sc_toa="null" service_center="null" read="1" status="-1" locked="0" date_sent="0" readable_date="14-10-2015 16:46:08" contact_name="A Tung Thuy?" />
  <sms protocol="0" address="+841685897838" date="1444816694073" type="1" subject="null" body="Lo 53 54 83 38x 50d. Xien 53 54x10d.83 54x10d.83 53x10d" toa="null" sc_toa="null" service_center="+84980200613" read="1" status="-1" locked="0" date_sent="1444816691000" readable_date="14-10-2015 16:58:14" contact_name="Chi H. v. b" />
  <sms protocol="0" address="01685897838" date="1444816790764" type="2" subject="null" body="Nhan 1 tin." toa="null" sc_toa="null" service_center="null" read="1" status="0" locked="0" date_sent="0" readable_date="14-10-2015 16:59:50" contact_name="Chi H. v. b" />
  <sms protocol="0" address="01685897838" date="1444816793762" type="2" subject="null" body="chi gui cho EM 1 tin" toa="null" sc_toa="null" service_center="null" read="1" status="0" locked="0" date_sent="0" readable_date="14-10-2015 16:59:53" contact_name="Chi H. v. b" />
  <sms protocol="0" address="0979399373" date="1444816795259" type="2" subject="null" body="Anh gui cho EM 1 tin" toa="null" sc_toa="null" service_center="null" read="1" status="32" locked="0" date_sent="0" readable_date="14-10-2015 16:59:55" contact_name="A Tung Thuy?" />
  <sms protocol="0" address="01677281854" date="1444818401762" type="2" subject="null" body="Tin 1: lo:38,53,54,83x50d.04,19,34,64,87,92x10d." toa="null" sc_toa="null" service_center="null" read="1" status="0" locked="0" date_sent="0" readable_date="14-10-2015 17:26:41" contact_name="(Unknown)" />
  <sms protocol="0" address="+84968193922" date="1444819210926" type="1" subject="null" body="E nhan xien c voi. X2.24.94.=110 ;X3.30.32.39.=20 ;X3.88.98.08.=10" toa="null" sc_toa="null" service_center="null" read="1" status="-1" locked="0" date_sent="0" readable_date="14-10-2015 17:40:10" contact_name="(Unknown)" />
  <sms protocol="0" address="0968193922" date="1444819232767" type="2" subject="null" body="Nhan 1 tin." toa="null" sc_toa="null" service_center="null" read="1" status="0" locked="0" date_sent="0" readable_date="14-10-2015 17:40:32" contact_name="(Unknown)" />
  <sms protocol="0" address="0968193922" date="1444819234268" type="2" subject="null" body="Nhan 1 tin." toa="null" sc_toa="null" service_center="null" read="1" status="0" locked="0" date_sent="0" readable_date="14-10-2015 17:40:34" contact_name="(Unknown)" />
  <sms protocol="0" address="0983650782" date="1444819643761" type="2" subject="null" body="Tin 1: xi3:30,32,39*2d.xi3:08,88,98*1d.xi2:53,54*10d.,xi2:53,83*10d.,xi2:54,83*10d.xi3:01,33,80*5d.,xi3:22,36,61*5d.xi2:24,94*11d." toa="null" sc_toa="null" service_center="null" read="1" status="0" locked="0" date_sent="0" readable_date="14-10-2015 17:47:23" contact_name="A T 782 Lv" />
  <sms protocol="0" address="+84964386982" date="1444819932032" type="1" subject="null" body="Co lo ban sang cho a nhe" toa="null" sc_toa="null" service_center="null" read="1" status="-1" locked="0" date_sent="0" readable_date="14-10-2015 17:52:12" contact_name="A Duc" />
  <sms protocol="0" address="+841685897838" date="1444820085583" type="1" subject="null" body="Xien 71.24.67x5d.75.64.77x5d." toa="null" sc_toa="null" service_center="null" read="1" status="-1" locked="0" date_sent="0" readable_date="14-10-2015 17:54:45" contact_name="Chi H. v. b" />
  <sms protocol="0" address="01685897838" date="1444820114112" type="2" subject="null" body="Nhan 2 tin." toa="null" sc_toa="null" service_center="null" read="1" status="0" locked="0" date_sent="0" readable_date="14-10-2015 17:55:14" contact_name="Chi H. v. b" />
  <sms protocol="0" address="+841677281854" date="1444820276489" type="1" subject="null" body="Nhan 1 tin.so tin cuoi:1." toa="null" sc_toa="null" service_center="null" read="1" status="-1" locked="0" date_sent="0" readable_date="14-10-2015 17:57:56" contact_name="(Unknown)" />
  <sms protocol="0" address="+841685897838" date="1444820388926" type="1" subject="null" body="xjen 30.22.27x10d.18.28.38x10d.28.90x10d.he 14.49.16.38.05x300.060.565.696.464.292.33.01.44.61x100" toa="null" sc_toa="null" service_center="null" read="1" status="-1" locked="0" date_sent="0" readable_date="14-10-2015 17:59:48" contact_name="Chi H. v. b" />
  <sms protocol="0" address="01685897838" date="1444820412595" type="2" subject="null" body="Nhan 3 tin." toa="null" sc_toa="null" service_center="null" read="1" status="32" locked="0" date_sent="0" readable_date="14-10-2015 18:00:12" contact_name="Chi H. v. b" />
  <sms protocol="0" address="01677281854" date="1444820451590" type="2" subject="null" body="Tin 2: De:33,44,46,61,64,69,96x200n.00,05,11,14,16,19,38,41,49,50,55,66,83,88,91,94,99x150n.06,60x100n.01,29,56,65,92x50n." toa="null" sc_toa="null" service_center="null" read="1" status="0" locked="0" date_sent="0" readable_date="14-10-2015 18:00:51" contact_name="(Unknown)" />
  <sms protocol="0" address="+84968193922" date="1444820459700" type="1" subject="null" body="Xien nua ne. X2.00.50.=20" toa="null" sc_toa="null" service_center="null" read="1" status="-1" locked="0" date_sent="0" readable_date="14-10-2015 18:00:59" contact_name="(Unknown)" />
  <sms protocol="0" address="0968193922" date="1444820472593" type="2" subject="null" body="Nhan 2 tin." toa="null" sc_toa="null" service_center="null" read="1" status="32" locked="0" date_sent="0" readable_date="14-10-2015 18:01:12" contact_name="(Unknown)" />
  <sms protocol="0" address="0964386982" date="1444820487592" type="2" subject="null" body="Tin 1: De:33,44,46,61,64,69,96x200n.00,05,11,14,16,19,38,41,49,50,55,66,83,88,91,94,99x150n.06,60x70n.01,29,56,65,92x50n." toa="null" sc_toa="null" service_center="null" read="1" status="32" locked="0" date_sent="0" readable_date="14-10-2015 18:01:27" contact_name="A Duc" />
  <sms protocol="0" address="0983650782" date="1444820504088" type="2" subject="null" body="Tin 2: xi2:00,50*2d.xi3:24,67,71*5d.,xi3:64,75,77*5d.xi3:18,28,38*10d.,xi3:22,27,30*10d.,xi2:28,90*10d." toa="null" sc_toa="null" service_center="null" read="1" status="32" locked="0" date_sent="0" readable_date="14-10-2015 18:01:44" contact_name="A T 782 Lv" />
  <sms protocol="0" address="+84964386982" date="1444820521018" type="1" subject="null" body="bac gui cho em 1 tin" toa="null" sc_toa="null" service_center="null" read="1" status="-1" locked="0" date_sent="0" readable_date="14-10-2015 18:02:01" contact_name="A Duc" />
  <sms protocol="0" address="+841677281854" date="1444820527564" type="1" subject="null" body="Nhan 2 tin.so tin cuoi:2." toa="null" sc_toa="null" service_center="null" read="1" status="-1" locked="0" date_sent="0" readable_date="14-10-2015 18:02:07" contact_name="(Unknown)" />
  <sms protocol="0" address="+84983650782" date="1444820745225" type="1" subject="null" body="Em gui cho Anh 2 tin" toa="null" sc_toa="null" service_center="null" read="1" status="-1" locked="0" date_sent="0" readable_date="14-10-2015 18:05:45" contact_name="A T 782 Lv" />
  <sms protocol="0" address="+84978475222" date="1444820769547" type="1" subject="null" body="Ok" toa="null" sc_toa="null" service_center="null" read="1" status="-1" locked="0" date_sent="0" readable_date="14-10-2015 18:06:09" contact_name="Huy Ly 222" />
  <sms protocol="0" address="+84973836212" date="1444820796623" type="1" subject="null" body="T1 18 x 50đ.&#10;08 x 25đ.&#10;11 x 45đ.&#10;74x 10đ.&#10;64 x 10đ.&#10;89 x 5đ." toa="null" sc_toa="null" service_center="null" read="1" status="-1" locked="0" date_sent="0" readable_date="14-10-2015 18:06:36" contact_name="Tien Em" />
  <sms protocol="0" address="0973836212" date="1444820808597" type="2" subject="null" body="Nhan 1 tin.so tin cuoi:1." toa="null" sc_toa="null" service_center="null" read="1" status="32" locked="0" date_sent="0" readable_date="14-10-2015 18:06:48" contact_name="Tien Em" />
  <sms protocol="0" address="+841632029067" date="1444820808900" type="1" subject="null" body="18 74 x100d" toa="null" sc_toa="null" service_center="null" read="1" status="-1" locked="0" date_sent="0" readable_date="14-10-2015 18:06:48" contact_name="(Unknown)" />
  <sms protocol="0" address="+84977655973" date="1444820813985" type="1" subject="null" body="Lo 11x25 64x5d dau 2x25n duoi 4x10n 26 14x50n 363 62 41 52 x10n" toa="null" sc_toa="null" service_center="null" read="1" status="-1" locked="0" date_sent="0" readable_date="14-10-2015 18:06:53" contact_name="A Su Cong Tinh Uy" />
  <sms protocol="0" address="01632029067" date="1444820820589" type="2" subject="null" body="Nhan 1 tin." toa="null" sc_toa="null" service_center="null" read="1" status="0" locked="0" date_sent="0" readable_date="14-10-2015 18:07:00" contact_name="(Unknown)" />
  <sms protocol="0" address="01677281854" date="1444820843091" type="2" subject="null" body="Tin 3: lo:18x100d.74x60d.11x20d." toa="null" sc_toa="null" service_center="null" read="1" status="0" locked="0" date_sent="0" readable_date="14-10-2015 18:07:23" contact_name="(Unknown)" />
  <sms protocol="0" address="0983650782" date="1444820855087" type="2" subject="null" body="Tin 3: lo:11,18,74x50d.08x25d.64x15d.89x5d." toa="null" sc_toa="null" service_center="null" read="1" status="32" locked="0" date_sent="0" readable_date="14-10-2015 18:07:35" contact_name="A T 782 Lv" />
  <sms protocol="0" address="+841685897838" date="1444820862070" type="1" subject="null" body="Xien 56  75  76 x 20n xien 11 74 07 x10 n xien 47 69  75 x 10 n xien 50  70 90 x 10 n xien 29  39 11 x 10 xien  09 60 75 x20n de 767 x 10 n   75 08 06 77 121  26 61 11 49 94 99 38 83 05 50 x10 n 46 74 47 64 41 4348789 72 x 5n 676xx10n" toa="null" sc_toa="null" service_center="null" read="1" status="-1" locked="0" date_sent="0" readable_date="14-10-2015 18:07:42" contact_name="Chi H. v. b" />
  <sms protocol="0" address="+841677281854" date="1444820871317" type="1" subject="null" body="Nhan 3 tin.so tin cuoi:3." toa="null" sc_toa="null" service_center="null" read="1" status="-1" locked="0" date_sent="0" readable_date="14-10-2015 18:07:51" contact_name="(Unknown)" />
  <sms protocol="0" address="+84977655973" date="1444820975807" type="2" subject="null" body="Ok" toa="null" sc_toa="null" service_center="null" read="1" status="0" locked="0" date_sent="0" readable_date="14-10-2015 18:09:35" contact_name="A Su Cong Tinh Uy" />
  <sms protocol="0" address="+841685897838" date="1444821030201" type="1" subject="null" body="Ba.cang.694.168.355.305.050.505.555.000.949.494.149.144.299.988.983.569.479.x100n.de.060.686.202.363.585.696.767.646.828.272.989.494.59.45.52.757.80.30.505.00.x800n" toa="null" sc_toa="null" service_center="+84980200613" read="1" status="-1" locked="0" date_sent="1444821027000" readable_date="14-10-2015 18:10:30" contact_name="Chi H. v. b" />
  <sms protocol="0" address="01685897838" date="1444821057589" type="2" subject="null" body="Nhan 4 tin." toa="null" sc_toa="null" service_center="null" read="1" status="0" locked="0" date_sent="0" readable_date="14-10-2015 18:10:57" contact_name="Chi H. v. b" />
  <sms protocol="0" address="01685897838" date="1444821062103" type="2" subject="null" body="Nhan 5 tin." toa="null" sc_toa="null" service_center="null" read="1" status="0" locked="0" date_sent="0" readable_date="14-10-2015 18:11:02" contact_name="Chi H. v. b" />
  <sms protocol="0" address="01685897838" date="1444821063594" type="2" subject="null" body="Nhan 5 tin." toa="null" sc_toa="null" service_center="null" read="1" status="0" locked="0" date_sent="0" readable_date="14-10-2015 18:11:03" contact_name="Chi H. v. b" />
  <sms protocol="0" address="0983650782" date="1444821080089" type="2" subject="null" body="Tin 4: xi3:09,60,75*2d.,xi3:56,75,76*2d.xi3:07,11,74*1d.,xi3:11,29,39*1d.,xi3:47,69,75*1d.,xi3:50,70,90*1d." toa="null" sc_toa="null" service_center="null" read="1" status="32" locked="0" date_sent="0" readable_date="14-10-2015 18:11:20" contact_name="A T 782 Lv" />
  <sms protocol="0" address="0983650782" date="1444821090593" type="2" subject="null" body="Tin 5: Ba cang:000,050,144,149,168,299,305,355,479,494,505,555,569,694,949,983,988x100n." toa="null" sc_toa="null" service_center="null" read="1" status="0" locked="0" date_sent="0" readable_date="14-10-2015 18:11:30" contact_name="A T 782 Lv" />
  <sms protocol="0" address="0964386982" date="1444821126593" type="2" subject="null" body="Tin 2: De:20,27,28,67,76,36,52,63,75,72,02,30,45,57,58,59,68,80,82,85,86,89,98x250n.06,60x180n.94,05,49,50,00x100n.26x85n.14x60n.64,46,69,96x50n." toa="null" sc_toa="null" service_center="null" read="1" status="0" locked="0" date_sent="0" readable_date="14-10-2015 18:12:06" contact_name="A Duc" />
  <sms protocol="0" address="+84983650782" date="1444821127772" type="1" subject="null" body="Em gui cho Anh 5 tin" toa="null" sc_toa="null" service_center="null" read="1" status="-1" locked="0" date_sent="0" readable_date="14-10-2015 18:12:07" contact_name="A T 782 Lv" />
  <sms protocol="0" address="0964386982" date="1444821158097" type="2" subject="null" body="Tin 3: De:64,46,69,96,94,05,49,50,00,06,60,20,27,28,67,76,36,52,63,75,72,02,30,45,57,58,59,68,80,82,85,86,89,98x50n" toa="null" sc_toa="null" service_center="null" read="1" status="0" locked="0" date_sent="0" readable_date="14-10-2015 18:12:38" contact_name="A Duc" />
  <sms protocol="0" address="01677281854" date="1444821171596" type="2" subject="null" body="Tin 4: De:64x715n.46x705n.69,96x700n.94x670n.05,49,50x660n.00x650n.06x580n.60x570n.20,27,28x525n.67,76x520n.36,52,63,75x510n.72x505n.02,30,45,57,58,59,68,80,82,85,86,89,98x500n.21,24x35n.22,23,25,29x25n.41,74x15n.04,08,11,12,34,38,44,54,61,62,77,83,84,99x10n.43,47,48,78x5n." toa="null" sc_toa="null" service_center="null" read="1" status="32" locked="0" date_sent="0" readable_date="14-10-2015 18:12:51" contact_name="(Unknown)" />
  <sms protocol="0" address="+841677281854" date="1444821198129" type="1" subject="null" body="Nhan 4 tin.so tin cuoi:4." toa="null" sc_toa="null" service_center="null" read="1" status="-1" locked="0" date_sent="0" readable_date="14-10-2015 18:13:18" contact_name="(Unknown)" />
  <sms protocol="0" address="0964386982" date="1444821213589" type="2" subject="null" body="em gui cho anh 3 tin" toa="null" sc_toa="null" service_center="null" read="1" status="0" locked="0" date_sent="0" readable_date="14-10-2015 18:13:33" contact_name="A Duc" />
  <sms protocol="0" address="+84964386982" date="1444821252103" type="1" subject="null" body="bac gui cho em 3 tin" toa="null" sc_toa="null" service_center="null" read="1" status="-1" locked="0" date_sent="0" readable_date="14-10-2015 18:14:12" contact_name="A Duc" />
  <sms protocol="0" address="0979399373" date="1444821260091" type="2" subject="null" body="Nhan 1 tin.. HET LO" toa="null" sc_toa="null" service_center="null" read="1" status="0" locked="0" date_sent="0" readable_date="14-10-2015 18:14:20" contact_name="A Tung Thuy?" />
  <sms protocol="0" address="01685897838" date="1444821261593" type="2" subject="null" body="Nhan 5 tin.. HET LO" toa="null" sc_toa="null" service_center="null" read="1" status="0" locked="0" date_sent="0" readable_date="14-10-2015 18:14:21" contact_name="Chi H. v. b" />
  <sms protocol="0" address="0968193922" date="1444821263098" type="2" subject="null" body="Nhan 2 tin.. HET LO" toa="null" sc_toa="null" service_center="null" read="1" status="0" locked="0" date_sent="0" readable_date="14-10-2015 18:14:23" contact_name="(Unknown)" />
  <sms protocol="0" address="0973836212" date="1444821264590" type="2" subject="null" body="Nhan 1 tin.so tin cuoi:1.. HET LO" toa="null" sc_toa="null" service_center="null" read="1" status="32" locked="0" date_sent="0" readable_date="14-10-2015 18:14:24" contact_name="Tien Em" />
  <sms protocol="0" address="01632029067" date="1444821266088" type="2" subject="null" body="Nhan 1 tin.. HET LO" toa="null" sc_toa="null" service_center="null" read="1" status="0" locked="0" date_sent="0" readable_date="14-10-2015 18:14:26" contact_name="(Unknown)" />
  <sms protocol="0" address="0977655973" date="1444821267590" type="2" subject="null" body="Nhan 1 tin.. HET LO" toa="null" sc_toa="null" service_center="null" read="1" status="32" locked="0" date_sent="0" readable_date="14-10-2015 18:14:27" contact_name="A Su Cong Tinh Uy" />
  <sms protocol="0" address="+841685897838" date="1444821301927" type="1" subject="null" body="Kep bang x300.kep lech x100." toa="null" sc_toa="null" service_center="null" read="1" status="-1" locked="0" date_sent="0" readable_date="14-10-2015 18:15:01" contact_name="Chi H. v. b" />
  <sms protocol="0" address="01685897838" date="1444821311092" type="2" subject="null" body="Nhan 6 tin." toa="null" sc_toa="null" service_center="null" read="1" status="32" locked="0" date_sent="0" readable_date="14-10-2015 18:15:11" contact_name="Chi H. v. b" />
  <sms protocol="0" address="01685897838" date="1444821314089" type="2" subject="null" body="Nhan 6 tin." toa="null" sc_toa="null" service_center="null" read="1" status="32" locked="0" date_sent="0" readable_date="14-10-2015 18:15:14" contact_name="Chi H. v. b" />
  <sms protocol="0" address="0964386982" date="1444821327603" type="2" subject="null" body="Tin 4: De:22,77x300n.11,55,66,88,99x150n.33,44,16,38,61,83x100n." toa="null" sc_toa="null" service_center="null" read="1" status="0" locked="0" date_sent="0" readable_date="14-10-2015 18:15:27" contact_name="A Duc" />
  <sms protocol="0" address="+841685897838" date="1444821336215" type="1" subject="null" body="de,76x5trieu 67x400n  3cang 876x500n ,476,576,  076 -276x100n" toa="null" sc_toa="null" service_center="null" read="1" status="-1" locked="0" date_sent="0" readable_date="14-10-2015 18:15:36" contact_name="Chi H. v. b" />
  <sms protocol="0" address="01685897838" date="1444821344089" type="2" subject="null" body="Nhan 7 tin." toa="null" sc_toa="null" service_center="null" read="1" status="0" locked="0" date_sent="0" readable_date="14-10-2015 18:15:44" contact_name="Chi H. v. b" />
  <sms protocol="0" address="0983650782" date="1444821356090" type="2" subject="null" body="Tin 6: Ba cang:076,276,476,576x100n.876x500n." toa="null" sc_toa="null" service_center="null" read="1" status="0" locked="0" date_sent="0" readable_date="14-10-2015 18:15:56" contact_name="A T 782 Lv" />
  <sms protocol="0" address="01677281854" date="1444821372588" type="2" subject="null" body="Tin 5: De:76x5000n.67x400n.00x300n.33,44x200n.11,55,66,88,99x150n.05,27,49,50,72,94x100n." toa="null" sc_toa="null" service_center="null" read="1" status="32" locked="0" date_sent="0" readable_date="14-10-2015 18:16:12" contact_name="(Unknown)" />
  <sms protocol="0" address="+841677281854" date="1444821396792" type="1" subject="null" body="Nhan 5 tin.so tin cuoi:5." toa="null" sc_toa="null" service_center="null" read="1" status="-1" locked="0" date_sent="0" readable_date="14-10-2015 18:16:36" contact_name="(Unknown)" />
  <sms protocol="0" address="+84964386982" date="1444821463293" type="1" subject="null" body="bac gui cho em 4 tin" toa="null" sc_toa="null" service_center="null" read="1" status="-1" locked="0" date_sent="0" readable_date="14-10-2015 18:17:43" contact_name="A Duc" />
  <sms protocol="0" address="+84983650782" date="1444821472375" type="1" subject="null" body="Em gui cho Anh 6 tin" toa="null" sc_toa="null" service_center="null" read="1" status="-1" locked="0" date_sent="0" readable_date="14-10-2015 18:17:52" contact_name="A T 782 Lv" />
  <sms protocol="0" address="+841685897838" date="1444821499132" type="1" subject="null" body="Ba cang.080.808.560.065.075.327.092.079.050.505.009.x100n.de.080.050.00.969.848.747.45.313.686.878.161.52.565.99.010.424.81.22.40.x200n" toa="null" sc_toa="null" service_center="null" read="1" status="-1" locked="0" date_sent="0" readable_date="14-10-2015 18:18:19" contact_name="Chi H. v. b" />
  <sms protocol="0" address="01685897838" date="1444821504590" type="2" subject="null" body="Nhan 8 tin." toa="null" sc_toa="null" service_center="null" read="1" status="0" locked="0" date_sent="0" readable_date="14-10-2015 18:18:24" contact_name="Chi H. v. b" />
  <sms protocol="0" address="0983650782" date="1444821515092" type="2" subject="null" body="Tin 7: Ba cang:050,505,009,065,075,079,080,092,327,560,808x100n." toa="null" sc_toa="null" service_center="null" read="1" status="0" locked="0" date_sent="0" readable_date="14-10-2015 18:18:35" contact_name="A T 782 Lv" />
  <sms protocol="0" address="0964386982" date="1444821527097" type="2" subject="null" body="Tin 5: De:01,08,10,13,24,31,40,42,47,48,56,65,74,78,81,84,87x200n.16x50n." toa="null" sc_toa="null" service_center="null" read="1" status="0" locked="0" date_sent="0" readable_date="14-10-2015 18:18:47" contact_name="A Duc" />
  <sms protocol="0" address="01677281854" date="1444821537600" type="2" subject="null" body="Tin 6: De:00,05,22,45,50,52,61,68,69,80,86,96,99x200n.16x150n." toa="null" sc_toa="null" service_center="null" read="1" status="0" locked="0" date_sent="0" readable_date="14-10-2015 18:18:57" contact_name="(Unknown)" />
  <sms protocol="0" address="+841677281854" date="1444821563550" type="1" subject="null" body="Nhan 6 tin.so tin cuoi:6." toa="null" sc_toa="null" service_center="null" read="1" status="-1" locked="0" date_sent="0" readable_date="14-10-2015 18:19:23" contact_name="(Unknown)" />
  <sms protocol="0" address="+84964386982" date="1444821566298" type="1" subject="null" body="bac gui cho em 5 tin" toa="null" sc_toa="null" service_center="null" read="1" status="-1" locked="0" date_sent="0" readable_date="14-10-2015 18:19:26" contact_name="A Duc" />
  <sms protocol="0" address="+841685897838" date="1444821592050" type="1" subject="null" body="  Day con 1 x 10n" toa="null" sc_toa="null" service_center="null" read="1" status="-1" locked="0" date_sent="0" readable_date="14-10-2015 18:19:52" contact_name="Chi H. v. b" />
  <sms protocol="0" address="01685897838" date="1444821599092" type="2" subject="null" body="Nhan 9 tin." toa="null" sc_toa="null" service_center="null" read="1" status="0" locked="0" date_sent="0" readable_date="14-10-2015 18:19:59" contact_name="Chi H. v. b" />
  <sms protocol="0" address="01677281854" date="1444821608088" type="2" subject="null" body="Tin 7: De:01,06,10,11,12,13,14,15,16,17,18,19,21,26,31,36,41,46,51,56,60,61,62,63,64,65,66,67,68,69,71,76,81,86,91,96x10n." toa="null" sc_toa="null" service_center="null" read="1" status="32" locked="0" date_sent="0" readable_date="14-10-2015 18:20:08" contact_name="(Unknown)" />
  <sms protocol="0" address="+841677281854" date="1444821632317" type="1" subject="null" body="Nhan 7 tin.so tin cuoi:7." toa="null" sc_toa="null" service_center="null" read="1" status="-1" locked="0" date_sent="0" readable_date="14-10-2015 18:20:32" contact_name="(Unknown)" />
  <sms protocol="0" address="+84983650782" date="1444821681430" type="1" subject="null" body="Em gui cho Anh 7 tin" toa="null" sc_toa="null" service_center="null" read="1" status="-1" locked="0" date_sent="0" readable_date="14-10-2015 18:21:21" contact_name="A T 782 Lv" />
  <sms protocol="0" address="0979399373" date="1444821738592" type="2" subject="null" body="Nhan 1 tin.. HET DE" toa="null" sc_toa="null" service_center="null" read="1" status="32" locked="0" date_sent="0" readable_date="14-10-2015 18:22:18" contact_name="A Tung Thuy?" />
  <sms protocol="0" address="01685897838" date="1444821740088" type="2" subject="null" body="Nhan 9 tin.. HET DE" toa="null" sc_toa="null" service_center="null" read="1" status="32" locked="0" date_sent="0" readable_date="14-10-2015 18:22:20" contact_name="Chi H. v. b" />
  <sms protocol="0" address="0968193922" date="1444821741594" type="2" subject="null" body="Nhan 2 tin.. HET DE" toa="null" sc_toa="null" service_center="null" read="1" status="32" locked="0" date_sent="0" readable_date="14-10-2015 18:22:21" contact_name="(Unknown)" />
  <sms protocol="0" address="0973836212" date="1444821743092" type="2" subject="null" body="Nhan 1 tin.so tin cuoi:1.. HET DE" toa="null" sc_toa="null" service_center="null" read="1" status="0" locked="0" date_sent="0" readable_date="14-10-2015 18:22:23" contact_name="Tien Em" />
  <sms protocol="0" address="01632029067" date="1444821744619" type="2" subject="null" body="Nhan 1 tin.. HET DE" toa="null" sc_toa="null" service_center="null" read="1" status="0" locked="0" date_sent="0" readable_date="14-10-2015 18:22:24" contact_name="(Unknown)" />
  <sms protocol="0" address="0977655973" date="1444821746087" type="2" subject="null" body="Nhan 1 tin.. HET DE" toa="null" sc_toa="null" service_center="null" read="1" status="32" locked="0" date_sent="0" readable_date="14-10-2015 18:22:26" contact_name="A Su Cong Tinh Uy" />
  <sms protocol="0" address="+841677281854" date="1444821865166" type="1" subject="null" body="chau gui cho co 7 tin" toa="null" sc_toa="null" service_center="null" read="1" status="-1" locked="0" date_sent="0" readable_date="14-10-2015 18:24:25" contact_name="(Unknown)" />
  <sms protocol="0" address="0983650782" date="1444822049033" type="2" subject="null" body="Ngay:14/10/2015&#13;&#10;em chuyen cho anh&#13;&#10;Lo:195,0=4231,5n&#13;&#10;3Cang:3700,0=2442,0n&#13;&#10;Xien:104,0=624,0n&#13;&#10;em bu cho anh:7297,5n&#13;&#10;" toa="null" sc_toa="null" service_center="null" read="1" status="32" locked="0" date_sent="0" readable_date="14-10-2015 18:27:29" contact_name="A T 782 Lv" />
  <sms protocol="0" address="01677281854" date="1444822052024" type="2" subject="null" body="Ngay:14/10/2015&#13;&#10;chau chuyen cho co&#13;&#10;De:34250,0=24660,0n&#13;&#10;Lo:440,0=9548,0n&#13;&#10;Thuong de:500,0=35000,0n&#13;&#10;Thuong lo:50,0=4000,0n&#13;&#10;co bu cho chau:4792,0n&#13;&#10;" toa="null" sc_toa="null" service_center="null" read="1" status="32" locked="0" date_sent="0" readable_date="14-10-2015 18:27:32" contact_name="(Unknown)" />
  <sms protocol="0" address="0968193922" date="1444822056539" type="2" subject="null" body="Ngay:14/10/2015&#13;&#10;chị chuyen cho EM&#13;&#10;Xien:16,0=108,8n&#13;&#10;chị bu cho EM:108,8n&#13;&#10;" toa="null" sc_toa="null" service_center="null" read="1" status="32" locked="0" date_sent="0" readable_date="14-10-2015 18:27:36" contact_name="(Unknown)" />
  <sms protocol="0" address="0979399373" date="1444822061027" type="2" subject="null" body="Ngay:14/10/2015&#13;&#10;Anh chuyen cho EM&#13;&#10;De:140,0=105,0n&#13;&#10;Lo:60,0=1320,0n&#13;&#10;Xien:10,0=75,0n&#13;&#10;Anh bu cho EM:1500,0n&#13;&#10;" toa="null" sc_toa="null" service_center="null" read="1" status="0" locked="0" date_sent="0" readable_date="14-10-2015 18:27:41" contact_name="A Tung Thuy?" />
  <sms protocol="0" address="0977655973" date="1444822064026" type="2" subject="null" body="Ngay:14/10/2015&#13;&#10;BAC chuyen cho EM&#13;&#10;De:500,0=400,0n&#13;&#10;Lo:30,0=675,0n&#13;&#10;BAC bu cho EM:1075,0n&#13;&#10;" toa="null" sc_toa="null" service_center="null" read="1" status="32" locked="0" date_sent="0" readable_date="14-10-2015 18:27:44" contact_name="A Su Cong Tinh Uy" />
  <sms protocol="0" address="0964386982" date="1444822070029" type="2" subject="null" body="Ngay:14/10/2015&#13;&#10;em chuyen cho anh&#13;&#10;De:18395,0=13152,4n&#13;&#10;Thuong de:300,0=21000,0n&#13;&#10;anh bu cho em:7847,6n&#13;&#10;" toa="null" sc_toa="null" service_center="null" read="1" status="0" locked="0" date_sent="0" readable_date="14-10-2015 18:27:50" contact_name="A Duc" />
  <sms protocol="0" address="01685897838" date="1444822074540" type="2" subject="null" body="Ngay:14/10/2015&#13;&#10;chi chuyen cho EM&#13;&#10;De:52005,0=37443,6n&#13;&#10;Lo:200,0=4340,0n&#13;&#10;3Cang:3700,0=2627,0n&#13;&#10;Xien:78,0=522,6n&#13;&#10;Th de:800,0=56000,0n&#13;&#10;Th lo:50,0=4000,0n&#13;&#10;EM bu cho chi:15066,8n&#13;&#10;" toa="null" sc_toa="null" service_center="null" read="1" status="0" locked="0" date_sent="0" readable_date="14-10-2015 18:27:54" contact_name="Chi H. v. b" />
  <sms protocol="0" address="0973836212" date="1444822079027" type="2" subject="null" body="Ngay:14/10/2015&#13;&#10;may chuyen cho tao&#13;&#10;Lo:145,0=3175,5n&#13;&#10;may bu cho tao:3175,5n&#13;&#10;" toa="null" sc_toa="null" service_center="null" read="1" status="0" locked="0" date_sent="0" readable_date="14-10-2015 18:27:59" contact_name="Tien Em" />
  <sms protocol="0" address="01632029067" date="1444822083522" type="2" subject="null" body="Ngay:14/10/2015&#13;&#10;Chị chuyen cho EM&#13;&#10;Lo:200,0=4350,0n&#13;&#10;Chị bu cho EM:4350,0n&#13;&#10;" toa="null" sc_toa="null" service_center="null" read="1" status="0" locked="0" date_sent="0" readable_date="14-10-2015 18:28:03" contact_name="(Unknown)" />
  <sms protocol="0" address="+84983650782" date="1444822117424" type="1" subject="null" body="Ngay:14/10/2015&#10;Em chuyen cho Anh&#10;Lo:195,0=4231,5n&#10;3Cang:3700,0=2442,0n&#10;Xien:104,0=624,0n&#10;Em bu cho Anh:7297,5n&#10;" toa="null" sc_toa="null" service_center="null" read="0" status="-1" locked="0" date_sent="0" readable_date="14-10-2015 18:28:37" contact_name="A T 782 Lv" />
  <sms protocol="0" address="0983099345" date="1444822153991" type="2" subject="null" body="EM bu cho chi:15066,8n&#13;&#10;T bu c 15156" toa="null" sc_toa="null" service_center="null" read="1" status="32" locked="0" date_sent="0" readable_date="14-10-2015 18:29:13" contact_name="Viet Bo" />
  <sms protocol="0" address="01677281854" date="1444822194788" type="2" subject="null" body="Tinh den het ngay:13/10/15 chau bu 1826n&#13;&#10;Ngay:14/10/15 co-4791n &#13;&#10;Tong cong: chau thu 2965" toa="null" sc_toa="null" service_center="null" read="1" status="32" locked="0" date_sent="0" readable_date="14-10-2015 18:29:54" contact_name="(Unknown)" />
  <sms protocol="0" address="01632029067" date="1444822202855" type="2" subject="null" body="Tinh den het ngay:13/10/15 EM thu 568n&#13;&#10;Ngay:14/10/15 Chị-108n -4350n &#13;&#10;Tong cong: EM thu 5026" toa="null" sc_toa="null" service_center="null" read="1" status="0" locked="0" date_sent="0" readable_date="14-10-2015 18:30:02" contact_name="(Unknown)" />
  <sms protocol="0" address="0964386982" date="1444822212113" type="2" subject="null" body="Tinh den het ngay:13/10/15 em thu 5352n&#13;&#10;Ngay:14/10/15 anh-7847n &#13;&#10;Tong cong: em thu 13199" toa="null" sc_toa="null" service_center="null" read="1" status="32" locked="0" date_sent="0" readable_date="14-10-2015 18:30:12" contact_name="A Duc" />
  <sms protocol="0" address="0973836212" date="1444822214622" type="2" subject="null" body="Tinh den het ngay:13/10/15 tao thu 6450n&#13;&#10;Ngay:14/10/15 may-300n +1500n -3175n &#13;&#10;Tong cong: tao thu 8425" toa="null" sc_toa="null" service_center="null" read="1" status="0" locked="0" date_sent="0" readable_date="14-10-2015 18:30:14" contact_name="Tien Em" />
  <sms protocol="0" address="0977655973" date="1444822217640" type="2" subject="null" body="Tinh den het ngay:13/10/15 EM thu 353n&#13;&#10;Ngay:14/10/15 BAC-1075n &#13;&#10;Tong cong: EM thu 1428" toa="null" sc_toa="null" service_center="null" read="1" status="32" locked="0" date_sent="0" readable_date="14-10-2015 18:30:17" contact_name="A Su Cong Tinh Uy" />
  <sms protocol="0" address="0979399373" date="1444822223282" type="2" subject="null" body="Tinh den het ngay:13/10/15 EM thu 564n&#13;&#10;Ngay:14/10/15 Anh-1500n &#13;&#10;Tong cong: EM thu 2064" toa="null" sc_toa="null" service_center="null" read="1" status="32" locked="0" date_sent="0" readable_date="14-10-2015 18:30:23" contact_name="A Tung Thuy?" />
  <sms protocol="0" address="0983099345" date="1444822226678" type="2" subject="null" body="Tinh den het ngay:13/10/15 toi thu 22784n&#13;&#10;Ngay:14/10/15 Ban+15156n &#13;&#10;Tong cong: toi thu 7628" toa="null" sc_toa="null" service_center="null" read="1" status="0" locked="0" date_sent="0" readable_date="14-10-2015 18:30:26" contact_name="Viet Bo" />
  <sms protocol="0" address="+841677281854" date="1444822255390" type="1" subject="null" body="Ngay:14/10/2015&#10;chau chuyen cho co&#10;De:34250,0=24660,0n&#10;Lo:440,0=9534,8n&#10;Th de:500,0=35000,0n&#10;Th lo:50,0=4000,0n&#10;co bu cho chau:4805,2n&#10;" toa="null" sc_toa="null" service_center="null" read="0" status="-1" locked="0" date_sent="0" readable_date="14-10-2015 18:30:55" contact_name="(Unknown)" />
  <sms protocol="0" address="+84964386982" date="1444822323256" type="1" subject="null" body="Ngay:14/10/2015&#10;bac chuyen cho em&#10;De:18395,0=13152,4n&#10;Th de:300,0=21000,0n&#10;em bu cho bac:7847,6n&#10;" toa="null" sc_toa="null" service_center="null" read="0" status="-1" locked="0" date_sent="0" readable_date="14-10-2015 18:32:03" contact_name="A Duc" />
</smses>