<?xml version='1.0' encoding='UTF-8' standalone='yes' ?>
<!--File Created By SMS Backup & Restore Pro v7.21 on 15/10/2015 21:24:57-->
<?xml-stylesheet type="text/xsl" href="sms.xsl"?>
<smses count="182">
  <sms protocol="0" address="+841685410901" date="1444817714409" type="1" subject="null" body="lô 383x 15d. đề 141,242,484,515,525,595,616,626,696,929x 25k." toa="null" sc_toa="null" service_center="+84980200613" read="1" status="-1" locked="0" date_sent="1444817712000" readable_date="14-10-2015 17:15:14" contact_name="Giang" />
  <sms protocol="0" address="+841685410901" date="1444817726032" type="2" subject="null" body="Ok" toa="null" sc_toa="null" service_center="null" read="1" status="-1" locked="0" date_sent="0" readable_date="14-10-2015 17:15:26" contact_name="Giang" />
  <sms protocol="0" address="0948723319" date="1444817737808" type="2" subject="null" body="lô 383x 15d. đề 141,242,484,515,525,595,616,626,696,929x 25k." toa="null" sc_toa="null" service_center="null" read="1" status="-1" locked="0" date_sent="0" readable_date="14-10-2015 17:15:37" contact_name="Tuyet2" />
  <sms protocol="0" address="+841685410901" date="1444817789095" type="1" subject="null" body="De10,56x 200n.32,34,54,78,98x 100n.01,65x 150n.12,76x 150n.21,67x 100n.23,43,45,87,89x 80n.50,16,72,38,94x 100n.05,61,27,83,49x 80n.55,77,99,00x 50n.11,22,33,44,66,88x 80n.060,151x 120n.262,171x 120n.030,090,696,181,070,363,454,252,080,484x 50n.292,474,585x 100n." toa="null" sc_toa="null" service_center="+84980200613" read="1" status="-1" locked="0" date_sent="1444817785000" readable_date="14-10-2015 17:16:29" contact_name="Giang" />
  <sms protocol="0" address="+841685410901" date="1444817790171" type="2" subject="null" body="Chau bao bon no gui lo som ti nhe. 6H12 chôt lô nhe" toa="null" sc_toa="null" service_center="null" read="1" status="-1" locked="0" date_sent="0" readable_date="14-10-2015 17:16:30" contact_name="Giang" />
  <sms protocol="0" address="+841685410901" date="1444817796532" type="2" subject="null" body="Ok" toa="null" sc_toa="null" service_center="null" read="1" status="-1" locked="0" date_sent="0" readable_date="14-10-2015 17:16:36" contact_name="Giang" />
  <sms protocol="0" address="+841685410901" date="1444817850794" type="1" subject="null" body="đề có 4,6,8(51so)x 25k." toa="null" sc_toa="null" service_center="+84980200613" read="1" status="-1" locked="0" date_sent="1444817848000" readable_date="14-10-2015 17:17:30" contact_name="Giang" />
  <sms protocol="0" address="0948723319" date="1444817852578" type="2" subject="null" body="De10,56x 200n.    32,34,54,78,98x 100n.     01,65x 150n.    12,76x 150n.21,67x 100n.     23,43,45,87,89x 80n.     50,16,72,38,94x 100n.05,61,27,83,49x 80n.55,77,99,00x 50n.11,22,33,44,66,88x 80n.      060,151x 120n.     262,171x 120n.030,090,696,181,070,363,454,252,080,484x 50n.     292,474,585x 100n." toa="null" sc_toa="null" service_center="null" read="1" status="-1" locked="0" date_sent="0" readable_date="14-10-2015 17:17:32" contact_name="Tuyet2" />
  <sms protocol="0" address="+84948723319" date="1444817857144" type="1" subject="null" body="Ok" toa="null" sc_toa="null" service_center="+8491020005" read="1" status="-1" locked="0" date_sent="1444817762000" readable_date="14-10-2015 17:17:37" contact_name="Tuyet2" />
  <sms protocol="0" address="+841685410901" date="1444817858130" type="2" subject="null" body="Ok" toa="null" sc_toa="null" service_center="null" read="1" status="-1" locked="0" date_sent="0" readable_date="14-10-2015 17:17:38" contact_name="Giang" />
  <sms protocol="0" address="0948723319" date="1444817867220" type="2" subject="null" body="đề có 4,6,8(51so)x 25k." toa="null" sc_toa="null" service_center="null" read="1" status="-1" locked="0" date_sent="0" readable_date="14-10-2015 17:17:47" contact_name="Tuyet2" />
  <sms protocol="0" address="+84948723319" date="1444818094787" type="1" subject="null" body="Ok2" toa="null" sc_toa="null" service_center="+8491020005" read="1" status="-1" locked="0" date_sent="1444818059000" readable_date="14-10-2015 17:21:34" contact_name="Tuyet2" />
  <sms protocol="0" address="+841685410901" date="1444818432842" type="1" subject="null" body="đề dàn từ 1-8 của tông lẻ(31so)x 50. dàn từ 1-8 của tông chẵn (33so)x 35.3 cang 347x 20.3 cang 712x 50." toa="null" sc_toa="null" service_center="+84980200613" read="1" status="-1" locked="0" date_sent="1444818425000" readable_date="14-10-2015 17:27:12" contact_name="Giang" />
  <sms protocol="0" address="+841685410901" date="1444818444393" type="2" subject="null" body="Ok" toa="null" sc_toa="null" service_center="null" read="1" status="-1" locked="0" date_sent="0" readable_date="14-10-2015 17:27:24" contact_name="Giang" />
  <sms protocol="0" address="0948723319" date="1444818470498" type="2" subject="null" body="đề dàn từ 1-8 của tông lẻ(31so)x 50. dàn từ 1-8 của tông chẵn (33so)x 35" toa="null" sc_toa="null" service_center="null" read="1" status="-1" locked="0" date_sent="0" readable_date="14-10-2015 17:27:50" contact_name="Tuyet2" />
  <sms protocol="0" address="+84948723319" date="1444818516227" type="1" subject="null" body="Ok" toa="null" sc_toa="null" service_center="+8491020005" read="1" status="-1" locked="0" date_sent="1444818480000" readable_date="14-10-2015 17:28:36" contact_name="Tuyet2" />
  <sms protocol="0" address="+841685410901" date="1444819027574" type="1" subject="null" body="Xi  00 94 30 38&#10;94 38 30&#10;18 94x100n &#10;De 94x300n  49x100n  77 272 282 080 88 00 20x50n&#10;Lo 18x30d " toa="null" sc_toa="null" service_center="+84980200613" read="1" status="-1" locked="0" date_sent="1444819025000" readable_date="14-10-2015 17:37:07" contact_name="Giang" />
  <sms protocol="0" address="+841685410901" date="1444819036346" type="1" subject="null" body="Cang 294x100n" toa="null" sc_toa="null" service_center="+84980200613" read="1" status="-1" locked="0" date_sent="1444819034000" readable_date="14-10-2015 17:37:16" contact_name="Giang" />
  <sms protocol="0" address="+841685410901" date="1444819037620" type="2" subject="null" body="Ok" toa="null" sc_toa="null" service_center="null" read="1" status="-1" locked="0" date_sent="0" readable_date="14-10-2015 17:37:17" contact_name="Giang" />
  <sms protocol="0" address="0948723319" date="1444819055738" type="2" subject="null" body="Xi  00 94 30 38&#10;94 38 30&#10;18 94x100n &#10;De 94x300n  49x100n  77 272 282 080 88 00 20x50n&#10;Lo 18x30d " toa="null" sc_toa="null" service_center="null" read="1" status="-1" locked="0" date_sent="0" readable_date="14-10-2015 17:37:35" contact_name="Tuyet2" />
  <sms protocol="0" address="+841685410901" date="1444819060914" type="2" subject="null" body="Ok" toa="null" sc_toa="null" service_center="null" read="1" status="-1" locked="0" date_sent="0" readable_date="14-10-2015 17:37:40" contact_name="Giang" />
  <sms protocol="0" address="+84948723319" date="1444819072404" type="1" subject="null" body="Ok" toa="null" sc_toa="null" service_center="+8491020005" read="1" status="-1" locked="0" date_sent="1444819037000" readable_date="14-10-2015 17:37:52" contact_name="Tuyet2" />
  <sms protocol="0" address="+841685410901" date="1444820026817" type="1" subject="null" body="De  21 75x120n lo 363x200d" toa="null" sc_toa="null" service_center="+84980200613" read="1" status="-1" locked="0" date_sent="1444820023000" readable_date="14-10-2015 17:53:46" contact_name="Giang" />
  <sms protocol="0" address="+841685410901" date="1444820040944" type="2" subject="null" body="Ok" toa="null" sc_toa="null" service_center="null" read="1" status="-1" locked="0" date_sent="0" readable_date="14-10-2015 17:54:00" contact_name="Giang" />
  <sms protocol="0" address="0948723319" date="1444820046899" type="2" subject="null" body="De  21 75x120n lo 363x200d" toa="null" sc_toa="null" service_center="null" read="1" status="-1" locked="0" date_sent="0" readable_date="14-10-2015 17:54:06" contact_name="Tuyet2" />
  <sms protocol="0" address="+84948723319" date="1444820132776" type="1" subject="null" body="Ok" toa="null" sc_toa="null" service_center="+8491020005" read="1" status="-1" locked="0" date_sent="1444820097000" readable_date="14-10-2015 17:55:32" contact_name="Tuyet2" />
  <sms protocol="0" address="+841685410901" date="1444820281292" type="1" subject="null" body="De 696 242 484 494 595x30n  585x150n" toa="null" sc_toa="null" service_center="+84980200613" read="1" status="-1" locked="0" date_sent="1444820278000" readable_date="14-10-2015 17:58:01" contact_name="Giang" />
  <sms protocol="0" address="+841685410901" date="1444820291199" type="2" subject="null" body="Ok" toa="null" sc_toa="null" service_center="null" read="1" status="-1" locked="0" date_sent="0" readable_date="14-10-2015 17:58:11" contact_name="Giang" />
  <sms protocol="0" address="0948723319" date="1444820297466" type="2" subject="null" body="De 696 242 484 494 595x30n  585x150n" toa="null" sc_toa="null" service_center="null" read="1" status="-1" locked="0" date_sent="0" readable_date="14-10-2015 17:58:17" contact_name="Tuyet2" />
  <sms protocol="0" address="+841662883398" date="1444820365807" type="1" subject="null" body="Đít 1.4 x 1.500n" toa="null" sc_toa="null" service_center="+84980200605" read="1" status="-1" locked="0" date_sent="1444820362000" readable_date="14-10-2015 17:59:25" contact_name="Chi Hoa" />
  <sms protocol="0" address="+841662883398" date="1444820377400" type="2" subject="null" body="Ok" toa="null" sc_toa="null" service_center="null" read="1" status="-1" locked="0" date_sent="0" readable_date="14-10-2015 17:59:37" contact_name="Chi Hoa" />
  <sms protocol="0" address="0948723319" date="1444820383752" type="2" subject="null" body="Đít 1.4 x 1.500n" toa="null" sc_toa="null" service_center="null" read="1" status="-1" locked="0" date_sent="0" readable_date="14-10-2015 17:59:43" contact_name="Tuyet2" />
  <sms protocol="0" address="+841685410901" date="1444820465658" type="1" subject="null" body="De 55 88x30n  Lô 18 x 100, 56 x300" toa="null" sc_toa="null" service_center="+84980200613" read="1" status="-1" locked="0" date_sent="1444820462000" readable_date="14-10-2015 18:01:05" contact_name="Giang" />
  <sms protocol="0" address="+841685410901" date="1444820476078" type="2" subject="null" body="Ok" toa="null" sc_toa="null" service_center="null" read="1" status="-1" locked="0" date_sent="0" readable_date="14-10-2015 18:01:16" contact_name="Giang" />
  <sms protocol="0" address="0948723319" date="1444820482579" type="2" subject="null" body="De 55 88x30n  Lô 18 x 100, 56 x300" toa="null" sc_toa="null" service_center="null" read="1" status="-1" locked="0" date_sent="0" readable_date="14-10-2015 18:01:22" contact_name="Tuyet2" />
  <sms protocol="0" address="+84948723319" date="1444820502250" type="1" subject="null" body="Ok" toa="null" sc_toa="null" service_center="+8491020005" read="1" status="-1" locked="0" date_sent="1444820466000" readable_date="14-10-2015 18:01:42" contact_name="Tuyet2" />
  <sms protocol="0" address="+841685410901" date="1444820511837" type="1" subject="null" body="Lo 212x50d " toa="null" sc_toa="null" service_center="+84980200613" read="1" status="-1" locked="0" date_sent="1444820508000" readable_date="14-10-2015 18:01:51" contact_name="Giang" />
  <sms protocol="0" address="+841685410901" date="1444820522260" type="2" subject="null" body="Ok" toa="null" sc_toa="null" service_center="null" read="1" status="-1" locked="0" date_sent="0" readable_date="14-10-2015 18:02:02" contact_name="Giang" />
  <sms protocol="0" address="0948723319" date="1444820527498" type="2" subject="null" body="Lo 212x50d " toa="null" sc_toa="null" service_center="null" read="1" status="-1" locked="0" date_sent="0" readable_date="14-10-2015 18:02:07" contact_name="Tuyet2" />
  <sms protocol="0" address="+84948723319" date="1444820548621" type="1" subject="null" body="Ok" toa="null" sc_toa="null" service_center="+8491020005" read="1" status="-1" locked="0" date_sent="1444820513000" readable_date="14-10-2015 18:02:28" contact_name="Tuyet2" />
  <sms protocol="35" address="+841653535810" date="1444820725883" type="1" subject="null" body="Lo 77x600d.lo 757.18.55.797.76.292.13.66.09.11.33.494.89.83.95.80.696.060.99.62.72.64x100d.de 868.060.767x3tr.de 040.050.707.292.121.20.28.62.63.64.67.69.48.78.22.23.24.272x800n.de 42.43.44.47.49.50.58.737.74.79.52.53.54.575.59.303x400n." toa="null" sc_toa="null" service_center="+84980200613" read="1" status="-1" locked="0" date_sent="1444820719000" readable_date="14-10-2015 18:05:25" contact_name="Cong2" />
  <sms protocol="0" address="+841653535810" date="1444820737052" type="2" subject="null" body="Ok" toa="null" sc_toa="null" service_center="null" read="1" status="-1" locked="0" date_sent="0" readable_date="14-10-2015 18:05:37" contact_name="Cong2" />
  <sms protocol="0" address="01678838814" date="1444820752236" type="2" subject="null" body="Lo 77x600d.lo 757.18.55.797.76.292.13.66.09.11.33.494.89.83.95.80.696.060.99.62.72.64x100d.de 868.060.767x3tr.de 040.050.707.292.121.20.28.62.63.64.67.69.48.78.22.23.24.272x800n.de 42.43.44.47.49.50.58.737.74.79.52.53.54.575.59.303x400n." toa="null" sc_toa="null" service_center="null" read="1" status="-1" locked="0" date_sent="0" readable_date="14-10-2015 18:05:52" contact_name="Vo Anh Thai" />
  <sms protocol="0" address="+841678838814" date="1444820805559" type="1" subject="null" body="Ok1" toa="null" sc_toa="null" service_center="+84980200605" read="1" status="-1" locked="0" date_sent="1444820802000" readable_date="14-10-2015 18:06:45" contact_name="Vo Anh Thai" />
  <sms protocol="0" address="+84971202383" date="1444820886109" type="1" subject="null" body="lo 58 56 x 1000&#10;85 x 500&#10;18 74 26 09 06 x 200&#10;69 77 x 100&#10;07 70 x 50" toa="null" sc_toa="null" service_center="+84980200605" read="1" status="-1" locked="0" date_sent="1444820883000" readable_date="14-10-2015 18:08:06" contact_name="Nam1" />
  <sms protocol="0" address="0948723319" date="1444820901154" type="2" subject="null" body="lo 58 56 x 1000&#10;85 x 500&#10;18 74 26 09 06 x 200&#10;69 77 x 100&#10;07 70 x 50" toa="null" sc_toa="null" service_center="null" read="1" status="-1" locked="0" date_sent="0" readable_date="14-10-2015 18:08:21" contact_name="Tuyet2" />
  <sms protocol="0" address="+84971202383" date="1444820904073" type="2" subject="null" body="Ok" toa="null" sc_toa="null" service_center="null" read="1" status="-1" locked="0" date_sent="0" readable_date="14-10-2015 18:08:24" contact_name="Nam1" />
  <sms protocol="0" address="+841685410901" date="1444820910935" type="1" subject="null" body="De 363x250n 00x20n  060x10n" toa="null" sc_toa="null" service_center="+84980200613" read="1" status="-1" locked="0" date_sent="1444820908000" readable_date="14-10-2015 18:08:30" contact_name="Giang" />
  <sms protocol="0" address="+841685410901" date="1444820919532" type="2" subject="null" body="Ok" toa="null" sc_toa="null" service_center="null" read="1" status="-1" locked="0" date_sent="0" readable_date="14-10-2015 18:08:39" contact_name="Giang" />
  <sms protocol="0" address="0948723319" date="1444820925619" type="2" subject="null" body="De 363x250n 00x20n  060x10n" toa="null" sc_toa="null" service_center="null" read="1" status="-1" locked="0" date_sent="0" readable_date="14-10-2015 18:08:45" contact_name="Tuyet2" />
  <sms protocol="0" address="+84971202383" date="1444820947000" type="1" subject="null" body="xien 4 56 58 06 18&#10;56 58 26 69 &#10;56 58 74 09 &#10;56 58 70 96 x 1tr" toa="null" sc_toa="null" service_center="+84980200605" read="1" status="-1" locked="0" date_sent="1444820944000" readable_date="14-10-2015 18:09:07" contact_name="Nam1" />
  <sms protocol="0" address="+84971202383" date="1444820958800" type="2" subject="null" body="Ok" toa="null" sc_toa="null" service_center="null" read="1" status="-1" locked="0" date_sent="0" readable_date="14-10-2015 18:09:18" contact_name="Nam1" />
  <sms protocol="0" address="+84948723319" date="1444820965524" type="1" subject="null" body="Ok" toa="null" sc_toa="null" service_center="+8491020005" read="1" status="-1" locked="0" date_sent="1444820930000" readable_date="14-10-2015 18:09:25" contact_name="Tuyet2" />
  <sms protocol="0" address="+84971202383" date="1444820986291" type="1" subject="null" body="de 08 80 x 10tr &#10;3c 784 584 x 50" toa="null" sc_toa="null" service_center="+84980200605" read="1" status="-1" locked="0" date_sent="1444820983000" readable_date="14-10-2015 18:09:46" contact_name="Nam1" />
  <sms protocol="0" address="+84971202383" date="1444820998486" type="2" subject="null" body="Ok" toa="null" sc_toa="null" service_center="null" read="1" status="-1" locked="0" date_sent="0" readable_date="14-10-2015 18:09:58" contact_name="Nam1" />
  <sms protocol="0" address="0948723319" date="1444821012837" type="2" subject="null" body="de 08 80 x 10tr &#10;" toa="null" sc_toa="null" service_center="null" read="1" status="-1" locked="0" date_sent="0" readable_date="14-10-2015 18:10:12" contact_name="Tuyet2" />
  <sms protocol="0" address="+84948723319" date="1444821027902" type="1" subject="null" body="Ok" toa="null" sc_toa="null" service_center="+8491020005" read="1" status="-1" locked="0" date_sent="1444820992000" readable_date="14-10-2015 18:10:27" contact_name="Tuyet2" />
  <sms protocol="0" address="+841685410901" date="1444821063837" type="1" subject="null" body="Cang 427.027x1.000" toa="null" sc_toa="null" service_center="+84980200613" read="1" status="-1" locked="0" date_sent="1444821060000" readable_date="14-10-2015 18:11:03" contact_name="Giang" />
  <sms protocol="0" address="+841685410901" date="1444821072717" type="2" subject="null" body="Ok" toa="null" sc_toa="null" service_center="null" read="1" status="-1" locked="0" date_sent="0" readable_date="14-10-2015 18:11:12" contact_name="Giang" />
  <sms protocol="0" address="0948723319" date="1444821133212" type="2" subject="null" body="de 868.060.767 040.050.707.292.121.20.28.62.63.64.67.69.48.78.22.23.24.272 42.43.44.47.49.50.58.737.74.79.52.53.54.575.59.303x500n" toa="null" sc_toa="null" service_center="null" read="1" status="-1" locked="0" date_sent="0" readable_date="14-10-2015 18:12:13" contact_name="Tuyet2" />
  <sms protocol="0" address="+841685410901" date="1444821137337" type="1" subject="null" body="Lo 60x200d" toa="null" sc_toa="null" service_center="+84980200613" read="1" status="-1" locked="0" date_sent="1444821134000" readable_date="14-10-2015 18:12:17" contact_name="Giang" />
  <sms protocol="0" address="+84965753555" date="1444821143016" type="1" subject="null" body=".de 868.060.767x500.de 040.050.707.292.121.20.28.62.63.64.67.69.48.78.22.23.24.272x600n.de 42.43.44.47.49.50.58.737.74.79.52.53.54.575.59.303x400n." toa="null" sc_toa="null" service_center="+84980200605" read="1" status="-1" locked="0" date_sent="1444821140000" readable_date="14-10-2015 18:12:23" contact_name="An" />
  <sms protocol="0" address="+841685410901" date="1444821147723" type="2" subject="null" body="Ok" toa="null" sc_toa="null" service_center="null" read="1" status="-1" locked="0" date_sent="0" readable_date="14-10-2015 18:12:27" contact_name="Giang" />
  <sms protocol="0" address="0948723319" date="1444821155780" type="2" subject="null" body="Lo 60x200d" toa="null" sc_toa="null" service_center="null" read="1" status="-1" locked="0" date_sent="0" readable_date="14-10-2015 18:12:35" contact_name="Tuyet2" />
  <sms protocol="0" address="+84965753555" date="1444821163643" type="2" subject="null" body="Ok" toa="null" sc_toa="null" service_center="null" read="1" status="-1" locked="0" date_sent="0" readable_date="14-10-2015 18:12:43" contact_name="An" />
  <sms protocol="0" address="+84948723319" date="1444821178494" type="1" subject="null" body="Ok" toa="null" sc_toa="null" service_center="+8491020005" read="1" status="-1" locked="0" date_sent="1444821142000" readable_date="14-10-2015 18:12:58" contact_name="Tuyet2" />
  <sms protocol="0" address="+84971202383" date="1444821209870" type="1" subject="null" body="lo 16 x 2000 61 92 54 x 1000 86 61 x 500 &#10;x4 82 92 54 86 x 500" toa="null" sc_toa="null" service_center="+84980200605" read="1" status="-1" locked="0" date_sent="1444821206000" readable_date="14-10-2015 18:13:29" contact_name="Nam1" />
  <sms protocol="0" address="0948723319" date="1444821222649" type="2" subject="null" body="lo 16 x 2000 61 92 54 x 1000 86 61 x 500 &#10;x4 82 92 54 86 x 500" toa="null" sc_toa="null" service_center="null" read="1" status="-1" locked="0" date_sent="0" readable_date="14-10-2015 18:13:42" contact_name="Tuyet2" />
  <sms protocol="0" address="+84971202383" date="1444821233762" type="2" subject="null" body="Ok" toa="null" sc_toa="null" service_center="null" read="1" status="-1" locked="0" date_sent="0" readable_date="14-10-2015 18:13:53" contact_name="Nam1" />
  <sms protocol="0" address="+841685410901" date="1444821273192" type="1" subject="null" body="Đâu 8,5,1x500n" toa="null" sc_toa="null" service_center="+84980200613" read="1" status="-1" locked="0" date_sent="1444821269000" readable_date="14-10-2015 18:14:33" contact_name="Giang" />
  <sms protocol="0" address="+841685410901" date="1444821282483" type="2" subject="null" body="Ok" toa="null" sc_toa="null" service_center="null" read="1" status="-1" locked="0" date_sent="0" readable_date="14-10-2015 18:14:42" contact_name="Giang" />
  <sms protocol="0" address="+84948723319" date="1444821285458" type="1" subject="null" body="Ok" toa="null" sc_toa="null" service_center="+8491020005" read="1" status="-1" locked="0" date_sent="1444821250000" readable_date="14-10-2015 18:14:45" contact_name="Tuyet2" />
  <sms protocol="0" address="0948723319" date="1444821289322" type="2" subject="null" body="Đâu 8,5,1x500n" toa="null" sc_toa="null" service_center="null" read="1" status="-1" locked="0" date_sent="0" readable_date="14-10-2015 18:14:49" contact_name="Tuyet2" />
  <sms protocol="0" address="+84948723319" date="1444821383875" type="1" subject="null" body="Ok" toa="null" sc_toa="null" service_center="+8491020005" read="1" status="-1" locked="0" date_sent="1444821347000" readable_date="14-10-2015 18:16:23" contact_name="Tuyet2" />
  <sms protocol="0" address="+84971202383" date="1444821387237" type="1" subject="null" body="lo 78 x 300 03 53 x 100&#10;67 01 10 x 50 24 07 05 x 30 55 83 06 60 29 18 x 20" toa="null" sc_toa="null" service_center="+84980200605" read="1" status="-1" locked="0" date_sent="1444821384000" readable_date="14-10-2015 18:16:27" contact_name="Nam1" />
  <sms protocol="0" address="0948723319" date="1444821398240" type="2" subject="null" body="lo 78 x 300 03 53 x 100&#10;67 01 10 x 50 24 07 05 x 30 55 83 06 60 29 18 x 20" toa="null" sc_toa="null" service_center="null" read="1" status="-1" locked="0" date_sent="0" readable_date="14-10-2015 18:16:38" contact_name="Tuyet2" />
  <sms protocol="0" address="+84971202383" date="1444821413993" type="2" subject="null" body="Ok" toa="null" sc_toa="null" service_center="null" read="1" status="-1" locked="0" date_sent="0" readable_date="14-10-2015 18:16:53" contact_name="Nam1" />
  <sms protocol="0" address="+84948723319" date="1444821425958" type="1" subject="null" body="Ok" toa="null" sc_toa="null" service_center="+8491020005" read="1" status="-1" locked="0" date_sent="1444821389000" readable_date="14-10-2015 18:17:05" contact_name="Tuyet2" />
  <sms protocol="0" address="+84971202383" date="1444821429631" type="1" subject="null" body="x4 71 50 70 09 x 300&#10;67 24 07 x 300" toa="null" sc_toa="null" service_center="+84980200605" read="1" status="-1" locked="0" date_sent="1444821423000" readable_date="14-10-2015 18:17:09" contact_name="Nam1" />
  <sms protocol="0" address="+841685410901" date="1444821434724" type="1" subject="null" body="De61 x 500, 19 x 400, 11 55 88 300, 50 x 2.500, 05 x 500, 151 x300" toa="null" sc_toa="null" service_center="+84980200613" read="1" status="-1" locked="0" date_sent="1444821427000" readable_date="14-10-2015 18:17:14" contact_name="Giang" />
  <sms protocol="0" address="+84971202383" date="1444821439804" type="2" subject="null" body="Ok" toa="null" sc_toa="null" service_center="null" read="1" status="-1" locked="0" date_sent="0" readable_date="14-10-2015 18:17:19" contact_name="Nam1" />
  <sms protocol="0" address="+841685410901" date="1444821449348" type="2" subject="null" body="Ok" toa="null" sc_toa="null" service_center="null" read="1" status="-1" locked="0" date_sent="0" readable_date="14-10-2015 18:17:29" contact_name="Giang" />
  <sms protocol="0" address="0948723319" date="1444821455414" type="2" subject="null" body="De61 x 500, 19 x 400, 11 55 88 300, 50 x 2.500, 05 x 500, 151 x300" toa="null" sc_toa="null" service_center="null" read="1" status="-1" locked="0" date_sent="0" readable_date="14-10-2015 18:17:35" contact_name="Tuyet2" />
  <sms protocol="0" address="+841685410901" date="1444821525512" type="2" subject="null" body="Ok" toa="null" sc_toa="null" service_center="null" read="1" status="-1" locked="0" date_sent="0" readable_date="14-10-2015 18:18:45" contact_name="Giang" />
  <sms protocol="0" address="+84948723319" date="1444821530039" type="1" subject="null" body="Ok" toa="null" sc_toa="null" service_center="+8491020005" read="1" status="-1" locked="0" date_sent="1444821494000" readable_date="14-10-2015 18:18:50" contact_name="Tuyet2" />
  <sms protocol="0" address="+84971202383" date="1444821705681" type="1" subject="null" body="de 18 84 85 86 66 60 81 83 x 500 38 28 x 200 82 x 400  43 x 300 12 x 120  61 x300  97 87 x 10  60 61 62 68 56 38 39 10 50 58 49 41 x 300&#10;65 x 1tr &#10;232 x 60 66 x 200  78 x 10  79 x 20 &#10;15 x 200&#10;09 29 69 99 x 100" toa="null" sc_toa="null" service_center="+84980200605" read="1" status="-1" locked="0" date_sent="1444821702000" readable_date="14-10-2015 18:21:45" contact_name="Nam1" />
  <sms protocol="0" address="0948723319" date="1444821724685" type="2" subject="null" body="de 18 84 85 86 66 60 81 83 x 500 38 28 x 200 82 x 400  43 x 300 12 x 120  61 x300  97 87 x 10  60 61 62 68 56 38 39 10 50 58 49 41 x 300&#10;65 x 1tr &#10;232 x 60 66 x 200  78 x 10  79 x 20 &#10;15 x 200&#10;09 29 69 99 x 100" toa="null" sc_toa="null" service_center="null" read="1" status="-1" locked="0" date_sent="0" readable_date="14-10-2015 18:22:04" contact_name="Tuyet2" />
  <sms protocol="0" address="+84948723319" date="1444821749843" type="1" subject="null" body="Ok" toa="null" sc_toa="null" service_center="+8491020005" read="1" status="-1" locked="0" date_sent="1444821713000" readable_date="14-10-2015 18:22:29" contact_name="Tuyet2" />
  <sms protocol="0" address="+84971202383" date="1444821759962" type="2" subject="null" body="Ok" toa="null" sc_toa="null" service_center="null" read="1" status="-1" locked="0" date_sent="0" readable_date="14-10-2015 18:22:39" contact_name="Nam1" />
  <sms protocol="0" address="+84971202383" date="1444821762780" type="1" subject="null" body="de 02 00 x 200 &#10;90 79 x 100 &#10;01 x 300" toa="null" sc_toa="null" service_center="+84980200605" read="1" status="-1" locked="0" date_sent="1444821759000" readable_date="14-10-2015 18:22:42" contact_name="Nam1" />
  <sms protocol="0" address="0948723319" date="1444821774672" type="2" subject="null" body="de 02 00 x 200 &#10;90 79 x 100 &#10;01 x 300" toa="null" sc_toa="null" service_center="null" read="1" status="-1" locked="0" date_sent="0" readable_date="14-10-2015 18:22:54" contact_name="Tuyet2" />
  <sms protocol="0" address="+84971202383" date="1444821797800" type="2" subject="null" body="Ok" toa="null" sc_toa="null" service_center="null" read="1" status="-1" locked="0" date_sent="0" readable_date="14-10-2015 18:23:17" contact_name="Nam1" />
  <sms protocol="0" address="+84948723319" date="1444821833372" type="1" subject="null" body="Ok" toa="null" sc_toa="null" service_center="+8491020005" read="1" status="-1" locked="0" date_sent="1444821797000" readable_date="14-10-2015 18:23:53" contact_name="Tuyet2" />
  <sms protocol="0" address="997" date="1444822524575" type="2" subject="null" body="Kqsxmb" toa="null" sc_toa="null" service_center="null" read="1" status="-1" locked="0" date_sent="0" readable_date="14-10-2015 18:35:24" contact_name="(Unknown)" />
  <sms protocol="0" address="997" date="1444822536204" type="1" subject="null" body="MB 14/10&#10;DB:50685&#10;1:74083&#10;2:50046-19940&#10;3:30643-48343-63381-63217-22030-92525&#10;4:5733-9616-7330-6209&#10;5:7728-2323-9305-5006-9941-2669&#10;6:191-705-875&#10;7:98-41-85-49" toa="null" sc_toa="null" service_center="+8491020446" read="1" status="-1" locked="0" date_sent="1444822499000" readable_date="14-10-2015 18:35:36" contact_name="(Unknown)" />
  <sms protocol="0" address="0965753555" date="1444822764756" type="2" subject="null" body="Ngay:14/10/2015&#13;&#10;anh chuyen cho em&#13;&#10;De:25000,0=18750,0n&#13;&#10;anh bu cho em:18750,0n&#13;&#10;" toa="null" sc_toa="null" service_center="null" read="1" status="0" locked="0" date_sent="0" readable_date="14-10-2015 18:39:24" contact_name="An" />
  <sms protocol="0" address="0971202383" date="1444822784261" type="2" subject="null" body="Ngay:14/10/2015&#13;&#10;chau chuyen cho co &#13;&#10;De:31990,0=23128,8n&#13;&#10;Lo:10660,0=232388,0n&#13;&#10;3Cang:100,0=100,0n&#13;&#10;Xien:510,0=3468,0n&#13;&#10;Th de:500,0=35000,0n&#13;&#10;Th lo:3600,0=288000,0n&#13;&#10;co  bu cho chau:63915,2n&#13;&#10;" toa="null" sc_toa="null" service_center="null" read="1" status="0" locked="0" date_sent="0" readable_date="14-10-2015 18:39:44" contact_name="Nam1" />
  <sms protocol="0" address="01685410901" date="1444822925261" type="2" subject="null" body="Ngay:14/10/2015&#13;&#10;chau chuyen cho co&#13;&#10;De:33475,0=24202,4n&#13;&#10;Lo:1160,0=25288,0n&#13;&#10;3Cang:2170,0=1627,5n&#13;&#10;Xien:30,0=198,0n&#13;&#10;Th de:825,0=57750,0n&#13;&#10;Th lo:15,0=1200,0n&#13;&#10;co bu cho chau:7634,+63915=71.549-429.941=358.392&#10;" toa="null" sc_toa="null" service_center="null" read="1" status="0" locked="0" date_sent="0" readable_date="14-10-2015 18:42:05" contact_name="Giang" />
  <sms protocol="0" address="01678838814" date="1444822964272" type="2" subject="null" body="Ngay:14/10/2015&#13;&#10;em chuyen cho chi&#13;&#10;De:44800,0=32256,0n&#13;&#10;Lo:3400,0=74120,0n&#13;&#10;Thuong lo:700,0=56000,0n&#13;&#10;em bu cho chi:50376,+99.247=149.623&#10;" toa="null" sc_toa="null" service_center="null" read="1" status="0" locked="0" date_sent="0" readable_date="14-10-2015 18:42:44" contact_name="Vo Anh Thai" />
  <sms protocol="0" address="01653535810" date="1444823018256" type="2" subject="null" body="Ngay:14/10/2015&#13;&#10;em chuyen cho chi&#13;&#10;De:44800,0=33600,0n&#13;&#10;Lo:3400,0=74800,0n&#13;&#10;Th lo:700,0=56000,0n&#13;&#10;em bu cho chi:52400,+208.423=256.823&#10;" toa="null" sc_toa="null" service_center="null" read="1" status="0" locked="0" date_sent="0" readable_date="14-10-2015 18:43:38" contact_name="Cong2" />
  <sms protocol="0" address="01662883398" date="1444823063274" type="2" subject="null" body="Ngay:14/10/2015&#13;&#10;chi chuyen cho em&#13;&#10;De:30000,0=22200,0n&#13;&#10;chi bu cho em:22200,+309.913=332.113&#10;" toa="null" sc_toa="null" service_center="null" read="1" status="0" locked="0" date_sent="0" readable_date="14-10-2015 18:44:23" contact_name="Chi Hoa" />
  <sms protocol="0" address="0948723319" date="1444823265755" type="2" subject="null" body="Ngay:14/10/2015&#13;&#10;chi  chuyen cho em&#13;&#10;De:119965,0=86374,8n&#13;&#10;Lo:11820,0=256494,0n&#13;&#10;Xien:80,0=496,0n&#13;&#10;Thuong de:1325,0=92750,0n&#13;&#10;Thuong lo:3615,0=289200,0n&#13;&#10;em bu cho chi :38585,-9328=29257-1166 lo=28091-231.614=203.523&#10;" toa="null" sc_toa="null" service_center="null" read="1" status="0" locked="0" date_sent="0" readable_date="14-10-2015 18:47:45" contact_name="Tuyet2" />
  <sms protocol="0" address="+841685410901" date="1444902810133" type="1" subject="null" body="lô 262x 25d. đề 141,242,161,262,969,191,292,494,66,33,88,22x 25k." toa="null" sc_toa="null" service_center="+84980200605" read="1" status="-1" locked="0" date_sent="1444902927000" readable_date="15-10-2015 16:53:30" contact_name="Giang" />
  <sms protocol="0" address="+841685410901" date="1444902825781" type="2" subject="null" body="Ok" toa="null" sc_toa="null" service_center="null" read="1" status="-1" locked="0" date_sent="0" readable_date="15-10-2015 16:53:45" contact_name="Giang" />
  <sms protocol="0" address="0948723319" date="1444902833465" type="2" subject="null" body="lô 262x 25d. đề 141,242,161,262,969,191,292,494,66,33,88,22x 25k." toa="null" sc_toa="null" service_center="null" read="1" status="-1" locked="0" date_sent="0" readable_date="15-10-2015 16:53:53" contact_name="Tuyet2" />
  <sms protocol="0" address="+84948723319" date="1444902909733" type="1" subject="null" body="Ok" toa="null" sc_toa="null" service_center="+8491020005" read="1" status="-1" locked="0" date_sent="1444902992000" readable_date="15-10-2015 16:55:09" contact_name="Tuyet2" />
  <sms protocol="0" address="+841685410901" date="1444904800010" type="1" subject="null" body="de lẻ chẵn(25so)x 25. 56x 50.&#10;tong 4,6x 50k.tong 5x 30k.696x 30k." toa="null" sc_toa="null" service_center="+84980200605" read="1" status="-1" locked="0" date_sent="1444904916000" readable_date="15-10-2015 17:26:40" contact_name="Giang" />
  <sms protocol="0" address="+841685410901" date="1444904812963" type="2" subject="null" body="Ok" toa="null" sc_toa="null" service_center="null" read="1" status="-1" locked="0" date_sent="0" readable_date="15-10-2015 17:26:52" contact_name="Giang" />
  <sms protocol="0" address="+841685410901" date="1444904816456" type="1" subject="null" body="đề 161,464,141,66,11,44x 60n.686,131,696x 80n.060,565x 120n.151,010x 100n.262,363,676x 60n.040,242,484x 80n.343,454,474,494,121,171,181,191x 50n." toa="null" sc_toa="null" service_center="+84980200605" read="1" status="-1" locked="0" date_sent="1444904932000" readable_date="15-10-2015 17:26:56" contact_name="Giang" />
  <sms protocol="0" address="0948723319" date="1444904818480" type="2" subject="null" body="de lẻ chẵn(25so)x 25. 56x 50.&#10;tong 4,6x 50k.tong 5x 30k.696x 30k." toa="null" sc_toa="null" service_center="null" read="1" status="-1" locked="0" date_sent="0" readable_date="15-10-2015 17:26:58" contact_name="Tuyet2" />
  <sms protocol="0" address="+841685410901" date="1444904826963" type="2" subject="null" body="Ok" toa="null" sc_toa="null" service_center="null" read="1" status="-1" locked="0" date_sent="0" readable_date="15-10-2015 17:27:06" contact_name="Giang" />
  <sms protocol="0" address="0948723319" date="1444904851786" type="2" subject="null" body="đề 161,464,141,66,11,44x 60n.686,131,696x 80n.060,565x 120n.151,010x 100n.262,363,676x 60n.040,242,484x 80n.343,454,474,494,121,171,181,191x 50n." toa="null" sc_toa="null" service_center="null" read="1" status="-1" locked="0" date_sent="0" readable_date="15-10-2015 17:27:31" contact_name="Tuyet2" />
  <sms protocol="0" address="+84948723319" date="1444904907338" type="1" subject="null" body="Ok" toa="null" sc_toa="null" service_center="+8491020005" read="1" status="-1" locked="0" date_sent="1444904931000" readable_date="15-10-2015 17:28:27" contact_name="Tuyet2" />
  <sms protocol="0" address="+84948723319" date="1444904921330" type="1" subject="null" body="Ok" toa="null" sc_toa="null" service_center="+8491020005" read="1" status="-1" locked="0" date_sent="1444905005000" readable_date="15-10-2015 17:28:41" contact_name="Tuyet2" />
  <sms protocol="35" address="+841653535810" date="1444905464591" type="1" subject="null" body="LO .88.99.X600D.LO 30.19.00.33.52.77.292.80.24.04.57.484.64.60.44.22.121.35.363.393X100D.DE 90.89X10TR.DE 696X10TR.DE 09.161.171.262.727.292.797.949.646.363.393.757.656X800N.DE 050.272.121.040.060.353.202.242.323.151.131.343.737.525.747X400N.DE 080.030.79X2TR.DE KEP =X1TR.DE 595X1TR." toa="null" sc_toa="null" service_center="+84980200613" read="1" status="-1" locked="0" date_sent="1444905577000" readable_date="15-10-2015 17:37:44" contact_name="Cong2" />
  <sms protocol="0" address="+841653535810" date="1444905479857" type="2" subject="null" body="Ok" toa="null" sc_toa="null" service_center="null" read="1" status="-1" locked="0" date_sent="0" readable_date="15-10-2015 17:37:59" contact_name="Cong2" />
  <sms protocol="0" address="01678838814" date="1444905503113" type="2" subject="null" body="LO .88.99.X600D.LO 30.19.00.33.52.77.292.80.24.04.57.484.64.60.44.22.121.35.363.393X100D.DE 90.89X10TR.DE 696X10TR.DE 09.161.171.262.727.292.797.949.646.363.393.757.656X800N.DE 050.272.121.040.060.353.202.242.323.151.131.343.737.525.747X400N.DE 080.030.79X2TR.DE KEP =X1TR.DE 595X1TR." toa="null" sc_toa="null" service_center="null" read="1" status="-1" locked="0" date_sent="0" readable_date="15-10-2015 17:38:23" contact_name="Vo Anh Thai" />
  <sms protocol="0" address="+841662883398" date="1444906434113" type="1" subject="null" body="Đít 1,4 x 1,800" toa="null" sc_toa="null" service_center="+84980200605" read="1" status="-1" locked="0" date_sent="1444906431000" readable_date="15-10-2015 17:53:54" contact_name="Chi Hoa" />
  <sms protocol="0" address="+841662883398" date="1444906445506" type="2" subject="null" body="Ok" toa="null" sc_toa="null" service_center="null" read="1" status="-1" locked="0" date_sent="0" readable_date="15-10-2015 17:54:05" contact_name="Chi Hoa" />
  <sms protocol="0" address="+841678838814" date="1444906452739" type="1" subject="null" body="Ok1" toa="null" sc_toa="null" service_center="+84980200605" read="1" status="-1" locked="0" date_sent="1444906450000" readable_date="15-10-2015 17:54:12" contact_name="Vo Anh Thai" />
  <sms protocol="0" address="0948723319" date="1444906454830" type="2" subject="null" body="Đít 1,4 x 1,800" toa="null" sc_toa="null" service_center="null" read="1" status="-1" locked="0" date_sent="0" readable_date="15-10-2015 17:54:14" contact_name="Tuyet2" />
  <sms protocol="0" address="+84948723319" date="1444906511818" type="1" subject="null" body="Ok" toa="null" sc_toa="null" service_center="+8491020005" read="1" status="-1" locked="0" date_sent="1444906476000" readable_date="15-10-2015 17:55:11" contact_name="Tuyet2" />
  <sms protocol="0" address="+841685410901" date="1444906587290" type="1" subject="null" body="De 252 22x30n  26 27x200n  62 72 282  050 00 55 262x50n 94x300n  49x100n  66x20n &#10;Lo 18x50d &#10;Xi 49 94 44&#10;18 94 26x100n " toa="null" sc_toa="null" service_center="+84980200613" read="1" status="-1" locked="0" date_sent="1444906586000" readable_date="15-10-2015 17:56:27" contact_name="Giang" />
  <sms protocol="0" address="+841685410901" date="1444906640302" type="2" subject="null" body="Ok" toa="null" sc_toa="null" service_center="null" read="1" status="-1" locked="0" date_sent="0" readable_date="15-10-2015 17:57:20" contact_name="Giang" />
  <sms protocol="0" address="+841685410901" date="1444906645524" type="1" subject="null" body="Cang 249 244x50n  294 126x100n  160 127x30n  669x40n" toa="null" sc_toa="null" service_center="+84980200613" read="1" status="-1" locked="0" date_sent="1444906643000" readable_date="15-10-2015 17:57:25" contact_name="Giang" />
  <sms protocol="0" address="0948723319" date="1444906653350" type="2" subject="null" body="De 252 22x30n  26 27x200n  62 72 282  050 00 55 262x50n 94x300n  49x100n  66x20n &#10;Lo 18x50d &#10;" toa="null" sc_toa="null" service_center="null" read="1" status="-1" locked="0" date_sent="0" readable_date="15-10-2015 17:57:33" contact_name="Tuyet2" />
  <sms protocol="0" address="+841685410901" date="1444906656770" type="2" subject="null" body="Ok" toa="null" sc_toa="null" service_center="null" read="1" status="-1" locked="0" date_sent="0" readable_date="15-10-2015 17:57:36" contact_name="Giang" />
  <sms protocol="0" address="+841685410901" date="1444907167120" type="1" subject="null" body="Lô 18 x 300, 08 x 150  363x300d &#10;de 262x30n" toa="null" sc_toa="null" service_center="+84980200613" read="1" status="-1" locked="0" date_sent="1444907100000" readable_date="15-10-2015 18:06:07" contact_name="Giang" />
  <sms protocol="0" address="+841662883398" date="1444907170511" type="1" subject="null" body="Có đc ko đấy e !" toa="null" sc_toa="null" service_center="+84980200613" read="1" status="-1" locked="0" date_sent="1444907073000" readable_date="15-10-2015 18:06:10" contact_name="Chi Hoa" />
  <sms protocol="0" address="+84971202383" date="1444907170956" type="1" subject="null" body="lo 15 18 x 2000&#10;51 x 500&#10;55 58 85 87 17 71 81 x 200&#10;78 57 x 100&#10;75 x 50 &#10;de 17 x 10tr" toa="null" sc_toa="null" service_center="+84980200613" read="1" status="-1" locked="0" date_sent="1444906988000" readable_date="15-10-2015 18:06:10" contact_name="Nam1" />
  <sms protocol="0" address="+841685410901" date="1444907180333" type="2" subject="null" body="Ok" toa="null" sc_toa="null" service_center="null" read="1" status="-1" locked="0" date_sent="0" readable_date="15-10-2015 18:06:20" contact_name="Giang" />
  <sms protocol="0" address="0948723319" date="1444907187646" type="2" subject="null" body="Lô 18 x 300, 08 x 150  363x300d &#10;de 262x30n" toa="null" sc_toa="null" service_center="null" read="1" status="-1" locked="0" date_sent="0" readable_date="15-10-2015 18:06:27" contact_name="Tuyet2" />
  <sms protocol="0" address="+841662883398" date="1444907196387" type="2" subject="null" body="Ok" toa="null" sc_toa="null" service_center="null" read="1" status="-1" locked="0" date_sent="0" readable_date="15-10-2015 18:06:36" contact_name="Chi Hoa" />
  <sms protocol="0" address="+84971202383" date="1444907205337" type="2" subject="null" body="Ok" toa="null" sc_toa="null" service_center="null" read="1" status="-1" locked="0" date_sent="0" readable_date="15-10-2015 18:06:45" contact_name="Nam1" />
  <sms protocol="0" address="+84948723319" date="1444907208804" type="1" subject="null" body="Ok" toa="null" sc_toa="null" service_center="+8491020005" read="1" status="-1" locked="0" date_sent="1444907173000" readable_date="15-10-2015 18:06:48" contact_name="Tuyet2" />
  <sms protocol="0" address="0948723319" date="1444907214316" type="2" subject="null" body="lo 15 18 x 2000&#10;51 x 500&#10;55 58 85 87 17 71 81 x 200&#10;78 57 x 100&#10;75 x 50 &#10;de 17 x 10tr" toa="null" sc_toa="null" service_center="null" read="1" status="-1" locked="0" date_sent="0" readable_date="15-10-2015 18:06:54" contact_name="Tuyet2" />
  <sms protocol="0" address="+84948723319" date="1444907218731" type="1" subject="null" body="Ok" toa="null" sc_toa="null" service_center="+8491020005" read="1" status="-1" locked="0" date_sent="1444906796000" readable_date="15-10-2015 18:06:58" contact_name="Tuyet2" />
  <sms protocol="0" address="+84971202383" date="1444907223633" type="1" subject="null" body="lo 58 38 50 36 63 x 1000&#10;18 x 3000&#10;18 x 500  03 x 200" toa="null" sc_toa="null" service_center="+84980200605" read="1" status="-1" locked="0" date_sent="1444907217000" readable_date="15-10-2015 18:07:03" contact_name="Nam1" />
  <sms protocol="0" address="+84971202383" date="1444907231870" type="2" subject="null" body="Ok" toa="null" sc_toa="null" service_center="null" read="1" status="-1" locked="0" date_sent="0" readable_date="15-10-2015 18:07:11" contact_name="Nam1" />
  <sms protocol="0" address="0948723319" date="1444907238391" type="2" subject="null" body="lo 58 38 50 36 63 x 1000&#10;18 x 3000&#10;18 x 500  03 x 200" toa="null" sc_toa="null" service_center="null" read="1" status="-1" locked="0" date_sent="0" readable_date="15-10-2015 18:07:18" contact_name="Tuyet2" />
  <sms protocol="0" address="+84948723319" date="1444907241191" type="1" subject="null" body="Ok" toa="null" sc_toa="null" service_center="+8491020005" read="1" status="-1" locked="0" date_sent="1444907206000" readable_date="15-10-2015 18:07:21" contact_name="Tuyet2" />
  <sms protocol="0" address="+84948723319" date="1444907298260" type="1" subject="null" body="Ok" toa="null" sc_toa="null" service_center="+8491020005" read="1" status="-1" locked="0" date_sent="1444907262000" readable_date="15-10-2015 18:08:18" contact_name="Tuyet2" />
  <sms protocol="0" address="+84971202383" date="1444907336264" type="1" subject="null" body="x4 03 32 35 36 &#10;18 63 53 32 &#10;93 63 53 30 &#10;38 83 05 50 x 300&#10;83 05 38 50 x 200&#10;61 19 83 58 x 500" toa="null" sc_toa="null" service_center="+84980200605" read="1" status="-1" locked="0" date_sent="1444907333000" readable_date="15-10-2015 18:08:56" contact_name="Nam1" />
  <sms protocol="0" address="+841662883398" date="1444907344125" type="1" subject="null" body="Đề : 969,99, 292 x1tr" toa="null" sc_toa="null" service_center="+84980200613" read="1" status="-1" locked="0" date_sent="1444906813000" readable_date="15-10-2015 18:09:04" contact_name="Chi Hoa" />
  <sms protocol="0" address="+84971202383" date="1444907344950" type="2" subject="null" body="Ok" toa="null" sc_toa="null" service_center="null" read="1" status="-1" locked="0" date_sent="0" readable_date="15-10-2015 18:09:04" contact_name="Nam1" />
  <sms protocol="0" address="+84965753555" date="1444907350629" type="1" subject="null" body="Đe88 22 050 44 494 272 00 77 55 161 99 838 33 11 66 x500 404 696 90 303 70 191 898 43 53 51 585 x150 kepbangx400 keplechx250 đe 050 22 44 49x300" toa="null" sc_toa="null" service_center="+84980200613" read="1" status="-1" locked="0" date_sent="1444907334000" readable_date="15-10-2015 18:09:10" contact_name="An" />
  <sms protocol="0" address="+841662883398" date="1444907354695" type="2" subject="null" body="Ok" toa="null" sc_toa="null" service_center="null" read="1" status="-1" locked="0" date_sent="0" readable_date="15-10-2015 18:09:14" contact_name="Chi Hoa" />
  <sms protocol="0" address="+84965753555" date="1444907362287" type="2" subject="null" body="Ok" toa="null" sc_toa="null" service_center="null" read="1" status="-1" locked="0" date_sent="0" readable_date="15-10-2015 18:09:22" contact_name="An" />
  <sms protocol="0" address="0948723319" date="1444907387296" type="2" subject="null" body="Đe88 22 050 44 494 272 00 77 55 161 99 838 33 11 66 x500 404 696 90 303 70 191 898 43 53 51 585 x150 kepbangx400 keplechx250 đe 050 22 44 49x300" toa="null" sc_toa="null" service_center="null" read="1" status="-1" locked="0" date_sent="0" readable_date="15-10-2015 18:09:47" contact_name="Tuyet2" />
  <sms protocol="0" address="0948723319" date="1444907407254" type="2" subject="null" body="Đề : 969,99, 292 x1tr" toa="null" sc_toa="null" service_center="null" read="1" status="-1" locked="0" date_sent="0" readable_date="15-10-2015 18:10:07" contact_name="Tuyet2" />
  <sms protocol="0" address="+84948723319" date="1444907447520" type="1" subject="null" body="Ok" toa="null" sc_toa="null" service_center="+8491020005" read="1" status="-1" locked="0" date_sent="1444907412000" readable_date="15-10-2015 18:10:47" contact_name="Tuyet2" />
  <sms protocol="0" address="+84971202383" date="1444907498593" type="1" subject="null" body="lo 54 78 64 85 00 17 71 x 20 &#10;54 34 43 x 50 &#10;35 x 30&#10;64 x 500&#10;09 x 100&#10;xi 34 45 x 500&#10;53 54 &#10;85 09 x 300" toa="null" sc_toa="null" service_center="+84980200605" read="1" status="-1" locked="0" date_sent="1444907496000" readable_date="15-10-2015 18:11:38" contact_name="Nam1" />
  <sms protocol="0" address="+84971202383" date="1444907506349" type="2" subject="null" body="Ok" toa="null" sc_toa="null" service_center="null" read="1" status="-1" locked="0" date_sent="0" readable_date="15-10-2015 18:11:46" contact_name="Nam1" />
  <sms protocol="0" address="0948723319" date="1444907512230" type="2" subject="null" body="lo 54 78 64 85 00 17 71 x 20 &#10;54 34 43 x 50 &#10;35 x 30&#10;64 x 500&#10;09 x 100&#10;xi 34 45 x 500&#10;53 54 &#10;85 09 x 300" toa="null" sc_toa="null" service_center="null" read="1" status="-1" locked="0" date_sent="0" readable_date="15-10-2015 18:11:52" contact_name="Tuyet2" />
  <sms protocol="0" address="+84948723319" date="1444907546009" type="1" subject="null" body="Ok" toa="null" sc_toa="null" service_center="+8491020005" read="1" status="-1" locked="0" date_sent="1444907511000" readable_date="15-10-2015 18:12:26" contact_name="Tuyet2" />
  <sms protocol="0" address="+841685410901" date="1444907670172" type="1" subject="null" body="Đe. 20  22 26 27 28 30  32 37 38 40 42 46 47 48 50  56 57 58 60  62 66 67 68 x 300n. " toa="null" sc_toa="null" service_center="+84980200605" read="1" status="-1" locked="0" date_sent="1444907667000" readable_date="15-10-2015 18:14:30" contact_name="Giang" />
  <sms protocol="0" address="+841685410901" date="1444907680657" type="2" subject="null" body="Ok" toa="null" sc_toa="null" service_center="null" read="1" status="-1" locked="0" date_sent="0" readable_date="15-10-2015 18:14:40" contact_name="Giang" />
  <sms protocol="0" address="0948723319" date="1444907691834" type="2" subject="null" body="Đe. 20  22 26 27 28 30  32 37 38 40 42 46 47 48 50  56 57 58 60  62 66 67 68 x 300n. " toa="null" sc_toa="null" service_center="null" read="1" status="-1" locked="0" date_sent="0" readable_date="15-10-2015 18:14:51" contact_name="Tuyet2" />
  <sms protocol="0" address="+84948723319" date="1444907789576" type="1" subject="null" body="Ok" toa="null" sc_toa="null" service_center="+8491020005" read="1" status="-1" locked="0" date_sent="1444907754000" readable_date="15-10-2015 18:16:29" contact_name="Tuyet2" />
  <sms protocol="0" address="+84948723319" date="1444907818661" type="2" subject="null" body="De Co 0.5x500n" toa="null" sc_toa="null" service_center="null" read="1" status="-1" locked="0" date_sent="0" readable_date="15-10-2015 18:16:58" contact_name="Tuyet2" />
  <sms protocol="0" address="+84948723319" date="1444907840225" type="1" subject="null" body="Ok" toa="null" sc_toa="null" service_center="+8491020005" read="1" status="-1" locked="0" date_sent="1444907804000" readable_date="15-10-2015 18:17:20" contact_name="Tuyet2" />
  <sms protocol="0" address="+841685410901" date="1444907879222" type="1" subject="null" body="De11 14 17 91 21 31 11 44 77 41 51 61 x 500, 19 x 300, 71 x 2.000" toa="null" sc_toa="null" service_center="+84980200605" read="1" status="-1" locked="0" date_sent="1444907877000" readable_date="15-10-2015 18:17:59" contact_name="Giang" />
  <sms protocol="0" address="+841685410901" date="1444907889178" type="2" subject="null" body="Ok" toa="null" sc_toa="null" service_center="null" read="1" status="-1" locked="0" date_sent="0" readable_date="15-10-2015 18:18:09" contact_name="Giang" />
  <sms protocol="0" address="0948723319" date="1444907895718" type="2" subject="null" body="De11 14 17 91 21 31 11 44 77 41 51 61 x 500, 19 x 300, 71 x 2.000" toa="null" sc_toa="null" service_center="null" read="1" status="-1" locked="0" date_sent="0" readable_date="15-10-2015 18:18:15" contact_name="Tuyet2" />
  <sms protocol="0" address="+84948723319" date="1444907914275" type="1" subject="null" body="Ok" toa="null" sc_toa="null" service_center="+8491020005" read="1" status="-1" locked="0" date_sent="1444907879000" readable_date="15-10-2015 18:18:34" contact_name="Tuyet2" />
  <sms protocol="0" address="+84971202383" date="1444907926838" type="1" subject="null" body="de 38 89 05 50 x1tr  &#10;83 01 00 01 x 300 &#10;98 69 19 53 33 17 53 05 00 66 55 57 58 59 32 06 91 99 30x 200&#10;35 80 58 08 88x 500&#10;83 06 60 31 04 11 12 33 44 49 66 94 29 x 100&#10;50 56 x 1tr" toa="null" sc_toa="null" service_center="+84980200605" read="1" status="-1" locked="0" date_sent="1444907924000" readable_date="15-10-2015 18:18:46" contact_name="Nam1" />
  <sms protocol="0" address="+84971202383" date="1444907936177" type="2" subject="null" body="Ok" toa="null" sc_toa="null" service_center="null" read="1" status="-1" locked="0" date_sent="0" readable_date="15-10-2015 18:18:56" contact_name="Nam1" />
  <sms protocol="0" address="0948723319" date="1444907949398" type="2" subject="null" body="de 38 89 05 50 x1tr  &#10;83 01 00 01 x 300 &#10;98 69 19 53 33 17 53 05 00 66 55 57 58 59 32 06 91 99 30x 200&#10;35 80 58 08 88x 500&#10;83 06 60 31 04 11 12 33 44 49 66 94 29 x 100&#10;50 56 x 1tr" toa="null" sc_toa="null" service_center="null" read="1" status="-1" locked="0" date_sent="0" readable_date="15-10-2015 18:19:09" contact_name="Tuyet2" />
  <sms protocol="0" address="+84948723319" date="1444907968142" type="1" subject="null" body="Ok" toa="null" sc_toa="null" service_center="+8491020005" read="1" status="-1" locked="0" date_sent="1444907933000" readable_date="15-10-2015 18:19:28" contact_name="Tuyet2" />
  <sms protocol="0" address="997" date="1444908528879" type="2" subject="null" body="Kqsxmb" toa="null" sc_toa="null" service_center="null" read="1" status="-1" locked="0" date_sent="0" readable_date="15-10-2015 18:28:48" contact_name="(Unknown)" />
  <sms protocol="0" address="997" date="1444908532317" type="1" subject="null" body="MB 15/10&#10;DB:89956&#10;1:59105&#10;2:68973-89496&#10;3:13440-62891-36691-06505-71723-98952&#10;4:9699-0196-4309-3606&#10;5:7834-8172-0045-3659-7401-3360&#10;6:333-719-458&#10;7:42-58-82-93" toa="null" sc_toa="null" service_center="+8491020165" read="1" status="-1" locked="0" date_sent="1444908497000" readable_date="15-10-2015 18:28:52" contact_name="(Unknown)" />
  <sms protocol="0" address="0965753555" date="1444909666263" type="2" subject="null" body="Ngay:15/10/2015&#13;&#10;anh chuyen cho em&#13;&#10;De:20550,0=15412,5n&#13;&#10;anh bu cho em:15412,5n&#13;&#10;" toa="null" sc_toa="null" service_center="null" read="1" status="0" locked="0" date_sent="0" readable_date="15-10-2015 18:47:46" contact_name="An" />
  <sms protocol="0" address="0971202383" date="1444909687263" type="2" subject="null" body="Ngay:15/10/2015&#13;&#10;chau chuyen cho co &#13;&#10;De:24800,0=17930,4n&#13;&#10;Lo:15770,0=343786,0n&#13;&#10;Xien:300,0=2040,0n&#13;&#10;Th de:1000,0=70000,0n&#13;&#10;Th lo:2550,0=204000,0n&#13;&#10;Th xien:5000,0n&#13;&#10;chau bu cho co :84756,4n&#13;&#10;" toa="null" sc_toa="null" service_center="null" read="1" status="0" locked="0" date_sent="0" readable_date="15-10-2015 18:48:07" contact_name="Nam1" />
  <sms protocol="0" address="01685410901" date="1444909760772" type="2" subject="null" body="Ngay:15/10/2015&#13;&#10;chau chuyen cho co&#13;&#10;De:22745,0=16444,6n&#13;&#10;Lo:1150,0=25070,0n&#13;&#10;3Cang:400,0=300,0n&#13;&#10;Xien:20,0=132,0n&#13;&#10;Th de:495,0=34650,0n&#13;&#10;chau bu cho co:7296,+nam 84756=92052+358.392=450.444&#10;" toa="null" sc_toa="null" service_center="null" read="1" status="0" locked="0" date_sent="0" readable_date="15-10-2015 18:49:20" contact_name="Giang" />
  <sms protocol="0" address="01653535810" date="1444909862783" type="2" subject="null" body="Ngay:15/10/2015&#13;&#10;em chuyen cho chi&#13;&#10;De:94000,0=70500,0n&#13;&#10;Lo:3700,0=81400,0n&#13;&#10;Th de:800,0=56000,0n&#13;&#10;Th lo:1100,0=88000,0n&#13;&#10;em bu cho chi:7900,+256.823=264.723&#10;" toa="null" sc_toa="null" service_center="null" read="1" status="0" locked="0" date_sent="0" readable_date="15-10-2015 18:51:02" contact_name="Cong2" />
  <sms protocol="0" address="01662883398" date="1444909907767" type="2" subject="null" body="Ngay:15/10/2015&#13;&#10;chi chuyen cho em&#13;&#10;De:41000,0=30340,0n&#13;&#10;chi bu cho em:30340,+332.113=362.453&#10;" toa="null" sc_toa="null" service_center="null" read="1" status="0" locked="0" date_sent="0" readable_date="15-10-2015 18:51:47" contact_name="Chi Hoa" />
  <sms protocol="0" address="+841662883398" date="1444910108671" type="1" subject="null" body="Nợ hết tuần này đến mấy trăm thì đến a , ko gỡ đc thua thì thua ch cũng ko đánh nữa , trả tiền e hết xong nghỉ thời gian , đen lắm ...!" toa="null" sc_toa="null" service_center="null" read="1" status="-1" locked="0" date_sent="0" readable_date="15-10-2015 18:55:08" contact_name="Chi Hoa" />
  <sms protocol="0" address="01678838814" date="1444910114766" type="2" subject="null" body="Ngay:15/10/2015&#13;&#10;em chuyen cho chi&#13;&#10;De:94000,0=67680,0n&#13;&#10;Lo:3700,0=80660,0n&#13;&#10;Thuong de:800,0=56000,0n&#13;&#10;Thuong lo:1100,0=88000,0n&#13;&#10;em bu cho chi:4340,+149623=153.963&#10;" toa="null" sc_toa="null" service_center="null" read="1" status="0" locked="0" date_sent="0" readable_date="15-10-2015 18:55:14" contact_name="Vo Anh Thai" />
  <sms protocol="0" address="0948723319" date="1444910312773" type="2" subject="null" body="Ngay:15/10/2015&#13;&#10;chi  chuyen cho em&#13;&#10;De:127095,0=91508,4n&#13;&#10;Lo:16920,0=367164,0n&#13;&#10;Xien:110,0=682,0n&#13;&#10;Thuong de:1995,0=139650,0n&#13;&#10;Thuong lo:2550,0=204000,0n&#13;&#10;Thuong xien:5000,0n&#13;&#10;chi  bu cho em:110704,&#10;" toa="null" sc_toa="null" service_center="null" read="1" status="0" locked="0" date_sent="0" readable_date="15-10-2015 18:58:32" contact_name="Tuyet2" />
  <sms protocol="0" address="+841662883398" date="1444910380348" type="1" subject="null" body="Nợ hết tuần này nữa , nói thật luôn! Ko e đt ch sót ruột lắm ! Thông cảm thông cảm sấu hổ lắm roi, sao đợt này sui lắm e ơiiii ...." toa="null" sc_toa="null" service_center="+84980200605" read="1" status="-1" locked="0" date_sent="1444910377000" readable_date="15-10-2015 18:59:40" contact_name="Chi Hoa" />
  <sms protocol="0" address="+841662883398" date="1444910399861" type="2" subject="null" body="Ok chi" toa="null" sc_toa="null" service_center="null" read="1" status="-1" locked="0" date_sent="0" readable_date="15-10-2015 18:59:59" contact_name="Chi Hoa" />
  <sms protocol="0" address="+841662883398" date="1444918694808" type="1" subject="null" body="Bjo còn chưa về nhà mệt nhọc lắm rồi e ơi ..." toa="null" sc_toa="null" service_center="+84980200613" read="1" status="-1" locked="0" date_sent="1444910491000" readable_date="15-10-2015 21:18:14" contact_name="Chi Hoa" />
</smses>