<?xml version='1.0' encoding='UTF-8' standalone='yes' ?>
<!--File Created By SMS Backup & Restore Pro v7.21 on 16/10/2015 14:03:46-->
<?xml-stylesheet type="text/xsl" href="sms.xsl"?>
<smses count="29">
  <sms protocol="0" address="+84974282195" date="1444919667490" type="1" subject="null" body="Lô 585x150.04x100đ. Đê 868.44.56x120n .88 66x350n .121.343x100n 383x120n 2kepx50n.dây con 1cua đit chăn x500.dây con 1 cua đit le x200" toa="null" sc_toa="null" service_center="null" read="1" status="-1" locked="0" date_sent="0" readable_date="15-10-2015 21:34:27" contact_name="(Unknown)" />
  <sms protocol="0" address="+841636575529" date="1444920810238" type="1" subject="null" body="mật khẩu wifi là j đấy" toa="null" sc_toa="null" service_center="null" read="1" status="-1" locked="0" date_sent="0" readable_date="15-10-2015 21:53:30" contact_name="Thuan Sv" />
  <sms protocol="0" address="+841636575529" date="1444922173781" type="2" subject="null" body="0987580932@Bachky95 " toa="null" sc_toa="null" service_center="null" read="1" status="0" locked="0" date_sent="0" readable_date="15-10-2015 22:16:13" contact_name="Thuan Sv" />
  <sms protocol="0" address="+841636575529" date="1444922502399" type="1" subject="null" body="k đúng" toa="null" sc_toa="null" service_center="+84980200605" read="1" status="-1" locked="0" date_sent="1444922500000" readable_date="15-10-2015 22:21:42" contact_name="Thuan Sv" />
  <sms protocol="0" address="+841632029067" date="1444922852453" type="1" subject="null" body="ok" toa="null" sc_toa="null" service_center="+84980200605" read="1" status="-1" locked="0" date_sent="1444922850000" readable_date="15-10-2015 22:27:32" contact_name="(Unknown)" />
  <sms protocol="0" address="109" date="1444956126681" type="2" subject="null" body="Dkg" toa="null" sc_toa="null" service_center="null" read="1" status="0" locked="0" date_sent="0" readable_date="16-10-2015 07:42:06" contact_name="(Unknown)" />
  <sms protocol="0" address="109" date="1444956147062" type="1" subject="null" body="Quy khach da dang ky thanh cong goi TomatoGreen co 100SMS noi mang, cuoc goi noi mang giam con 200d/p, cuoc goi ngoai mang giam con 990d/p tru tai khoan goc su dung den 24h ngay 16/10/2015 (3.000d/ngay). Kiem tra so SMS, soan KTG gui 109. Phi gui 109: 100d/tin. Chi tiet LH 198 (200d/p). Tran trong." toa="null" sc_toa="null" service_center="+84980200604" read="1" status="-1" locked="0" date_sent="1444956130000" readable_date="16-10-2015 07:42:27" contact_name="(Unknown)" />
  <sms protocol="0" address="195" date="1444960924566" type="1" subject="null" body=" Quy khach co 363777 dong trong tai khoan." toa="null" sc_toa="null" service_center="null" read="1" status="-1" locked="0" date_sent="0" readable_date="16-10-2015 09:02:04" contact_name="(Unknown)" />
  <sms protocol="0" address="BANKPLUS" date="1444960932694" type="1" subject="null" body="Thue bao cua quy khach da duoc thanh toan 200.000 VND tu Vu Thi Hong Thu, so thue bao 0977367566 qua dich vu Mobile BankPlus, 16/10/2015 09:02:01. Cam on quy khach!" toa="null" sc_toa="null" service_center="null" read="1" status="-1" locked="0" date_sent="0" readable_date="16-10-2015 09:02:12" contact_name="(Unknown)" />
  <sms protocol="0" address="+195" date="1444961074566" type="1" subject="null" body="Quy khach vua nap the thanh cong va duoc khuyen mai 50% gia tri the nap. Bam *102# de kiem tra tai khoan khuyen mai. Tran trong.&#10;" toa="null" sc_toa="null" service_center="null" read="1" status="-1" locked="0" date_sent="0" readable_date="16-10-2015 09:04:34" contact_name="(Unknown)" />
  <sms protocol="0" address="0974282195" date="1444977407141" type="2" subject="null" body="ngay 15/10/15:&#13;&#10;THU:&#13;&#10;a 10:2110;&#13;&#10;A thanh 1600&#10;t e :8091;&#13;&#10;a su:2615;&#13;&#10;a t t:1959;&#13;&#10;v b:20388&#13;&#10;BU&#13;&#10;a duc:5085;&#13;&#10;a t:1914" toa="null" sc_toa="null" service_center="null" read="1" status="0" locked="0" date_sent="0" readable_date="16-10-2015 13:36:47" contact_name="(Unknown)" />
  <sms protocol="0" address="+84989921688" date="1444977693588" type="1" subject="null" body="Lo 010 x 10đ 686 x 5đ dcon 1 x 10n he 14 00 x 10n đđ 5 x 10n" toa="null" sc_toa="null" service_center="null" read="1" status="-1" locked="0" date_sent="0" readable_date="16-10-2015 13:41:33" contact_name="Kh A Tự" />
  <sms protocol="0" address="01632029067" date="1444977765870" type="2" subject="null" body="Nhan 1 tin." toa="null" sc_toa="null" service_center="null" read="1" status="0" locked="0" date_sent="0" readable_date="16-10-2015 13:42:45" contact_name="(Unknown)" />
  <sms protocol="0" address="+84989921688" date="1444977793569" type="1" subject="null" body="Tin 3.đâu đit 6x10n.đê161.66.696x20n.con050x20n.con 56x15n" toa="null" sc_toa="null" service_center="null" read="1" status="-1" locked="0" date_sent="0" readable_date="16-10-2015 13:43:13" contact_name="Kh A Tự" />
  <sms protocol="0" address="+84989921688" date="1444977807032" type="1" subject="null" body="Tin2.đâu 5.đit 6x15n.con.50.56x60n.lô.77x5điêm" toa="null" sc_toa="null" service_center="null" read="1" status="-1" locked="0" date_sent="0" readable_date="16-10-2015 13:43:27" contact_name="Kh A Tự" />
  <sms protocol="0" address="+84989921688" date="1444977826798" type="1" subject="null" body="Cô ha lô 57x3 điêm lô 75x2điêm đê.đâu 3x10n.đuôi 9x10n" toa="null" sc_toa="null" service_center="null" read="1" status="-1" locked="0" date_sent="0" readable_date="16-10-2015 13:43:46" contact_name="Kh A Tự" />
  <sms protocol="0" address="+84989921688" date="1444977854843" type="1" subject="null" body="Xoa 1 tin 4 đi" toa="null" sc_toa="null" service_center="null" read="1" status="-1" locked="0" date_sent="0" readable_date="16-10-2015 13:44:14" contact_name="Kh A Tự" />
  <sms protocol="0" address="+84989921688" date="1444977876863" type="2" subject="null" body="xoa tin nao day" toa="null" sc_toa="null" service_center="null" read="1" status="0" locked="0" date_sent="0" readable_date="16-10-2015 13:44:36" contact_name="Kh A Tự" />
  <sms protocol="0" address="+84989921688" date="1444977967606" type="1" subject="null" body="Hê14x10n" toa="null" sc_toa="null" service_center="null" read="1" status="-1" locked="0" date_sent="0" readable_date="16-10-2015 13:46:07" contact_name="Kh A Tự" />
  <sms protocol="0" address="+84961302263" date="1444978068445" type="1" subject="null" body="Dau4,kep=,dau5,20kep*x3n; de 03,53,01,02,10,11,22,44,77,88,50,55,61,16,12,38x*6n;  10,58,01,10,18,44,41,40,05,65,30,11,01,02,12,21,22,05,50,02,05,50,53,59x10n keplech,dau6,he00,he05*10n; de08,00,99*x12n; 01,10,11,he00*x15n; de83,88,50,68,86,56,00,50,88,50,99,he04,dau0*x20n; 00,56,dau.dit3*x30n; de 40*x40n; 69,93,39*x50n; 68*x100n; lo56,65,83,38,21,56,38*x4d;  lo59,48,85,47,63,68*x5d; &#10;1" toa="null" sc_toa="null" service_center="null" read="1" status="-1" locked="0" date_sent="0" readable_date="16-10-2015 13:47:48" contact_name="(Unknown)" />
  <sms protocol="0" address="+84961302263" date="1444978083674" type="1" subject="null" body=" hệ 14x50n.de 96,46x 100n 64x700n.69x 1200n.&#10;67,76x50n&#10;Đê 37 x 3500n.1so.61 x 500n, lô 37,61 x 500đ.1so&#10;2" toa="null" sc_toa="null" service_center="null" read="1" status="-1" locked="0" date_sent="0" readable_date="16-10-2015 13:48:03" contact_name="(Unknown)" />
  <sms protocol="0" address="0989921688" date="1444978097368" type="2" subject="null" body="Ngay:15/10/2015&#13;&#10;BAC chuyen cho EM&#13;&#10;De:1735,0=1249,2n&#13;&#10;Lo:40,0=868,0n&#13;&#10;Th de:135,0=9450,0n&#13;&#10;Th lo:10,0=800,0n&#13;&#10;EM bu cho BAC:8132,8n&#13;&#10;" toa="null" sc_toa="null" service_center="null" read="1" status="0" locked="0" date_sent="0" readable_date="16-10-2015 13:48:17" contact_name="Kh A Tự" />
  <sms protocol="0" address="+84961302263" date="1444978120951" type="1" subject="null" body="Lo71,86x10d; de 53 x 500n; 58x130n; 27*x25n; 21,22,65,42,05,00,89,30,00*x5n; 00,93,94*x12n; 29,92,69,96*x15n; 22,03*x20n;&#10;56,40,09,03,41,21,14,55,37,00,11,03,30,35,Dau.dit6*x10n; de 15,51,12,66,90,80,77,44,73,49,42,13,33,88,99,59,95,41,42,64,he01x5n; 53*x100n; lo35*x10d;de&#10;66*x100n; 48 47 28 09  05 01 10*x10n; dau6x30n; dit6x25n; 69x80n; 19.33,88,38,83x30ng,23,28,16,61,11,66x20n;&#10;3" toa="null" sc_toa="null" service_center="null" read="1" status="-1" locked="0" date_sent="0" readable_date="16-10-2015 13:48:40" contact_name="(Unknown)" />
  <sms protocol="0" address="+84961302263" date="1444978133018" type="1" subject="null" body="He 30 x 500n de 30 x 5trieu .29. 92 x 500n lo 30 .39 x 200d&#10;4" toa="null" sc_toa="null" service_center="null" read="1" status="-1" locked="0" date_sent="0" readable_date="16-10-2015 13:48:53" contact_name="(Unknown)" />
  <sms protocol="0" address="+84961302263" date="1444978140354" type="1" subject="null" body="Tong4x700n; tong9x300n;&#10;He01,he04x200n;de&#10;39,51,15,60,06,40,04,59x300n 93,95x1200n;&#10;lo54*x300d; lo44,18*x100d; dau1x20n; de12*x100n; lo12,76x15d; de 16*x100n; 61x50n&#10;5" toa="null" sc_toa="null" service_center="null" read="1" status="-1" locked="0" date_sent="0" readable_date="16-10-2015 13:49:00" contact_name="(Unknown)" />
  <sms protocol="0" address="+84961302263" date="1444978253736" type="1" subject="null" body="Tin 5 lo 38,54,45,63,35,x50d 72,00,29,89x100d 24.42. 53. 34.18,19.59.25x50d &#10;8" toa="null" sc_toa="null" service_center="null" read="1" status="-1" locked="0" date_sent="0" readable_date="16-10-2015 13:50:53" contact_name="(Unknown)" />
  <sms protocol="0" address="+84961302263" date="1444978281606" type="1" subject="null" body="He 09,07 x50nde&#10;00x100.98 41 85x30.89 14 58 49 94x20.19x90.10x120.33x50.90 98x20.63x650.82x430.&#10;Lo05.50.47.74.68x5d; de47.74.68x90n;&#10;11 66 99 44 300n; le le 200n&#10;dd 27x80.&#10;De 33x1000" toa="null" sc_toa="null" service_center="null" read="1" status="-1" locked="0" date_sent="0" readable_date="16-10-2015 13:51:21" contact_name="(Unknown)" />
  <sms protocol="0" address="+84961302263" date="1444978286463" type="1" subject="null" body="Hết e nhé." toa="null" sc_toa="null" service_center="null" read="1" status="-1" locked="0" date_sent="0" readable_date="16-10-2015 13:51:26" contact_name="(Unknown)" />
  <sms protocol="0" address="0961302263" date="1444978725870" type="2" subject="null" body="Ngay:15/10/2015&#13;&#10;BAC chuyen cho EM&#13;&#10;De:53113,0=38241,4n&#13;&#10;Lo:3093,0=67118,1n&#13;&#10;Th de:303,0=21210,0n&#13;&#10;Th lo:373,0=29840,0n&#13;&#10;BAC bu cho EM:54309,5n&#13;&#10;" toa="null" sc_toa="null" service_center="null" read="1" status="0" locked="0" date_sent="0" readable_date="16-10-2015 13:58:45" contact_name="(Unknown)" />
</smses>