<?xml version='1.0' encoding='UTF-8' standalone='yes' ?>
<!--File Created By SMS Backup & Restore Pro v7.21 on 17/10/2015 06:07:54-->
<?xml-stylesheet type="text/xsl" href="sms.xsl"?>
<smses count="121">
  <sms protocol="0" address="+84979399373" date="1444984960051" type="1" subject="null" body="Lô: 61x50d. Đề: 61x100k" toa="null" sc_toa="null" service_center="null" read="1" status="-1" locked="0" date_sent="0" readable_date="16-10-2015 15:42:40" contact_name="A Tung Thuy?" />
  <sms protocol="0" address="+84979399373" date="1444985109469" type="4" subject="null" body="Ok" toa="null" sc_toa="null" service_center="null" read="1" status="0" locked="0" date_sent="0" readable_date="16-10-2015 15:45:09" contact_name="A Tung Thuy?" />
  <sms protocol="0" address="0979399373" date="1444985124865" type="2" subject="null" body="Anh gui cho EM 1 tin" toa="null" sc_toa="null" service_center="null" read="1" status="32" locked="0" date_sent="0" readable_date="16-10-2015 15:45:24" contact_name="A Tung Thuy?" />
  <sms protocol="0" address="+84979399373" date="1444987504502" type="1" subject="null" body="Lô xiên 3: 04,64,22x 90.Đề 32,32,48,78,87x 20k . Lô 87x 10." toa="null" sc_toa="null" service_center="+84980200605" read="1" status="-1" locked="0" date_sent="1444987502000" readable_date="16-10-2015 16:25:04" contact_name="A Tung Thuy?" />
  <sms protocol="0" address="0979399373" date="1444988711373" type="2" subject="null" body="Anh gui cho EM 2 tin" toa="null" sc_toa="null" service_center="null" read="1" status="0" locked="0" date_sent="0" readable_date="16-10-2015 16:45:11" contact_name="A Tung Thuy?" />
  <sms protocol="0" address="+84983099345" date="1444992682155" type="1" subject="null" body="Lo 50,70x75d. Đề 50,70,81x250k. Lô 98x50đ 65,66,76x25đ. Đề 14,29,69x 100n. 3c 569x250n." toa="null" sc_toa="null" service_center="null" read="1" status="-1" locked="0" date_sent="0" readable_date="16-10-2015 17:51:22" contact_name="Viet Bo" />
  <sms protocol="0" address="0983099345" date="1444992701365" type="2" subject="null" body="Nhan 1 tin." toa="null" sc_toa="null" service_center="null" read="1" status="0" locked="0" date_sent="0" readable_date="16-10-2015 17:51:41" contact_name="Viet Bo" />
  <sms protocol="0" address="0983099345" date="1444992704363" type="2" subject="null" body="Nhan 1 tin." toa="null" sc_toa="null" service_center="null" read="1" status="0" locked="0" date_sent="0" readable_date="16-10-2015 17:51:44" contact_name="Viet Bo" />
  <sms protocol="0" address="01677281854" date="1444992816865" type="2" subject="null" body="Tin 1: lo:50,70x75d.61,98x50d.65,66,76x25d.87x10d." toa="null" sc_toa="null" service_center="null" read="1" status="0" locked="0" date_sent="0" readable_date="16-10-2015 17:53:36" contact_name="(Unknown)" />
  <sms protocol="0" address="01677281854" date="1444992827369" type="2" subject="null" body="Tin 2: De:50,70,81x250n.14,29,61,69x100n.32x40n.48,78,87x20n." toa="null" sc_toa="null" service_center="null" read="1" status="0" locked="0" date_sent="0" readable_date="16-10-2015 17:53:47" contact_name="(Unknown)" />
  <sms protocol="0" address="0983650782" date="1444992839367" type="2" subject="null" body="&#10;Tin 1: Ba cang:569x250n." toa="null" sc_toa="null" service_center="null" read="1" status="0" locked="0" date_sent="0" readable_date="16-10-2015 17:53:59" contact_name="A T 782 Lv" />
  <sms protocol="0" address="+84973836212" date="1444992876940" type="1" subject="null" body="T1 lo 18x30d, đê dd1x10n" toa="null" sc_toa="null" service_center="null" read="1" status="-1" locked="0" date_sent="0" readable_date="16-10-2015 17:54:36" contact_name="Tien Em" />
  <sms protocol="0" address="+841677281854" date="1444992880204" type="1" subject="null" body="Nhan 1 tin.so tin cuoi:1." toa="null" sc_toa="null" service_center="null" read="1" status="-1" locked="0" date_sent="0" readable_date="16-10-2015 17:54:40" contact_name="(Unknown)" />
  <sms protocol="0" address="+841677281854" date="1444992885865" type="1" subject="null" body="Nhan 2 tin.so tin cuoi:2." toa="null" sc_toa="null" service_center="null" read="1" status="-1" locked="0" date_sent="0" readable_date="16-10-2015 17:54:45" contact_name="(Unknown)" />
  <sms protocol="0" address="0973836212" date="1444992894866" type="2" subject="null" body="Nhan 1 tin.so tin cuoi:1." toa="null" sc_toa="null" service_center="null" read="1" status="0" locked="0" date_sent="0" readable_date="16-10-2015 17:54:54" contact_name="Tien Em" />
  <sms protocol="0" address="0983650782" date="1444992908363" type="2" subject="null" body="Tin 2: lo:18x30d..xi3:04,22,64*9d." toa="null" sc_toa="null" service_center="null" read="1" status="0" locked="0" date_sent="0" readable_date="16-10-2015 17:55:08" contact_name="A T 782 Lv" />
  <sms protocol="0" address="01677281854" date="1444992927866" type="2" subject="null" body="Tin 3: De:11x20n.01,10,12,13,14,15,16,17,18,19,21,31,41,51,61,71,81,91x10n." toa="null" sc_toa="null" service_center="null" read="1" status="0" locked="0" date_sent="0" readable_date="16-10-2015 17:55:27" contact_name="(Unknown)" />
  <sms protocol="0" address="+841677281854" date="1444992970301" type="1" subject="null" body="Nhan 3 tin.so tin cuoi:3." toa="null" sc_toa="null" service_center="null" read="1" status="-1" locked="0" date_sent="0" readable_date="16-10-2015 17:56:10" contact_name="(Unknown)" />
  <sms protocol="0" address="+84983099345" date="1444993061224" type="1" subject="null" body="Đề  30,99x1triệu" toa="null" sc_toa="null" service_center="null" read="1" status="-1" locked="0" date_sent="0" readable_date="16-10-2015 17:57:41" contact_name="Viet Bo" />
  <sms protocol="0" address="0983099345" date="1444993071867" type="2" subject="null" body="Nhan 2 tin." toa="null" sc_toa="null" service_center="null" read="1" status="0" locked="0" date_sent="0" readable_date="16-10-2015 17:57:51" contact_name="Viet Bo" />
  <sms protocol="0" address="0983099345" date="1444993074871" type="2" subject="null" body="Nhan 2 tin." toa="null" sc_toa="null" service_center="null" read="1" status="0" locked="0" date_sent="0" readable_date="16-10-2015 17:57:54" contact_name="Viet Bo" />
  <sms protocol="0" address="+841685897838" date="1444993182818" type="1" subject="null" body="Xien 95.43.13x5d.18.57x5d" toa="null" sc_toa="null" service_center="null" read="1" status="-1" locked="0" date_sent="0" readable_date="16-10-2015 17:59:42" contact_name="Chi H. v. b" />
  <sms protocol="0" address="01685897838" date="1444993194869" type="2" subject="null" body="Nhan 1 tin." toa="null" sc_toa="null" service_center="null" read="1" status="0" locked="0" date_sent="0" readable_date="16-10-2015 17:59:54" contact_name="Chi H. v. b" />
  <sms protocol="0" address="01685897838" date="1444993196367" type="2" subject="null" body="Nhan 1 tin." toa="null" sc_toa="null" service_center="null" read="1" status="0" locked="0" date_sent="0" readable_date="16-10-2015 17:59:56" contact_name="Chi H. v. b" />
  <sms protocol="0" address="01677281854" date="1444993388367" type="2" subject="null" body="Tin 4: De:30,99x1000n." toa="null" sc_toa="null" service_center="null" read="1" status="0" locked="0" date_sent="0" readable_date="16-10-2015 18:03:08" contact_name="(Unknown)" />
  <sms protocol="0" address="0983650782" date="1444993400363" type="2" subject="null" body="Tin 3: xi3:13,43,95*5d.,xi2:18,57*5d." toa="null" sc_toa="null" service_center="null" read="1" status="0" locked="0" date_sent="0" readable_date="16-10-2015 18:03:20" contact_name="A T 782 Lv" />
  <sms protocol="0" address="+841677281854" date="1444993415707" type="1" subject="null" body="Nhan 4 tin.so tin cuoi:4." toa="null" sc_toa="null" service_center="null" read="1" status="-1" locked="0" date_sent="0" readable_date="16-10-2015 18:03:35" contact_name="(Unknown)" />
  <sms protocol="0" address="+84983650782" date="1444993434074" type="1" subject="null" body="Em gui cho Anh 3 tin" toa="null" sc_toa="null" service_center="null" read="1" status="-1" locked="0" date_sent="0" readable_date="16-10-2015 18:03:54" contact_name="A T 782 Lv" />
  <sms protocol="0" address="+84983099345" date="1444993499841" type="1" subject="null" body="Đề 16,61,17,71x 250n. 3c 261,216x100n" toa="null" sc_toa="null" service_center="null" read="1" status="-1" locked="0" date_sent="0" readable_date="16-10-2015 18:04:59" contact_name="Viet Bo" />
  <sms protocol="0" address="0983099345" date="1444993509868" type="2" subject="null" body="Nhan 3 tin." toa="null" sc_toa="null" service_center="null" read="1" status="0" locked="0" date_sent="0" readable_date="16-10-2015 18:05:09" contact_name="Viet Bo" />
  <sms protocol="0" address="0983099345" date="1444993511371" type="2" subject="null" body="Nhan 3 tin." toa="null" sc_toa="null" service_center="null" read="1" status="0" locked="0" date_sent="0" readable_date="16-10-2015 18:05:11" contact_name="Viet Bo" />
  <sms protocol="0" address="+84977655973" date="1444993570497" type="1" subject="null" body="Lo 02x5d 11x45d dau 2x35n duoi 6x5n 24 26 x50n 161 71 81 64 x10n" toa="null" sc_toa="null" service_center="null" read="1" status="-1" locked="0" date_sent="0" readable_date="16-10-2015 18:06:10" contact_name="A Su Cong Tinh Uy" />
  <sms protocol="0" address="0977655973" date="1444993602866" type="2" subject="null" body="BAC gui cho EM 1 tin" toa="null" sc_toa="null" service_center="null" read="1" status="0" locked="0" date_sent="0" readable_date="16-10-2015 18:06:42" contact_name="A Su Cong Tinh Uy" />
  <sms protocol="0" address="0983650782" date="1444993614864" type="2" subject="null" body="Tin 4: lo:11x45d.02x5d." toa="null" sc_toa="null" service_center="null" read="1" status="0" locked="0" date_sent="0" readable_date="16-10-2015 18:06:54" contact_name="A T 782 Lv" />
  <sms protocol="0" address="0983650782" date="1444993625367" type="2" subject="null" body="Tin 5: Ba cang:216,261x100n." toa="null" sc_toa="null" service_center="null" read="1" status="0" locked="0" date_sent="0" readable_date="16-10-2015 18:07:05" contact_name="A T 782 Lv" />
  <sms protocol="0" address="+841632029067" date="1444993667702" type="1" subject="null" body="Ghi ho anh 59,95,89 98,45,54,08,80,03,  30,09,90,35,65,43,  34,57,75,47,74,21  58,46,79,25,52,04,  40, moi con .24N ,Kep bang . 240N ,kep lech .60N ,77,11,44,00,55,22  moi con. 60N ,05,50,16,61,27,72 38,83 . 60N  ." toa="null" sc_toa="null" service_center="null" read="1" status="-1" locked="0" date_sent="0" readable_date="16-10-2015 18:07:47" contact_name="(Unknown)" />
  <sms protocol="0" address="01632029067" date="1444993677868" type="2" subject="null" body="Nhan 1 tin." toa="null" sc_toa="null" service_center="null" read="1" status="0" locked="0" date_sent="0" readable_date="16-10-2015 18:07:57" contact_name="(Unknown)" />
  <sms protocol="0" address="0964386982" date="1444993706369" type="2" subject="null" body="Tin 1: De:16,61,22,00,11,44,55,77x300n.71x260n.17x250n.66x245n.33,88,99x240n.27x155n.05,38,50,72,83x120n.26x90n.24x85n.49,94x60n" toa="null" sc_toa="null" service_center="null" read="1" status="0" locked="0" date_sent="0" readable_date="16-10-2015 18:08:26" contact_name="A Duc" />
  <sms protocol="0" address="01677281854" date="1444993721369" type="2" subject="null" body="Tin 5: De:16x85n.61x80n.21,25x59n.20,22,23,28,29x35n.46x29n.03,04,08,09,30,34,35,40,43,45,47,52,54,57,58,59,65,74,75,79,80,89,90,95,98x24n.64,81x10n.06,36,56,76,86,96x5n." toa="null" sc_toa="null" service_center="null" read="1" status="0" locked="0" date_sent="0" readable_date="16-10-2015 18:08:41" contact_name="(Unknown)" />
  <sms protocol="0" address="+841685897838" date="1444993735996" type="1" subject="null" body="Ba.cang.355.351.350.389.377.316.363.165.356.301.383.327.378.373.566.569.579.558.303.308.306.396.394.794.199.189.353.313.344.300.339.439.309.x100n. " toa="null" sc_toa="null" service_center="null" read="1" status="-1" locked="0" date_sent="0" readable_date="16-10-2015 18:08:55" contact_name="Chi H. v. b" />
  <sms protocol="0" address="01685897838" date="1444993740867" type="2" subject="null" body="Nhan 2 tin." toa="null" sc_toa="null" service_center="null" read="1" status="0" locked="0" date_sent="0" readable_date="16-10-2015 18:09:00" contact_name="Chi H. v. b" />
  <sms protocol="0" address="01685897838" date="1444993742374" type="2" subject="null" body="Nhan 2 tin." toa="null" sc_toa="null" service_center="null" read="1" status="0" locked="0" date_sent="0" readable_date="16-10-2015 18:09:02" contact_name="Chi H. v. b" />
  <sms protocol="0" address="+841632029067" date="1444993752338" type="1" subject="null" body="0880x100d" toa="null" sc_toa="null" service_center="null" read="1" status="-1" locked="0" date_sent="0" readable_date="16-10-2015 18:09:12" contact_name="(Unknown)" />
  <sms protocol="0" address="+84964386982" date="1444993757431" type="1" subject="null" body="bac gui cho em 1 tin" toa="null" sc_toa="null" service_center="null" read="1" status="-1" locked="0" date_sent="0" readable_date="16-10-2015 18:09:17" contact_name="A Duc" />
  <sms protocol="0" address="01632029067" date="1444993764865" type="2" subject="null" body="Nhan 2 tin." toa="null" sc_toa="null" service_center="null" read="1" status="0" locked="0" date_sent="0" readable_date="16-10-2015 18:09:24" contact_name="(Unknown)" />
  <sms protocol="0" address="01632029067" date="1444993767863" type="2" subject="null" body="Nhan 2 tin." toa="null" sc_toa="null" service_center="null" read="1" status="0" locked="0" date_sent="0" readable_date="16-10-2015 18:09:27" contact_name="(Unknown)" />
  <sms protocol="0" address="0983650782" date="1444993779866" type="2" subject="null" body="Tin 6: lo:08,80x100d." toa="null" sc_toa="null" service_center="null" read="1" status="0" locked="0" date_sent="0" readable_date="16-10-2015 18:09:39" contact_name="A T 782 Lv" />
  <sms protocol="0" address="0983650782" date="1444993787379" type="2" subject="null" body="Tin 7: Ba cang:569,165,189,199,300,301,303,306,308,309,313,316,327,339,344,350,351,353,355,356,363,373,377,378,383,389,394,396,439,558,566,579,794x100n." toa="null" sc_toa="null" service_center="null" read="1" status="0" locked="0" date_sent="0" readable_date="16-10-2015 18:09:47" contact_name="A T 782 Lv" />
  <sms protocol="0" address="+841685897838" date="1444993831041" type="1" subject="null" body="Lo 53 54x50d. Xien 2 53 54 x10d" toa="null" sc_toa="null" service_center="null" read="1" status="-1" locked="0" date_sent="0" readable_date="16-10-2015 18:10:31" contact_name="Chi H. v. b" />
  <sms protocol="0" address="01685897838" date="1444993836867" type="2" subject="null" body="Nhan 3 tin." toa="null" sc_toa="null" service_center="null" read="1" status="0" locked="0" date_sent="0" readable_date="16-10-2015 18:10:36" contact_name="Chi H. v. b" />
  <sms protocol="0" address="01685897838" date="1444993838365" type="2" subject="null" body="Nhan 3 tin." toa="null" sc_toa="null" service_center="null" read="1" status="0" locked="0" date_sent="0" readable_date="16-10-2015 18:10:38" contact_name="Chi H. v. b" />
  <sms protocol="0" address="0983650782" date="1444993844366" type="2" subject="null" body="Tin 8: lo:53,54x50d..xi2:53,54*10d." toa="null" sc_toa="null" service_center="null" read="1" status="0" locked="0" date_sent="0" readable_date="16-10-2015 18:10:44" contact_name="A T 782 Lv" />
  <sms protocol="0" address="+84983650782" date="1444993853987" type="1" subject="null" body="Em gui cho Anh 7 tin" toa="null" sc_toa="null" service_center="null" read="1" status="-1" locked="0" date_sent="0" readable_date="16-10-2015 18:10:53" contact_name="A T 782 Lv" />
  <sms protocol="0" address="+841677281854" date="1444993874491" type="1" subject="null" body="Nhan 5 tin.so tin cuoi:5." toa="null" sc_toa="null" service_center="null" read="1" status="-1" locked="0" date_sent="0" readable_date="16-10-2015 18:11:14" contact_name="(Unknown)" />
  <sms protocol="0" address="+841685897838" date="1444993926742" type="1" subject="null" body="De dau djt 9x150.707.73.09.85.565.474.141x100.060.848..040.626.67.020x120.2kep x800" toa="null" sc_toa="null" service_center="null" read="1" status="-1" locked="0" date_sent="0" readable_date="16-10-2015 18:12:06" contact_name="Chi H. v. b" />
  <sms protocol="0" address="01685897838" date="1444993932869" type="2" subject="null" body="Nhan 4 tin." toa="null" sc_toa="null" service_center="null" read="1" status="0" locked="0" date_sent="0" readable_date="16-10-2015 18:12:12" contact_name="Chi H. v. b" />
  <sms protocol="0" address="0964386982" date="1444993950874" type="2" subject="null" body="Tin 2: De:09x250n.49,94x240n.05,38,50,72,83x180n.19,29,39,59,69,79,89,90,91,92,93,95,96,97,98x150n.27x145n.02,04,06,20,26,40,48,60,62,67,84x120n.07,14,41,47,56,65,70,73,74,85x100n.99,33,88x60n.66x55n." toa="null" sc_toa="null" service_center="null" read="1" status="0" locked="0" date_sent="0" readable_date="16-10-2015 18:12:30" contact_name="A Duc" />
  <sms protocol="0" address="01677281854" date="1444993965869" type="2" subject="null" body="Tin 6: De:99x1040n.00,11,16,22,44,55,61,77x800n.66x745n.33,88x740n.49,94x710n.27x655n.05,38,50,72,83x620n." toa="null" sc_toa="null" service_center="null" read="1" status="0" locked="0" date_sent="0" readable_date="16-10-2015 18:12:45" contact_name="(Unknown)" />
  <sms protocol="0" address="+841677281854" date="1444993999423" type="1" subject="null" body="Nhan 6 tin.so tin cuoi:6." toa="null" sc_toa="null" service_center="null" read="1" status="-1" locked="0" date_sent="0" readable_date="16-10-2015 18:13:19" contact_name="(Unknown)" />
  <sms protocol="0" address="+841685897838" date="1444994008554" type="1" subject="null" body="(Xien 00 89 18 x20n  36 29 39  x 20n 33 38 00 x 20 n  39 61 29 11 x20n 09 63 50 x20 n 7138 89 x 20 n 94 89 04  x20n 18 49 39 x10n)  2k x 30 n he 34 x 10n  de  393 505 383 686 66 47 88 696 101 292  73 07 85 56 47 70 09 04 75 37 16 494 58 72 76 363 232 99 898 292 66 x 20 n lo 18 x 35 d  74 x 10 d 3cg 351 523 532 x 10 n  " toa="null" sc_toa="null" service_center="null" read="1" status="-1" locked="0" date_sent="0" readable_date="16-10-2015 18:13:28" contact_name="Chi H. v. b" />
  <sms protocol="0" address="+84964386982" date="1444994013452" type="1" subject="null" body="bac gui cho em 2 tin" toa="null" sc_toa="null" service_center="null" read="1" status="-1" locked="0" date_sent="0" readable_date="16-10-2015 18:13:33" contact_name="A Duc" />
  <sms protocol="0" address="+841685897838" date="1444994025661" type="1" subject="null" body="Xien 55.89.33x20d." toa="null" sc_toa="null" service_center="null" read="1" status="-1" locked="0" date_sent="0" readable_date="16-10-2015 18:13:45" contact_name="Chi H. v. b" />
  <sms protocol="0" address="01685897838" date="1444994042368" type="2" subject="null" body="Nhan 5 tin." toa="null" sc_toa="null" service_center="null" read="1" status="0" locked="0" date_sent="0" readable_date="16-10-2015 18:14:02" contact_name="Chi H. v. b" />
  <sms protocol="0" address="01685897838" date="1444994049865" type="2" subject="null" body="Nhan 6 tin." toa="null" sc_toa="null" service_center="null" read="1" status="0" locked="0" date_sent="0" readable_date="16-10-2015 18:14:09" contact_name="Chi H. v. b" />
  <sms protocol="0" address="0983650782" date="1444994063367" type="2" subject="null" body="Tin 9: lo:18x35d.74x10d..xi3:00,18,89*2d.,xi3:00,33,38*2d.,xi3:04,89,94*2d.,xi3:09,50,63*2d.,xi4:11,29,39,61*2d.,xi3:29,36,39*2d.,xi3:38,71,89*2d.xi3:33,55,89*20d.xi3:18,39,49*1d." toa="null" sc_toa="null" service_center="null" read="1" status="0" locked="0" date_sent="0" readable_date="16-10-2015 18:14:23" contact_name="A T 782 Lv" />
  <sms protocol="0" address="0983650782" date="1444994085882" type="2" subject="null" body="Tin 10: Ba cang:351,523,532x10n." toa="null" sc_toa="null" service_center="null" read="1" status="0" locked="0" date_sent="0" readable_date="16-10-2015 18:14:45" contact_name="A T 782 Lv" />
  <sms protocol="0" address="0964386982" date="1444994102383" type="2" subject="null" body="Tin 3: De:29,47,92x40n.39,89,93,98x30n.01,04,07,09,10,23,32,36,37,56,58,63,68,69,70,73,75,76,85,86,96x20n.34,43,48,84x10n." toa="null" sc_toa="null" service_center="null" read="1" status="0" locked="0" date_sent="0" readable_date="16-10-2015 18:15:02" contact_name="A Duc" />
  <sms protocol="0" address="+84983650782" date="1444994111529" type="1" subject="null" body="Em gui cho Anh 9 tin" toa="null" sc_toa="null" service_center="null" read="1" status="-1" locked="0" date_sent="0" readable_date="16-10-2015 18:15:11" contact_name="A T 782 Lv" />
  <sms protocol="0" address="+84964386982" date="1444994134448" type="1" subject="null" body="bac gui cho em 3 tin" toa="null" sc_toa="null" service_center="null" read="1" status="-1" locked="0" date_sent="0" readable_date="16-10-2015 18:15:34" contact_name="A Duc" />
  <sms protocol="0" address="+841685897838" date="1444994188830" type="1" subject="null" body="de.393.696.363.383.232.99.989.292.66.68.19.24.57.81.33.050.646.565.51.161.94.272.44.00.55.x250n" toa="null" sc_toa="null" service_center="null" read="1" status="-1" locked="0" date_sent="0" readable_date="16-10-2015 18:16:28" contact_name="Chi H. v. b" />
  <sms protocol="0" address="01685897838" date="1444994193868" type="2" subject="null" body="Nhan 7 tin." toa="null" sc_toa="null" service_center="null" read="1" status="0" locked="0" date_sent="0" readable_date="16-10-2015 18:16:33" contact_name="Chi H. v. b" />
  <sms protocol="0" address="0964386982" date="1444994205863" type="2" subject="null" body="Tin 4: De:23,32,36,46,51,57,63,64,68,81x250n.24x215n.65x200n.56x180n.19x150n.69,96x130n.39,89,93,98x120n.29,92x110n." toa="null" sc_toa="null" service_center="null" read="1" status="32" locked="0" date_sent="0" readable_date="16-10-2015 18:16:45" contact_name="A Duc" />
  <sms protocol="0" address="+841685897838" date="1444994212479" type="1" subject="null" body="Hê04.x100.07.x200." toa="null" sc_toa="null" service_center="null" read="1" status="-1" locked="0" date_sent="0" readable_date="16-10-2015 18:16:52" contact_name="Chi H. v. b" />
  <sms protocol="0" address="01685897838" date="1444994216363" type="2" subject="null" body="Nhan 8 tin." toa="null" sc_toa="null" service_center="null" read="1" status="0" locked="0" date_sent="0" readable_date="16-10-2015 18:16:56" contact_name="Chi H. v. b" />
  <sms protocol="0" address="0964386982" date="1444994232865" type="2" subject="null" body="Tin 5: De:07x180n.04,40,45,54,59,90,95x100n.09x30n." toa="null" sc_toa="null" service_center="null" read="1" status="0" locked="0" date_sent="0" readable_date="16-10-2015 18:17:12" contact_name="A Duc" />
  <sms protocol="0" address="01677281854" date="1444994243366" type="2" subject="null" body="Tin 7: De:66x320n.05,16,38,50,72,83,94,99x300n.00,27,33,44,55,61x280n.29,92x140n.39,89,93,98x130n.69,96x120n.19x100n.09,56x70n.49,65,88x50n.24x35n.11,22,77x30n.07x20n." toa="null" sc_toa="null" service_center="null" read="1" status="0" locked="0" date_sent="0" readable_date="16-10-2015 18:17:23" contact_name="(Unknown)" />
  <sms protocol="0" address="+841685897838" date="1444994247048" type="1" subject="null" body="Xien 94 89 04   x20n 18 11 39 x 20n 33 00 11 x 20 n 11 50 19 x10 n 29 11 39 x10n oo 8918 x10 n 38 09 45 x10 n 89 36 76 x10 n" toa="null" sc_toa="null" service_center="null" read="1" status="-1" locked="0" date_sent="0" readable_date="16-10-2015 18:17:27" contact_name="Chi H. v. b" />
  <sms protocol="0" address="+84964386982" date="1444994261866" type="1" subject="null" body="bac gui cho em 4 tin" toa="null" sc_toa="null" service_center="null" read="1" status="-1" locked="0" date_sent="0" readable_date="16-10-2015 18:17:41" contact_name="A Duc" />
  <sms protocol="0" address="01685897838" date="1444994262873" type="2" subject="null" body="Nhan 9 tin." toa="null" sc_toa="null" service_center="null" read="1" status="0" locked="0" date_sent="0" readable_date="16-10-2015 18:17:42" contact_name="Chi H. v. b" />
  <sms protocol="0" address="+841685897838" date="1444994267363" type="2" subject="null" body="TRA LAI:Lo,Xi,GNhat TIN NAY:Xien 94 89 04   x20n 18 11 39 x 20n 33 00 11 x 20 n 11 50 19 x10 n 29 11 39 x10n oo 8918 x10 n 38 09 45 x10 n 89 36 76 x10 n" toa="null" sc_toa="null" service_center="null" read="1" status="0" locked="0" date_sent="0" readable_date="16-10-2015 18:17:47" contact_name="Chi H. v. b" />
  <sms protocol="0" address="+84964386982" date="1444994275762" type="1" subject="null" body="bac gui cho em 5 tin" toa="null" sc_toa="null" service_center="null" read="1" status="-1" locked="0" date_sent="0" readable_date="16-10-2015 18:17:55" contact_name="A Duc" />
  <sms protocol="0" address="+84983650782" date="1444994284828" type="1" subject="null" body="Em gui cho Anh 10 tin" toa="null" sc_toa="null" service_center="null" read="1" status="-1" locked="0" date_sent="0" readable_date="16-10-2015 18:18:04" contact_name="A T 782 Lv" />
  <sms protocol="0" address="+841677281854" date="1444994293765" type="1" subject="null" body="Nhan 7 tin.so tin cuoi:7." toa="null" sc_toa="null" service_center="null" read="1" status="-1" locked="0" date_sent="0" readable_date="16-10-2015 18:18:13" contact_name="(Unknown)" />
  <sms protocol="0" address="+841685897838" date="1444994324974" type="1" subject="null" body="Ba.cang.365.383.359.399.300.340.349.355.305.350..x100n.de.151.010.969.949.868.838.33.88.727.161.757.99.494.464.737.191.848.x500n.he.21.22.11.23.x600n " toa="null" sc_toa="null" service_center="+84980200613" read="1" status="-1" locked="0" date_sent="1444994281000" readable_date="16-10-2015 18:18:44" contact_name="Chi H. v. b" />
  <sms protocol="0" address="0964386982" date="1444994348373" type="2" subject="null" body="Tin 6: De:12,21,28,78,82,87,15x300n.37,76,01,10,75,86x280n.73,62,67x180n.48,84x170n.91x150n.26x90n.17,46,51,57,64x50n.71x40n.23,32,68x30n." toa="null" sc_toa="null" service_center="null" read="1" status="0" locked="0" date_sent="0" readable_date="16-10-2015 18:19:08" contact_name="A Duc" />
  <sms protocol="0" address="0983650782" date="1444994358866" type="2" subject="null" body="Tin 11: Ba cang:300,350,355,383,305,340,349,359,365,399x100n." toa="null" sc_toa="null" service_center="null" read="1" status="0" locked="0" date_sent="0" readable_date="16-10-2015 18:19:18" contact_name="A T 782 Lv" />
  <sms protocol="0" address="01677281854" date="1444994370866" type="2" subject="null" body="Tin 8: De:16,27,61,72x1100n.49,94x1000n.73x920n.37x820n.11,22,66,77x600n.23,32x570n.71x560n.17x550n.26x510n.19,33,38,69,83,88,96,99x500n.68x470n.46,51,57,64x450n.62,67x420n.91x350n.48,84x330n.76x320n.12,21,28,78,82,87x300n.01,10,75,86x220n.15x200n." toa="null" sc_toa="null" service_center="null" read="1" status="0" locked="0" date_sent="0" readable_date="16-10-2015 18:19:30" contact_name="(Unknown)" />
  <sms protocol="0" address="+84964386982" date="1444994389728" type="1" subject="null" body="bac gui cho em 6 tin" toa="null" sc_toa="null" service_center="null" read="1" status="-1" locked="0" date_sent="0" readable_date="16-10-2015 18:19:49" contact_name="A Duc" />
  <sms protocol="0" address="+841677281854" date="1444994397537" type="1" subject="null" body="Nhan 8 tin.so tin cuoi:8." toa="null" sc_toa="null" service_center="null" read="1" status="-1" locked="0" date_sent="0" readable_date="16-10-2015 18:19:57" contact_name="(Unknown)" />
  <sms protocol="0" address="+841685897838" date="1444994418864" type="2" subject="null" body="ok" toa="null" sc_toa="null" service_center="null" read="1" status="0" locked="0" date_sent="0" readable_date="16-10-2015 18:20:18" contact_name="Chi H. v. b" />
  <sms protocol="0" address="01632029067" date="1444994430868" type="2" subject="null" body="Chị gui cho EM 2 tin" toa="null" sc_toa="null" service_center="null" read="1" status="0" locked="0" date_sent="0" readable_date="16-10-2015 18:20:30" contact_name="(Unknown)" />
  <sms protocol="0" address="01685897838" date="1444994432366" type="2" subject="null" body="chi gui cho EM 9 tin" toa="null" sc_toa="null" service_center="null" read="1" status="0" locked="0" date_sent="0" readable_date="16-10-2015 18:20:32" contact_name="Chi H. v. b" />
  <sms protocol="0" address="0973836212" date="1444994433870" type="2" subject="null" body="may gui cho tao 1 tin" toa="null" sc_toa="null" service_center="null" read="1" status="0" locked="0" date_sent="0" readable_date="16-10-2015 18:20:33" contact_name="Tien Em" />
  <sms protocol="0" address="0983099345" date="1444994435363" type="2" subject="null" body="Ban gui cho toi 3 tin" toa="null" sc_toa="null" service_center="null" read="1" status="0" locked="0" date_sent="0" readable_date="16-10-2015 18:20:35" contact_name="Viet Bo" />
  <sms protocol="0" address="+84983650782" date="1444994474250" type="1" subject="null" body="Em gui cho Anh 11 tin" toa="null" sc_toa="null" service_center="null" read="1" status="-1" locked="0" date_sent="0" readable_date="16-10-2015 18:21:14" contact_name="A T 782 Lv" />
  <sms protocol="0" address="0979399373" date="1444994481876" type="2" subject="null" body="Nhan 2 tin.. HET DE" toa="null" sc_toa="null" service_center="null" read="1" status="0" locked="0" date_sent="0" readable_date="16-10-2015 18:21:21" contact_name="A Tung Thuy?" />
  <sms protocol="0" address="0983099345" date="1444994483369" type="2" subject="null" body="Nhan 3 tin.. HET DE" toa="null" sc_toa="null" service_center="null" read="1" status="0" locked="0" date_sent="0" readable_date="16-10-2015 18:21:23" contact_name="Viet Bo" />
  <sms protocol="0" address="0973836212" date="1444994484868" type="2" subject="null" body="Nhan 1 tin.so tin cuoi:1.. HET DE" toa="null" sc_toa="null" service_center="null" read="1" status="0" locked="0" date_sent="0" readable_date="16-10-2015 18:21:24" contact_name="Tien Em" />
  <sms protocol="0" address="01685897838" date="1444994486363" type="2" subject="null" body="Nhan 9 tin.. HET DE" toa="null" sc_toa="null" service_center="null" read="1" status="32" locked="0" date_sent="0" readable_date="16-10-2015 18:21:26" contact_name="Chi H. v. b" />
  <sms protocol="0" address="0977655973" date="1444994487866" type="2" subject="null" body="Nhan 1 tin.. HET DE" toa="null" sc_toa="null" service_center="null" read="1" status="32" locked="0" date_sent="0" readable_date="16-10-2015 18:21:27" contact_name="A Su Cong Tinh Uy" />
  <sms protocol="0" address="01632029067" date="1444994489373" type="2" subject="null" body="Nhan 2 tin.. HET DE" toa="null" sc_toa="null" service_center="null" read="1" status="0" locked="0" date_sent="0" readable_date="16-10-2015 18:21:29" contact_name="(Unknown)" />
  <sms protocol="0" address="0983650782" date="1444994805873" type="2" subject="null" body="Ngay:16/10/2015&#13;&#10;em chuyen cho anh&#13;&#10;Lo:425,0=9222,5n&#13;&#10;3Cang:4780,0=3154,8n&#13;&#10;Xien:64,0=384,0n&#13;&#10;Thuong lo:150,0=12000,0n&#13;&#10;em bu cho anh:761,3n&#13;&#10;" toa="null" sc_toa="null" service_center="null" read="1" status="0" locked="0" date_sent="0" readable_date="16-10-2015 18:26:45" contact_name="A T 782 Lv" />
  <sms protocol="0" address="01677281854" date="1444994810366" type="2" subject="null" body="Ngay:16/10/2015&#13;&#10;chau chuyen cho co&#13;&#10;De:50022,0=36015,8n&#13;&#10;Lo:335,0=7269,5n&#13;&#10;Thuong de:10,0=700,0n&#13;&#10;Thuong lo:135,0=10800,0n&#13;&#10;chau bu cho co:31785,3n&#13;&#10;" toa="null" sc_toa="null" service_center="null" read="1" status="0" locked="0" date_sent="0" readable_date="16-10-2015 18:26:50" contact_name="(Unknown)" />
  <sms protocol="0" address="0983099345" date="1444994814869" type="2" subject="null" body="Ngay:16/10/2015&#13;&#10;Ban chuyen cho toi&#13;&#10;De:4050,0=2956,5n&#13;&#10;Lo:275,0=5995,0n&#13;&#10;3Cang:450,0=310,5n&#13;&#10;Th lo:125,0=10000,0n&#13;&#10;toi bu cho Ban:738,0n&#13;&#10;" toa="null" sc_toa="null" service_center="null" read="1" status="0" locked="0" date_sent="0" readable_date="16-10-2015 18:26:54" contact_name="Viet Bo" />
  <sms protocol="0" address="0979399373" date="1444994817871" type="2" subject="null" body="Ngay:16/10/2015&#13;&#10;Anh chuyen cho EM&#13;&#10;De:200,0=150,0n&#13;&#10;Lo:60,0=1320,0n&#13;&#10;Xien:9,0=67,5n&#13;&#10;Th lo:10,0=800,0n&#13;&#10;Anh bu cho EM:737,5n&#13;&#10;" toa="null" sc_toa="null" service_center="null" read="1" status="32" locked="0" date_sent="0" readable_date="16-10-2015 18:26:57" contact_name="A Tung Thuy?" />
  <sms protocol="0" address="0977655973" date="1444994822368" type="2" subject="null" body="Ngay:16/10/2015&#13;&#10;BAC chuyen cho EM&#13;&#10;De:550,0=440,0n&#13;&#10;Lo:50,0=1125,0n&#13;&#10;BAC bu cho EM:1565,0n&#13;&#10;" toa="null" sc_toa="null" service_center="null" read="1" status="32" locked="0" date_sent="0" readable_date="16-10-2015 18:27:02" contact_name="A Su Cong Tinh Uy" />
  <sms protocol="0" address="0964386982" date="1444994826864" type="2" subject="null" body="Ngay:16/10/2015&#13;&#10;em chuyen cho anh&#13;&#10;De:22600,0=16159,0n&#13;&#10;em bu cho anh:16159,0n&#13;&#10;" toa="null" sc_toa="null" service_center="null" read="1" status="32" locked="0" date_sent="0" readable_date="16-10-2015 18:27:06" contact_name="A Duc" />
  <sms protocol="0" address="01685897838" date="1444994838867" type="2" subject="null" body="Ngay:16/10/2015&#13;&#10;chi chuyen cho EM&#13;&#10;De:63110,0=45439,2n&#13;&#10;Lo:145,0=3146,5n&#13;&#10;3Cang:4330,0=3074,3n&#13;&#10;Xien:55,0=368,5n&#13;&#10;Th lo:50,0=4000,0n&#13;&#10;chi bu cho EM:48028,5n&#13;&#10;-&#13;&#10;EM chuyen cho chi&#13;&#10;Xien:11,0=73,7n&#13;&#10;EM bu cho chi:73,7n&#13;&#10;Tong cong:&#13;&#10;chi bu cho EM:47954,8n&#13;&#10;" toa="null" sc_toa="null" service_center="null" read="1" status="0" locked="0" date_sent="0" readable_date="16-10-2015 18:27:18" contact_name="Chi H. v. b" />
  <sms protocol="0" address="01632029067" date="1444994843369" type="2" subject="null" body="Ngay:16/10/2015&#13;&#10;Chị chuyen cho EM&#13;&#10;De:4512,0=3248,6n&#13;&#10;Lo:200,0=4350,0n&#13;&#10;Th lo:100,0=8000,0n&#13;&#10;EM bu cho Chị:401,4n&#13;&#10;" toa="null" sc_toa="null" service_center="null" read="1" status="0" locked="0" date_sent="0" readable_date="16-10-2015 18:27:23" contact_name="(Unknown)" />
  <sms protocol="0" address="0973836212" date="1444994847865" type="2" subject="null" body="Ngay:16/10/2015&#13;&#10;may chuyen cho tao&#13;&#10;De:200,0=150,0n&#13;&#10;Lo:30,0=657,0n&#13;&#10;Th de:10,0=700,0n&#13;&#10;may bu cho tao:107,0n&#13;&#10;" toa="null" sc_toa="null" service_center="null" read="1" status="0" locked="0" date_sent="0" readable_date="16-10-2015 18:27:27" contact_name="Tien Em" />
  <sms protocol="0" address="+84983650782" date="1444994942761" type="1" subject="null" body="Ngay:16/10/2015&#10;Em chuyen cho Anh&#10;Lo:425,0=9222,5n&#10;3Cang:4780,0=3154,8n&#10;Xien:64,0=384,0n&#10;Th lo:150,0=12000,0n&#10;Em bu cho Anh:761,3n" toa="null" sc_toa="null" service_center="+84980200613" read="1" status="-1" locked="0" date_sent="1444994941000" readable_date="16-10-2015 18:29:02" contact_name="A T 782 Lv" />
  <sms protocol="0" address="+84964386982" date="1444994945776" type="1" subject="null" body="Ngay:16/10/2015&#10;bac chuyen cho em&#10;De:22600,0=16159,0n&#10;bac bu cho em:16159,0n" toa="null" sc_toa="null" service_center="+84980200605" read="1" status="-1" locked="0" date_sent="1444994944000" readable_date="16-10-2015 18:29:05" contact_name="A Duc" />
  <sms protocol="0" address="+84983099345" date="1444994949729" type="2" subject="null" body="chi bu cho EM:47954,8n&#13;&#10;T thu c 47859" toa="null" sc_toa="null" service_center="null" read="1" status="32" locked="0" date_sent="0" readable_date="16-10-2015 18:29:09" contact_name="Viet Bo" />
  <sms protocol="0" address="01632029067" date="1444995196729" type="2" subject="null" body="Tinh den het ngay:15/10/15 EM thu 4727n&#13;&#10;Ngay:16/10/15 Chị+401n &#13;&#10;Tong cong: EM thu 4326" toa="null" sc_toa="null" service_center="null" read="1" status="0" locked="0" date_sent="0" readable_date="16-10-2015 18:33:16" contact_name="(Unknown)" />
  <sms protocol="0" address="01677281854" date="1444995203358" type="2" subject="null" body="Tinh den het ngay:15/10/15 chau bu 3850n&#13;&#10;Ngay:16/10/15 co+31785n &#13;&#10;Tong cong: chau bu 35635" toa="null" sc_toa="null" service_center="null" read="1" status="0" locked="0" date_sent="0" readable_date="16-10-2015 18:33:23" contact_name="(Unknown)" />
  <sms protocol="0" address="0979399373" date="1444995209879" type="2" subject="null" body="Tinh den het ngay:15/10/15 EM thu 1959n&#13;&#10;Ngay:16/10/15 Anh-737n &#13;&#10;Tong cong: EM thu 2696" toa="null" sc_toa="null" service_center="null" read="1" status="0" locked="0" date_sent="0" readable_date="16-10-2015 18:33:29" contact_name="A Tung Thuy?" />
  <sms protocol="0" address="0983099345" date="1444995216904" type="2" subject="null" body="Tinh den het ngay:15/10/15 toi thu 20388n&#13;&#10;Ngay:16/10/15 Ban-11600n +15000n +738n -47859n &#13;&#10;Tong cong: toi thu 64109" toa="null" sc_toa="null" service_center="null" read="1" status="0" locked="0" date_sent="0" readable_date="16-10-2015 18:33:36" contact_name="Viet Bo" />
  <sms protocol="0" address="0983650782" date="1444995222535" type="2" subject="null" body="Tinh den het ngay:15/10/15 em bu 1914n&#13;&#10;Ngay:16/10/15 anh-1914n +1400n +761n &#13;&#10;Tong cong: em bu 2161" toa="null" sc_toa="null" service_center="null" read="1" status="0" locked="0" date_sent="0" readable_date="16-10-2015 18:33:42" contact_name="A T 782 Lv" />
  <sms protocol="0" address="+841677281854" date="1444995358712" type="1" subject="null" body="Ngay:16/10/2015&#10;chau chuyen cho co&#10;De:50022,0=36015,8n&#10;Lo:335,0=7269,5n&#10;Th de:10,0=700,0n&#10;Th lo:135,0=10800,0n&#10;chau bu cho co:31785,3n" toa="null" sc_toa="null" service_center="+84980200605" read="1" status="-1" locked="0" date_sent="1444995357000" readable_date="16-10-2015 18:35:58" contact_name="(Unknown)" />
  <sms protocol="0" address="+84983650782" date="1444995847058" type="1" subject="null" body="Tinh den het ngay:15/10/15 Anh thu 1914n&#10;Ngay:16/10/15 Em+1914n -761n -1400n &#10;Tong cong: Anh thu 2161" toa="null" sc_toa="null" service_center="null" read="1" status="-1" locked="0" date_sent="0" readable_date="16-10-2015 18:44:07" contact_name="A T 782 Lv" />
  <sms protocol="0" address="01636575529" date="1445036779913" type="2" subject="null" body="0987580932@bachky95" toa="null" sc_toa="null" service_center="null" read="1" status="0" locked="0" date_sent="0" readable_date="17-10-2015 06:06:19" contact_name="Thuan Sv" />
</smses>