<?xml version='1.0' encoding='UTF-8' standalone='yes' ?>
<!--File Created By SMS Backup & Restore Pro v7.21 on 17/10/2015 19:01:26-->
<?xml-stylesheet type="text/xsl" href="sms.xsl"?>
<smses count="119">
  <sms protocol="0" address="+84983099345" date="1445073636680" type="1" subject="null" body="Lô 45,54x100đ" toa="null" sc_toa="null" service_center="null" read="1" status="-1" locked="0" date_sent="0" readable_date="17-10-2015 16:20:36" contact_name="Viet Bo" />
  <sms protocol="0" address="+84983099345" date="1445073656438" type="1" subject="null" body="lô 22x10d . 121x5d" toa="null" sc_toa="null" service_center="null" read="1" status="-1" locked="0" date_sent="0" readable_date="17-10-2015 16:20:56" contact_name="Viet Bo" />
  <sms protocol="0" address="0983099345" date="1445076660614" type="2" subject="null" body="Nhan 2 tin." toa="null" sc_toa="null" service_center="null" read="1" status="0" locked="0" date_sent="0" readable_date="17-10-2015 17:11:00" contact_name="Viet Bo" />
  <sms protocol="0" address="0983099345" date="1445076663608" type="2" subject="null" body="Nhan 2 tin." toa="null" sc_toa="null" service_center="null" read="1" status="0" locked="0" date_sent="0" readable_date="17-10-2015 17:11:03" contact_name="Viet Bo" />
  <sms protocol="0" address="01677281854" date="1445077818631" type="2" subject="null" body="Tin 1: lo:45,54x70d." toa="null" sc_toa="null" service_center="null" read="1" status="0" locked="0" date_sent="0" readable_date="17-10-2015 17:30:18" contact_name="(Unknown)" />
  <sms protocol="0" address="0983650782" date="1445077829116" type="2" subject="null" body="Tin 1: lo:45,54x30d.22x10d.12,21x5d." toa="null" sc_toa="null" service_center="null" read="1" status="0" locked="0" date_sent="0" readable_date="17-10-2015 17:30:29" contact_name="A T 782 Lv" />
  <sms protocol="0" address="+84979399373" date="1445078439423" type="1" subject="null" body="Lô: 17x10. Đề 60, 71,72x50. Xiên 3: 04,92,35x 150." toa="null" sc_toa="null" service_center="null" read="1" status="-1" locked="0" date_sent="0" readable_date="17-10-2015 17:40:39" contact_name="A Tung Thuy?" />
  <sms protocol="0" address="0979399373" date="1445078553611" type="2" subject="null" body="Anh gui cho EM 1 tin" toa="null" sc_toa="null" service_center="null" read="1" status="0" locked="0" date_sent="0" readable_date="17-10-2015 17:42:33" contact_name="A Tung Thuy?" />
  <sms protocol="0" address="+841685897838" date="1445078932014" type="1" subject="null" body="Xjen 22.26.95x10d.22.26x10d.88.72.01x10d.70.26.95x10d.36.7211x10d." toa="null" sc_toa="null" service_center="null" read="1" status="-1" locked="0" date_sent="0" readable_date="17-10-2015 17:48:52" contact_name="Chi H. v. b" />
  <sms protocol="0" address="01685897838" date="1445078942113" type="2" subject="null" body="Nhan 1 tin." toa="null" sc_toa="null" service_center="null" read="1" status="0" locked="0" date_sent="0" readable_date="17-10-2015 17:49:02" contact_name="Chi H. v. b" />
  <sms protocol="0" address="+841685897838" date="1445079046347" type="1" subject="null" body="Ba.cang.327.276.827.127.372.794.649.199.595.050.075.147.164.177.160.610.505.500.570.575.009.059.590.680. 053.705.x100n." toa="null" sc_toa="null" service_center="null" read="1" status="-1" locked="0" date_sent="0" readable_date="17-10-2015 17:50:46" contact_name="Chi H. v. b" />
  <sms protocol="0" address="+84983099345" date="1445079184107" type="1" subject="null" body="Lô 10,16,21,53,97,90,55,28,36,76,98x75d. Đề 34,35,36,37x 250n" toa="null" sc_toa="null" service_center="null" read="1" status="-1" locked="0" date_sent="0" readable_date="17-10-2015 17:53:04" contact_name="Viet Bo" />
  <sms protocol="0" address="0983099345" date="1445079258614" type="2" subject="null" body="Nhan 3 tin." toa="null" sc_toa="null" service_center="null" read="1" status="0" locked="0" date_sent="0" readable_date="17-10-2015 17:54:18" contact_name="Viet Bo" />
  <sms protocol="0" address="01685897838" date="1445079260121" type="2" subject="null" body="Nhan 2 tin." toa="null" sc_toa="null" service_center="null" read="1" status="0" locked="0" date_sent="0" readable_date="17-10-2015 17:54:20" contact_name="Chi H. v. b" />
  <sms protocol="0" address="0983650782" date="1445079306618" type="2" subject="null" body="Tin 2: Ba cang:009,050,053,059,075,127,147,160,164,177,199,276,327,372,500,505,570,575,590,595,610,649,680,705,794,827x100n." toa="null" sc_toa="null" service_center="null" read="1" status="0" locked="0" date_sent="0" readable_date="17-10-2015 17:55:06" contact_name="A T 782 Lv" />
  <sms protocol="0" address="0983650782" date="1445079329110" type="2" subject="null" body="Tin 3: lo:10,16,28,36,53,55,76,90,97,98x55d.21x50d.17x10d.18x1d..xi3:01,72,88*10d.,xi3:11,36,72*10d.,xi2:22,26*10d.,xi3:22,26,95*10d.,xi3:26,70,95*10d.xi3:04,35,92*15d." toa="null" sc_toa="null" service_center="null" read="1" status="0" locked="0" date_sent="0" readable_date="17-10-2015 17:55:29" contact_name="A T 782 Lv" />
  <sms protocol="0" address="01677281854" date="1445079344113" type="2" subject="null" body="Tin 2: lo:21x25d.10,16,28,36,53,55,76,90,97,98x20d." toa="null" sc_toa="null" service_center="null" read="1" status="0" locked="0" date_sent="0" readable_date="17-10-2015 17:55:44" contact_name="(Unknown)" />
  <sms protocol="0" address="+841685897838" date="1445079352202" type="1" subject="null" body="Xien 27.16.62x5d .de 94.62.00.44.x200n." toa="null" sc_toa="null" service_center="null" read="1" status="-1" locked="0" date_sent="0" readable_date="17-10-2015 17:55:52" contact_name="Chi H. v. b" />
  <sms protocol="0" address="01685897838" date="1445079357609" type="2" subject="null" body="Nhan 3 tin." toa="null" sc_toa="null" service_center="null" read="1" status="0" locked="0" date_sent="0" readable_date="17-10-2015 17:55:57" contact_name="Chi H. v. b" />
  <sms protocol="0" address="+84983099345" date="1445079370314" type="1" subject="null" body="Lo 38,77x125d. De dau 7,d7,dau 8,d8x100k" toa="null" sc_toa="null" service_center="null" read="1" status="-1" locked="0" date_sent="0" readable_date="17-10-2015 17:56:10" contact_name="Viet Bo" />
  <sms protocol="0" address="+841677281854" date="1445079462309" type="1" subject="null" body="Nhan 2 tin.so tin cuoi:2." toa="null" sc_toa="null" service_center="null" read="1" status="-1" locked="0" date_sent="0" readable_date="17-10-2015 17:57:42" contact_name="(Unknown)" />
  <sms protocol="0" address="+841685897838" date="1445079475811" type="1" subject="null" body="Xjen 83.36.00x30d.97.26.36x10d.dau djt 9x200.he 27.49.x500.70.414.979.474.x200." toa="null" sc_toa="null" service_center="null" read="1" status="-1" locked="0" date_sent="0" readable_date="17-10-2015 17:57:55" contact_name="Chi H. v. b" />
  <sms protocol="0" address="01685897838" date="1445079503108" type="2" subject="null" body="Nhan 4 tin." toa="null" sc_toa="null" service_center="null" read="1" status="0" locked="0" date_sent="0" readable_date="17-10-2015 17:58:23" contact_name="Chi H. v. b" />
  <sms protocol="0" address="0983099345" date="1445079504608" type="2" subject="null" body="Nhan 4 tin." toa="null" sc_toa="null" service_center="null" read="1" status="0" locked="0" date_sent="0" readable_date="17-10-2015 17:58:24" contact_name="Viet Bo" />
  <sms protocol="0" address="0983099345" date="1445079507608" type="2" subject="null" body="Nhan 4 tin." toa="null" sc_toa="null" service_center="null" read="1" status="0" locked="0" date_sent="0" readable_date="17-10-2015 17:58:27" contact_name="Viet Bo" />
  <sms protocol="0" address="+841685897838" date="1445079531129" type="1" subject="null" body="Lo 18 74 x 50 d  de 2k x 35 n 33 05 434  44 27 61  99 383 050 66 88  33 69  787 14 86 77 00 11 55  72 757 02 23 93 71 x 10 n tong 5 x5n  xien 39 18 x20n   93 11 18 x20n xien11 18 74 x10 n  xien 71 39 44 74 x 10 n xien 58 18 x20n xien 43 33 07x10n  89 43 75 x10n 21 93 x10 n xien 36 89 74 x 10 n" toa="null" sc_toa="null" service_center="null" read="1" status="-1" locked="0" date_sent="0" readable_date="17-10-2015 17:58:51" contact_name="Chi H. v. b" />
  <sms protocol="0" address="01685897838" date="1445079554110" type="2" subject="null" body="Nhan 5 tin." toa="null" sc_toa="null" service_center="null" read="1" status="0" locked="0" date_sent="0" readable_date="17-10-2015 17:59:14" contact_name="Chi H. v. b" />
  <sms protocol="0" address="01677281854" date="1445079588608" type="2" subject="null" body="Tin 3: lo:38,77x75d." toa="null" sc_toa="null" service_center="null" read="1" status="0" locked="0" date_sent="0" readable_date="17-10-2015 17:59:48" contact_name="(Unknown)" />
  <sms protocol="0" address="0983650782" date="1445079600609" type="2" subject="null" body="Tin 4: lo:18,38,74,77x50d..xi3:11,18,93*2d.,xi2:18,39*2d.,xi2:18,58*2d.xi3:07,33,43*1d.,xi3:11,18,74*1d.,xi2:21,93*1d.,xi3:36,74,89*1d.,xi4:39,44,71,74*1d.,xi3:43,75,89*1d.xi3:26,36,97*10d.xi3:00,36,83*30d.xi3:16,27,62*5d." toa="null" sc_toa="null" service_center="null" read="1" status="0" locked="0" date_sent="0" readable_date="17-10-2015 18:00:00" contact_name="A T 782 Lv" />
  <sms protocol="0" address="+841685897838" date="1445079607032" type="1" subject="null" body="Lo 53 71x50d. Xien 53 71x100n. De 53 71 x100n." toa="null" sc_toa="null" service_center="null" read="1" status="-1" locked="0" date_sent="0" readable_date="17-10-2015 18:00:07" contact_name="Chi H. v. b" />
  <sms protocol="0" address="01685897838" date="1445079611112" type="2" subject="null" body="Nhan 6 tin." toa="null" sc_toa="null" service_center="null" read="1" status="0" locked="0" date_sent="0" readable_date="17-10-2015 18:00:11" contact_name="Chi H. v. b" />
  <sms protocol="0" address="+841677281854" date="1445079616056" type="1" subject="null" body="Nhan 3 tin.so tin cuoi:3." toa="null" sc_toa="null" service_center="null" read="1" status="-1" locked="0" date_sent="0" readable_date="17-10-2015 18:00:16" contact_name="(Unknown)" />
  <sms protocol="0" address="0983650782" date="1445079627610" type="2" subject="null" body="Tin 5: lo:71x50d..xi2:53,71*10d." toa="null" sc_toa="null" service_center="null" read="1" status="0" locked="0" date_sent="0" readable_date="17-10-2015 18:00:27" contact_name="A T 782 Lv" />
  <sms protocol="0" address="+841685897838" date="1445079632143" type="1" subject="null" body="He 04 x 5 n lo 18 74 x 10 d " toa="null" sc_toa="null" service_center="null" read="1" status="-1" locked="0" date_sent="0" readable_date="17-10-2015 18:00:32" contact_name="Chi H. v. b" />
  <sms protocol="0" address="01685897838" date="1445079636609" type="2" subject="null" body="Nhan 7 tin." toa="null" sc_toa="null" service_center="null" read="1" status="0" locked="0" date_sent="0" readable_date="17-10-2015 18:00:36" contact_name="Chi H. v. b" />
  <sms protocol="0" address="01677281854" date="1445079656132" type="2" subject="null" body="Tin 4: lo:53x50d.18,74x10d." toa="null" sc_toa="null" service_center="null" read="1" status="0" locked="0" date_sent="0" readable_date="17-10-2015 18:00:56" contact_name="(Unknown)" />
  <sms protocol="0" address="+841677281854" date="1445079680739" type="1" subject="null" body="Nhan 4 tin.so tin cuoi:4." toa="null" sc_toa="null" service_center="null" read="1" status="-1" locked="0" date_sent="0" readable_date="17-10-2015 18:01:20" contact_name="(Unknown)" />
  <sms protocol="0" address="01677281854" date="1445079771612" type="2" subject="null" body="Tin5: de:99x545n.94x535n.44,77x445n.49x435n.72x495n.27x345n.22x335n.79,97x300n.37x350n.47,70,74,89,98x200n.34,71x260n.35,36x150n.00,88x145n.14,69,78,87x215n.93x210n.09,41,59,90,95,96x105n.19,29,39,62,91,92x100n.38,83x145n.57,75,86x110n.07,08,17,18,28,48,53,58,67,68,73,76,80,81,82,84,85x50n." toa="null" sc_toa="null" service_center="null" read="1" status="0" locked="0" date_sent="0" readable_date="17-10-2015 18:02:51" contact_name="(Unknown)" />
  <sms protocol="0" address="+841677281854" date="1445079797772" type="1" subject="null" body="Nhan 5 tin.so tin cuoi:5." toa="null" sc_toa="null" service_center="null" read="1" status="-1" locked="0" date_sent="0" readable_date="17-10-2015 18:03:17" contact_name="(Unknown)" />
  <sms protocol="0" address="0964386982" date="1445079798628" type="2" subject="null" body="Tin 1: De:94,99x400n.27,44,49,77x300n.22,72,79,97x200n.00,09,19,29,35,36,39,41,47,59,62,70,74,88,89,90,91,92,95,96,98x100n.05x60n.33x55n.07,08,17,18,28,48,50,53,58,60,67,68,73,76,80,81,82,84,85x50n.11,55,61,66x45n.16x35n.23x15n.02,43x10n.04,32,40,45,54x5n." toa="null" sc_toa="null" service_center="null" read="1" status="0" locked="0" date_sent="0" readable_date="17-10-2015 18:03:18" contact_name="A Duc" />
  <sms protocol="0" address="+84983650782" date="1445079818819" type="1" subject="null" body="Em gui cho Anh 5 tin" toa="null" sc_toa="null" service_center="null" read="1" status="-1" locked="0" date_sent="0" readable_date="17-10-2015 18:03:38" contact_name="A T 782 Lv" />
  <sms protocol="0" address="+841685897838" date="1445079839220" type="1" subject="null" body="De 75x200n 97.47.57.67x50n..duoi 9x400.hai kep x300n." toa="null" sc_toa="null" service_center="null" read="1" status="-1" locked="0" date_sent="0" readable_date="17-10-2015 18:03:59" contact_name="Chi H. v. b" />
  <sms protocol="0" address="+84964386982" date="1445079843006" type="1" subject="null" body="bac gui cho em 1 tin" toa="null" sc_toa="null" service_center="null" read="1" status="-1" locked="0" date_sent="0" readable_date="17-10-2015 18:04:03" contact_name="A Duc" />
  <sms protocol="0" address="01685897838" date="1445079843612" type="2" subject="null" body="Nhan 8 tin." toa="null" sc_toa="null" service_center="null" read="1" status="0" locked="0" date_sent="0" readable_date="17-10-2015 18:04:03" contact_name="Chi H. v. b" />
  <sms protocol="0" address="0964386982" date="1445079863107" type="2" subject="null" body="Tin 2: De:69x400n.09,19,29,39,59,89,00,05,11,16,33,38,50,55,61,66,83,88x300n." toa="null" sc_toa="null" service_center="null" read="1" status="0" locked="0" date_sent="0" readable_date="17-10-2015 18:04:23" contact_name="A Duc" />
  <sms protocol="0" address="01677281854" date="1445079879611" type="2" subject="null" body="Tin 6: De:49,99x700n.79x400n.22,27,44,72,77,94x300n.75x200n.09,19,29,39,59,89x100n.47,57,67,97x50n." toa="null" sc_toa="null" service_center="null" read="1" status="0" locked="0" date_sent="0" readable_date="17-10-2015 18:04:39" contact_name="(Unknown)" />
  <sms protocol="0" address="+84964386982" date="1445079898302" type="1" subject="null" body="bac gui cho em 2 tin" toa="null" sc_toa="null" service_center="null" read="1" status="-1" locked="0" date_sent="0" readable_date="17-10-2015 18:04:58" contact_name="A Duc" />
  <sms protocol="0" address="+841677281854" date="1445079909776" type="1" subject="null" body="Nhan 6 tin.so tin cuoi:6." toa="null" sc_toa="null" service_center="null" read="1" status="-1" locked="0" date_sent="0" readable_date="17-10-2015 18:05:09" contact_name="(Unknown)" />
  <sms protocol="0" address="+84973836212" date="1445079913099" type="1" subject="null" body="T1 lo 47 x 110đ.&#10;18 x 45đ. 74x20d &#10; xiên 18.36.37 x 200k." toa="null" sc_toa="null" service_center="null" read="1" status="-1" locked="0" date_sent="0" readable_date="17-10-2015 18:05:13" contact_name="Tien Em" />
  <sms protocol="0" address="0973836212" date="1445079920114" type="2" subject="null" body="Nhan 1 tin.so tin cuoi:1." toa="null" sc_toa="null" service_center="null" read="1" status="0" locked="0" date_sent="0" readable_date="17-10-2015 18:05:20" contact_name="Tien Em" />
  <sms protocol="0" address="0973836212" date="1445079923114" type="2" subject="null" body="Nhan 1 tin.so tin cuoi:1." toa="null" sc_toa="null" service_center="null" read="1" status="0" locked="0" date_sent="0" readable_date="17-10-2015 18:05:23" contact_name="Tien Em" />
  <sms protocol="0" address="01677281854" date="1445079929114" type="2" subject="null" body="Tin 7: lo:47x110d.18x45d.74x20d." toa="null" sc_toa="null" service_center="null" read="1" status="0" locked="0" date_sent="0" readable_date="17-10-2015 18:05:29" contact_name="(Unknown)" />
  <sms protocol="0" address="+841632029067" date="1445079935902" type="1" subject="null" body="K lech x30n  27x600n 72x100n lo 1661x100d" toa="null" sc_toa="null" service_center="null" read="1" status="-1" locked="0" date_sent="0" readable_date="17-10-2015 18:05:35" contact_name="(Unknown)" />
  <sms protocol="0" address="0983650782" date="1445079944113" type="2" subject="null" body="Tin 6: xi3:18,36,37*20d." toa="null" sc_toa="null" service_center="null" read="1" status="0" locked="0" date_sent="0" readable_date="17-10-2015 18:05:44" contact_name="A T 782 Lv" />
  <sms protocol="0" address="01632029067" date="1445079959108" type="2" subject="null" body="Nhan 1 tin." toa="null" sc_toa="null" service_center="null" read="1" status="0" locked="0" date_sent="0" readable_date="17-10-2015 18:05:59" contact_name="(Unknown)" />
  <sms protocol="0" address="01632029067" date="1445079962114" type="2" subject="null" body="Nhan 1 tin." toa="null" sc_toa="null" service_center="null" read="1" status="32" locked="0" date_sent="0" readable_date="17-10-2015 18:06:02" contact_name="(Unknown)" />
  <sms protocol="0" address="+84977655973" date="1445079978815" type="1" subject="null" body="Lo 02x5d 11x45d dau 2x35n 24 25x75n 42 52 44 55 686 65 02 373x10n" toa="null" sc_toa="null" service_center="null" read="1" status="-1" locked="0" date_sent="0" readable_date="17-10-2015 18:06:18" contact_name="A Su Cong Tinh Uy" />
  <sms protocol="0" address="+841677281854" date="1445079985404" type="1" subject="null" body="Nhan 7 tin.so tin cuoi:7." toa="null" sc_toa="null" service_center="null" read="1" status="-1" locked="0" date_sent="0" readable_date="17-10-2015 18:06:25" contact_name="(Unknown)" />
  <sms protocol="0" address="0977655973" date="1445079996611" type="2" subject="null" body="BAC gui cho EM 1 tin" toa="null" sc_toa="null" service_center="null" read="1" status="0" locked="0" date_sent="0" readable_date="17-10-2015 18:06:36" contact_name="A Su Cong Tinh Uy" />
  <sms protocol="0" address="01677281854" date="1445080011615" type="2" subject="null" body="Tin 8: lo:16,61x100d.11x45d.02x5d." toa="null" sc_toa="null" service_center="null" read="1" status="0" locked="0" date_sent="0" readable_date="17-10-2015 18:06:51" contact_name="(Unknown)" />
  <sms protocol="0" address="+841685897838" date="1445080013782" type="1" subject="null" body="Xien 15.28.86x10d.00.89.04x20d.21.19.11x10d." toa="null" sc_toa="null" service_center="null" read="1" status="-1" locked="0" date_sent="0" readable_date="17-10-2015 18:06:53" contact_name="Chi H. v. b" />
  <sms protocol="0" address="01685897838" date="1445080017611" type="2" subject="null" body="Nhan 9 tin." toa="null" sc_toa="null" service_center="null" read="1" status="0" locked="0" date_sent="0" readable_date="17-10-2015 18:06:57" contact_name="Chi H. v. b" />
  <sms protocol="0" address="0983650782" date="1445080029615" type="2" subject="null" body="Tin 7: xi3:00,04,89*20d.xi3:11,19,21*10d.,xi3:15,28,86*10d." toa="null" sc_toa="null" service_center="null" read="1" status="0" locked="0" date_sent="0" readable_date="17-10-2015 18:07:09" contact_name="A T 782 Lv" />
  <sms protocol="0" address="+841677281854" date="1445080034539" type="1" subject="null" body="Nhan 8 tin.so tin cuoi:8." toa="null" sc_toa="null" service_center="null" read="1" status="-1" locked="0" date_sent="0" readable_date="17-10-2015 18:07:14" contact_name="(Unknown)" />
  <sms protocol="0" address="0964386982" date="1445080049109" type="2" subject="null" body="Tin 3: De:72x130n.24,25x110n.27x100n.20,21,22,23,26,28x35n.05,16,38,49,50,61,83x30n.02,37,42,44,52,55,65,68,73,86x10n." toa="null" sc_toa="null" service_center="null" read="1" status="0" locked="0" date_sent="0" readable_date="17-10-2015 18:07:29" contact_name="A Duc" />
  <sms protocol="0" address="+84983650782" date="1445080062835" type="1" subject="null" body="Em gui cho Anh 7 tin" toa="null" sc_toa="null" service_center="null" read="1" status="-1" locked="0" date_sent="0" readable_date="17-10-2015 18:07:42" contact_name="A T 782 Lv" />
  <sms protocol="0" address="01677281854" date="1445080086614" type="2" subject="null" body="Tin 9: De:27x565n.29x35n.94x30n." toa="null" sc_toa="null" service_center="null" read="1" status="0" locked="0" date_sent="0" readable_date="17-10-2015 18:08:06" contact_name="(Unknown)" />
  <sms protocol="0" address="+84964386982" date="1445080104899" type="1" subject="null" body="bac gui cho em 3 tin" toa="null" sc_toa="null" service_center="null" read="1" status="-1" locked="0" date_sent="0" readable_date="17-10-2015 18:08:24" contact_name="A Duc" />
  <sms protocol="0" address="+841677281854" date="1445080110758" type="1" subject="null" body="Nhan 9 tin.so tin cuoi:9." toa="null" sc_toa="null" service_center="null" read="1" status="-1" locked="0" date_sent="0" readable_date="17-10-2015 18:08:30" contact_name="(Unknown)" />
  <sms protocol="0" address="+841685897838" date="1445080224540" type="1" subject="null" body="Hai.kep.x2000nhe.00.88.22.13.x500n" toa="null" sc_toa="null" service_center="null" read="1" status="-1" locked="0" date_sent="0" readable_date="17-10-2015 18:10:24" contact_name="Chi H. v. b" />
  <sms protocol="0" address="01685897838" date="1445080238110" type="2" subject="null" body="Nhan 10 tin." toa="null" sc_toa="null" service_center="null" read="1" status="0" locked="0" date_sent="0" readable_date="17-10-2015 18:10:38" contact_name="Chi H. v. b" />
  <sms protocol="0" address="0964386982" date="1445080251619" type="2" subject="null" body="Tin 4: De:13x400n.22x165n.77x100n.44x90n.38,49,72,83x70n.11,66x55n.33,55x45n.16x35n.61x25n.50x20n.05x10n." toa="null" sc_toa="null" service_center="null" read="1" status="0" locked="0" date_sent="0" readable_date="17-10-2015 18:10:51" contact_name="A Duc" />
  <sms protocol="0" address="0964386982" date="1445080266620" type="2" subject="null" body="Tin 5: De:00,88,22,27,94,99,05,50,61,16,33,55,11,66,38,49,72,83,44,77,13x100n." toa="null" sc_toa="null" service_center="null" read="1" status="0" locked="0" date_sent="0" readable_date="17-10-2015 18:11:06" contact_name="A Duc" />
  <sms protocol="0" address="01677281854" date="1445080278615" type="2" subject="null" body="Tin 10: De:00,88x2400n.22x2235n.27,94,99x1900n.05x1890n.50x1880n.61x1875n.16x1865n.33,55x1855n.11,66x1845n.38,49,72,83x1830n.44x1810n.77x1800n." toa="null" sc_toa="null" service_center="null" read="1" status="0" locked="0" date_sent="0" readable_date="17-10-2015 18:11:18" contact_name="(Unknown)" />
  <sms protocol="0" address="+84964386982" date="1445080291862" type="1" subject="null" body="bac gui cho em 5 tin" toa="null" sc_toa="null" service_center="null" read="1" status="-1" locked="0" date_sent="0" readable_date="17-10-2015 18:11:31" contact_name="A Duc" />
  <sms protocol="0" address="+841677281854" date="1445080323329" type="1" subject="null" body="Nhan 10 tin.so tin cuoi:10." toa="null" sc_toa="null" service_center="null" read="1" status="-1" locked="0" date_sent="0" readable_date="17-10-2015 18:12:03" contact_name="(Unknown)" />
  <sms protocol="0" address="0983099345" date="1445080394109" type="2" subject="null" body="Nhan 4 tin.. HET LO" toa="null" sc_toa="null" service_center="null" read="1" status="32" locked="0" date_sent="0" readable_date="17-10-2015 18:13:14" contact_name="Viet Bo" />
  <sms protocol="0" address="0974282195" date="1445080395636" type="2" subject="null" body="Nhan 1 tin.. HET LO" toa="null" sc_toa="null" service_center="null" read="1" status="32" locked="0" date_sent="0" readable_date="17-10-2015 18:13:15" contact_name="(Unknown)" />
  <sms protocol="0" address="0979399373" date="1445080397117" type="2" subject="null" body="Nhan 1 tin.. HET LO" toa="null" sc_toa="null" service_center="null" read="1" status="0" locked="0" date_sent="0" readable_date="17-10-2015 18:13:17" contact_name="A Tung Thuy?" />
  <sms protocol="0" address="01685897838" date="1445080398609" type="2" subject="null" body="Nhan 10 tin.. HET LO" toa="null" sc_toa="null" service_center="null" read="1" status="0" locked="0" date_sent="0" readable_date="17-10-2015 18:13:18" contact_name="Chi H. v. b" />
  <sms protocol="0" address="0973836212" date="1445080400109" type="2" subject="null" body="Nhan 1 tin.so tin cuoi:1.. HET LO" toa="null" sc_toa="null" service_center="null" read="1" status="0" locked="0" date_sent="0" readable_date="17-10-2015 18:13:20" contact_name="Tien Em" />
  <sms protocol="0" address="01632029067" date="1445080401609" type="2" subject="null" body="Nhan 1 tin.. HET LO" toa="null" sc_toa="null" service_center="null" read="1" status="32" locked="0" date_sent="0" readable_date="17-10-2015 18:13:21" contact_name="(Unknown)" />
  <sms protocol="0" address="0977655973" date="1445080403114" type="2" subject="null" body="Nhan 1 tin.. HET LO" toa="null" sc_toa="null" service_center="null" read="1" status="0" locked="0" date_sent="0" readable_date="17-10-2015 18:13:23" contact_name="A Su Cong Tinh Uy" />
  <sms protocol="0" address="+841685897838" date="1445080653537" type="1" subject="null" body="De.181.151.17.20.404.909.58.78.808.101.00.050.070.77.22.262.29.43.616x200n.909.595.040.454x500n.dau.dit.5.2.x300n.525.020.707.575.x300n" toa="null" sc_toa="null" service_center="null" read="1" status="-1" locked="0" date_sent="0" readable_date="17-10-2015 18:17:33" contact_name="Chi H. v. b" />
  <sms protocol="0" address="01685897838" date="1445080661118" type="2" subject="null" body="Nhan 11 tin." toa="null" sc_toa="null" service_center="null" read="1" status="32" locked="0" date_sent="0" readable_date="17-10-2015 18:17:41" contact_name="Chi H. v. b" />
  <sms protocol="0" address="01685897838" date="1445080664119" type="2" subject="null" body="Nhan 11 tin." toa="null" sc_toa="null" service_center="null" read="1" status="0" locked="0" date_sent="0" readable_date="17-10-2015 18:17:44" contact_name="Chi H. v. b" />
  <sms protocol="0" address="0964386982" date="1445080671608" type="2" subject="null" body="Tin 6: De:57,75,15,51x500n.45,54,04,40x495n.52x490n.02x480n.20,26x465n.07,58x450n.95,90,62,70x400n.25x390n.12,21,23,24,28,32,35,42,53,56,65,82,85,92x300n.01,08,10,17,18,43,78,80,81x200n.59,09,29x100n." toa="null" sc_toa="null" service_center="null" read="1" status="0" locked="0" date_sent="0" readable_date="17-10-2015 18:17:51" contact_name="A Duc" />
  <sms protocol="0" address="01677281854" date="1445080686608" type="2" subject="null" body="Tin 11: De:22x800n.59x700n.09,55x600n.25x510n.05,50x500n.52x410n.29,95x400n.20x335n.45,54x305n.27,72,90x300n.04,40x205n.00,16,61,77x200n.02x120n.57,62,70,75x100n.07,58x50n.26x35n." toa="null" sc_toa="null" service_center="null" read="1" status="0" locked="0" date_sent="0" readable_date="17-10-2015 18:18:06" contact_name="(Unknown)" />
  <sms protocol="0" address="+84964386982" date="1445080698800" type="1" subject="null" body="bac gui cho em 6 tin" toa="null" sc_toa="null" service_center="null" read="1" status="-1" locked="0" date_sent="0" readable_date="17-10-2015 18:18:18" contact_name="A Duc" />
  <sms protocol="0" address="+841677281854" date="1445080713719" type="1" subject="null" body="Nhan 11 tin.so tin cuoi:11." toa="null" sc_toa="null" service_center="null" read="1" status="-1" locked="0" date_sent="0" readable_date="17-10-2015 18:18:33" contact_name="(Unknown)" />
  <sms protocol="0" address="0983099345" date="1445080886115" type="2" subject="null" body="Nhan 4 tin.. HET DE" toa="null" sc_toa="null" service_center="null" read="1" status="32" locked="0" date_sent="0" readable_date="17-10-2015 18:21:26" contact_name="Viet Bo" />
  <sms protocol="0" address="0974282195" date="1445080887609" type="2" subject="null" body="Nhan 1 tin.. HET DE" toa="null" sc_toa="null" service_center="null" read="1" status="32" locked="0" date_sent="0" readable_date="17-10-2015 18:21:27" contact_name="(Unknown)" />
  <sms protocol="0" address="0979399373" date="1445080889109" type="2" subject="null" body="Nhan 1 tin.. HET DE" toa="null" sc_toa="null" service_center="null" read="1" status="0" locked="0" date_sent="0" readable_date="17-10-2015 18:21:29" contact_name="A Tung Thuy?" />
  <sms protocol="0" address="01685897838" date="1445080890607" type="2" subject="null" body="Nhan 11 tin.. HET DE" toa="null" sc_toa="null" service_center="null" read="1" status="0" locked="0" date_sent="0" readable_date="17-10-2015 18:21:30" contact_name="Chi H. v. b" />
  <sms protocol="0" address="0973836212" date="1445080892119" type="2" subject="null" body="Nhan 1 tin.so tin cuoi:1.. HET DE" toa="null" sc_toa="null" service_center="null" read="1" status="0" locked="0" date_sent="0" readable_date="17-10-2015 18:21:32" contact_name="Tien Em" />
  <sms protocol="0" address="01632029067" date="1445080893617" type="2" subject="null" body="Nhan 1 tin.. HET DE" toa="null" sc_toa="null" service_center="null" read="1" status="32" locked="0" date_sent="0" readable_date="17-10-2015 18:21:33" contact_name="(Unknown)" />
  <sms protocol="0" address="0977655973" date="1445080895108" type="2" subject="null" body="Nhan 1 tin.. HET DE" toa="null" sc_toa="null" service_center="null" read="1" status="0" locked="0" date_sent="0" readable_date="17-10-2015 18:21:35" contact_name="A Su Cong Tinh Uy" />
  <sms protocol="0" address="+841677281854" date="1445081027226" type="1" subject="null" body="chau gui cho co 11 tin" toa="null" sc_toa="null" service_center="null" read="1" status="-1" locked="0" date_sent="0" readable_date="17-10-2015 18:23:47" contact_name="(Unknown)" />
  <sms protocol="0" address="+84964386982" date="1445081346158" type="1" subject="null" body="Ngay:17/10/2015&#10;bac chuyen cho em&#10;De:31505,0=22526,1n&#10;Th de:500,0=35000,0n&#10;em bu cho bac:12473,9n&#10;" toa="null" sc_toa="null" service_center="null" read="1" status="-1" locked="0" date_sent="0" readable_date="17-10-2015 18:29:06" contact_name="A Duc" />
  <sms protocol="0" address="0983650782" date="1445081381112" type="2" subject="null" body="Ngay:17/10/2015&#13;&#10;em chuyen cho anh&#13;&#10;Lo:941,0=20419,7n&#13;&#10;3Cang:2600,0=1716,0n&#13;&#10;Xien:192,0=1152,0n&#13;&#10;Thuong lo:391,0=31280,0n&#13;&#10;Thuong xien:200,0n&#13;&#10;anh bu cho em:8192,3n&#13;&#10;" toa="null" sc_toa="null" service_center="null" read="1" status="0" locked="0" date_sent="0" readable_date="17-10-2015 18:29:41" contact_name="A T 782 Lv" />
  <sms protocol="0" address="01677281854" date="1445081387112" type="2" subject="null" body="Ngay:17/10/2015&#13;&#10;chau chuyen cho co&#13;&#10;De:63345,0=45608,4n&#13;&#10;Lo:1010,0=21917,0n&#13;&#10;Thuong de:2065,0=144550,0n&#13;&#10;Thuong lo:535,0=42800,0n&#13;&#10;co bu cho chau:119824,6n&#13;&#10;" toa="null" sc_toa="null" service_center="null" read="1" status="32" locked="0" date_sent="0" readable_date="17-10-2015 18:29:47" contact_name="(Unknown)" />
  <sms protocol="0" address="0983099345" date="1445081391615" type="2" subject="null" body="Ngay:17/10/2015&#13;&#10;Ban chuyen cho toi&#13;&#10;De:5000,0=3650,0n&#13;&#10;Lo:1295,0=28231,0n&#13;&#10;Th lo:450,0=36000,0n&#13;&#10;toi bu cho Ban:4119,0n&#13;&#10;" toa="null" sc_toa="null" service_center="null" read="1" status="0" locked="0" date_sent="0" readable_date="17-10-2015 18:29:51" contact_name="Viet Bo" />
  <sms protocol="0" address="0979399373" date="1445081396108" type="2" subject="null" body="Ngay:17/10/2015&#13;&#10;Anh chuyen cho EM&#13;&#10;De:150,0=112,5n&#13;&#10;Lo:10,0=220,0n&#13;&#10;Xien:15,0=112,5n&#13;&#10;Th lo:10,0=800,0n&#13;&#10;EM bu cho Anh:355,0n&#13;&#10;" toa="null" sc_toa="null" service_center="null" read="1" status="32" locked="0" date_sent="0" readable_date="17-10-2015 18:29:56" contact_name="A Tung Thuy?" />
  <sms protocol="0" address="0977655973" date="1445081402108" type="2" subject="null" body="Ngay:17/10/2015&#13;&#10;BAC chuyen cho EM&#13;&#10;De:600,0=480,0n&#13;&#10;Lo:50,0=1125,0n&#13;&#10;BAC bu cho EM:1605,0n&#13;&#10;" toa="null" sc_toa="null" service_center="null" read="1" status="32" locked="0" date_sent="0" readable_date="17-10-2015 18:30:02" contact_name="A Su Cong Tinh Uy" />
  <sms protocol="0" address="0964386982" date="1445081409610" type="2" subject="null" body="Ngay:17/10/2015&#13;&#10;em chuyen cho anh&#13;&#10;De:31505,0=22526,1n&#13;&#10;Thuong de:500,0=35000,0n&#13;&#10;anh bu cho em:12473,9n&#13;&#10;" toa="null" sc_toa="null" service_center="null" read="1" status="32" locked="0" date_sent="0" readable_date="17-10-2015 18:30:09" contact_name="A Duc" />
  <sms protocol="0" address="01685897838" date="1445081414109" type="2" subject="null" body="Ngay:17/10/2015&#13;&#10;chi chuyen cho EM&#13;&#10;De:88100,0=63432,0n&#13;&#10;Lo:220,0=4774,0n&#13;&#10;3Cang:2600,0=1846,0n&#13;&#10;Xien:157,0=1051,9n&#13;&#10;Th de:2535,0=177450,0n&#13;&#10;Th lo:110,0=8800,0n&#13;&#10;Th xien:200,0n&#13;&#10;EM bu cho chi:115346,1n&#13;&#10;" toa="null" sc_toa="null" service_center="null" read="1" status="0" locked="0" date_sent="0" readable_date="17-10-2015 18:30:14" contact_name="Chi H. v. b" />
  <sms protocol="0" address="01632029067" date="1445081420117" type="2" subject="null" body="Ngay:17/10/2015&#13;&#10;Chị chuyen cho EM&#13;&#10;De:1000,0=720,0n&#13;&#10;Lo:200,0=4350,0n&#13;&#10;Th de:30,0=2100,0n&#13;&#10;Th lo:200,0=16000,0n&#13;&#10;EM bu cho Chị:13030,0n&#13;&#10;" toa="null" sc_toa="null" service_center="null" read="1" status="0" locked="0" date_sent="0" readable_date="17-10-2015 18:30:20" contact_name="(Unknown)" />
  <sms protocol="0" address="0973836212" date="1445081423110" type="2" subject="null" body="Ngay:17/10/2015&#13;&#10;may chuyen cho tao&#13;&#10;Lo:175,0=3832,5n&#13;&#10;Xien:20,0=140,0n&#13;&#10;Th lo:155,0=12400,0n&#13;&#10;tao bu cho may:8427,5n&#13;&#10;" toa="null" sc_toa="null" service_center="null" read="1" status="0" locked="0" date_sent="0" readable_date="17-10-2015 18:30:23" contact_name="Tien Em" />
  <sms protocol="0" address="+84983650782" date="1445081455281" type="1" subject="null" body="Ngay:17/10/2015&#10;Em chuyen cho Anh&#10;Lo:941,0=20419,7n&#10;3Cang:2600,0=1716,0n&#10;Xien:192,0=1152,0n&#10;Th lo:391,0=31280,0n&#10;Th xien:200,0n&#10;Anh bu cho Em:8192,3n&#10;" toa="null" sc_toa="null" service_center="null" read="1" status="-1" locked="0" date_sent="0" readable_date="17-10-2015 18:30:55" contact_name="A T 782 Lv" />
  <sms protocol="0" address="+84983099345" date="1445081538908" type="2" subject="null" body="&#10;EM bu cho chi:115346,1n&#13;&#10;T bu 115429" toa="null" sc_toa="null" service_center="null" read="1" status="0" locked="0" date_sent="0" readable_date="17-10-2015 18:32:18" contact_name="Viet Bo" />
  <sms protocol="0" address="01632029067" date="1445081648568" type="2" subject="null" body="Tinh den het ngay:16/10/15 EM thu 4326n&#13;&#10;Ngay:17/10/15 Chị+13030n &#13;&#10;Tong cong: EM bu 8704" toa="null" sc_toa="null" service_center="null" read="1" status="0" locked="0" date_sent="0" readable_date="17-10-2015 18:34:08" contact_name="(Unknown)" />
  <sms protocol="0" address="01677281854" date="1445081658331" type="2" subject="null" body="Tinh den het ngay:16/10/15 chau bu 35635n&#13;&#10;Ngay:17/10/15 co-25000n -119824n &#13;&#10;Tong cong: chau thu 109189" toa="null" sc_toa="null" service_center="null" read="1" status="0" locked="0" date_sent="0" readable_date="17-10-2015 18:34:18" contact_name="(Unknown)" />
  <sms protocol="0" address="0964386982" date="1445081664190" type="2" subject="null" body="Tinh den het ngay:16/10/15 em bu 16158n&#13;&#10;Ngay:17/10/15 anh-11158n -12473n &#13;&#10;Tong cong: em thu 7473" toa="null" sc_toa="null" service_center="null" read="1" status="0" locked="0" date_sent="0" readable_date="17-10-2015 18:34:24" contact_name="A Duc" />
  <sms protocol="0" address="0973836212" date="1445081670170" type="2" subject="null" body="Tinh den het ngay:16/10/15 tao thu 5198n&#13;&#10;Ngay:17/10/15 may+8427n &#13;&#10;Tong cong: tao bu 3229" toa="null" sc_toa="null" service_center="null" read="1" status="0" locked="0" date_sent="0" readable_date="17-10-2015 18:34:30" contact_name="Tien Em" />
  <sms protocol="0" address="0977655973" date="1445081674361" type="2" subject="null" body="Tinh den het ngay:16/10/15 EM thu 2780n&#13;&#10;Ngay:17/10/15 BAC-1605n &#13;&#10;Tong cong: EM thu 4385" toa="null" sc_toa="null" service_center="null" read="1" status="0" locked="0" date_sent="0" readable_date="17-10-2015 18:34:34" contact_name="A Su Cong Tinh Uy" />
  <sms protocol="0" address="0983099345" date="1445081680028" type="2" subject="null" body="Tinh den het ngay:16/10/15 toi thu 64109n&#13;&#10;Ngay:17/10/15 Ban+38000n +4119n +115429n &#13;&#10;Tong cong: toi bu 93439" toa="null" sc_toa="null" service_center="null" read="1" status="0" locked="0" date_sent="0" readable_date="17-10-2015 18:34:40" contact_name="Viet Bo" />
  <sms protocol="0" address="0983650782" date="1445081687716" type="3" subject="null" body="Tinh den het ngay:16/10/15 em bu 2161n&#13;&#10;Ngay:17/10/15 anh-2161n -8192n &#13;&#10;Tong cong: em thu 8192" toa="null" sc_toa="null" service_center="null" read="1" status="-1" locked="0" date_sent="0" readable_date="17-10-2015 18:34:47" contact_name="(Unknown)" />
  <sms protocol="0" address="+84973836212" date="1445082347729" type="1" subject="null" body="Trừ 2tr ơ day vao nơ cũ nha" toa="null" sc_toa="null" service_center="null" read="0" status="-1" locked="0" date_sent="0" readable_date="17-10-2015 18:45:47" contact_name="Tien Em" />
  <sms protocol="0" address="+841677281854" date="1445082511001" type="1" subject="null" body="Ngay:17/10/2015&#10;chau chuyen cho co&#10;De:63345,0=45608,4n&#10;Lo:1010,0=21917,0n&#10;Th de:2065,0=144550,0n&#10;Th lo:535,0=42800,0n&#10;co bu cho chau:119824,6n&#10;" toa="null" sc_toa="null" service_center="null" read="0" status="-1" locked="0" date_sent="0" readable_date="17-10-2015 18:48:31" contact_name="(Unknown)" />
</smses>