<?xml version='1.0' encoding='UTF-8' standalone='yes' ?>
<!--File Created By SMS Backup & Restore Pro v7.21 on 17/10/2015 19:25:09-->
<?xml-stylesheet type="text/xsl" href="sms.xsl"?>
<smses count="81">
  <sms protocol="0" address="+841685410901" date="1445075127483" type="1" subject="null" body="đề 44,99,494,141x 50.151,181,585,55x 25.11,88,454,484,595,191,898x 35.lô 18,97x 10d." toa="null" sc_toa="null" service_center="+84980200605" read="1" status="-1" locked="0" date_sent="1445075125000" readable_date="17-10-2015 16:45:27" contact_name="Giang" />
  <sms protocol="0" address="+841685410901" date="1445075344884" type="2" subject="null" body="Ok" toa="null" sc_toa="null" service_center="null" read="1" status="-1" locked="0" date_sent="0" readable_date="17-10-2015 16:49:04" contact_name="Giang" />
  <sms protocol="0" address="0948723319" date="1445075360259" type="2" subject="null" body="đề 44,99,494,141x 50.151,181,585,55x 25.11,88,454,484,595,191,898x 35.lô 18,97x 10d." toa="null" sc_toa="null" service_center="null" read="1" status="-1" locked="0" date_sent="0" readable_date="17-10-2015 16:49:20" contact_name="Tuyet2" />
  <sms protocol="0" address="+841685410901" date="1445075380063" type="1" subject="null" body="đề 22,292x 60n.242,141,44,99,494x 80n.121,252,282,040,343,464,474,191,595,898x 50n.020,262,272,454,484,090,393x 50n.232,696,797x 50n. 14,94x 50n.41,49x 80n." toa="null" sc_toa="null" service_center="+84980200613" read="1" status="-1" locked="0" date_sent="1445075370000" readable_date="17-10-2015 16:49:40" contact_name="Giang" />
  <sms protocol="0" address="+84948723319" date="1445075383187" type="1" subject="null" body="Ok" toa="null" sc_toa="null" service_center="+8491020005" read="1" status="-1" locked="0" date_sent="1445075344000" readable_date="17-10-2015 16:49:43" contact_name="Tuyet2" />
  <sms protocol="0" address="+841685410901" date="1445075391837" type="2" subject="null" body="Ok" toa="null" sc_toa="null" service_center="null" read="1" status="-1" locked="0" date_sent="0" readable_date="17-10-2015 16:49:51" contact_name="Giang" />
  <sms protocol="0" address="0948723319" date="1445075414073" type="2" subject="null" body="đề 22,292x 60n.242,141,44,99,494x 80n.121,252,282,040,343,464,474,191,595,898x 50n.020,262,272,454,484,090,393x 50n.232,696,797x 50n. 14,94x 50n.41,49x 80n." toa="null" sc_toa="null" service_center="null" read="1" status="-1" locked="0" date_sent="0" readable_date="17-10-2015 16:50:14" contact_name="Tuyet2" />
  <sms protocol="0" address="+84948723319" date="1445075640071" type="1" subject="null" body="&#10;Ok" toa="null" sc_toa="null" service_center="+8491020005" read="1" status="-1" locked="0" date_sent="1445075605000" readable_date="17-10-2015 16:54:00" contact_name="Tuyet2" />
  <sms protocol="0" address="+841662883398" date="1445078580440" type="1" subject="null" body="Đề : 44,99,494 .191,969 x 1tr" toa="null" sc_toa="null" service_center="+84980200605" read="1" status="-1" locked="0" date_sent="1445078578000" readable_date="17-10-2015 17:43:00" contact_name="Chi Hoa" />
  <sms protocol="0" address="+841662883398" date="1445078593641" type="2" subject="null" body="Ok" toa="null" sc_toa="null" service_center="null" read="1" status="-1" locked="0" date_sent="0" readable_date="17-10-2015 17:43:13" contact_name="Chi Hoa" />
  <sms protocol="0" address="0948723319" date="1445078601506" type="2" subject="null" body="Đề : 44,99,494 .191,969 x 1tr" toa="null" sc_toa="null" service_center="null" read="1" status="-1" locked="0" date_sent="0" readable_date="17-10-2015 17:43:21" contact_name="Tuyet2" />
  <sms protocol="0" address="+841662883398" date="1445078694364" type="1" subject="null" body="Lô xiên : 49,94,41 x 2tr" toa="null" sc_toa="null" service_center="+84980200605" read="1" status="-1" locked="0" date_sent="1445078692000" readable_date="17-10-2015 17:44:54" contact_name="Chi Hoa" />
  <sms protocol="0" address="+841662883398" date="1445078709240" type="2" subject="null" body="Ok" toa="null" sc_toa="null" service_center="null" read="1" status="-1" locked="0" date_sent="0" readable_date="17-10-2015 17:45:09" contact_name="Chi Hoa" />
  <sms protocol="0" address="+841685410901" date="1445078734841" type="1" subject="null" body="De 484x 100 797x 50n  &#10;22 28 17 242 464 474x100n  242 99 44 494x30n &#10;71 82 141x50n&#10;Lo 18x80d " toa="null" sc_toa="null" service_center="+84980200605" read="1" status="-1" locked="0" date_sent="1445078732000" readable_date="17-10-2015 17:45:34" contact_name="Giang" />
  <sms protocol="0" address="+841685410901" date="1445078745785" type="2" subject="null" body="Ok" toa="null" sc_toa="null" service_center="null" read="1" status="-1" locked="0" date_sent="0" readable_date="17-10-2015 17:45:45" contact_name="Giang" />
  <sms protocol="0" address="0948723319" date="1445078754852" type="2" subject="null" body="De 484x 100 797x 50n  &#10;22 28 17 242 464 474x100n  242 99 44 494x30n &#10;71 82 141x50n&#10;Lo 18x80d " toa="null" sc_toa="null" service_center="null" read="1" status="-1" locked="0" date_sent="0" readable_date="17-10-2015 17:45:54" contact_name="Tuyet2" />
  <sms protocol="0" address="+841685410901" date="1445078767887" type="1" subject="null" body="Cang 971 522x50n  928x100n&#10;597x20n  " toa="null" sc_toa="null" service_center="+84980200605" read="1" status="-1" locked="0" date_sent="1445078765000" readable_date="17-10-2015 17:46:07" contact_name="Giang" />
  <sms protocol="0" address="+841685410901" date="1445078780637" type="2" subject="null" body="Ok" toa="null" sc_toa="null" service_center="null" read="1" status="-1" locked="0" date_sent="0" readable_date="17-10-2015 17:46:20" contact_name="Giang" />
  <sms protocol="0" address="+84948723319" date="1445078809472" type="1" subject="null" body="Ok" toa="null" sc_toa="null" service_center="+8491020005" read="1" status="-1" locked="0" date_sent="1445078774000" readable_date="17-10-2015 17:46:49" contact_name="Tuyet2" />
  <sms protocol="0" address="+841662883398" date="1445079073251" type="1" subject="null" body="Đề : 181,11 , 141 x 1tr" toa="null" sc_toa="null" service_center="+84980200605" read="1" status="-1" locked="0" date_sent="1445079071000" readable_date="17-10-2015 17:51:13" contact_name="Chi Hoa" />
  <sms protocol="0" address="+841662883398" date="1445079086015" type="2" subject="null" body="Ok" toa="null" sc_toa="null" service_center="null" read="1" status="-1" locked="0" date_sent="0" readable_date="17-10-2015 17:51:26" contact_name="Chi Hoa" />
  <sms protocol="0" address="0948723319" date="1445079093025" type="2" subject="null" body="Đề : 181,11 , 141 x 1tr" toa="null" sc_toa="null" service_center="null" read="1" status="-1" locked="0" date_sent="0" readable_date="17-10-2015 17:51:33" contact_name="Tuyet2" />
  <sms protocol="0" address="+84948723319" date="1445079139047" type="1" subject="null" body="Ok" toa="null" sc_toa="null" service_center="+8491020005" read="1" status="-1" locked="0" date_sent="1445079104000" readable_date="17-10-2015 17:52:19" contact_name="Tuyet2" />
  <sms protocol="0" address="+841662883398" date="1445079297389" type="1" subject="null" body="Đít 4 x 2tr, đít1 x 1tr ,  91,94, x 2tr, 19,49 x 1tr" toa="null" sc_toa="null" service_center="+84980200605" read="1" status="-1" locked="0" date_sent="1445079295000" readable_date="17-10-2015 17:54:57" contact_name="Chi Hoa" />
  <sms protocol="0" address="+841662883398" date="1445079312484" type="2" subject="null" body="Ok" toa="null" sc_toa="null" service_center="null" read="1" status="-1" locked="0" date_sent="0" readable_date="17-10-2015 17:55:12" contact_name="Chi Hoa" />
  <sms protocol="0" address="0948723319" date="1445079322676" type="2" subject="null" body="Đít 4 x 2tr, đít1 x 1tr ,  91,94, x 2tr, 19,49 x 1tr" toa="null" sc_toa="null" service_center="null" read="1" status="-1" locked="0" date_sent="0" readable_date="17-10-2015 17:55:22" contact_name="Tuyet2" />
  <sms protocol="0" address="+84948723319" date="1445079397871" type="1" subject="null" body="Ok" toa="null" sc_toa="null" service_center="+8491020005" read="1" status="-1" locked="0" date_sent="1445079363000" readable_date="17-10-2015 17:56:37" contact_name="Tuyet2" />
  <sms protocol="0" address="+841662883398" date="1445079433783" type="1" subject="null" body="Đề : 44,11,99, x 2tr" toa="null" sc_toa="null" service_center="+84980200605" read="1" status="-1" locked="0" date_sent="1445079431000" readable_date="17-10-2015 17:57:13" contact_name="Chi Hoa" />
  <sms protocol="0" address="+841662883398" date="1445079448787" type="2" subject="null" body="Ok" toa="null" sc_toa="null" service_center="null" read="1" status="-1" locked="0" date_sent="0" readable_date="17-10-2015 17:57:28" contact_name="Chi Hoa" />
  <sms protocol="0" address="0948723319" date="1445079455018" type="2" subject="null" body="Đề : 44,11,99, x 2tr" toa="null" sc_toa="null" service_center="null" read="1" status="-1" locked="0" date_sent="0" readable_date="17-10-2015 17:57:35" contact_name="Tuyet2" />
  <sms protocol="0" address="+84971202383" date="1445079636628" type="1" subject="null" body="lo 78 87 x 500&#10;18 x 8000" toa="null" sc_toa="null" service_center="+84980200605" read="1" status="-1" locked="0" date_sent="1445079634000" readable_date="17-10-2015 18:00:36" contact_name="Nam1" />
  <sms protocol="0" address="+84971202383" date="1445079650319" type="2" subject="null" body="Ok" toa="null" sc_toa="null" service_center="null" read="1" status="-1" locked="0" date_sent="0" readable_date="17-10-2015 18:00:50" contact_name="Nam1" />
  <sms protocol="0" address="0948723319" date="1445079656869" type="2" subject="null" body="lo 78 87 x 500&#10;18 x 8000" toa="null" sc_toa="null" service_center="null" read="1" status="-1" locked="0" date_sent="0" readable_date="17-10-2015 18:00:56" contact_name="Tuyet2" />
  <sms protocol="0" address="+841685410901" date="1445079671276" type="1" subject="null" body="Lo 363x 500d " toa="null" sc_toa="null" service_center="+84980200613" read="1" status="-1" locked="0" date_sent="1445079669000" readable_date="17-10-2015 18:01:11" contact_name="Giang" />
  <sms protocol="0" address="+841685410901" date="1445079679793" type="2" subject="null" body="Ok" toa="null" sc_toa="null" service_center="null" read="1" status="-1" locked="0" date_sent="0" readable_date="17-10-2015 18:01:19" contact_name="Giang" />
  <sms protocol="0" address="0948723319" date="1445079686078" type="2" subject="null" body="Lo 363x 500d " toa="null" sc_toa="null" service_center="null" read="1" status="-1" locked="0" date_sent="0" readable_date="17-10-2015 18:01:26" contact_name="Tuyet2" />
  <sms protocol="0" address="+841662883398" date="1445079721927" type="1" subject="null" body="Đề 44 x 5tr" toa="null" sc_toa="null" service_center="+84980200605" read="1" status="-1" locked="0" date_sent="1445079720000" readable_date="17-10-2015 18:02:01" contact_name="Chi Hoa" />
  <sms protocol="0" address="01678838814" date="1445079735341" type="2" subject="null" body="Lo 18x3000d" toa="null" sc_toa="null" service_center="null" read="1" status="-1" locked="0" date_sent="0" readable_date="17-10-2015 18:02:15" contact_name="Vo Anh Thai" />
  <sms protocol="0" address="+841662883398" date="1445079743016" type="2" subject="null" body="Ok" toa="null" sc_toa="null" service_center="null" read="1" status="-1" locked="0" date_sent="0" readable_date="17-10-2015 18:02:23" contact_name="Chi Hoa" />
  <sms protocol="0" address="0948723319" date="1445079749143" type="2" subject="null" body="Đề 44 x 5tr" toa="null" sc_toa="null" service_center="null" read="1" status="-1" locked="0" date_sent="0" readable_date="17-10-2015 18:02:29" contact_name="Tuyet2" />
  <sms protocol="0" address="+841685410901" date="1445079768258" type="1" subject="null" body="Lo 72 x100" toa="null" sc_toa="null" service_center="+84980200613" read="1" status="-1" locked="0" date_sent="1445079766000" readable_date="17-10-2015 18:02:48" contact_name="Giang" />
  <sms protocol="0" address="+841685410901" date="1445079778475" type="2" subject="null" body="Ok" toa="null" sc_toa="null" service_center="null" read="1" status="-1" locked="0" date_sent="0" readable_date="17-10-2015 18:02:58" contact_name="Giang" />
  <sms protocol="0" address="+84948723319" date="1445079783895" type="1" subject="null" body="Lo 18x5000nhe" toa="null" sc_toa="null" service_center="+8491020005" read="1" status="-1" locked="0" date_sent="1445079751000" readable_date="17-10-2015 18:03:03" contact_name="Tuyet2" />
  <sms protocol="0" address="0948723319" date="1445079784785" type="2" subject="null" body="Lo 72 x100" toa="null" sc_toa="null" service_center="null" read="1" status="-1" locked="0" date_sent="0" readable_date="17-10-2015 18:03:04" contact_name="Tuyet2" />
  <sms protocol="0" address="+84948723319" date="1445079797141" type="2" subject="null" body="Ok" toa="null" sc_toa="null" service_center="null" read="1" status="-1" locked="0" date_sent="0" readable_date="17-10-2015 18:03:17" contact_name="Tuyet2" />
  <sms protocol="0" address="+841678838814" date="1445079808035" type="1" subject="null" body="Ok1" toa="null" sc_toa="null" service_center="+84980200605" read="1" status="-1" locked="0" date_sent="1445079806000" readable_date="17-10-2015 18:03:28" contact_name="Vo Anh Thai" />
  <sms protocol="0" address="+84948723319" date="1445079880028" type="1" subject="null" body="Ok" toa="null" sc_toa="null" service_center="+8491020005" read="1" status="-1" locked="0" date_sent="1445079844000" readable_date="17-10-2015 18:04:40" contact_name="Tuyet2" />
  <sms protocol="0" address="+84971202383" date="1445079955986" type="1" subject="null" body="lo 18 x 200&#10;03 28 55 37 90 35 89 x 50 &#10;03 x 100&#10;18 x 200&#10;03 x 500&#10;15 16x 300&#10;70 35 x 2000" toa="null" sc_toa="null" service_center="+84980200605" read="1" status="-1" locked="0" date_sent="1445079954000" readable_date="17-10-2015 18:05:55" contact_name="Nam1" />
  <sms protocol="0" address="+84971202383" date="1445079968519" type="2" subject="null" body="Ok" toa="null" sc_toa="null" service_center="null" read="1" status="-1" locked="0" date_sent="0" readable_date="17-10-2015 18:06:08" contact_name="Nam1" />
  <sms protocol="0" address="0948723319" date="1445079981151" type="2" subject="null" body="lo&#10;03 28 55 37 90 35 89 x 50 &#10;03 x 100&#10;18 x 200&#10;03 x 500&#10;15 16x 300&#10;70 35 x 2000" toa="null" sc_toa="null" service_center="null" read="1" status="-1" locked="0" date_sent="0" readable_date="17-10-2015 18:06:21" contact_name="Tuyet2" />
  <sms protocol="0" address="01678838814" date="1445079990099" type="2" subject="null" body="Lo 18x200d" toa="null" sc_toa="null" service_center="null" read="1" status="-1" locked="0" date_sent="0" readable_date="17-10-2015 18:06:30" contact_name="Vo Anh Thai" />
  <sms protocol="35" address="+841653535810" date="1445080023062" type="1" subject="null" body="Lo::181.161.38.121.262868.x250d.lo 95.11.22.353.040.88.36.44.47.55.66.282.x100d.lo 55x500d.lo 92x1500d.xien 92.38.16x1tr.81.62.21.x1tr.16.17.18x1tr.20.21.22x1tr.14.11.94x2tr.de ;272.050.151.757.808.010.252.787.020.282.00.11.22.171.070.090.454x800n.de 565.585.191.797.484.686.292.88.404.606.161.262.141.242.949.696.989.53.39.64x600n.de 18x3tr.de 81.12x1tr.de 21x15tr" toa="null" sc_toa="null" service_center="+84980200613" read="1" status="-1" locked="0" date_sent="1445080012000" readable_date="17-10-2015 18:07:03" contact_name="Cong2" />
  <sms protocol="0" address="+841653535810" date="1445080032987" type="2" subject="null" body="Ok" toa="null" sc_toa="null" service_center="null" read="1" status="-1" locked="0" date_sent="0" readable_date="17-10-2015 18:07:12" contact_name="Cong2" />
  <sms protocol="0" address="+841678838814" date="1445080036022" type="1" subject="null" body="Ok2" toa="null" sc_toa="null" service_center="+84980200605" read="1" status="-1" locked="0" date_sent="1445080033000" readable_date="17-10-2015 18:07:16" contact_name="Vo Anh Thai" />
  <sms protocol="0" address="01678838814" date="1445080055655" type="2" subject="null" body="Lo::181.161.38.121.262868.x250d.lo 95.11.22.353.040.88.36.44.47.55.66.282.x100d.lo 55x500d.lo 92x1500d.xien 92.38.16x1tr.81.62.21.x1tr.16.17.18x1tr.20.21.22x1tr.14.11.94x2tr.de ;272.050.151.757.808.010.252.787.020.282.00.11.22.171.070.090.454x800n.de 565.585.191.797.484.686.292.88.404.606.161.262.141.242.949.696.989.53.39.64x600n.de 18x3tr.de 81.12x1tr.de 21x15tr" toa="null" sc_toa="null" service_center="null" read="1" status="-1" locked="0" date_sent="0" readable_date="17-10-2015 18:07:35" contact_name="Vo Anh Thai" />
  <sms protocol="0" address="+84948723319" date="1445080082538" type="1" subject="null" body="Ok" toa="null" sc_toa="null" service_center="+8491020005" read="1" status="-1" locked="0" date_sent="1445080047000" readable_date="17-10-2015 18:08:02" contact_name="Tuyet2" />
  <sms protocol="0" address="+841678838814" date="1445080101091" type="1" subject="null" body="Ok3" toa="null" sc_toa="null" service_center="+84980200605" read="1" status="-1" locked="0" date_sent="1445080099000" readable_date="17-10-2015 18:08:21" contact_name="Vo Anh Thai" />
  <sms protocol="0" address="+84971202383" date="1445080115477" type="1" subject="null" body="xi 71 55 x 400&#10;71 11 18 x 300&#10;18 74 96 x 400&#10;03 22 35 53 x 500&#10;35 15 51 03 x 500&#10;23 89 x 400&#10;de 64 73 33x 100&#10;89 x 200&#10;22 x 5tr &#10;39 x 3tr &#10;35 53 15 51 01 10 x 300" toa="null" sc_toa="null" service_center="+84980200605" read="1" status="-1" locked="0" date_sent="1445080112000" readable_date="17-10-2015 18:08:35" contact_name="Nam1" />
  <sms protocol="0" address="+84971202383" date="1445080127730" type="2" subject="null" body="Ok" toa="null" sc_toa="null" service_center="null" read="1" status="-1" locked="0" date_sent="0" readable_date="17-10-2015 18:08:47" contact_name="Nam1" />
  <sms protocol="0" address="0948723319" date="1445080166825" type="2" subject="null" body="xi 71 55 x 400&#10;23 89 x 400&#10;de 64 73 33x 100&#10;89 x 200&#10;22 x 5tr &#10;39 x 3tr &#10;35 53 15 51 01 10 x 300" toa="null" sc_toa="null" service_center="null" read="1" status="-1" locked="0" date_sent="0" readable_date="17-10-2015 18:09:26" contact_name="Tuyet2" />
  <sms protocol="0" address="+84948723319" date="1445080288643" type="1" subject="null" body="Ok" toa="null" sc_toa="null" service_center="+8491020005" read="1" status="-1" locked="0" date_sent="1445080253000" readable_date="17-10-2015 18:11:28" contact_name="Tuyet2" />
  <sms protocol="0" address="+84971202383" date="1445080409792" type="1" subject="null" body="de 39 x 300&#10;00 73 05 98 x 100&#10;01 x 400&#10;02 10 x 200&#10;3c 373 x 40&#10;002 x 80 &#10;501 x 80&#10;200 x 40&#10;089 x 20" toa="null" sc_toa="null" service_center="+84980200605" read="1" status="-1" locked="0" date_sent="1445080407000" readable_date="17-10-2015 18:13:29" contact_name="Nam1" />
  <sms protocol="0" address="+841685410901" date="1445080416009" type="1" subject="null" body="De 22x100n  242x50n &#10;Ghep 023489x100n." toa="null" sc_toa="null" service_center="+84980200613" read="1" status="-1" locked="0" date_sent="1445080414000" readable_date="17-10-2015 18:13:36" contact_name="Giang" />
  <sms protocol="0" address="+84971202383" date="1445080417219" type="2" subject="null" body="Ok" toa="null" sc_toa="null" service_center="null" read="1" status="-1" locked="0" date_sent="0" readable_date="17-10-2015 18:13:37" contact_name="Nam1" />
  <sms protocol="0" address="0948723319" date="1445080427716" type="2" subject="null" body="de 39 x 300&#10;00 73 05 98 x 100&#10;01 x 400&#10;02 10 x 200&#10;3c 373 x 40&#10;002 x 80 &#10;501 x 80&#10;200 x 40&#10;089 x 20" toa="null" sc_toa="null" service_center="null" read="1" status="-1" locked="0" date_sent="0" readable_date="17-10-2015 18:13:47" contact_name="Tuyet2" />
  <sms protocol="0" address="+841685410901" date="1445080430826" type="2" subject="null" body="Ok" toa="null" sc_toa="null" service_center="null" read="1" status="-1" locked="0" date_sent="0" readable_date="17-10-2015 18:13:50" contact_name="Giang" />
  <sms protocol="0" address="0948723319" date="1445080436771" type="2" subject="null" body="De 22x100n  242x50n &#10;Ghep 023489x100n." toa="null" sc_toa="null" service_center="null" read="1" status="-1" locked="0" date_sent="0" readable_date="17-10-2015 18:13:56" contact_name="Tuyet2" />
  <sms protocol="0" address="0948723319" date="1445080475530" type="2" subject="null" body="Bo 3cang cho chi" toa="null" sc_toa="null" service_center="null" read="1" status="-1" locked="0" date_sent="0" readable_date="17-10-2015 18:14:35" contact_name="Tuyet2" />
  <sms protocol="0" address="+84948723319" date="1445080558811" type="1" subject="null" body="Ok" toa="null" sc_toa="null" service_center="+8491020005" read="1" status="-1" locked="0" date_sent="1445080524000" readable_date="17-10-2015 18:15:58" contact_name="Tuyet2" />
  <sms protocol="0" address="+841685410901" date="1445080639058" type="1" subject="null" body="De 03 x 900, 30 x 400, 09 x 500, 90 x 1.000, 55 x 500, 44 x 4.000, kep x 100" toa="null" sc_toa="null" service_center="+84980200613" read="1" status="-1" locked="0" date_sent="1445080637000" readable_date="17-10-2015 18:17:19" contact_name="Giang" />
  <sms protocol="0" address="+841685410901" date="1445080649696" type="2" subject="null" body="Ok" toa="null" sc_toa="null" service_center="null" read="1" status="-1" locked="0" date_sent="0" readable_date="17-10-2015 18:17:29" contact_name="Giang" />
  <sms protocol="0" address="0948723319" date="1445080655643" type="2" subject="null" body="De 03 x 900, 30 x 400, 09 x 500, 90 x 1.000, 55 x 500, 44 x 4.000, kep x 100" toa="null" sc_toa="null" service_center="null" read="1" status="-1" locked="0" date_sent="0" readable_date="17-10-2015 18:17:35" contact_name="Tuyet2" />
  <sms protocol="0" address="+84948723319" date="1445080723104" type="1" subject="null" body="Ok" toa="null" sc_toa="null" service_center="+8491020005" read="1" status="-1" locked="0" date_sent="1445080688000" readable_date="17-10-2015 18:18:43" contact_name="Tuyet2" />
  <sms protocol="0" address="997" date="1445081166461" type="2" subject="null" body="Kqsxmb" toa="null" sc_toa="null" service_center="null" read="1" status="-1" locked="0" date_sent="0" readable_date="17-10-2015 18:26:06" contact_name="(Unknown)" />
  <sms protocol="0" address="997" date="1445081178299" type="1" subject="null" body="MB 17/10&#10;DB:78016&#10;1:43252&#10;2:12259-44814&#10;3:64047-53549-80675-92817-46095-25879&#10;4:8893-8218-2850-5855&#10;5:5905-8670-2255-3659-4058-9464&#10;6:172-613-994&#10;7:82-16-10-53" toa="null" sc_toa="null" service_center="+8491020446" read="1" status="-1" locked="0" date_sent="1445081142000" readable_date="17-10-2015 18:26:18" contact_name="(Unknown)" />
  <sms protocol="0" address="0948723319" date="1445083900357" type="2" subject="null" body="Ngay:17/10/2015&#13;&#10;chi  chuyen cho em&#13;&#10;De:88855,0=63975,6n&#13;&#10;Lo:12950,0=281015,0n&#13;&#10;3Cang:260,0=260,0n&#13;&#10;Xien:80,0=496,0n&#13;&#10;Thuong lo:8090,0=647200,0n&#13;&#10;em bu cho chi :301453,-266.162=35.291-30trieu lãi=5291+3660=8951&#10;" toa="null" sc_toa="null" service_center="null" read="1" status="0" locked="0" date_sent="0" readable_date="17-10-2015 19:11:40" contact_name="Tuyet2" />
  <sms protocol="0" address="0971202383" date="1445083925847" type="2" subject="null" body="Ngay:17/10/2015&#13;&#10;chau chuyen cho co &#13;&#10;De:11800,0=8531,4n&#13;&#10;Lo:14950,0=325910,0n&#13;&#10;3Cang:260,0=260,0n&#13;&#10;Xien:250,0=1700,0n&#13;&#10;Th lo:11100,0=888000,0n&#13;&#10;co  bu cho chau:551598,6n&#13;&#10;" toa="null" sc_toa="null" service_center="null" read="1" status="0" locked="0" date_sent="0" readable_date="17-10-2015 19:12:05" contact_name="Nam1" />
  <sms protocol="0" address="01685410901" date="1445084051853" type="2" subject="null" body="Ngay:17/10/2015&#13;&#10;chau chuyen cho co&#13;&#10;De:17055,0=12330,8n&#13;&#10;Lo:1200,0=26160,0n&#13;&#10;3Cang:220,0=165,0n&#13;&#10;Th lo:190,0=15200,0n&#13;&#10;chau bu cho co:23455,- nam551.598=528.143-381.771=146.372&#10;" toa="null" sc_toa="null" service_center="null" read="1" status="0" locked="0" date_sent="0" readable_date="17-10-2015 19:14:11" contact_name="Giang" />
  <sms protocol="0" address="01678838814" date="1445084392217" type="2" subject="null" body="Ngay:17/10/2015&#13;&#10;em chuyen cho chi&#13;&#10;De:66400,0=47808,0n&#13;&#10;Lo:9450,0=206010,0n&#13;&#10;Xien:600,0=3720,0n&#13;&#10;Thuong de:600,0=42000,0n&#13;&#10;Thuong lo:5550,0=444000,0n&#13;&#10;Thuong xien:40000,0n&#13;&#10;chi bu cho em:268462,-196.827=71.635&#10;" toa="null" sc_toa="null" service_center="null" read="1" status="-1" locked="0" date_sent="0" readable_date="17-10-2015 19:19:52" contact_name="Vo Anh Thai" />
  <sms protocol="0" address="01662883398" date="1445084401573" type="2" subject="null" body="Ngay:17/10/2015&#13;&#10;chi chuyen cho em&#13;&#10;De:60000,0=44400,0n&#13;&#10;Xien:200,0=1480,0n&#13;&#10;chi bu cho em:45880,+374.153=420.033&#10;" toa="null" sc_toa="null" service_center="null" read="1" status="-1" locked="0" date_sent="0" readable_date="17-10-2015 19:20:01" contact_name="Chi Hoa" />
  <sms protocol="0" address="01653535810" date="1445084429866" type="2" subject="null" body="Ngay:17/10/2015&#13;&#10;em chuyen cho chi&#13;&#10;De:66400,0=49800,0n&#13;&#10;Lo:6250,0=137500,0n&#13;&#10;Xien:600,0=4500,0n&#13;&#10;Th de:600,0=42000,0n&#13;&#10;Th lo:2350,0=188000,0n&#13;&#10;Th xien:40000,0n&#13;&#10;chi bu cho em:78200,- em no323.223=245.023&#10;" toa="null" sc_toa="null" service_center="null" read="1" status="-1" locked="0" date_sent="0" readable_date="17-10-2015 19:20:29" contact_name="Cong2" />
</smses>