<?xml version='1.0' encoding='UTF-8' standalone='yes' ?>
<!--File Created By SMS Backup & Restore Pro v7.21 on 19/10/2015 19:08:18-->
<?xml-stylesheet type="text/xsl" href="sms.xsl"?>
<smses count="126">
  <sms protocol="0" address="+84983099345" date="1445251364988" type="1" subject="null" body="Lô 47,74x100đ. Đề 06,60x250n" toa="null" sc_toa="null" service_center="null" read="1" status="-1" locked="0" date_sent="0" readable_date="19-10-2015 17:42:44" contact_name="Viet Bo" />
  <sms protocol="0" address="0983099345" date="1445251454216" type="2" subject="null" body="Nhan 1 tin." toa="null" sc_toa="null" service_center="null" read="1" status="0" locked="0" date_sent="0" readable_date="19-10-2015 17:44:14" contact_name="Viet Bo" />
  <sms protocol="0" address="0983099345" date="1445251457207" type="5" subject="null" body="Nhan 1 tin." toa="null" sc_toa="null" service_center="null" read="1" status="32" locked="0" date_sent="0" readable_date="19-10-2015 17:44:17" contact_name="Viet Bo" />
  <sms protocol="0" address="+841685897838" date="1445251805370" type="1" subject="null" body="Lo 37 97x50d. Xien 37 97x100n. De 40 43x100n." toa="null" sc_toa="null" service_center="null" read="1" status="-1" locked="0" date_sent="0" readable_date="19-10-2015 17:50:05" contact_name="Chi H. v. b" />
  <sms protocol="0" address="01685897838" date="1445251821704" type="2" subject="null" body="Nhan 1 tin." toa="null" sc_toa="null" service_center="null" read="1" status="0" locked="0" date_sent="0" readable_date="19-10-2015 17:50:21" contact_name="Chi H. v. b" />
  <sms protocol="0" address="01685897838" date="1445251824725" type="2" subject="null" body="Nhan 1 tin." toa="null" sc_toa="null" service_center="null" read="1" status="32" locked="0" date_sent="0" readable_date="19-10-2015 17:50:24" contact_name="Chi H. v. b" />
  <sms protocol="0" address="+841685897838" date="1445251986893" type="1" subject="null" body="Lô 36 x 20. 63  x 10." toa="null" sc_toa="null" service_center="null" read="1" status="-1" locked="0" date_sent="0" readable_date="19-10-2015 17:53:06" contact_name="Chi H. v. b" />
  <sms protocol="0" address="01685897838" date="1445252012205" type="2" subject="null" body="Nhan 2 tin." toa="null" sc_toa="null" service_center="null" read="1" status="32" locked="0" date_sent="0" readable_date="19-10-2015 17:53:32" contact_name="Chi H. v. b" />
  <sms protocol="0" address="+84979399373" date="1445252013207" type="1" subject="null" body="Lo 43,34 x 10d" toa="null" sc_toa="null" service_center="null" read="1" status="-1" locked="0" date_sent="0" readable_date="19-10-2015 17:53:33" contact_name="A Tung Thuy?" />
  <sms protocol="0" address="01685897838" date="1445252013712" type="2" subject="null" body="Nhan 2 tin." toa="null" sc_toa="null" service_center="null" read="1" status="0" locked="0" date_sent="0" readable_date="19-10-2015 17:53:33" contact_name="Chi H. v. b" />
  <sms protocol="0" address="+84983099345" date="1445252033021" type="1" subject="null" body="Lo 01,11,10,19,21,35,44,32,67,79,97,66,90x35d. Lô 32,33,34,60,61x20đ. Đề 32,33,34,35,36,60,61x200n. Đề 77,05,50x500n. 3c 877x100n" toa="null" sc_toa="null" service_center="null" read="1" status="-1" locked="0" date_sent="0" readable_date="19-10-2015 17:53:53" contact_name="Viet Bo" />
  <sms protocol="0" address="0983099345" date="1445252052711" type="2" subject="null" body="Nhan 2 tin." toa="null" sc_toa="null" service_center="null" read="1" status="0" locked="0" date_sent="0" readable_date="19-10-2015 17:54:12" contact_name="Viet Bo" />
  <sms protocol="0" address="0983099345" date="1445252055714" type="2" subject="null" body="Nhan 2 tin." toa="null" sc_toa="null" service_center="null" read="1" status="0" locked="0" date_sent="0" readable_date="19-10-2015 17:54:15" contact_name="Viet Bo" />
  <sms protocol="0" address="01677281854" date="1445252099212" type="2" subject="null" body="Tin 1: lo:47,74x50d.97x35d.32x5d." toa="null" sc_toa="null" service_center="null" read="1" status="0" locked="0" date_sent="0" readable_date="19-10-2015 17:54:59" contact_name="(Unknown)" />
  <sms protocol="0" address="0983650782" date="1445252111208" type="2" subject="null" body="Tin 1: lo:32,37,47,74,97x50d.01,10,11,19,21,35,44,66,67,79,90x35d.34x30d.33,36,60,61x20d.43,63x10d..xi2:37,97*10d." toa="null" sc_toa="null" service_center="null" read="1" status="32" locked="0" date_sent="0" readable_date="19-10-2015 17:55:11" contact_name="A T 782 Lv" />
  <sms protocol="0" address="01677281854" date="1445252144205" type="2" subject="null" body="Tin 2: De:05,50,77x300n.60x250n.06x150n.32,33,34,35,36,61x100n.40,43x50n." toa="null" sc_toa="null" service_center="null" read="1" status="32" locked="0" date_sent="0" readable_date="19-10-2015 17:55:44" contact_name="(Unknown)" />
  <sms protocol="0" address="0964386982" date="1445252159207" type="2" subject="null" body="Tin 1: De:05,50,60,77x200n.06,32,33,34,35,36,61x100n.40,43x50n." toa="null" sc_toa="null" service_center="null" read="1" status="32" locked="0" date_sent="0" readable_date="19-10-2015 17:55:59" contact_name="A Duc" />
  <sms protocol="0" address="0983650782" date="1445252169711" type="2" subject="null" body="Tin 2: Ba cang:877x100n." toa="null" sc_toa="null" service_center="null" read="1" status="32" locked="0" date_sent="0" readable_date="19-10-2015 17:56:09" contact_name="A T 782 Lv" />
  <sms protocol="0" address="+84964386982" date="1445252212879" type="1" subject="null" body="bac gui cho em 1 tin" toa="null" sc_toa="null" service_center="null" read="1" status="-1" locked="0" date_sent="0" readable_date="19-10-2015 17:56:52" contact_name="A Duc" />
  <sms protocol="0" address="+841677281854" date="1445252247574" type="1" subject="null" body="Nhan 2 tin.so tin cuoi:2." toa="null" sc_toa="null" service_center="null" read="1" status="-1" locked="0" date_sent="0" readable_date="19-10-2015 17:57:27" contact_name="(Unknown)" />
  <sms protocol="0" address="+841685897838" date="1445252273059" type="1" subject="null" body="de,474,686,181.,66,616,060,464, 080,484,414,010,82 x20n lo37,95,74,01,64,x10d" toa="null" sc_toa="null" service_center="null" read="1" status="-1" locked="0" date_sent="0" readable_date="19-10-2015 17:57:53" contact_name="Chi H. v. b" />
  <sms protocol="0" address="01685897838" date="1445252289706" type="2" subject="null" body="Nhan 3 tin." toa="null" sc_toa="null" service_center="null" read="1" status="0" locked="0" date_sent="0" readable_date="19-10-2015 17:58:09" contact_name="Chi H. v. b" />
  <sms protocol="0" address="01685897838" date="1445252292705" type="2" subject="null" body="Nhan 3 tin." toa="null" sc_toa="null" service_center="null" read="1" status="0" locked="0" date_sent="0" readable_date="19-10-2015 17:58:12" contact_name="Chi H. v. b" />
  <sms protocol="0" address="01677281854" date="1445252304709" type="2" subject="null" body="Tin 3: De:01,06,08,10,14,16,18,41,46,47,48,60,61,64,66,68,74,80,81,82,84,86x20n." toa="null" sc_toa="null" service_center="null" read="1" status="0" locked="0" date_sent="0" readable_date="19-10-2015 17:58:24" contact_name="(Unknown)" />
  <sms protocol="0" address="+84983650782" date="1445252394758" type="1" subject="null" body="Em gui cho Anh 2 tin" toa="null" sc_toa="null" service_center="null" read="1" status="-1" locked="0" date_sent="0" readable_date="19-10-2015 17:59:54" contact_name="A T 782 Lv" />
  <sms protocol="0" address="+841677281854" date="1445252488184" type="1" subject="null" body="Nhan 3 tin.so tin cuoi:3." toa="null" sc_toa="null" service_center="null" read="1" status="-1" locked="0" date_sent="0" readable_date="19-10-2015 18:01:28" contact_name="(Unknown)" />
  <sms protocol="0" address="+841685897838" date="1445252558381" type="1" subject="null" body="Lo  74 x 30 d de  18  2kep x 10 n 66 x 20 n  xien 37 74 66 x 20 n xien 87 73 37 x 10 n xien 39 85 64 x10 n 76  39  87 18 x 10 n de day con 4 x 10 n  " toa="null" sc_toa="null" service_center="null" read="1" status="-1" locked="0" date_sent="0" readable_date="19-10-2015 18:02:38" contact_name="Chi H. v. b" />
  <sms protocol="0" address="+84983099345" date="1445252573017" type="1" subject="null" body="lô .55 353 x5d" toa="null" sc_toa="null" service_center="null" read="1" status="-1" locked="0" date_sent="0" readable_date="19-10-2015 18:02:53" contact_name="Viet Bo" />
  <sms protocol="0" address="+84968193922" date="1445252615909" type="1" subject="null" body="Nhan xien c voi.X2.66.84.=50 ;X2.20.92.=50." toa="null" sc_toa="null" service_center="null" read="1" status="-1" locked="0" date_sent="0" readable_date="19-10-2015 18:03:35" contact_name="(Unknown)" />
  <sms protocol="0" address="0968193922" date="1445252666203" type="2" subject="null" body="Nhan 1 tin." toa="null" sc_toa="null" service_center="null" read="1" status="0" locked="0" date_sent="0" readable_date="19-10-2015 18:04:26" contact_name="(Unknown)" />
  <sms protocol="0" address="0983099345" date="1445252667707" type="2" subject="null" body="Nhan 3 tin." toa="null" sc_toa="null" service_center="null" read="1" status="32" locked="0" date_sent="0" readable_date="19-10-2015 18:04:27" contact_name="Viet Bo" />
  <sms protocol="0" address="01685897838" date="1445252669206" type="2" subject="null" body="Nhan 4 tin." toa="null" sc_toa="null" service_center="null" read="1" status="0" locked="0" date_sent="0" readable_date="19-10-2015 18:04:29" contact_name="Chi H. v. b" />
  <sms protocol="0" address="+841685897838" date="1445252676815" type="1" subject="null" body="Xien18 74 x 20 n lo 18 74 x 10 d  " toa="null" sc_toa="null" service_center="null" read="1" status="-1" locked="0" date_sent="0" readable_date="19-10-2015 18:04:36" contact_name="Chi H. v. b" />
  <sms protocol="0" address="01685897838" date="1445252681207" type="2" subject="null" body="Nhan 5 tin." toa="null" sc_toa="null" service_center="null" read="1" status="0" locked="0" date_sent="0" readable_date="19-10-2015 18:04:41" contact_name="Chi H. v. b" />
  <sms protocol="0" address="01685897838" date="1445252684208" type="2" subject="null" body="Nhan 5 tin." toa="null" sc_toa="null" service_center="null" read="1" status="0" locked="0" date_sent="0" readable_date="19-10-2015 18:04:44" contact_name="Chi H. v. b" />
  <sms protocol="0" address="0983650782" date="1445252703706" type="2" subject="null" body="Tin 3: lo:01,18,64,95x10d.74,37,35,53,55x5d..xi2:18,74*2d.,xi3:37,66,74*2d.xi4:18,39,76,87*1d.,xi3:37,73,87*1d.,xi3:39,64,85*1d.xi2:20,92*5d.,xi2:66,84*5d." toa="null" sc_toa="null" service_center="null" read="1" status="0" locked="0" date_sent="0" readable_date="19-10-2015 18:05:03" contact_name="A T 782 Lv" />
  <sms protocol="0" address="01677281854" date="1445252727703" type="5" subject="null" body="Tin 4: lo:74x45d.37x5d." toa="null" sc_toa="null" service_center="null" read="1" status="32" locked="0" date_sent="0" readable_date="19-10-2015 18:05:27" contact_name="(Unknown)" />
  <sms protocol="0" address="+841685897838" date="1445252734306" type="1" subject="null" body="Lo 74.15.66.x200d.85.686.x50d" toa="null" sc_toa="null" service_center="null" read="1" status="-1" locked="0" date_sent="0" readable_date="19-10-2015 18:05:34" contact_name="Chi H. v. b" />
  <sms protocol="0" address="+84983099345" date="1445252763458" type="1" subject="null" body="lô . 09 90 36 25 x5d ." toa="null" sc_toa="null" service_center="null" read="1" status="-1" locked="0" date_sent="0" readable_date="19-10-2015 18:06:03" contact_name="Viet Bo" />
  <sms protocol="0" address="0983099345" date="1445252775705" type="2" subject="null" body="Nhan 4 tin." toa="null" sc_toa="null" service_center="null" read="1" status="0" locked="0" date_sent="0" readable_date="19-10-2015 18:06:15" contact_name="Viet Bo" />
  <sms protocol="0" address="01685897838" date="1445252777203" type="2" subject="null" body="Nhan 6 tin." toa="null" sc_toa="null" service_center="null" read="1" status="0" locked="0" date_sent="0" readable_date="19-10-2015 18:06:17" contact_name="Chi H. v. b" />
  <sms protocol="0" address="+84977655973" date="1445252797386" type="1" subject="null" body="Lo 11x35d dau 2x55n 21x150n 24 28x50n 636 x25n" toa="null" sc_toa="null" service_center="null" read="1" status="-1" locked="0" date_sent="0" readable_date="19-10-2015 18:06:37" contact_name="A Su Cong Tinh Uy" />
  <sms protocol="0" address="01685897838" date="1445252816208" type="2" subject="null" body="chi gui cho EM 6 tin" toa="null" sc_toa="null" service_center="null" read="1" status="0" locked="0" date_sent="0" readable_date="19-10-2015 18:06:56" contact_name="Chi H. v. b" />
  <sms protocol="0" address="0968193922" date="1445252817704" type="2" subject="null" body="chị gui cho EM 1 tin" toa="null" sc_toa="null" service_center="null" read="1" status="0" locked="0" date_sent="0" readable_date="19-10-2015 18:06:57" contact_name="(Unknown)" />
  <sms protocol="0" address="0979399373" date="1445252820705" type="2" subject="null" body="Anh gui cho EM 1 tin" toa="null" sc_toa="null" service_center="null" read="1" status="0" locked="0" date_sent="0" readable_date="19-10-2015 18:07:00" contact_name="A Tung Thuy?" />
  <sms protocol="0" address="0983099345" date="1445252822222" type="2" subject="null" body="Ban gui cho toi 4 tin" toa="null" sc_toa="null" service_center="null" read="1" status="0" locked="0" date_sent="0" readable_date="19-10-2015 18:07:02" contact_name="Viet Bo" />
  <sms protocol="0" address="01677281854" date="1445252847704" type="2" subject="null" body="Tin 5: lo:15,66,74x200d.68,85,86x50d.11x35d.09,25,36,90x5d." toa="null" sc_toa="null" service_center="null" read="1" status="0" locked="0" date_sent="0" readable_date="19-10-2015 18:07:27" contact_name="(Unknown)" />
  <sms protocol="0" address="01677281854" date="1445252868711" type="2" subject="null" body="Tin 6: De:21x205n.24x115n.28x105n.22,27,29x65n.20,23,25,26x55n.66x30n.36,63x25n.44,49,94,99x20n.00,04,05,09,11,14,16,18,19,33,34,38,39,40,41,42,43,45,46,47,48,50,54,55,59,61,64,69,72,74,77,79,83,84,88,89,90,91,92,93,95,96,97,98x10n." toa="null" sc_toa="null" service_center="null" read="1" status="0" locked="0" date_sent="0" readable_date="19-10-2015 18:07:48" contact_name="(Unknown)" />
  <sms protocol="0" address="+841677281854" date="1445252874577" type="1" subject="null" body="Nhan 4 tin.so tin cuoi:5.Tin thieu:4" toa="null" sc_toa="null" service_center="null" read="1" status="-1" locked="0" date_sent="0" readable_date="19-10-2015 18:07:54" contact_name="(Unknown)" />
  <sms protocol="0" address="+841685897838" date="1445252877190" type="1" subject="null" body="Dau djt 9.4x800.676.323.343.020.575.10.060.080.09.x100.535.545x200" toa="null" sc_toa="null" service_center="null" read="1" status="-1" locked="0" date_sent="0" readable_date="19-10-2015 18:07:57" contact_name="Chi H. v. b" />
  <sms protocol="0" address="01685897838" date="1445252883716" type="2" subject="null" body="Nhan 7 tin." toa="null" sc_toa="null" service_center="null" read="1" status="0" locked="0" date_sent="0" readable_date="19-10-2015 18:08:03" contact_name="Chi H. v. b" />
  <sms protocol="0" address="+841677281854" date="1445252905993" type="1" subject="null" body="Nhan 5 tin.so tin cuoi:6.Tin thieu:4" toa="null" sc_toa="null" service_center="null" read="1" status="-1" locked="0" date_sent="0" readable_date="19-10-2015 18:08:25" contact_name="(Unknown)" />
  <sms protocol="0" address="+84973836212" date="1445252920586" type="1" subject="null" body="T1 01.10 x 55đ.&#10;18.19.40x5d 74 x25đ.&#10;Xiên3.(11.47.10)&#10;(70.18.01)x 100k.&#10;Xiên 2. (18.01 ).(18.10)x 50k.&#10;Đê 14x100k " toa="null" sc_toa="null" service_center="null" read="1" status="-1" locked="0" date_sent="0" readable_date="19-10-2015 18:08:40" contact_name="Tien Em" />
  <sms protocol="0" address="0973836212" date="1445252931704" type="2" subject="null" body="Nhan 1 tin.so tin cuoi:1." toa="null" sc_toa="null" service_center="null" read="1" status="0" locked="0" date_sent="0" readable_date="19-10-2015 18:08:51" contact_name="Tien Em" />
  <sms protocol="0" address="+841685897838" date="1445252932150" type="1" subject="null" body=" De 37 27 83 29 77  38 x 10 n 69 99  949   x 5 n tong 5 -0 x 10 n " toa="null" sc_toa="null" service_center="null" read="1" status="-1" locked="0" date_sent="0" readable_date="19-10-2015 18:08:52" contact_name="Chi H. v. b" />
  <sms protocol="0" address="01685897838" date="1445252936205" type="2" subject="null" body="Nhan 8 tin." toa="null" sc_toa="null" service_center="null" read="1" status="0" locked="0" date_sent="0" readable_date="19-10-2015 18:08:56" contact_name="Chi H. v. b" />
  <sms protocol="0" address="01685897838" date="1445252939207" type="2" subject="null" body="Nhan 8 tin." toa="null" sc_toa="null" service_center="null" read="1" status="0" locked="0" date_sent="0" readable_date="19-10-2015 18:08:59" contact_name="Chi H. v. b" />
  <sms protocol="0" address="01677281854" date="1445252954215" type="2" subject="null" body="Tin 7: lo:01,10x55d.74x25d.18,19,40x5d." toa="null" sc_toa="null" service_center="null" read="1" status="0" locked="0" date_sent="0" readable_date="19-10-2015 18:09:14" contact_name="(Unknown)" />
  <sms protocol="0" address="+841677281854" date="1445252979253" type="1" subject="null" body="Nhan 6 tin.so tin cuoi:7.Tin thieu:4" toa="null" sc_toa="null" service_center="null" read="1" status="-1" locked="0" date_sent="0" readable_date="19-10-2015 18:09:39" contact_name="(Unknown)" />
  <sms protocol="0" address="+84977655973" date="1445253017220" type="2" subject="null" body="Ok" toa="null" sc_toa="null" service_center="null" read="1" status="0" locked="0" date_sent="0" readable_date="19-10-2015 18:10:17" contact_name="A Su Cong Tinh Uy" />
  <sms protocol="0" address="+841677281854" date="1445253024245" type="2" subject="null" body="Tin 4: lo:74x45d.37x5d." toa="null" sc_toa="null" service_center="null" read="1" status="0" locked="0" date_sent="0" readable_date="19-10-2015 18:10:24" contact_name="(Unknown)" />
  <sms protocol="0" address="+841685897838" date="1445253041077" type="1" subject="null" body="de.868.66.818.616.060.646.080.44.99.848.141.010.65.969.11.88.00.55.343.838.35.393.757.x200n" toa="null" sc_toa="null" service_center="null" read="1" status="-1" locked="0" date_sent="0" readable_date="19-10-2015 18:10:41" contact_name="Chi H. v. b" />
  <sms protocol="0" address="+841677281854" date="1445253044920" type="1" subject="null" body="Nhan 7 tin.so tin cuoi:7." toa="null" sc_toa="null" service_center="null" read="1" status="-1" locked="0" date_sent="0" readable_date="19-10-2015 18:10:44" contact_name="(Unknown)" />
  <sms protocol="0" address="01685897838" date="1445253048704" type="2" subject="null" body="Nhan 9 tin." toa="null" sc_toa="null" service_center="null" read="1" status="0" locked="0" date_sent="0" readable_date="19-10-2015 18:10:48" contact_name="Chi H. v. b" />
  <sms protocol="0" address="0983650782" date="1445253102706" type="2" subject="null" body="Tin 4: xi2:01,18*5d.,xi2:10,18*5d.xi3:01,18,70*10d.,xi3:10,11,47*10d." toa="null" sc_toa="null" service_center="null" read="1" status="0" locked="0" date_sent="0" readable_date="19-10-2015 18:11:42" contact_name="A T 782 Lv" />
  <sms protocol="0" address="0964386982" date="1445253125208" type="2" subject="null" body="Tin 2: De:99,44,49,94,14,69,41,46,64,96,39,45,48,54,84,93,09,19,29,91,04,24,42,47,59,74,79,89,90,92,95,97,98x500n.43,40x450n.34,35x400n." toa="null" sc_toa="null" service_center="null" read="1" status="0" locked="0" date_sent="0" readable_date="19-10-2015 18:12:05" contact_name="A Duc" />
  <sms protocol="0" address="0964386982" date="1445253143218" type="2" subject="null" body="Tin 3: De:06,08,10,57,60,75,80x300n.00,38,55,83x210n.01,11,16,18,53,61,65,66,68,81,86,88x200n" toa="null" sc_toa="null" service_center="null" read="1" status="0" locked="0" date_sent="0" readable_date="19-10-2015 18:12:23" contact_name="A Duc" />
  <sms protocol="0" address="01677281854" date="1445253155205" type="2" subject="null" body="Tin 8: De:99x1305n.44x1300n.49,94x1105n.34x700n.43x650n.14x610n.69x515n.41,46,64,96x510n.39,45,48,54,84,93x500n.09x400n.40x350n.19,29,91x310n.04,24,42,47,59,74,79,89,90,92,95,97,98x300n.23,32x110n.02,20,67,76x100n.37x20n.05,27,28,50,73,77,78,82,87x10n." toa="null" sc_toa="null" service_center="null" read="1" status="0" locked="0" date_sent="0" readable_date="19-10-2015 18:12:35" contact_name="(Unknown)" />
  <sms protocol="0" address="+84983650782" date="1445253160662" type="1" subject="null" body="Em gui cho Anh 4 tin" toa="null" sc_toa="null" service_center="null" read="1" status="-1" locked="0" date_sent="0" readable_date="19-10-2015 18:12:40" contact_name="A T 782 Lv" />
  <sms protocol="0" address="+841685897838" date="1445253167416" type="1" subject="null" body="Ba.cang.168.186.066.676.075.036.181.176.267.435.951.210.039.055.050.914.464.146.060.606.404.808.508.x100n.66.61.60.060.858.757.070.848.383.77.99.44.00.55.22.727.353.595.787.979.x500n" toa="null" sc_toa="null" service_center="null" read="1" status="-1" locked="0" date_sent="0" readable_date="19-10-2015 18:12:47" contact_name="Chi H. v. b" />
  <sms protocol="0" address="0983099345" date="1445253170205" type="2" subject="null" body="Nhan 4 tin.. HET LO" toa="null" sc_toa="null" service_center="null" read="1" status="0" locked="0" date_sent="0" readable_date="19-10-2015 18:12:50" contact_name="Viet Bo" />
  <sms protocol="0" address="01685897838" date="1445253171710" type="2" subject="null" body="Nhan 9 tin.. HET LO" toa="null" sc_toa="null" service_center="null" read="1" status="0" locked="0" date_sent="0" readable_date="19-10-2015 18:12:51" contact_name="Chi H. v. b" />
  <sms protocol="0" address="0979399373" date="1445253173239" type="2" subject="null" body="Nhan 1 tin.. HET LO" toa="null" sc_toa="null" service_center="null" read="1" status="0" locked="0" date_sent="0" readable_date="19-10-2015 18:12:53" contact_name="A Tung Thuy?" />
  <sms protocol="0" address="0968193922" date="1445253174704" type="2" subject="null" body="Nhan 1 tin.. HET LO" toa="null" sc_toa="null" service_center="null" read="1" status="0" locked="0" date_sent="0" readable_date="19-10-2015 18:12:54" contact_name="(Unknown)" />
  <sms protocol="0" address="0977655973" date="1445253176221" type="5" subject="null" body="Nhan 1 tin.. HET LO" toa="null" sc_toa="null" service_center="null" read="1" status="32" locked="0" date_sent="0" readable_date="19-10-2015 18:12:56" contact_name="A Su Cong Tinh Uy" />
  <sms protocol="0" address="0973836212" date="1445253177704" type="2" subject="null" body="Nhan 1 tin.so tin cuoi:1.. HET LO" toa="null" sc_toa="null" service_center="null" read="1" status="0" locked="0" date_sent="0" readable_date="19-10-2015 18:12:57" contact_name="Tien Em" />
  <sms protocol="0" address="+84964386982" date="1445253192529" type="1" subject="null" body="bac gui cho em 3 tin" toa="null" sc_toa="null" service_center="null" read="1" status="-1" locked="0" date_sent="0" readable_date="19-10-2015 18:13:12" contact_name="A Duc" />
  <sms protocol="0" address="01685897838" date="1445253201703" type="5" subject="null" body="Nhan 10 tin." toa="null" sc_toa="null" service_center="null" read="1" status="32" locked="0" date_sent="0" readable_date="19-10-2015 18:13:21" contact_name="Chi H. v. b" />
  <sms protocol="0" address="+841677281854" date="1445253210571" type="1" subject="null" body="Nhan 8 tin.so tin cuoi:8." toa="null" sc_toa="null" service_center="null" read="1" status="-1" locked="0" date_sent="0" readable_date="19-10-2015 18:13:30" contact_name="(Unknown)" />
  <sms protocol="0" address="01685897838" date="1445253218211" type="2" subject="null" body="Nhan 10 tin." toa="null" sc_toa="null" service_center="null" read="1" status="0" locked="0" date_sent="0" readable_date="19-10-2015 18:13:38" contact_name="Chi H. v. b" />
  <sms protocol="0" address="0983650782" date="1445253237703" type="2" subject="null" body="Tin 5: Ba cang:036,039,050,055,060,066,075,146,168,176,181,186,210,267,404,435,464,508,606,676,808,914,951x100n." toa="null" sc_toa="null" service_center="null" read="1" status="0" locked="0" date_sent="0" readable_date="19-10-2015 18:13:57" contact_name="A T 782 Lv" />
  <sms protocol="0" address="0964386982" date="1445253272209" type="2" subject="null" body="Tin 4: De:07,22,27,58,70,72,78,85,87x500n.53,66,77x300n.00,38,55,83x290n.57,61,75x200n.06x100n." toa="null" sc_toa="null" service_center="null" read="1" status="0" locked="0" date_sent="0" readable_date="19-10-2015 18:14:32" contact_name="A Duc" />
  <sms protocol="0" address="01677281854" date="1445253287204" type="2" subject="null" body="Tin 9: De:60x1000n.35,44,48,59,79,84,95,97,99x500n.06x400n.57,61,75x300n.00,38,55,83x210n.53,66,77x200n." toa="null" sc_toa="null" service_center="null" read="1" status="0" locked="0" date_sent="0" readable_date="19-10-2015 18:14:47" contact_name="(Unknown)" />
  <sms protocol="0" address="+841677281854" date="1445253352642" type="1" subject="null" body="chau gui cho co 8 tin" toa="null" sc_toa="null" service_center="null" read="1" status="-1" locked="0" date_sent="0" readable_date="19-10-2015 18:15:52" contact_name="(Unknown)" />
  <sms protocol="0" address="+841677281854" date="1445253380880" type="1" subject="null" body="Nhan 9 tin.so tin cuoi:9." toa="null" sc_toa="null" service_center="null" read="1" status="-1" locked="0" date_sent="0" readable_date="19-10-2015 18:16:20" contact_name="(Unknown)" />
  <sms protocol="0" address="+84964386982" date="1445253420504" type="1" subject="null" body="bac gui cho em 4 tin" toa="null" sc_toa="null" service_center="null" read="1" status="-1" locked="0" date_sent="0" readable_date="19-10-2015 18:17:00" contact_name="A Duc" />
  <sms protocol="0" address="+84983650782" date="1445253504644" type="1" subject="null" body="Em gui cho Anh 5 tin" toa="null" sc_toa="null" service_center="null" read="1" status="-1" locked="0" date_sent="0" readable_date="19-10-2015 18:18:24" contact_name="A T 782 Lv" />
  <sms protocol="0" address="+841685897838" date="1445253536122" type="1" subject="null" body="Ba.cang.150.181.649.666.066.038.143.739.575.052.794.547.050.039.468.479.184.144.506.398.232.899.383.951.435.x100n.de.66.686.616.060.646.080.484.141.010.37.949.00.55.676.07.77.383.050.272.11.434.54.x300n" toa="null" sc_toa="null" service_center="null" read="1" status="-1" locked="0" date_sent="0" readable_date="19-10-2015 18:18:56" contact_name="Chi H. v. b" />
  <sms protocol="0" address="01685897838" date="1445253543710" type="2" subject="null" body="Nhan 11 tin." toa="null" sc_toa="null" service_center="null" read="1" status="0" locked="0" date_sent="0" readable_date="19-10-2015 18:19:03" contact_name="Chi H. v. b" />
  <sms protocol="0" address="01685897838" date="1445253545223" type="2" subject="null" body="Nhan 11 tin." toa="null" sc_toa="null" service_center="null" read="1" status="0" locked="0" date_sent="0" readable_date="19-10-2015 18:19:05" contact_name="Chi H. v. b" />
  <sms protocol="0" address="0983650782" date="1445253558715" type="2" subject="null" body="Tin 6: Ba cang:039,050,066,181,435,951,038,052,143,144,150,184,232,383,398,468,479,506,547,575,649,666,739,794,899x100n." toa="null" sc_toa="null" service_center="null" read="1" status="0" locked="0" date_sent="0" readable_date="19-10-2015 18:19:18" contact_name="A T 782 Lv" />
  <sms protocol="0" address="0964386982" date="1445253570705" type="2" subject="null" body="Tin 5: De:01,05,11,16,37,50,67,68,76,86x300n.08,10,80x200n." toa="null" sc_toa="null" service_center="null" read="1" status="0" locked="0" date_sent="0" readable_date="19-10-2015 18:19:30" contact_name="A Duc" />
  <sms protocol="0" address="01677281854" date="1445253581221" type="2" subject="null" body="Tin 10: De:00,06,07,14,27,34,38,41,43,46,48,49,54,55,60,61,64,66,72,77,83,84,94x300n.08,10,80x100n." toa="null" sc_toa="null" service_center="null" read="1" status="0" locked="0" date_sent="0" readable_date="19-10-2015 18:19:41" contact_name="(Unknown)" />
  <sms protocol="0" address="+84964386982" date="1445253601606" type="1" subject="null" body="bac gui cho em 5 tin" toa="null" sc_toa="null" service_center="null" read="1" status="-1" locked="0" date_sent="0" readable_date="19-10-2015 18:20:01" contact_name="A Duc" />
  <sms protocol="0" address="+841677281854" date="1445253605439" type="1" subject="null" body="Nhan 10 tin.so tin cuoi:10." toa="null" sc_toa="null" service_center="null" read="1" status="-1" locked="0" date_sent="0" readable_date="19-10-2015 18:20:05" contact_name="(Unknown)" />
  <sms protocol="0" address="+84983650782" date="1445253711796" type="1" subject="null" body="Em gui cho Anh 6 tin" toa="null" sc_toa="null" service_center="null" read="1" status="-1" locked="0" date_sent="0" readable_date="19-10-2015 18:21:51" contact_name="A T 782 Lv" />
  <sms protocol="0" address="0983099345" date="1445253713208" type="2" subject="null" body="Nhan 4 tin.. HET DE" toa="null" sc_toa="null" service_center="null" read="1" status="0" locked="0" date_sent="0" readable_date="19-10-2015 18:21:53" contact_name="Viet Bo" />
  <sms protocol="0" address="01685897838" date="1445253714708" type="2" subject="null" body="Nhan 11 tin.. HET DE" toa="null" sc_toa="null" service_center="null" read="1" status="0" locked="0" date_sent="0" readable_date="19-10-2015 18:21:54" contact_name="Chi H. v. b" />
  <sms protocol="0" address="0979399373" date="1445253716206" type="2" subject="null" body="Nhan 1 tin.. HET DE" toa="null" sc_toa="null" service_center="null" read="1" status="0" locked="0" date_sent="0" readable_date="19-10-2015 18:21:56" contact_name="A Tung Thuy?" />
  <sms protocol="0" address="0968193922" date="1445253717708" type="2" subject="null" body="Nhan 1 tin.. HET DE" toa="null" sc_toa="null" service_center="null" read="1" status="32" locked="0" date_sent="0" readable_date="19-10-2015 18:21:57" contact_name="(Unknown)" />
  <sms protocol="0" address="0977655973" date="1445253719205" type="2" subject="null" body="Nhan 1 tin.. HET DE" toa="null" sc_toa="null" service_center="null" read="1" status="0" locked="0" date_sent="0" readable_date="19-10-2015 18:21:59" contact_name="A Su Cong Tinh Uy" />
  <sms protocol="0" address="0973836212" date="1445253720733" type="2" subject="null" body="Nhan 1 tin.so tin cuoi:1.. HET DE" toa="null" sc_toa="null" service_center="null" read="1" status="0" locked="0" date_sent="0" readable_date="19-10-2015 18:22:00" contact_name="Tien Em" />
  <sms protocol="0" address="+841677281854" date="1445253875634" type="1" subject="null" body="chau gui cho co 10 tin" toa="null" sc_toa="null" service_center="null" read="1" status="-1" locked="0" date_sent="0" readable_date="19-10-2015 18:24:35" contact_name="(Unknown)" />
  <sms protocol="0" address="0983650782" date="1445253968209" type="2" subject="null" body="Ngay:19/10/2015&#13;&#10;em chuyen cho anh&#13;&#10;Lo:830,0=18011,0n&#13;&#10;3Cang:4900,0=3234,0n&#13;&#10;Xien:57,0=342,0n&#13;&#10;Thuong lo:325,0=26000,0n&#13;&#10;Thuong xien:1000,0n&#13;&#10;anh bu cho em:5413,0n&#13;&#10;" toa="null" sc_toa="null" service_center="null" read="1" status="0" locked="0" date_sent="0" readable_date="19-10-2015 18:26:08" contact_name="A T 782 Lv" />
  <sms protocol="0" address="01677281854" date="1445253971206" type="2" subject="null" body="Ngay:19/10/2015&#13;&#10;chau chuyen cho co&#13;&#10;De:37960,0=27331,2n&#13;&#10;Lo:1145,0=24846,5n&#13;&#10;Thuong de:510,0=35700,0n&#13;&#10;Thuong lo:205,0=16400,0n&#13;&#10;chau bu cho co:77,7n&#13;&#10;" toa="null" sc_toa="null" service_center="null" read="1" status="32" locked="0" date_sent="0" readable_date="19-10-2015 18:26:11" contact_name="(Unknown)" />
  <sms protocol="0" address="0968193922" date="1445253975702" type="5" subject="null" body="Ngay:19/10/2015&#13;&#10;chị chuyen cho EM&#13;&#10;Xien:10,0=68,0n&#13;&#10;chị bu cho EM:68,0n&#13;&#10;" toa="null" sc_toa="null" service_center="null" read="1" status="32" locked="0" date_sent="0" readable_date="19-10-2015 18:26:15" contact_name="(Unknown)" />
  <sms protocol="0" address="0983099345" date="1445253980209" type="2" subject="null" body="Ngay:19/10/2015&#13;&#10;Ban chuyen cho toi&#13;&#10;De:3400,0=2482,0n&#13;&#10;Lo:790,0=17222,0n&#13;&#10;3Cang:100,0=69,0n&#13;&#10;Th lo:300,0=24000,0n&#13;&#10;toi bu cho Ban:4227,0n&#13;&#10;" toa="null" sc_toa="null" service_center="null" read="1" status="0" locked="0" date_sent="0" readable_date="19-10-2015 18:26:20" contact_name="Viet Bo" />
  <sms protocol="0" address="0979399373" date="1445253984707" type="2" subject="null" body="Ngay:19/10/2015&#13;&#10;Anh chuyen cho EM&#13;&#10;Lo:20,0=440,0n&#13;&#10;Anh bu cho EM:440,0n&#13;&#10;" toa="null" sc_toa="null" service_center="null" read="1" status="32" locked="0" date_sent="0" readable_date="19-10-2015 18:26:24" contact_name="A Tung Thuy?" />
  <sms protocol="0" address="0977655973" date="1445253987709" type="2" subject="null" body="Ngay:19/10/2015&#13;&#10;BAC chuyen cho EM&#13;&#10;De:850,0=680,0n&#13;&#10;Lo:35,0=787,5n&#13;&#10;BAC bu cho EM:1467,5n&#13;&#10;" toa="null" sc_toa="null" service_center="null" read="1" status="32" locked="0" date_sent="0" readable_date="19-10-2015 18:26:27" contact_name="A Su Cong Tinh Uy" />
  <sms protocol="0" address="0964386982" date="1445253995204" type="2" subject="null" body="Ngay:19/10/2015&#13;&#10;em chuyen cho anh&#13;&#10;De:36000,0=25740,0n&#13;&#10;Thuong de:500,0=35000,0n&#13;&#10;anh bu cho em:9260,0n&#13;&#10;" toa="null" sc_toa="null" service_center="null" read="1" status="0" locked="0" date_sent="0" readable_date="19-10-2015 18:26:35" contact_name="A Duc" />
  <sms protocol="0" address="01685897838" date="1445254002705" type="2" subject="null" body="Ngay:19/10/2015&#13;&#10;chi chuyen cho EM&#13;&#10;De:69610,0=50119,2n&#13;&#10;Lo:980,0=21315,0n&#13;&#10;3Cang:4800,0=3408,0n&#13;&#10;Xien:17,0=113,9n&#13;&#10;Th de:1010,0=70700,0n&#13;&#10;Th lo:120,0=9600,0n&#13;&#10;Th xien:1000,0n&#13;&#10;EM bu cho chi:6343,9n&#13;&#10;" toa="null" sc_toa="null" service_center="null" read="1" status="0" locked="0" date_sent="0" readable_date="19-10-2015 18:26:42" contact_name="Chi H. v. b" />
  <sms protocol="0" address="+84983650782" date="1445254010162" type="1" subject="null" body="Ngay:19/10/2015&#10;Em chuyen cho Anh&#10;Lo:830,0=18011,0n&#10;3Cang:4900,0=3234,0n&#10;Xien:57,0=342,0n&#10;Th lo:325,0=26000,0n&#10;Th xien:1000,0n&#10;Anh bu cho Em:5413,0n&#10;" toa="null" sc_toa="null" service_center="null" read="1" status="-1" locked="0" date_sent="0" readable_date="19-10-2015 18:26:50" contact_name="A T 782 Lv" />
  <sms protocol="0" address="0973836212" date="1445254014704" type="2" subject="null" body="Ngay:19/10/2015&#13;&#10;may chuyen cho tao&#13;&#10;De:100,0=75,0n&#13;&#10;Lo:150,0=3285,0n&#13;&#10;Xien:30,0=210,0n&#13;&#10;Th lo:110,0=8800,0n&#13;&#10;tao bu cho may:5230,0n&#13;&#10;" toa="null" sc_toa="null" service_center="null" read="1" status="32" locked="0" date_sent="0" readable_date="19-10-2015 18:26:54" contact_name="Tien Em" />
  <sms protocol="0" address="+841677281854" date="1445254162301" type="1" subject="null" body="Ngay:19/10/2015&#10;chau chuyen cho co&#10;De:37960,0=27331,2n&#10;Lo:1145,0=24846,5n&#10;Th de:510,0=35700,0n&#10;Th lo:205,0=16400,0n&#10;chau bu cho co:77,7n&#10;" toa="null" sc_toa="null" service_center="null" read="1" status="-1" locked="0" date_sent="0" readable_date="19-10-2015 18:29:22" contact_name="(Unknown)" />
  <sms protocol="0" address="+84964386982" date="1445254169196" type="1" subject="null" body="Ngay:19/10/2015&#10;bac chuyen cho em&#10;De:36000,0=25740,0n&#10;Th de:500,0=35000,0n&#10;em bu cho bac:9260,0n&#10;" toa="null" sc_toa="null" service_center="null" read="1" status="-1" locked="0" date_sent="0" readable_date="19-10-2015 18:29:29" contact_name="A Duc" />
  <sms protocol="0" address="+84983650782" date="1445254350249" type="1" subject="null" body="Tinh den het ngay:18/10/15 Anh thu 4507n&#10;Ngay:19/10/15 Em+10000n +5413n &#10;Tong cong: Anh bu 10906" toa="null" sc_toa="null" service_center="null" read="1" status="-1" locked="0" date_sent="0" readable_date="19-10-2015 18:32:30" contact_name="A T 782 Lv" />
  <sms protocol="0" address="+84974282195" date="1445256117891" type="1" subject="null" body="De kep bang x 200 nghin. De 60.22x 1trieu de 77x 500 nghin. De he 22.01x 250 nghin. De 20.21.06.23.24.42.44.66x 250 nghin. De dan 27x 150 nghin. Lo 38x 250diem. Lo 73x 125diem" toa="null" sc_toa="null" service_center="null" read="1" status="-1" locked="0" date_sent="0" readable_date="19-10-2015 19:01:57" contact_name="(Unknown)" />
  <sms protocol="0" address="0974282195" date="1445256234960" type="2" subject="null" body="Ngay:19/10/2015&#13;&#10;BAC chuyen cho EM&#13;&#10;De:14900,0=10728,0n&#13;&#10;Lo:375,0=8137,5n&#13;&#10;Th de:150,0=10500,0n&#13;&#10;Th lo:250,0=20000,0n&#13;&#10;EM bu cho BAC:11634,5n&#13;&#10;" toa="null" sc_toa="null" service_center="null" read="1" status="0" locked="0" date_sent="0" readable_date="19-10-2015 19:03:54" contact_name="(Unknown)" />
  <sms protocol="0" address="+84983099345" date="1445256356192" type="2" subject="null" body="&#10;EM bu cho chi:6343,9n&#13;&#10;T bu c 6443" toa="null" sc_toa="null" service_center="null" read="1" status="32" locked="0" date_sent="0" readable_date="19-10-2015 19:05:56" contact_name="Viet Bo" />
  <sms protocol="0" address="0964386982" date="1445256409568" type="2" subject="null" body="Tinh den het ngay:18/10/15 em thu 3454n&#13;&#10;Ngay:19/10/15 anh-9260n &#13;&#10;Tong cong: em thu 12714" toa="null" sc_toa="null" service_center="null" read="1" status="0" locked="0" date_sent="0" readable_date="19-10-2015 19:06:49" contact_name="A Duc" />
  <sms protocol="0" address="01632029067" date="1445256432874" type="2" subject="null" body="Tinh den het ngay:18/10/15 EM thu 2625n&#13;&#10;Ngay:19/10/15 Chị-68n &#13;&#10;Tong cong: EM thu 2693" toa="null" sc_toa="null" service_center="null" read="1" status="0" locked="0" date_sent="0" readable_date="19-10-2015 19:07:12" contact_name="(Unknown)" />
  <sms protocol="0" address="01677281854" date="1445256438760" type="2" subject="null" body="Tinh den het ngay:18/10/15 chau thu 27928n&#13;&#10;Ngay:19/10/15 co+27000n +77n &#13;&#10;Tong cong: chau thu 851" toa="null" sc_toa="null" service_center="null" read="1" status="32" locked="0" date_sent="0" readable_date="19-10-2015 19:07:18" contact_name="(Unknown)" />
  <sms protocol="0" address="0973836212" date="1445256447410" type="2" subject="null" body="Tinh den het ngay:18/10/15 tao bu 2797n&#13;&#10;Ngay:19/10/15 may-5700n +5230n &#13;&#10;Tong cong: tao bu 2327" toa="null" sc_toa="null" service_center="null" read="1" status="0" locked="0" date_sent="0" readable_date="19-10-2015 19:07:27" contact_name="Tien Em" />
  <sms protocol="0" address="0977655973" date="1445256461090" type="2" subject="null" body="Tinh den het ngay:18/10/15 EM thu 3650n&#13;&#10;Ngay:19/10/15 BAC-4570n +4000n -1467n &#13;&#10;Tong cong: EM thu 5687" toa="null" sc_toa="null" service_center="null" read="1" status="0" locked="0" date_sent="0" readable_date="19-10-2015 19:07:41" contact_name="A Su Cong Tinh Uy" />
  <sms protocol="0" address="0983099345" date="1445256465029" type="2" subject="null" body="Tinh den het ngay:18/10/15 toi bu 14598n&#13;&#10;Ngay:19/10/15 Ban-300n -32630n +2400n +4227n +6443n &#13;&#10;Tong cong: toi thu 5262" toa="null" sc_toa="null" service_center="null" read="1" status="0" locked="0" date_sent="0" readable_date="19-10-2015 19:07:45" contact_name="Viet Bo" />
  <sms protocol="0" address="0983650782" date="1445256473216" type="2" subject="null" body="Tinh den het ngay:18/10/15 em bu 4507n&#13;&#10;Ngay:19/10/15 anh-10000n -5413n &#13;&#10;Tong cong: em thu 10906" toa="null" sc_toa="null" service_center="null" read="1" status="32" locked="0" date_sent="0" readable_date="19-10-2015 19:07:53" contact_name="A T 782 Lv" />
</smses>