<?xml version='1.0' encoding='UTF-8' standalone='yes' ?>
<!--File Created By SMS Backup & Restore Pro v7.21 on 20/10/2015 18:33:51-->
<?xml-stylesheet type="text/xsl" href="sms.xsl"?>
<smses count="75">
  <sms protocol="0" address="+841685410901" date="1445335722654" type="1" subject="null" body="đề tổng 1,6,3,8 x 30.29x 100 .92x 200.191,464x 100.141,696x 50.&#10;de 15 14 10 19 20 24 25 34 17 42 43 080 88 56 16 35 36 13 41 26x 10k.44 040 66x 20k.lo 11 17x 10d. 40x 5d" toa="null" sc_toa="null" service_center="+84980200613" read="1" status="-1" locked="0" date_sent="1445335830000" readable_date="20-10-2015 17:08:42" contact_name="Giang" />
  <sms protocol="0" address="+841685410901" date="1445335735069" type="2" subject="null" body="Ok" toa="null" sc_toa="null" service_center="null" read="1" status="-1" locked="0" date_sent="0" readable_date="20-10-2015 17:08:55" contact_name="Giang" />
  <sms protocol="0" address="0948723319" date="1445335760784" type="2" subject="null" body="đề tổng 1,6,3,8 x 30.29x 100 .92x 200.191,464x 100.141,696x 50.&#10;de 15 14 10 19 20 24 25 34 17 42 43 080 88 56 16 35 36 13 41 26x 10k.44 040 66x 20k.lo 11 17x 10d. 40x 5d" toa="null" sc_toa="null" service_center="null" read="1" status="-1" locked="0" date_sent="0" readable_date="20-10-2015 17:09:20" contact_name="Tuyet2" />
  <sms protocol="0" address="+841685410901" date="1445335768699" type="1" subject="null" body="de 01 02 07 08 11 12 16 17 21 22 25 26 31 32 34 35 40 41 42 43 44 45 46 47 48 49 50 51 52 53 54 55 56 57 58 59 61 62 70 71 72 80 81 82 89 91 92 98 99 x 10n&#10;lo151,292x 10d. De co 3,7x 10. 35,37,38,39,73,77x 10." toa="null" sc_toa="null" service_center="+84980200613" read="1" status="-1" locked="0" date_sent="1445335881000" readable_date="20-10-2015 17:09:28" contact_name="Giang" />
  <sms protocol="0" address="+84948723319" date="1445335780663" type="1" subject="null" body="Ok" toa="null" sc_toa="null" service_center="+8491020005" read="1" status="-1" locked="0" date_sent="1445335862000" readable_date="20-10-2015 17:09:40" contact_name="Tuyet2" />
  <sms protocol="0" address="+841685410901" date="1445335781641" type="2" subject="null" body="Ok" toa="null" sc_toa="null" service_center="null" read="1" status="-1" locked="0" date_sent="0" readable_date="20-10-2015 17:09:41" contact_name="Giang" />
  <sms protocol="0" address="+841685410901" date="1445335785809" type="1" subject="null" body="de 00,55,282,373x 50n.464,191x 100n.080,171,262,353,44,99x 80n.060,151x 80n.242,33,88,797x 50n.020,11,66,393,484,575x 50n.040,131,595,686,22,77x 50n.141,696,010,565,383,33,88x 60n." toa="null" sc_toa="null" service_center="+84980200613" read="1" status="-1" locked="0" date_sent="1445335893000" readable_date="20-10-2015 17:09:45" contact_name="Giang" />
  <sms protocol="0" address="0948723319" date="1445335796314" type="2" subject="null" body="de 01 02 07 08 11 12 16 17 21 22 25 26 31 32 34 35 40 41 42 43 44 45 46 47 48 49 50 51 52 53 54 55 56 57 58 59 61 62 70 71 72 80 81 82 89 91 92 98 99 x 10n&#10;lo151,292x 10d. De co 3,7x 10. 35,37,38,39,73,77x 10." toa="null" sc_toa="null" service_center="null" read="1" status="-1" locked="0" date_sent="0" readable_date="20-10-2015 17:09:56" contact_name="Tuyet2" />
  <sms protocol="0" address="+841685410901" date="1445335799380" type="2" subject="null" body="Ok" toa="null" sc_toa="null" service_center="null" read="1" status="-1" locked="0" date_sent="0" readable_date="20-10-2015 17:09:59" contact_name="Giang" />
  <sms protocol="0" address="0948723319" date="1445335809260" type="2" subject="null" body="de 00,55,282,373x 50n.464,191x 100n.080,171,262,353,44,99x 80n.060,151x 80n.242,33,88,797x 50n.020,11,66,393,484,575x 50n.040,131,595,686,22,77x 50n.141,696,010,565,383,33,88x 60n." toa="null" sc_toa="null" service_center="null" read="1" status="-1" locked="0" date_sent="0" readable_date="20-10-2015 17:10:09" contact_name="Tuyet2" />
  <sms protocol="0" address="+84948723319" date="1445335822691" type="1" subject="null" body="Ok" toa="null" sc_toa="null" service_center="+8491020005" read="1" status="-1" locked="0" date_sent="1445335905000" readable_date="20-10-2015 17:10:22" contact_name="Tuyet2" />
  <sms protocol="0" address="+841662883398" date="1445337567113" type="1" subject="null" body="Lô xiên : 94,39,64 x 2tr," toa="null" sc_toa="null" service_center="+84980200605" read="1" status="-1" locked="0" date_sent="1445337683000" readable_date="20-10-2015 17:39:27" contact_name="Chi Hoa" />
  <sms protocol="0" address="+841662883398" date="1445337577380" type="2" subject="null" body="Ok" toa="null" sc_toa="null" service_center="null" read="1" status="-1" locked="0" date_sent="0" readable_date="20-10-2015 17:39:37" contact_name="Chi Hoa" />
  <sms protocol="0" address="+84948723319" date="1445337652464" type="2" subject="null" body="Lo 90.30x30d" toa="null" sc_toa="null" service_center="null" read="1" status="-1" locked="0" date_sent="0" readable_date="20-10-2015 17:40:52" contact_name="Tuyet2" />
  <sms protocol="0" address="+84948723319" date="1445337679240" type="1" subject="null" body="Ok" toa="null" sc_toa="null" service_center="+8491020005" read="1" status="-1" locked="0" date_sent="1445337762000" readable_date="20-10-2015 17:41:19" contact_name="Tuyet2" />
  <sms protocol="0" address="+841662883398" date="1445337721366" type="1" subject="null" body="Kép bằng x 1,500 , 39x2tr , 696,93 x 1tr , 99 x 5tr" toa="null" sc_toa="null" service_center="+84980200605" read="1" status="-1" locked="0" date_sent="1445337837000" readable_date="20-10-2015 17:42:01" contact_name="Chi Hoa" />
  <sms protocol="0" address="+841662883398" date="1445337735899" type="2" subject="null" body="Ok" toa="null" sc_toa="null" service_center="null" read="1" status="-1" locked="0" date_sent="0" readable_date="20-10-2015 17:42:15" contact_name="Chi Hoa" />
  <sms protocol="0" address="0948723319" date="1445337742654" type="2" subject="null" body="Kép bằng x 1,500 , 39x2tr , 696,93 x 1tr , 99 x 5tr" toa="null" sc_toa="null" service_center="null" read="1" status="-1" locked="0" date_sent="0" readable_date="20-10-2015 17:42:22" contact_name="Tuyet2" />
  <sms protocol="0" address="+84948723319" date="1445337820467" type="1" subject="null" body="Ok" toa="null" sc_toa="null" service_center="+8491020005" read="1" status="-1" locked="0" date_sent="1445337903000" readable_date="20-10-2015 17:43:40" contact_name="Tuyet2" />
  <sms protocol="0" address="+841628303500" date="1445338351842" type="1" subject="null" body="DE DAU 2X600N.DE DUOI 0X600N.DE 66.99.33.55.11.77.00.484.505.15.65.040.101.747.494.51.191.292.494.757.070.X400N.DE KEP =X2TR.DE 323.606.02X1TR.DE 20X6TR.LO 84.74.44.73.X300D.LO 00.090.66.X150D.XIEM 73.74.44X5TR" toa="null" sc_toa="null" service_center="+84980200613" read="1" status="-1" locked="0" date_sent="1445338464000" readable_date="20-10-2015 17:52:31" contact_name="Công1" />
  <sms protocol="0" address="+841628303500" date="1445338367743" type="2" subject="null" body="Ok" toa="null" sc_toa="null" service_center="null" read="1" status="-1" locked="0" date_sent="0" readable_date="20-10-2015 17:52:47" contact_name="Công1" />
  <sms protocol="0" address="01678838814" date="1445338382165" type="2" subject="null" body="DE DAU 2X600N.DE DUOI 0X600N.DE 66.99.33.55.11.77.00.484.505.15.65.040.101.747.494.51.191.292.494.757.070.X400N.DE KEP =X2TR.DE 323.606.02X1TR.DE 20X6TR.LO 84.74.44.73.X300D.LO 00.090.66.X150D.XIEM 73.74.44X5TR" toa="null" sc_toa="null" service_center="null" read="1" status="-1" locked="0" date_sent="0" readable_date="20-10-2015 17:53:02" contact_name="Vo Anh Thai" />
  <sms protocol="0" address="+841662883398" date="1445338439787" type="1" subject="null" body="Đề : 64 x 2tr," toa="null" sc_toa="null" service_center="+84980200605" read="1" status="-1" locked="0" date_sent="1445338556000" readable_date="20-10-2015 17:53:59" contact_name="Chi Hoa" />
  <sms protocol="0" address="+841678838814" date="1445338445883" type="1" subject="null" body="Ok1" toa="null" sc_toa="null" service_center="+84980200605" read="1" status="-1" locked="0" date_sent="1445338563000" readable_date="20-10-2015 17:54:05" contact_name="Vo Anh Thai" />
  <sms protocol="0" address="+841662883398" date="1445338450316" type="2" subject="null" body="Ok" toa="null" sc_toa="null" service_center="null" read="1" status="-1" locked="0" date_sent="0" readable_date="20-10-2015 17:54:10" contact_name="Chi Hoa" />
  <sms protocol="0" address="0948723319" date="1445338457607" type="2" subject="null" body="Đề : 64 x 2tr," toa="null" sc_toa="null" service_center="null" read="1" status="-1" locked="0" date_sent="0" readable_date="20-10-2015 17:54:17" contact_name="Tuyet2" />
  <sms protocol="0" address="+84948723319" date="1445338486436" type="1" subject="null" body="Ok" toa="null" sc_toa="null" service_center="+8491020005" read="1" status="-1" locked="0" date_sent="1445338569000" readable_date="20-10-2015 17:54:46" contact_name="Tuyet2" />
  <sms protocol="0" address="+841685410901" date="1445338891851" type="1" subject="null" body="Kép x 100 n&#10;Lô 22 x 700, 50 x 100" toa="null" sc_toa="null" service_center="+84980200613" read="1" status="-1" locked="0" date_sent="1445339007000" readable_date="20-10-2015 18:01:31" contact_name="Giang" />
  <sms protocol="0" address="+841685410901" date="1445338904378" type="2" subject="null" body="Ok" toa="null" sc_toa="null" service_center="null" read="1" status="-1" locked="0" date_sent="0" readable_date="20-10-2015 18:01:44" contact_name="Giang" />
  <sms protocol="0" address="0948723319" date="1445338911999" type="2" subject="null" body="Kép x 100 n&#10;Lô 22 x 700, 50 x 100" toa="null" sc_toa="null" service_center="null" read="1" status="-1" locked="0" date_sent="0" readable_date="20-10-2015 18:01:51" contact_name="Tuyet2" />
  <sms protocol="0" address="+84971202383" date="1445338915674" type="1" subject="null" body="lo 25 96 76 59 65 77x 200&#10;66 56 69x 100&#10;79 97 67 x 300&#10;75 57 x 500&#10;95 x 1600&#10;3c 130 x 400&#10;138 x 200" toa="null" sc_toa="null" service_center="+84980200605" read="1" status="-1" locked="0" date_sent="1445339032000" readable_date="20-10-2015 18:01:55" contact_name="Nam1" />
  <sms protocol="0" address="+84971202383" date="1445338923790" type="2" subject="null" body="Ok" toa="null" sc_toa="null" service_center="null" read="1" status="-1" locked="0" date_sent="0" readable_date="20-10-2015 18:02:03" contact_name="Nam1" />
  <sms protocol="0" address="0948723319" date="1445338930590" type="2" subject="null" body="lo 25 96 76 59 65 77x 200&#10;66 56 69x 100&#10;79 97 67 x 300&#10;75 57 x 500&#10;95 x 1600&#10;3c 130 x 400&#10;138 x 200" toa="null" sc_toa="null" service_center="null" read="1" status="-1" locked="0" date_sent="0" readable_date="20-10-2015 18:02:10" contact_name="Tuyet2" />
  <sms protocol="0" address="+84971202383" date="1445338954123" type="1" subject="null" body="de 73 37 x 5tr" toa="null" sc_toa="null" service_center="+84980200605" read="1" status="-1" locked="0" date_sent="1445339070000" readable_date="20-10-2015 18:02:34" contact_name="Nam1" />
  <sms protocol="0" address="+84971202383" date="1445338964251" type="2" subject="null" body="Ok" toa="null" sc_toa="null" service_center="null" read="1" status="-1" locked="0" date_sent="0" readable_date="20-10-2015 18:02:44" contact_name="Nam1" />
  <sms protocol="0" address="0948723319" date="1445338969614" type="2" subject="null" body="de 73 37 x 5tr" toa="null" sc_toa="null" service_center="null" read="1" status="-1" locked="0" date_sent="0" readable_date="20-10-2015 18:02:49" contact_name="Tuyet2" />
  <sms protocol="0" address="0948723319" date="1445339024323" type="2" subject="null" body="Lo 342.818x100d" toa="null" sc_toa="null" service_center="null" read="1" status="-1" locked="0" date_sent="0" readable_date="20-10-2015 18:03:44" contact_name="Tuyet2" />
  <sms protocol="0" address="+84948723319" date="1445339027763" type="1" subject="null" body="Ok 3" toa="null" sc_toa="null" service_center="+8491020005" read="1" status="-1" locked="0" date_sent="1445339110000" readable_date="20-10-2015 18:03:47" contact_name="Tuyet2" />
  <sms protocol="0" address="+841685410901" date="1445339037023" type="1" subject="null" body="Dd4x30n  040 64 02 95 20 x50&#10;46 59x100  44x200n kepx10n  494x30n 06x150n 22x50  44x30&#10;Lo 44x30  74x80 &#10;Cang 244 344 422x50 " toa="null" sc_toa="null" service_center="+84980200613" read="1" status="-1" locked="0" date_sent="1445339152000" readable_date="20-10-2015 18:03:57" contact_name="Giang" />
  <sms protocol="0" address="+84948723319" date="1445339049351" type="2" subject="null" body="Sua lo 343nhe" toa="null" sc_toa="null" service_center="null" read="1" status="-1" locked="0" date_sent="0" readable_date="20-10-2015 18:04:09" contact_name="Tuyet2" />
  <sms protocol="0" address="+841685410901" date="1445339057566" type="2" subject="null" body="Ok" toa="null" sc_toa="null" service_center="null" read="1" status="-1" locked="0" date_sent="0" readable_date="20-10-2015 18:04:17" contact_name="Giang" />
  <sms protocol="0" address="0948723319" date="1445339069745" type="2" subject="null" body="Dd4x30n  040 64 02 95 20 x50&#10;46 59x100  44x200n kepx10n  494x30n 06x150n 22x50  44x30&#10;Lo 44x30  74x80 &#10;" toa="null" sc_toa="null" service_center="null" read="1" status="-1" locked="0" date_sent="0" readable_date="20-10-2015 18:04:29" contact_name="Tuyet2" />
  <sms protocol="0" address="+84971202383" date="1445339134002" type="1" subject="null" body="lo 64 20 18 37 55 45 72 43 96 04 90 05 50 x 20 &#10;46 x 30&#10;94 30x 100&#10;xi 61 80 74 30 x 400" toa="null" sc_toa="null" service_center="+84980200605" read="1" status="-1" locked="0" date_sent="1445339252000" readable_date="20-10-2015 18:05:34" contact_name="Nam1" />
  <sms protocol="0" address="+84971202383" date="1445339159407" type="2" subject="null" body="Ok" toa="null" sc_toa="null" service_center="null" read="1" status="-1" locked="0" date_sent="0" readable_date="20-10-2015 18:05:59" contact_name="Nam1" />
  <sms protocol="0" address="0948723319" date="1445339168467" type="2" subject="null" body="lo 64 20 18 37 55 45 72 43 96 04 90 05 50 x 20 &#10;46 x 30&#10;94 30x 100&#10;xi 61 80 74 30 x 400" toa="null" sc_toa="null" service_center="null" read="1" status="-1" locked="0" date_sent="0" readable_date="20-10-2015 18:06:08" contact_name="Tuyet2" />
  <sms protocol="0" address="+841685410901" date="1445339186126" type="1" subject="null" body="De 040  464 242x30n " toa="null" sc_toa="null" service_center="+84980200613" read="1" status="-1" locked="0" date_sent="1445339302000" readable_date="20-10-2015 18:06:26" contact_name="Giang" />
  <sms protocol="0" address="+841685410901" date="1445339196198" type="2" subject="null" body="Ok" toa="null" sc_toa="null" service_center="null" read="1" status="-1" locked="0" date_sent="0" readable_date="20-10-2015 18:06:36" contact_name="Giang" />
  <sms protocol="0" address="0948723319" date="1445339202477" type="2" subject="null" body="De 040  464 242x30n " toa="null" sc_toa="null" service_center="null" read="1" status="-1" locked="0" date_sent="0" readable_date="20-10-2015 18:06:42" contact_name="Tuyet2" />
  <sms protocol="0" address="+84948723319" date="1445339215673" type="1" subject="null" body="Ok" toa="null" sc_toa="null" service_center="+8491020005" read="1" status="-1" locked="0" date_sent="1445339299000" readable_date="20-10-2015 18:06:55" contact_name="Tuyet2" />
  <sms protocol="0" address="+84948723319" date="1445339228709" type="1" subject="null" body="Ok r" toa="null" sc_toa="null" service_center="+8491020005" read="1" status="-1" locked="0" date_sent="1445339252000" readable_date="20-10-2015 18:07:08" contact_name="Tuyet2" />
  <sms protocol="0" address="+841685410901" date="1445339237454" type="1" subject="null" body="Lo 24x300d  " toa="null" sc_toa="null" service_center="+84980200613" read="1" status="-1" locked="0" date_sent="1445339353000" readable_date="20-10-2015 18:07:17" contact_name="Giang" />
  <sms protocol="0" address="+841685410901" date="1445339246018" type="2" subject="null" body="Ok" toa="null" sc_toa="null" service_center="null" read="1" status="-1" locked="0" date_sent="0" readable_date="20-10-2015 18:07:26" contact_name="Giang" />
  <sms protocol="0" address="0948723319" date="1445339251537" type="2" subject="null" body="Lo 24x300d  " toa="null" sc_toa="null" service_center="null" read="1" status="-1" locked="0" date_sent="0" readable_date="20-10-2015 18:07:31" contact_name="Tuyet2" />
  <sms protocol="0" address="+84948723319" date="1445339286184" type="1" subject="null" body="Ok" toa="null" sc_toa="null" service_center="+8491020005" read="1" status="-1" locked="0" date_sent="1445339369000" readable_date="20-10-2015 18:08:06" contact_name="Tuyet2" />
  <sms protocol="0" address="+841685410901" date="1445339362954" type="1" subject="null" body="De 484 404 414 60 69 31 30 38 51 50 58 61 60 x300, 68x600" toa="null" sc_toa="null" service_center="+84980200613" read="1" status="-1" locked="0" date_sent="1445339479000" readable_date="20-10-2015 18:09:22" contact_name="Giang" />
  <sms protocol="0" address="+841685410901" date="1445339374093" type="2" subject="null" body="Ok" toa="null" sc_toa="null" service_center="null" read="1" status="-1" locked="0" date_sent="0" readable_date="20-10-2015 18:09:34" contact_name="Giang" />
  <sms protocol="0" address="0948723319" date="1445339380510" type="2" subject="null" body="De 484 404 414 60 69 31 30 38 51 50 58 61 60 x300, 68x600" toa="null" sc_toa="null" service_center="null" read="1" status="-1" locked="0" date_sent="0" readable_date="20-10-2015 18:09:40" contact_name="Tuyet2" />
  <sms protocol="0" address="+84948723319" date="1445339425874" type="1" subject="null" body="Ok" toa="null" sc_toa="null" service_center="+8491020005" read="1" status="-1" locked="0" date_sent="1445339509000" readable_date="20-10-2015 18:10:25" contact_name="Tuyet2" />
  <sms protocol="0" address="+84971202383" date="1445339531368" type="1" subject="null" body="de 81 43 09 10 68 85 86 91 86 30 11 39x 100&#10;34 x 300&#10;01 58 19 20 x 200" toa="null" sc_toa="null" service_center="+84980200605" read="1" status="-1" locked="0" date_sent="1445339647000" readable_date="20-10-2015 18:12:11" contact_name="Nam1" />
  <sms protocol="0" address="+84971202383" date="1445339541934" type="2" subject="null" body="Ok" toa="null" sc_toa="null" service_center="null" read="1" status="-1" locked="0" date_sent="0" readable_date="20-10-2015 18:12:21" contact_name="Nam1" />
  <sms protocol="0" address="0948723319" date="1445339548190" type="2" subject="null" body="de 81 43 09 10 68 85 86 91 86 30 11 39x 100&#10;34 x 300&#10;01 58 19 20 x 200" toa="null" sc_toa="null" service_center="null" read="1" status="-1" locked="0" date_sent="0" readable_date="20-10-2015 18:12:28" contact_name="Tuyet2" />
  <sms protocol="0" address="+841685410901" date="1445339569597" type="1" subject="null" body="De Kep x 350, 88 22 44 00 11 x 300" toa="null" sc_toa="null" service_center="+84980200613" read="1" status="-1" locked="0" date_sent="1445339684000" readable_date="20-10-2015 18:12:49" contact_name="Giang" />
  <sms protocol="0" address="+841685410901" date="1445339579629" type="2" subject="null" body="Ok" toa="null" sc_toa="null" service_center="null" read="1" status="-1" locked="0" date_sent="0" readable_date="20-10-2015 18:12:59" contact_name="Giang" />
  <sms protocol="0" address="0948723319" date="1445339585257" type="2" subject="null" body="De Kep x 350, 88 22 44 00 11 x 300" toa="null" sc_toa="null" service_center="null" read="1" status="-1" locked="0" date_sent="0" readable_date="20-10-2015 18:13:05" contact_name="Tuyet2" />
  <sms protocol="0" address="+84948723319" date="1445339670172" type="1" subject="null" body="Ok" toa="null" sc_toa="null" service_center="+8491020005" read="1" status="-1" locked="0" date_sent="1445339753000" readable_date="20-10-2015 18:14:30" contact_name="Tuyet2" />
  <sms protocol="0" address="+84948723319" date="1445339696571" type="2" subject="null" body="De co 8x100n" toa="null" sc_toa="null" service_center="null" read="1" status="-1" locked="0" date_sent="0" readable_date="20-10-2015 18:14:56" contact_name="Tuyet2" />
  <sms protocol="0" address="+84948723319" date="1445339741464" type="1" subject="null" body="Ok" toa="null" sc_toa="null" service_center="+8491020005" read="1" status="-1" locked="0" date_sent="1445339823000" readable_date="20-10-2015 18:15:41" contact_name="Tuyet2" />
  <sms protocol="0" address="997" date="1445340240683" type="2" subject="null" body="Kqsxmb" toa="null" sc_toa="null" service_center="null" read="1" status="-1" locked="0" date_sent="0" readable_date="20-10-2015 18:24:00" contact_name="(Unknown)" />
  <sms protocol="0" address="997" date="1445340247936" type="1" subject="null" body="MB 20/10&#10;DB:44745&#10;1:46586&#10;2:95291-71852&#10;3:87857-79067-64392-63132-04357-83384&#10;4:2904-8377-6306-6263&#10;5:0999-8400-9475-3068-8642-9805&#10;6:262-146-548&#10;7:14-82-88-13" toa="null" sc_toa="null" service_center="+8491020165" read="1" status="-1" locked="0" date_sent="1445340330000" readable_date="20-10-2015 18:24:07" contact_name="(Unknown)" />
  <sms protocol="0" address="0948723319" date="1445340487847" type="2" subject="null" body="Ngay:20/10/2015&#13;&#10;chi  chuyen cho em&#13;&#10;De:61610,0=44359,2n&#13;&#10;Lo:7225,0=156782,5n&#13;&#10;Xien:40,0=248,0n&#13;&#10;Thuong de:40,0=2800,0n&#13;&#10;Thuong lo:2100,0=168000,0n&#13;&#10;chi  bu cho em:30589,+512=31101+103.943=135.044&#10;" toa="null" sc_toa="null" service_center="null" read="1" status="0" locked="0" date_sent="0" readable_date="20-10-2015 18:28:07" contact_name="Tuyet2" />
  <sms protocol="0" address="01628303500" date="1445340541847" type="2" subject="null" body="Ngay:20/10/2015&#13;&#10;em chuyen cho chi&#13;&#10;De:55800,0=41850,0n&#13;&#10;Lo:1800,0=39600,0n&#13;&#10;Xien:500,0=3750,0n&#13;&#10;Th lo:450,0=36000,0n&#13;&#10;em bu cho chi:49200,+462.222=511.422&#10;" toa="null" sc_toa="null" service_center="null" read="1" status="0" locked="0" date_sent="0" readable_date="20-10-2015 18:29:01" contact_name="Công1" />
  <sms protocol="0" address="0971202383" date="1445340573337" type="2" subject="null" body="Ngay:20/10/2015&#13;&#10;chau chuyen cho co &#13;&#10;De:12300,0=8892,9n&#13;&#10;Lo:5490,0=119682,0n&#13;&#10;3Cang:600,0=600,0n&#13;&#10;Xien:40,0=272,0n&#13;&#10;Th lo:2090,0=167200,0n&#13;&#10;co  bu cho chau:37753,1n&#13;&#10;" toa="null" sc_toa="null" service_center="null" read="1" status="0" locked="0" date_sent="0" readable_date="20-10-2015 18:29:33" contact_name="Nam1" />
  <sms protocol="0" address="01685410901" date="1445340648343" type="2" subject="null" body="Ngay:20/10/2015&#13;&#10;chau chuyen cho co&#13;&#10;De:20410,0=14756,4n&#13;&#10;Lo:1275,0=27795,0n&#13;&#10;3Cang:150,0=112,5n&#13;&#10;Th de:40,0=2800,0n&#13;&#10;Th lo:10,0=800,0n&#13;&#10;chau bu cho co:39063,-nam 37753=1310- co no 175018=173.708&#10;" toa="null" sc_toa="null" service_center="null" read="1" status="0" locked="0" date_sent="0" readable_date="20-10-2015 18:30:48" contact_name="Giang" />
  <sms protocol="0" address="01678838814" date="1445340700846" type="2" subject="null" body="Ngay:20/10/2015&#13;&#10;em chuyen cho chi&#13;&#10;De:55800,0=40176,0n&#13;&#10;Lo:1800,0=39240,0n&#13;&#10;Xien:500,0=3100,0n&#13;&#10;Thuong lo:450,0=36000,0n&#13;&#10;em bu cho chi:46516,190.662=237.178&#10;" toa="null" sc_toa="null" service_center="null" read="1" status="0" locked="0" date_sent="0" readable_date="20-10-2015 18:31:40" contact_name="Vo Anh Thai" />
  <sms protocol="0" address="01662883398" date="1445340772845" type="2" subject="null" body="Ngay:20/10/2015&#13;&#10;chi chuyen cho em&#13;&#10;De:27000,0=19980,0n&#13;&#10;Xien:200,0=1480,0n&#13;&#10;chi bu cho em:21460,+520493=550.953&#10;" toa="null" sc_toa="null" service_center="null" read="1" status="0" locked="0" date_sent="0" readable_date="20-10-2015 18:32:52" contact_name="Chi Hoa" />
</smses>