<?xml version='1.0' encoding='UTF-8' standalone='yes' ?>
<!--File Created By SMS Backup & Restore Pro v7.21 on 20/10/2015 22:21:33-->
<?xml-stylesheet type="text/xsl" href="sms.xsl"?>
<smses count="155">
  <sms protocol="0" address="01648296348" date="1445267450826" type="2" subject="null" body="Lai ngay 19 la 60k tat ca m no t 100k nhe" toa="null" sc_toa="null" service_center="null" read="1" status="32" locked="0" date_sent="0" readable_date="19-10-2015 22:10:50" contact_name="Haj Dang" />
  <sms protocol="0" address="0978475222" date="1445300373951" type="2" subject="null" body="Lai ngay 20 la 450k tat ca la 630k" toa="null" sc_toa="null" service_center="null" read="1" status="32" locked="0" date_sent="0" readable_date="20-10-2015 07:19:33" contact_name="Huy Ly 222" />
  <sms protocol="0" address="01632468512" date="1445300375026" type="2" subject="null" body="Lai ngay 20 la 450k tat ca la 630k" toa="null" sc_toa="null" service_center="null" read="1" status="0" locked="0" date_sent="0" readable_date="20-10-2015 07:19:35" contact_name="Huy ly2" />
  <sms protocol="0" address="+84978475222" date="1445301996281" type="1" subject="null" body="Ok.. Để t xem gom 1 mã to t đưa cho nhé." toa="null" sc_toa="null" service_center="null" read="1" status="-1" locked="0" date_sent="0" readable_date="20-10-2015 07:46:36" contact_name="Huy Ly 222" />
  <sms protocol="0" address="ACB TN" date="1445302829446" type="1" subject="null" body="Nhan ngay Phu nu Viet Nam, ACB Thai Nguyen kinh chuc Quy khach hang suc khoe, hanh phuc va thanh cong. Cam on Quy khach da dong hanh cung Ngan Hang A Chau!" toa="null" sc_toa="null" service_center="+84980200037" read="1" status="-1" locked="0" date_sent="1445302826000" readable_date="20-10-2015 08:00:29" contact_name="(Unknown)" />
  <sms protocol="0" address="+199" date="1445316086708" type="1" subject="null" body="[QC] Qua tang 20/10: Phieu giam 20% tai Lazada (toi da 100.000d) va loi chuc. Soan TANG SDTNguoinhan gui 8662 (10.000d). LH 198 (200d/p). Tu choi, TC gui 199." toa="null" sc_toa="null" service_center="+84980200608301" read="1" status="-1" locked="0" date_sent="1445316083000" readable_date="20-10-2015 11:41:26" contact_name="(Unknown)" />
  <sms protocol="0" address="+84979399373" date="1445331841092" type="1" subject="null" body="Lô: 96x20d. Đề: 96x70k" toa="null" sc_toa="null" service_center="null" read="1" status="-1" locked="0" date_sent="0" readable_date="20-10-2015 16:04:01" contact_name="A Tung Thuy?" />
  <sms protocol="0" address="+84974282195" date="1445333247014" type="1" subject="null" body="(63.65.)×10" toa="null" sc_toa="null" service_center="null" read="1" status="-1" locked="0" date_sent="0" readable_date="20-10-2015 16:27:27" contact_name="(Unknown)" />
  <sms protocol="0" address="+84983099345" date="1445335121680" type="1" subject="null" body="Lô 76,78 x10đ. Đề dây 12,23x 10n . Đề 76,78x50n" toa="null" sc_toa="null" service_center="null" read="1" status="-1" locked="0" date_sent="0" readable_date="20-10-2015 16:58:41" contact_name="Viet Bo" />
  <sms protocol="0" address="0983099345" date="1445335142634" type="2" subject="null" body="Nhan 1 tin." toa="null" sc_toa="null" service_center="null" read="1" status="0" locked="0" date_sent="0" readable_date="20-10-2015 16:59:02" contact_name="Viet Bo" />
  <sms protocol="0" address="+84983099345" date="1445335581715" type="1" subject="null" body="lô . 09 06 11 68 x5d, lô 90x10đ " toa="null" sc_toa="null" service_center="null" read="1" status="-1" locked="0" date_sent="0" readable_date="20-10-2015 17:06:21" contact_name="Viet Bo" />
  <sms protocol="0" address="+84968193922" date="1445335929843" type="1" subject="null" body="E nhan xien c voi.X2.73.05.=200 ;X2.07.23.=200 ;X4.10.32.05.21.=50 ;X2.74.81.=50 ; X2.19.32.=100 ; X2.74.18.=20." toa="null" sc_toa="null" service_center="null" read="1" status="-1" locked="0" date_sent="0" readable_date="20-10-2015 17:12:09" contact_name="(Unknown)" />
  <sms protocol="0" address="0968193922" date="1445336251138" type="5" subject="null" body="Nhan 1 tin." toa="null" sc_toa="null" service_center="null" read="1" status="32" locked="0" date_sent="0" readable_date="20-10-2015 17:17:31" contact_name="(Unknown)" />
  <sms protocol="0" address="0983099345" date="1445336252637" type="2" subject="null" body="Nhan 2 tin." toa="null" sc_toa="null" service_center="null" read="1" status="0" locked="0" date_sent="0" readable_date="20-10-2015 17:17:32" contact_name="Viet Bo" />
  <sms protocol="0" address="0968193922" date="1445336254136" type="2" subject="null" body="Nhan 1 tin." toa="null" sc_toa="null" service_center="null" read="1" status="0" locked="0" date_sent="0" readable_date="20-10-2015 17:17:34" contact_name="(Unknown)" />
  <sms protocol="0" address="+84983099345" date="1445336443826" type="1" subject="null" body="Lô 73,14,41x5đ" toa="null" sc_toa="null" service_center="null" read="1" status="-1" locked="0" date_sent="0" readable_date="20-10-2015 17:20:43" contact_name="Viet Bo" />
  <sms protocol="0" address="0983099345" date="1445336525646" type="2" subject="null" body="Nhan 3 tin." toa="null" sc_toa="null" service_center="null" read="1" status="32" locked="0" date_sent="0" readable_date="20-10-2015 17:22:05" contact_name="Viet Bo" />
  <sms protocol="0" address="0983099345" date="1445336528644" type="2" subject="null" body="Nhan 3 tin." toa="null" sc_toa="null" service_center="null" read="1" status="32" locked="0" date_sent="0" readable_date="20-10-2015 17:22:08" contact_name="Viet Bo" />
  <sms protocol="0" address="+84983099345" date="1445336687222" type="1" subject="null" body="Lô 76,40x5đ" toa="null" sc_toa="null" service_center="null" read="1" status="-1" locked="0" date_sent="0" readable_date="20-10-2015 17:24:47" contact_name="Viet Bo" />
  <sms protocol="0" address="+84979399373" date="1445337087024" type="1" subject="null" body="Lô: 66,96 ×10d" toa="null" sc_toa="null" service_center="null" read="1" status="-1" locked="0" date_sent="0" readable_date="20-10-2015 17:31:27" contact_name="A Tung Thuy?" />
  <sms protocol="0" address="0983099345" date="1445337103139" type="2" subject="null" body="Nhan 4 tin." toa="null" sc_toa="null" service_center="null" read="1" status="0" locked="0" date_sent="0" readable_date="20-10-2015 17:31:43" contact_name="Viet Bo" />
  <sms protocol="0" address="+841685897838" date="1445337270074" type="1" subject="null" body=" De 95 09 75 44 88 99 949 11 66 77 29 x 10 n   2k x 10 n  lo 74 11 39 x10d  xien 39 18 74 x 20n xien 11 09 39 44 x10 n xien 72 39 44 74 x 10 n xien 39 95 x 20 n xien 69 39 11 x 20 n xien 99 94 83 x10 n " toa="null" sc_toa="null" service_center="null" read="1" status="-1" locked="0" date_sent="0" readable_date="20-10-2015 17:34:30" contact_name="Chi H. v. b" />
  <sms protocol="0" address="01685897838" date="1445337319138" type="2" subject="null" body="Nhan 1 tin." toa="null" sc_toa="null" service_center="null" read="1" status="32" locked="0" date_sent="0" readable_date="20-10-2015 17:35:19" contact_name="Chi H. v. b" />
  <sms protocol="0" address="0983650782" date="1445337874137" type="2" subject="null" body="Tin 1: lo:96x30d.11,76x15d.39,66,74,78,90x10d.06,09,14,40,41,68,73x5d..xi3:11,39,69*2d.,xi3:18,39,74*2d.,xi2:18,74*2d.,xi2:39,95*2d.xi2:05,73*20d.,xi2:07,23*20d.xi4:09,11,39,44*1d.,xi4:39,44,72,74*1d.,xi3:83,94,99*1d.xi2:19,32*10d.xi4:05,10,21,32*5d.,xi2:74,81*5d." toa="null" sc_toa="null" service_center="null" read="1" status="32" locked="0" date_sent="0" readable_date="20-10-2015 17:44:34" contact_name="A T 782 Lv" />
  <sms protocol="0" address="01677281854" date="1445337917639" type="2" subject="null" body="Tin 1: De:96x60n.76,78x50n.11,44,49,66,77,88,94,99x10n." toa="null" sc_toa="null" service_center="null" read="1" status="0" locked="0" date_sent="0" readable_date="20-10-2015 17:45:17" contact_name="(Unknown)" />
  <sms protocol="0" address="+84979399373" date="1445338031481" type="2" subject="null" body="Ok 2t" toa="null" sc_toa="null" service_center="null" read="1" status="0" locked="0" date_sent="0" readable_date="20-10-2015 17:47:11" contact_name="A Tung Thuy?" />
  <sms protocol="0" address="+84974282195" date="1445338054877" type="1" subject="null" body="ị" toa="null" sc_toa="null" service_center="null" read="1" status="-1" locked="0" date_sent="0" readable_date="20-10-2015 17:47:34" contact_name="(Unknown)" />
  <sms protocol="0" address="+841677281854" date="1445338280599" type="1" subject="null" body="Nhan 1 tin.so tin cuoi:1." toa="null" sc_toa="null" service_center="null" read="1" status="-1" locked="0" date_sent="0" readable_date="20-10-2015 17:51:20" contact_name="(Unknown)" />
  <sms protocol="0" address="+84983099345" date="1445338436279" type="1" subject="null" body="Lo 14,19,24,35,36,39,49,85,95,20x25d.de 14x1250k. De 35,39x500k." toa="null" sc_toa="null" service_center="null" read="1" status="-1" locked="0" date_sent="0" readable_date="20-10-2015 17:53:56" contact_name="Viet Bo" />
  <sms protocol="0" address="0983099345" date="1445338459120" type="2" subject="null" body="Nhan 5 tin." toa="null" sc_toa="null" service_center="null" read="1" status="0" locked="0" date_sent="0" readable_date="20-10-2015 17:54:19" contact_name="Viet Bo" />
  <sms protocol="0" address="0983650782" date="1445338481638" type="2" subject="null" body="Tin 2: lo:14,19,20,24,35,36,49,85,95x25d.39x20d." toa="null" sc_toa="null" service_center="null" read="1" status="0" locked="0" date_sent="0" readable_date="20-10-2015 17:54:41" contact_name="A T 782 Lv" />
  <sms protocol="0" address="01677281854" date="1445338504126" type="2" subject="null" body="Tin 2: De:14x1240n.35,39x490n." toa="null" sc_toa="null" service_center="null" read="1" status="0" locked="0" date_sent="0" readable_date="20-10-2015 17:55:04" contact_name="(Unknown)" />
  <sms protocol="0" address="+84983099345" date="1445338544411" type="1" subject="null" body="3cag 214,020x250k. Lô 02,20x50đ. Đề 02,20x250n" toa="null" sc_toa="null" service_center="null" read="1" status="-1" locked="0" date_sent="0" readable_date="20-10-2015 17:55:44" contact_name="Viet Bo" />
  <sms protocol="0" address="0983099345" date="1445338556624" type="2" subject="null" body="Nhan 6 tin." toa="null" sc_toa="null" service_center="null" read="1" status="0" locked="0" date_sent="0" readable_date="20-10-2015 17:55:56" contact_name="Viet Bo" />
  <sms protocol="0" address="0983099345" date="1445338558123" type="2" subject="null" body="Nhan 6 tin." toa="null" sc_toa="null" service_center="null" read="1" status="0" locked="0" date_sent="0" readable_date="20-10-2015 17:55:58" contact_name="Viet Bo" />
  <sms protocol="0" address="0983650782" date="1445338585120" type="2" subject="null" body="Tin 3: Ba cang:020,214x100n." toa="null" sc_toa="null" service_center="null" read="1" status="0" locked="0" date_sent="0" readable_date="20-10-2015 17:56:25" contact_name="A T 782 Lv" />
  <sms protocol="0" address="0964386982" date="1445338604620" type="2" subject="null" body="Tin 1: De:02,20x240n..Ba cang:020,214x150n." toa="null" sc_toa="null" service_center="null" read="1" status="0" locked="0" date_sent="0" readable_date="20-10-2015 17:56:44" contact_name="A Duc" />
  <sms protocol="0" address="0983650782" date="1445338624120" type="2" subject="null" body="Tin 4: lo:02x30d.20x5d." toa="null" sc_toa="null" service_center="null" read="1" status="0" locked="0" date_sent="0" readable_date="20-10-2015 17:57:04" contact_name="A T 782 Lv" />
  <sms protocol="0" address="+84964386982" date="1445338651880" type="1" subject="null" body="bac gui cho em 1 tin" toa="null" sc_toa="null" service_center="null" read="1" status="-1" locked="0" date_sent="0" readable_date="20-10-2015 17:57:31" contact_name="A Duc" />
  <sms protocol="0" address="+84968193922" date="1445338660808" type="1" subject="null" body="Xien nua e. X2.20.92.=50." toa="null" sc_toa="null" service_center="null" read="1" status="-1" locked="0" date_sent="0" readable_date="20-10-2015 17:57:40" contact_name="(Unknown)" />
  <sms protocol="0" address="01677281854" date="1445338661633" type="2" subject="null" body="Tin 3: lo:20x45d.02x20d.39x5d." toa="null" sc_toa="null" service_center="null" read="1" status="0" locked="0" date_sent="0" readable_date="20-10-2015 17:57:41" contact_name="(Unknown)" />
  <sms protocol="0" address="0968193922" date="1445338676622" type="2" subject="null" body="Nhan 2 tin." toa="null" sc_toa="null" service_center="null" read="1" status="0" locked="0" date_sent="0" readable_date="20-10-2015 17:57:56" contact_name="(Unknown)" />
  <sms protocol="0" address="0983650782" date="1445338694626" type="2" subject="null" body="Tin 5: xi2:20,92*5d." toa="null" sc_toa="null" service_center="null" read="1" status="0" locked="0" date_sent="0" readable_date="20-10-2015 17:58:14" contact_name="A T 782 Lv" />
  <sms protocol="0" address="+841685897838" date="1445338742748" type="1" subject="null" body="de_66x1tr ,161x100nd 3cang766,866, 666x50n" toa="null" sc_toa="null" service_center="null" read="1" status="-1" locked="0" date_sent="0" readable_date="20-10-2015 17:59:02" contact_name="Chi H. v. b" />
  <sms protocol="0" address="+84983650782" date="1445338755489" type="1" subject="null" body="Em gui cho Anh 5 tin" toa="null" sc_toa="null" service_center="null" read="1" status="-1" locked="0" date_sent="0" readable_date="20-10-2015 17:59:15" contact_name="A T 782 Lv" />
  <sms protocol="0" address="+841677281854" date="1445338795294" type="1" subject="null" body="Nhan 3 tin.so tin cuoi:3." toa="null" sc_toa="null" service_center="null" read="1" status="-1" locked="0" date_sent="0" readable_date="20-10-2015 17:59:55" contact_name="(Unknown)" />
  <sms protocol="0" address="01685897838" date="1445338834122" type="2" subject="null" body="Nhan 2 tin." toa="null" sc_toa="null" service_center="null" read="1" status="0" locked="0" date_sent="0" readable_date="20-10-2015 18:00:34" contact_name="Chi H. v. b" />
  <sms protocol="0" address="01685897838" date="1445338837123" type="2" subject="null" body="Nhan 2 tin." toa="null" sc_toa="null" service_center="null" read="1" status="0" locked="0" date_sent="0" readable_date="20-10-2015 18:00:37" contact_name="Chi H. v. b" />
  <sms protocol="0" address="0964386982" date="1445338886629" type="2" subject="null" body="Tin 2: De:66x500n.16,61x100n." toa="null" sc_toa="null" service_center="null" read="1" status="0" locked="0" date_sent="0" readable_date="20-10-2015 18:01:26" contact_name="A Duc" />
  <sms protocol="0" address="01677281854" date="1445338963128" type="2" subject="null" body="Tin 4: De:66x500n." toa="null" sc_toa="null" service_center="null" read="1" status="0" locked="0" date_sent="0" readable_date="20-10-2015 18:02:43" contact_name="(Unknown)" />
  <sms protocol="0" address="+841685897838" date="1445338988494" type="1" subject="null" body="Lo 90 63x50d. Xjen 63 90x100n. De 63x100n." toa="null" sc_toa="null" service_center="null" read="1" status="-1" locked="0" date_sent="0" readable_date="20-10-2015 18:03:08" contact_name="Chi H. v. b" />
  <sms protocol="0" address="01685897838" date="1445338993122" type="2" subject="null" body="Nhan 3 tin." toa="null" sc_toa="null" service_center="null" read="1" status="0" locked="0" date_sent="0" readable_date="20-10-2015 18:03:13" contact_name="Chi H. v. b" />
  <sms protocol="0" address="+84964386982" date="1445338994313" type="1" subject="null" body="bac gui cho em 2 tin" toa="null" sc_toa="null" service_center="null" read="1" status="-1" locked="0" date_sent="0" readable_date="20-10-2015 18:03:14" contact_name="A Duc" />
  <sms protocol="0" address="01685897838" date="1445338996124" type="2" subject="null" body="Nhan 3 tin." toa="null" sc_toa="null" service_center="null" read="1" status="0" locked="0" date_sent="0" readable_date="20-10-2015 18:03:16" contact_name="Chi H. v. b" />
  <sms protocol="0" address="01685897838" date="1445339000622" type="2" subject="null" body="Nhan 3 tin." toa="null" sc_toa="null" service_center="null" read="1" status="0" locked="0" date_sent="0" readable_date="20-10-2015 18:03:20" contact_name="Chi H. v. b" />
  <sms protocol="0" address="0964386982" date="1445339015620" type="2" subject="null" body="Tin 3: lo:63,90x50d..xi2:63,90*10d." toa="null" sc_toa="null" service_center="null" read="1" status="0" locked="0" date_sent="0" readable_date="20-10-2015 18:03:35" contact_name="A Duc" />
  <sms protocol="0" address="+841677281854" date="1445339040357" type="1" subject="null" body="Nhan 4 tin.so tin cuoi:4." toa="null" sc_toa="null" service_center="null" read="1" status="-1" locked="0" date_sent="0" readable_date="20-10-2015 18:04:00" contact_name="(Unknown)" />
  <sms protocol="0" address="+84964386982" date="1445339053055" type="1" subject="null" body="bac gui cho em 3 tin" toa="null" sc_toa="null" service_center="null" read="1" status="-1" locked="0" date_sent="0" readable_date="20-10-2015 18:04:13" contact_name="A Duc" />
  <sms protocol="0" address="+841632029067" date="1445339074979" type="1" subject="null" body="Ho anh kep bang 180 nghin duoi 9 nhan 240 nghin 20 58 11 00 22 77 10  89 88 99 nhan 60 nghin" toa="null" sc_toa="null" service_center="null" read="1" status="-1" locked="0" date_sent="0" readable_date="20-10-2015 18:04:34" contact_name="(Unknown)" />
  <sms protocol="0" address="01632029067" date="1445339084622" type="2" subject="null" body="Nhan 1 tin." toa="null" sc_toa="null" service_center="null" read="1" status="0" locked="0" date_sent="0" readable_date="20-10-2015 18:04:44" contact_name="(Unknown)" />
  <sms protocol="0" address="01632029067" date="1445339086119" type="2" subject="null" body="Nhan 1 tin." toa="null" sc_toa="null" service_center="null" read="1" status="0" locked="0" date_sent="0" readable_date="20-10-2015 18:04:46" contact_name="(Unknown)" />
  <sms protocol="0" address="+841685897838" date="1445339105812" type="1" subject="null" body="Xien 84.49.35 x5d.45.48.55x5d..de 60.66.11x200n.161 x50n.55 x100n.day 02.51 x100n." toa="null" sc_toa="null" service_center="null" read="1" status="-1" locked="0" date_sent="0" readable_date="20-10-2015 18:05:05" contact_name="Chi H. v. b" />
  <sms protocol="0" address="0964386982" date="1445339108619" type="2" subject="null" body="Tin 4: De:99x480n.89x290n.00,09,11,22,29,39,49,77,88x240n.19,59,69,79x230n.33,44,55x180n.63x100n." toa="null" sc_toa="null" service_center="null" read="1" status="0" locked="0" date_sent="0" readable_date="20-10-2015 18:05:08" contact_name="A Duc" />
  <sms protocol="0" address="01685897838" date="1445339116121" type="2" subject="null" body="Nhan 4 tin." toa="null" sc_toa="null" service_center="null" read="1" status="0" locked="0" date_sent="0" readable_date="20-10-2015 18:05:16" contact_name="Chi H. v. b" />
  <sms protocol="0" address="01677281854" date="1445339132624" type="2" subject="null" body="Tin 5: De:66x380n.60x290n.11x200n.20x160n.10x150n.02,55,65,75x100n.01,06,07,15,25,51,52,56,57,70x90n.16,58,61x50n." toa="null" sc_toa="null" service_center="null" read="1" status="0" locked="0" date_sent="0" readable_date="20-10-2015 18:05:32" contact_name="(Unknown)" />
  <sms protocol="0" address="0983650782" date="1445339149126" type="2" subject="null" body="Tin 7: xi3:35,49,84*5d.,xi3:45,48,55*5d." toa="null" sc_toa="null" service_center="null" read="1" status="0" locked="0" date_sent="0" readable_date="20-10-2015 18:05:49" contact_name="A T 782 Lv" />
  <sms protocol="0" address="+84964386982" date="1445339154239" type="1" subject="null" body="bac gui cho em 4 tin" toa="null" sc_toa="null" service_center="null" read="1" status="-1" locked="0" date_sent="0" readable_date="20-10-2015 18:05:54" contact_name="A Duc" />
  <sms protocol="0" address="0983650782" date="1445339176421" type="2" subject="null" body="Tin 6: Ba cang:666,766,866x50n." toa="null" sc_toa="null" service_center="null" read="1" status="0" locked="0" date_sent="0" readable_date="20-10-2015 18:06:16" contact_name="A T 782 Lv" />
  <sms protocol="0" address="+84973836212" date="1445339180107" type="1" subject="null" body="T1 lô 74x20 Đề .00.02.05.06.15.24.25.26.42.44.46.48.52.55.56.60.64.65.66.82.84.88.94.95.96.98. Mỗi con 30k.&#10;Xiên 12.43.88....50k&#10;Đề 36..60k .&#10;Lô 38.41.18x 10đ.&#10;74.x50đ." toa="null" sc_toa="null" service_center="+84980200613" read="1" status="-1" locked="0" date_sent="1445339176000" readable_date="20-10-2015 18:06:20" contact_name="Tien Em" />
  <sms protocol="0" address="+84983650782" date="1445339189381" type="1" subject="null" body="Em gui cho Anh 6 tinThieu tin:6" toa="null" sc_toa="null" service_center="+84980200613" read="1" status="-1" locked="0" date_sent="1445339187000" readable_date="20-10-2015 18:06:29" contact_name="A T 782 Lv" />
  <sms protocol="0" address="+84983650782" date="1445339207008" type="2" subject="null" body="Tin 6: Ba cang:666,766,866x50n." toa="null" sc_toa="null" service_center="null" read="1" status="0" locked="0" date_sent="0" readable_date="20-10-2015 18:06:47" contact_name="A T 782 Lv" />
  <sms protocol="0" address="+84983650782" date="1445339219595" type="1" subject="null" body="Em gui cho Anh 7 tin" toa="null" sc_toa="null" service_center="null" read="1" status="-1" locked="0" date_sent="0" readable_date="20-10-2015 18:06:59" contact_name="A T 782 Lv" />
  <sms protocol="0" address="0973836212" date="1445339228623" type="2" subject="null" body="Nhan 1 tin.so tin cuoi:1." toa="null" sc_toa="null" service_center="null" read="1" status="0" locked="0" date_sent="0" readable_date="20-10-2015 18:07:08" contact_name="Tien Em" />
  <sms protocol="0" address="+841677281854" date="1445339245237" type="1" subject="null" body="Nhan 5 tin.so tin cuoi:5." toa="null" sc_toa="null" service_center="null" read="1" status="-1" locked="0" date_sent="0" readable_date="20-10-2015 18:07:25" contact_name="(Unknown)" />
  <sms protocol="0" address="0983650782" date="1445339267620" type="2" subject="null" body="Tin 8: lo:74x20d.18,38,41x10d..xi3:12,43,88*5d." toa="null" sc_toa="null" service_center="null" read="1" status="0" locked="0" date_sent="0" readable_date="20-10-2015 18:07:47" contact_name="A T 782 Lv" />
  <sms protocol="0" address="01677281854" date="1445339284124" type="2" subject="null" body="Tin 6: lo:74x50d." toa="null" sc_toa="null" service_center="null" read="1" status="0" locked="0" date_sent="0" readable_date="20-10-2015 18:08:04" contact_name="(Unknown)" />
  <sms protocol="0" address="+841685897838" date="1445339323051" type="1" subject="null" body="Xien 46 74 62 x 10d  84  85 29 74  x10d xien11 33 85 x 10d.  15 11 85 17 x 10d.  27 41 30 x20d  74 84 x20d.  he 44 x 300 n tong 2 x 100  959  25. 09 84 66 77 88 99 949 838 04 01 05 212262 252 696 686 646 616x50. 565 .88.858.080.060.66x200." toa="null" sc_toa="null" service_center="null" read="1" status="-1" locked="0" date_sent="0" readable_date="20-10-2015 18:08:43" contact_name="Chi H. v. b" />
  <sms protocol="0" address="+841677281854" date="1445339335278" type="1" subject="null" body="Nhan 6 tin.so tin cuoi:6." toa="null" sc_toa="null" service_center="null" read="1" status="-1" locked="0" date_sent="0" readable_date="20-10-2015 18:08:55" contact_name="(Unknown)" />
  <sms protocol="0" address="+84977655973" date="1445339339877" type="1" subject="null" body="Lo 11x30d dau 2x55n 21x150n 28x50n 959 969 848 62 12 979x 10n" toa="null" sc_toa="null" service_center="null" read="1" status="-1" locked="0" date_sent="0" readable_date="20-10-2015 18:08:59" contact_name="A Su Cong Tinh Uy" />
  <sms protocol="0" address="01685897838" date="1445339353121" type="2" subject="null" body="Nhan 5 tin." toa="null" sc_toa="null" service_center="null" read="1" status="0" locked="0" date_sent="0" readable_date="20-10-2015 18:09:13" contact_name="Chi H. v. b" />
  <sms protocol="0" address="01632029067" date="1445339371120" type="2" subject="null" body="Chị gui cho EM 1 tin" toa="null" sc_toa="null" service_center="null" read="1" status="0" locked="0" date_sent="0" readable_date="20-10-2015 18:09:31" contact_name="(Unknown)" />
  <sms protocol="0" address="01685897838" date="1445339372624" type="2" subject="null" body="chi gui cho EM 5 tin" toa="null" sc_toa="null" service_center="null" read="1" status="0" locked="0" date_sent="0" readable_date="20-10-2015 18:09:32" contact_name="Chi H. v. b" />
  <sms protocol="0" address="0968193922" date="1445339374121" type="2" subject="null" body="chị gui cho EM 2 tin" toa="null" sc_toa="null" service_center="null" read="1" status="0" locked="0" date_sent="0" readable_date="20-10-2015 18:09:34" contact_name="(Unknown)" />
  <sms protocol="0" address="0973836212" date="1445339375624" type="2" subject="null" body="may gui cho tao 1 tin" toa="null" sc_toa="null" service_center="null" read="1" status="32" locked="0" date_sent="0" readable_date="20-10-2015 18:09:35" contact_name="Tien Em" />
  <sms protocol="0" address="0974282195" date="1445339377142" type="2" subject="null" body="BAC gui cho EM 1 tin" toa="null" sc_toa="null" service_center="null" read="1" status="32" locked="0" date_sent="0" readable_date="20-10-2015 18:09:37" contact_name="(Unknown)" />
  <sms protocol="0" address="0977655973" date="1445339378652" type="2" subject="null" body="BAC gui cho EM 1 tin" toa="null" sc_toa="null" service_center="null" read="1" status="32" locked="0" date_sent="0" readable_date="20-10-2015 18:09:38" contact_name="A Su Cong Tinh Uy" />
  <sms protocol="0" address="0979399373" date="1445339380120" type="2" subject="null" body="Anh gui cho EM 2 tin" toa="null" sc_toa="null" service_center="null" read="1" status="0" locked="0" date_sent="0" readable_date="20-10-2015 18:09:40" contact_name="A Tung Thuy?" />
  <sms protocol="0" address="0983099345" date="1445339381621" type="2" subject="null" body="Ban gui cho toi 6 tin" toa="null" sc_toa="null" service_center="null" read="1" status="0" locked="0" date_sent="0" readable_date="20-10-2015 18:09:41" contact_name="Viet Bo" />
  <sms protocol="0" address="0983650782" date="1445339392119" type="2" subject="null" body="Tin 9: lo:11x15d..xi3:27,30,41*20d.,xi2:74,84*20d.xi4:11,15,17,85*10d.,xi3:11,33,85*10d.,xi4:29,74,84,85*10d.,xi3:46,62,74*10d." toa="null" sc_toa="null" service_center="null" read="1" status="0" locked="0" date_sent="0" readable_date="20-10-2015 18:09:52" contact_name="A T 782 Lv" />
  <sms protocol="0" address="01677281854" date="1445339404122" type="2" subject="null" body="Tin 7: lo:11x15d." toa="null" sc_toa="null" service_center="null" read="1" status="32" locked="0" date_sent="0" readable_date="20-10-2015 18:10:04" contact_name="(Unknown)" />
  <sms protocol="0" address="+84983650782" date="1445339425430" type="1" subject="null" body="Em gui cho Anh 9 tin" toa="null" sc_toa="null" service_center="null" read="1" status="-1" locked="0" date_sent="0" readable_date="20-10-2015 18:10:25" contact_name="A T 782 Lv" />
  <sms protocol="0" address="+841685897838" date="1445339432528" type="1" subject="null" body="Xien 84 15 88 x10n x 15 66  11 x 10 n xien 39 09 84 x 10 n  xien 49   39 09 x 10 n de tong 2 -3 x 5 n  37  44 66  95  99  949 676 212   46   27 x   10 n   lo 74 66 x5d " toa="null" sc_toa="null" service_center="null" read="1" status="-1" locked="0" date_sent="0" readable_date="20-10-2015 18:10:32" contact_name="Chi H. v. b" />
  <sms protocol="0" address="01685897838" date="1445339452121" type="2" subject="null" body="Nhan 6 tin." toa="null" sc_toa="null" service_center="null" read="1" status="0" locked="0" date_sent="0" readable_date="20-10-2015 18:10:52" contact_name="Chi H. v. b" />
  <sms protocol="0" address="0983650782" date="1445339462622" type="2" subject="null" body="Tin 10: lo:66x5d..xi3:09,39,49*1d.,xi3:09,39,84*1d.,xi3:11,15,66*1d.,xi3:15,84,88*1d." toa="null" sc_toa="null" service_center="null" read="1" status="32" locked="0" date_sent="0" readable_date="20-10-2015 18:11:02" contact_name="A T 782 Lv" />
  <sms protocol="0" address="01677281854" date="1445339477620" type="2" subject="null" body="Tin 8: lo:74x5d." toa="null" sc_toa="null" service_center="null" read="1" status="0" locked="0" date_sent="0" readable_date="20-10-2015 18:11:17" contact_name="(Unknown)" />
  <sms protocol="0" address="01677281854" date="1445339515121" type="2" subject="null" body="Tin9: de:66,94x195n.49x165n.99x360n.44x140n.88x180n.21x170n.06,56,60,65x130n.58x105n.85x195n.08,80x190n.25,84x185n.20x160n.02,48x135n.11,22,28,39,57,75x105n.95x100n.93x95n.96x90n.26x85n.05,46,52x80n.24x75n.64x70n.27x65n.59,62,69x60n.23,29x55n.01,09,16,36,38,61,77,83x50n.04,68,86x40n." toa="null" sc_toa="null" service_center="null" read="1" status="0" locked="0" date_sent="0" readable_date="20-10-2015 18:11:55" contact_name="(Unknown)" />
  <sms protocol="0" address="0983650782" date="1445339545129" type="2" subject="null" body="Tin11: de:44,49,66,94x210n.06,21,56,58,60,65,88x110n.00,15,55,82x40n." toa="null" sc_toa="null" service_center="null" read="1" status="0" locked="0" date_sent="0" readable_date="20-10-2015 18:12:25" contact_name="A T 782 Lv" />
  <sms protocol="0" address="01677281854" date="1445339578120" type="2" subject="null" body="Tin 10: De:12x35n.42,98x30n.67,76x25n.37,79x20n.01,02,04,05,07,08,09,10,11,14,16,17,19,20,22,23,24,25,26,27,28,29,32,33,35,36,38,39,46,48,50,51,52,57,59,61,62,63,64,68,69,70,71,72,73,75,77,78,80,83,84,85,86,87,89,93,95,96,97,99x10n.03,30x5n." toa="null" sc_toa="null" service_center="null" read="1" status="0" locked="0" date_sent="0" readable_date="20-10-2015 18:12:58" contact_name="(Unknown)" />
  <sms protocol="0" address="+841677281854" date="1445339587648" type="1" subject="null" body="Nhan 8 tin.so tin cuoi:8." toa="null" sc_toa="null" service_center="null" read="1" status="-1" locked="0" date_sent="0" readable_date="20-10-2015 18:13:07" contact_name="(Unknown)" />
  <sms protocol="0" address="+841677281854" date="1445339654200" type="1" subject="null" body="Nhan 9 tin.so tin cuoi:9." toa="null" sc_toa="null" service_center="null" read="1" status="-1" locked="0" date_sent="0" readable_date="20-10-2015 18:14:14" contact_name="(Unknown)" />
  <sms protocol="0" address="0979399373" date="1445339662120" type="2" subject="null" body="Nhan 2 tin.. HET LO" toa="null" sc_toa="null" service_center="null" read="1" status="32" locked="0" date_sent="0" readable_date="20-10-2015 18:14:22" contact_name="A Tung Thuy?" />
  <sms protocol="0" address="0974282195" date="1445339663618" type="2" subject="null" body="Nhan 1 tin.. HET LO" toa="null" sc_toa="null" service_center="null" read="1" status="32" locked="0" date_sent="0" readable_date="20-10-2015 18:14:23" contact_name="(Unknown)" />
  <sms protocol="0" address="0983099345" date="1445339665117" type="2" subject="null" body="Nhan 6 tin.. HET LO" toa="null" sc_toa="null" service_center="null" read="1" status="0" locked="0" date_sent="0" readable_date="20-10-2015 18:14:25" contact_name="Viet Bo" />
  <sms protocol="0" address="0968193922" date="1445339666619" type="2" subject="null" body="Nhan 2 tin.. HET LO" toa="null" sc_toa="null" service_center="null" read="1" status="0" locked="0" date_sent="0" readable_date="20-10-2015 18:14:26" contact_name="(Unknown)" />
  <sms protocol="0" address="01685897838" date="1445339668137" type="2" subject="null" body="Nhan 6 tin.. HET LO" toa="null" sc_toa="null" service_center="null" read="1" status="32" locked="0" date_sent="0" readable_date="20-10-2015 18:14:28" contact_name="Chi H. v. b" />
  <sms protocol="0" address="01632029067" date="1445339669619" type="2" subject="null" body="Nhan 1 tin.. HET LO" toa="null" sc_toa="null" service_center="null" read="1" status="32" locked="0" date_sent="0" readable_date="20-10-2015 18:14:29" contact_name="(Unknown)" />
  <sms protocol="0" address="0973836212" date="1445339671121" type="2" subject="null" body="Nhan 1 tin.so tin cuoi:1.. HET LO" toa="null" sc_toa="null" service_center="null" read="1" status="0" locked="0" date_sent="0" readable_date="20-10-2015 18:14:31" contact_name="Tien Em" />
  <sms protocol="0" address="0977655973" date="1445339672626" type="2" subject="null" body="Nhan 1 tin.. HET LO" toa="null" sc_toa="null" service_center="null" read="1" status="0" locked="0" date_sent="0" readable_date="20-10-2015 18:14:32" contact_name="A Su Cong Tinh Uy" />
  <sms protocol="0" address="+84983650782" date="1445339708029" type="1" subject="null" body="Em gui cho Anh 11 tin" toa="null" sc_toa="null" service_center="null" read="1" status="-1" locked="0" date_sent="0" readable_date="20-10-2015 18:15:08" contact_name="A T 782 Lv" />
  <sms protocol="0" address="+841685897838" date="1445339831448" type="1" subject="null" body="Ba.cang.262.035.038.027.156.165.149.325.188.187.378.x200n" toa="null" sc_toa="null" service_center="null" read="1" status="-1" locked="0" date_sent="0" readable_date="20-10-2015 18:17:11" contact_name="Chi H. v. b" />
  <sms protocol="0" address="01685897838" date="1445339837619" type="2" subject="null" body="Nhan 7 tin." toa="null" sc_toa="null" service_center="null" read="1" status="0" locked="0" date_sent="0" readable_date="20-10-2015 18:17:17" contact_name="Chi H. v. b" />
  <sms protocol="0" address="01685897838" date="1445339839127" type="2" subject="null" body="Nhan 7 tin." toa="null" sc_toa="null" service_center="null" read="1" status="0" locked="0" date_sent="0" readable_date="20-10-2015 18:17:19" contact_name="Chi H. v. b" />
  <sms protocol="0" address="0983650782" date="1445339852620" type="2" subject="null" body="Tin 12: Ba cang:027,035,038,149,156,165,187,188,262,325,378x200n." toa="null" sc_toa="null" service_center="null" read="1" status="0" locked="0" date_sent="0" readable_date="20-10-2015 18:17:32" contact_name="A T 782 Lv" />
  <sms protocol="0" address="+84983650782" date="1445340014964" type="1" subject="null" body="Em gui cho Anh 12 tin" toa="null" sc_toa="null" service_center="null" read="1" status="-1" locked="0" date_sent="0" readable_date="20-10-2015 18:20:14" contact_name="A T 782 Lv" />
  <sms protocol="0" address="0979399373" date="1445340127122" type="2" subject="null" body="Nhan 2 tin.. HET DE" toa="null" sc_toa="null" service_center="null" read="1" status="32" locked="0" date_sent="0" readable_date="20-10-2015 18:22:07" contact_name="A Tung Thuy?" />
  <sms protocol="0" address="0974282195" date="1445340128622" type="2" subject="null" body="Nhan 1 tin.. HET DE" toa="null" sc_toa="null" service_center="null" read="1" status="0" locked="0" date_sent="0" readable_date="20-10-2015 18:22:08" contact_name="(Unknown)" />
  <sms protocol="0" address="0983099345" date="1445340130124" type="2" subject="null" body="Nhan 6 tin.. HET DE" toa="null" sc_toa="null" service_center="null" read="1" status="0" locked="0" date_sent="0" readable_date="20-10-2015 18:22:10" contact_name="Viet Bo" />
  <sms protocol="0" address="0968193922" date="1445340131619" type="2" subject="null" body="Nhan 2 tin.. HET DE" toa="null" sc_toa="null" service_center="null" read="1" status="32" locked="0" date_sent="0" readable_date="20-10-2015 18:22:11" contact_name="(Unknown)" />
  <sms protocol="0" address="01685897838" date="1445340133124" type="2" subject="null" body="Nhan 7 tin.. HET DE" toa="null" sc_toa="null" service_center="null" read="1" status="0" locked="0" date_sent="0" readable_date="20-10-2015 18:22:13" contact_name="Chi H. v. b" />
  <sms protocol="0" address="01632029067" date="1445340134622" type="2" subject="null" body="Nhan 1 tin.. HET DE" toa="null" sc_toa="null" service_center="null" read="1" status="32" locked="0" date_sent="0" readable_date="20-10-2015 18:22:14" contact_name="(Unknown)" />
  <sms protocol="0" address="0973836212" date="1445340136129" type="2" subject="null" body="Nhan 1 tin.so tin cuoi:1.. HET DE" toa="null" sc_toa="null" service_center="null" read="1" status="0" locked="0" date_sent="0" readable_date="20-10-2015 18:22:16" contact_name="Tien Em" />
  <sms protocol="0" address="0977655973" date="1445340137618" type="2" subject="null" body="Nhan 1 tin.. HET DE" toa="null" sc_toa="null" service_center="null" read="1" status="32" locked="0" date_sent="0" readable_date="20-10-2015 18:22:17" contact_name="A Su Cong Tinh Uy" />
  <sms protocol="0" address="+841677281854" date="1445340173032" type="1" subject="null" body="chau gui cho co 9 tin" toa="null" sc_toa="null" service_center="null" read="1" status="-1" locked="0" date_sent="0" readable_date="20-10-2015 18:22:53" contact_name="(Unknown)" />
  <sms protocol="0" address="0983650782" date="1445340358119" type="2" subject="null" body="Ngay:20/10/2015&#13;&#10;em chuyen cho anh&#13;&#10;De:1770,0=1269,1n&#13;&#10;Lo:495,0=10741,5n&#13;&#10;3Cang:2550,0=1683,0n&#13;&#10;Xien:175,0=1050,0n&#13;&#10;Thuong lo:40,0=3200,0n&#13;&#10;em bu cho anh:11543,6n&#13;&#10;" toa="null" sc_toa="null" service_center="null" read="1" status="32" locked="0" date_sent="0" readable_date="20-10-2015 18:25:58" contact_name="A T 782 Lv" />
  <sms protocol="0" address="01677281854" date="1445340362620" type="2" subject="null" body="Ngay:20/10/2015&#13;&#10;chau chuyen cho co&#13;&#10;De:12050,0=8676,0n&#13;&#10;Lo:140,0=3038,0n&#13;&#10;chau bu cho co:11714,0n&#13;&#10;" toa="null" sc_toa="null" service_center="null" read="1" status="32" locked="0" date_sent="0" readable_date="20-10-2015 18:26:02" contact_name="(Unknown)" />
  <sms protocol="0" address="0968193922" date="1445340365627" type="2" subject="null" body="Ngay:20/10/2015&#13;&#10;chị chuyen cho EM&#13;&#10;Xien:67,0=455,6n&#13;&#10;chị bu cho EM:455,6n&#13;&#10;" toa="null" sc_toa="null" service_center="null" read="1" status="0" locked="0" date_sent="0" readable_date="20-10-2015 18:26:05" contact_name="(Unknown)" />
  <sms protocol="0" address="0983099345" date="1445340373130" type="2" subject="null" body="Ngay:20/10/2015&#13;&#10;Ban chuyen cho toi&#13;&#10;De:3010,0=2197,3n&#13;&#10;Lo:425,0=9265,0n&#13;&#10;3Cang:500,0=345,0n&#13;&#10;Th lo:40,0=3200,0n&#13;&#10;Ban bu cho toi:8607,3n&#13;&#10;" toa="null" sc_toa="null" service_center="null" read="1" status="0" locked="0" date_sent="0" readable_date="20-10-2015 18:26:13" contact_name="Viet Bo" />
  <sms protocol="0" address="0979399373" date="1445340376120" type="2" subject="null" body="Ngay:20/10/2015&#13;&#10;Anh chuyen cho EM&#13;&#10;De:70,0=52,5n&#13;&#10;Lo:40,0=880,0n&#13;&#10;Anh bu cho EM:932,5n&#13;&#10;" toa="null" sc_toa="null" service_center="null" read="1" status="32" locked="0" date_sent="0" readable_date="20-10-2015 18:26:16" contact_name="A Tung Thuy?" />
  <sms protocol="0" address="0977655973" date="1445340380624" type="2" subject="null" body="Ngay:20/10/2015&#13;&#10;BAC chuyen cho EM&#13;&#10;De:850,0=680,0n&#13;&#10;Lo:30,0=675,0n&#13;&#10;BAC bu cho EM:1355,0n&#13;&#10;" toa="null" sc_toa="null" service_center="null" read="1" status="32" locked="0" date_sent="0" readable_date="20-10-2015 18:26:20" contact_name="A Su Cong Tinh Uy" />
  <sms protocol="0" address="01685897838" date="1445340385129" type="2" subject="null" body="Ngay:20/10/2015&#13;&#10;chi chuyen cho EM&#13;&#10;De:9900,0=7128,0n&#13;&#10;Lo:140,0=3045,0n&#13;&#10;3Cang:2350,0=1621,5n&#13;&#10;Xien:113,0=734,5n&#13;&#10;chi bu cho EM:12529,0n&#13;&#10;" toa="null" sc_toa="null" service_center="null" read="1" status="0" locked="0" date_sent="0" readable_date="20-10-2015 18:26:25" contact_name="Chi H. v. b" />
  <sms protocol="0" address="0964386982" date="1445340389626" type="2" subject="null" body="Ngay:20/10/2015&#13;&#10;em chuyen cho anh&#13;&#10;De:5670,0=4054,0n&#13;&#10;Lo:100,0=2170,0n&#13;&#10;3Cang:300,0=216,0n&#13;&#10;Xien:10,0=75,0n&#13;&#10;em bu cho anh:6515,0n&#13;&#10;" toa="null" sc_toa="null" service_center="null" read="1" status="32" locked="0" date_sent="0" readable_date="20-10-2015 18:26:29" contact_name="A Duc" />
  <sms protocol="0" address="01632029067" date="1445340394120" type="2" subject="null" body="Ngay:20/10/2015&#13;&#10;Chị chuyen cho EM&#13;&#10;De:4800,0=3456,0n&#13;&#10;Chị bu cho EM:3456,0n&#13;&#10;" toa="null" sc_toa="null" service_center="null" read="1" status="0" locked="0" date_sent="0" readable_date="20-10-2015 18:26:34" contact_name="(Unknown)" />
  <sms protocol="0" address="0973836212" date="1445340398624" type="2" subject="null" body="Ngay:20/10/2015&#13;&#10;may chuyen cho tao&#13;&#10;De:840,0=630,0n&#13;&#10;Lo:100,0=2190,0n&#13;&#10;Xien:5,0=35,0n&#13;&#10;may bu cho tao:2855,0n&#13;&#10;" toa="null" sc_toa="null" service_center="null" read="1" status="0" locked="0" date_sent="0" readable_date="20-10-2015 18:26:38" contact_name="Tien Em" />
  <sms protocol="0" address="01685897838" date="1445340445121" type="2" subject="null" body="Ngay:20/10/2015&#13;&#10;chi chuyen cho EM&#13;&#10;De:9900,0=7128,0n&#13;&#10;Lo:140,0=3045,0n&#13;&#10;3Cang:2350,0=1668,5n&#13;&#10;Xien:113,0=757,1n&#13;&#10;chi bu cho EM:12598,6n&#13;&#10;" toa="null" sc_toa="null" service_center="null" read="1" status="0" locked="0" date_sent="0" readable_date="20-10-2015 18:27:25" contact_name="Chi H. v. b" />
  <sms protocol="0" address="+84983650782" date="1445340450382" type="1" subject="null" body="Ngay:20/10/2015&#10;Em chuyen cho Anh&#10;De:1770,0=1269,1n&#10;Lo:495,0=10741,5n&#10;3Cang:2550,0=1683,0n&#10;Xien:175,0=1050,0n&#10;Th lo:40,0=3200,0n&#10;Em bu cho Anh:11543,6n&#10;" toa="null" sc_toa="null" service_center="null" read="1" status="-1" locked="0" date_sent="0" readable_date="20-10-2015 18:27:30" contact_name="A T 782 Lv" />
  <sms protocol="0" address="+84983650782" date="1445340499647" type="1" subject="null" body="Tinh den het ngay:19/10/15 Anh bu 10906n&#10;Ngay:20/10/15 Em-11543n &#10;Tong cong: Anh thu 637" toa="null" sc_toa="null" service_center="null" read="1" status="-1" locked="0" date_sent="0" readable_date="20-10-2015 18:28:19" contact_name="A T 782 Lv" />
  <sms protocol="0" address="+84983099345" date="1445340764411" type="2" subject="null" body="Ngay:20/10/2015&#13;&#10;chi chuyen cho EM&#13;&#10;De:9900,0=7128,0n&#13;&#10;Lo:140,0=3045,0n&#13;&#10;3Cang:2350,0=1668,5n&#13;&#10;Xien:113,0=757,1n&#13;&#10;chi bu cho EM:12598,6n&#13;&#10;T thu 12529" toa="null" sc_toa="null" service_center="null" read="1" status="0" locked="0" date_sent="0" readable_date="20-10-2015 18:32:44" contact_name="Viet Bo" />
  <sms protocol="0" address="01632029067" date="1445340819113" type="2" subject="null" body="Tinh den het ngay:19/10/15 EM thu 2693n&#13;&#10;Ngay:20/10/15 Chị-455n -3455n &#13;&#10;Tong cong: EM thu 6603" toa="null" sc_toa="null" service_center="null" read="1" status="0" locked="0" date_sent="0" readable_date="20-10-2015 18:33:39" contact_name="(Unknown)" />
  <sms protocol="0" address="01677281854" date="1445340869615" type="2" subject="null" body="Tinh den het ngay:19/10/15 chau thu 851n&#13;&#10;Ngay:20/10/15 co+11714n &#13;&#10;Tong cong: chau bu 10863" toa="null" sc_toa="null" service_center="null" read="1" status="0" locked="0" date_sent="0" readable_date="20-10-2015 18:34:29" contact_name="(Unknown)" />
  <sms protocol="0" address="0973836212" date="1445340876478" type="2" subject="null" body="Tinh den het ngay:19/10/15 tao bu 2327n&#13;&#10;Ngay:20/10/15 may+1000n -5100n -2855n &#13;&#10;Tong cong: tao thu 4628" toa="null" sc_toa="null" service_center="null" read="1" status="32" locked="0" date_sent="0" readable_date="20-10-2015 18:34:36" contact_name="Tien Em" />
  <sms protocol="0" address="0977655973" date="1445340881937" type="2" subject="null" body="Tinh den het ngay:19/10/15 EM thu 5687n&#13;&#10;Ngay:20/10/15 BAC-1355n +1000n &#13;&#10;Tong cong: EM thu 6042" toa="null" sc_toa="null" service_center="null" read="1" status="32" locked="0" date_sent="0" readable_date="20-10-2015 18:34:41" contact_name="A Su Cong Tinh Uy" />
  <sms protocol="0" address="+84964386982" date="1445340885422" type="1" subject="null" body="bac gui cho em 4 tin" toa="null" sc_toa="null" service_center="+84980200605" read="1" status="-1" locked="0" date_sent="1445340883000" readable_date="20-10-2015 18:34:45" contact_name="A Duc" />
  <sms protocol="0" address="0979399373" date="1445340891815" type="2" subject="null" body="Tinh den het ngay:19/10/15 EM thu 825n&#13;&#10;Ngay:20/10/15 Anh-932n &#13;&#10;Tong cong: EM thu 1757" toa="null" sc_toa="null" service_center="null" read="1" status="32" locked="0" date_sent="0" readable_date="20-10-2015 18:34:51" contact_name="A Tung Thuy?" />
  <sms protocol="0" address="0983650782" date="1445340899429" type="2" subject="null" body="Tinh den het ngay:19/10/15 em thu 10906n&#13;&#10;Ngay:20/10/15 anh+11543n &#13;&#10;Tong cong: em bu 637" toa="null" sc_toa="null" service_center="null" read="1" status="32" locked="0" date_sent="0" readable_date="20-10-2015 18:34:59" contact_name="A T 782 Lv" />
  <sms protocol="0" address="+84964386982" date="1445340912469" type="1" subject="null" body="Ngay:20/10/2015&#10;bac chuyen cho em&#10;De:5670,0=4054,0n&#10;Lo:100,0=2170,0n&#10;3Cang:300,0=216,0n&#10;Xien:10,0=60,0n&#10;bac bu cho em:6500,0n&#10;" toa="null" sc_toa="null" service_center="null" read="1" status="-1" locked="0" date_sent="0" readable_date="20-10-2015 18:35:12" contact_name="A Duc" />
  <sms protocol="0" address="+841677281854" date="1445340929750" type="1" subject="null" body="Ngay:20/10/2015&#10;chau chuyen cho co&#10;De:11255,0=8103,6n&#10;Lo:140,0=3038,0n&#10;chau bu cho co:11141,6n&#10;" toa="null" sc_toa="null" service_center="null" read="1" status="-1" locked="0" date_sent="0" readable_date="20-10-2015 18:35:29" contact_name="(Unknown)" />
  <sms protocol="0" address="+84974282195" date="1445341222856" type="1" subject="null" body="De dan 49 x 150 nghin de he 02 x 250 nghin de 54,99,25,52,02,57 x 250 nghin de 20 x 2 trieu de 75 x 1 trieu lo 73 x 250 diem lo 89 x 135 diem" toa="null" sc_toa="null" service_center="null" read="1" status="-1" locked="0" date_sent="0" readable_date="20-10-2015 18:40:22" contact_name="(Unknown)" />
  <sms protocol="0" address="0974282195" date="1445341318121" type="2" subject="null" body="Ngay:20/10/2015&#13;&#10;BAC chuyen cho EM&#13;&#10;De:11920,0=8582,4n&#13;&#10;Lo:385,0=8354,5n&#13;&#10;Th de:150,0=10500,0n&#13;&#10;BAC bu cho EM:6436,9n&#13;&#10;" toa="null" sc_toa="null" service_center="null" read="1" status="0" locked="0" date_sent="0" readable_date="20-10-2015 18:41:58" contact_name="(Unknown)" />
  <sms protocol="0" address="0974282195" date="1445341337620" type="2" subject="null" body="Ngay:20/10/2015&#13;&#10;BAC chuyen cho EM&#13;&#10;De:11920,0=8582,4n&#13;&#10;Lo:385,0=8354,5n&#13;&#10;Th de:150,0=10500,0n&#13;&#10;BAC bu cho EM:6436,9n&#13;&#10;" toa="null" sc_toa="null" service_center="null" read="1" status="0" locked="0" date_sent="0" readable_date="20-10-2015 18:42:17" contact_name="(Unknown)" />
  <sms protocol="0" address="01677281854" date="1445353003129" type="2" subject="null" body="Ngay:20/10/2015&#13;&#10;chau chuyen cho co&#13;&#10;De:12050,0=8676,0n&#13;&#10;Lo:140,0=3038,0n&#13;&#10;chau bu cho co:11714,0n&#13;&#10;" toa="null" sc_toa="null" service_center="null" read="1" status="0" locked="0" date_sent="0" readable_date="20-10-2015 21:56:43" contact_name="(Unknown)" />
  <sms protocol="0" address="01685897838" date="1445353015119" type="2" subject="null" body="Ngay:20/10/2015&#13;&#10;chi chuyen cho EM&#13;&#10;De:9900,0=7128,0n&#13;&#10;Lo:140,0=3045,0n&#13;&#10;3Cang:2350,0=1668,5n&#13;&#10;Xien:113,0=757,1n&#13;&#10;Th lo:50,0=4000,0n&#13;&#10;chi bu cho EM:8598,6n&#13;&#10;" toa="null" sc_toa="null" service_center="null" read="1" status="0" locked="0" date_sent="0" readable_date="20-10-2015 21:56:55" contact_name="Chi H. v. b" />
  <sms protocol="0" address="0983099345" date="1445353200094" type="2" subject="null" body="Ngay:20/10/2015&#13;&#10;chi chuyen cho EM&#13;&#10;De:9900,0=7128,0n&#13;&#10;Lo:140,0=3045,0n&#13;&#10;3Cang:2350,0=1668,5n&#13;&#10;Xien:113,0=757,1n&#13;&#10;Th lo:50,0=4000,0n&#13;&#10;chi bu cho EM:8598,6n&#13;&#10;T thu c 8529" toa="null" sc_toa="null" service_center="null" read="1" status="32" locked="0" date_sent="0" readable_date="20-10-2015 22:00:00" contact_name="Viet Bo" />
  <sms protocol="0" address="0983099345" date="1445353289476" type="2" subject="null" body="Tinh den het ngay:19/10/15 toi thu 5262n&#13;&#10;Ngay:20/10/15 Ban-8607n -8529n &#13;&#10;Tong cong: toi thu 22398" toa="null" sc_toa="null" service_center="null" read="1" status="0" locked="0" date_sent="0" readable_date="20-10-2015 22:01:29" contact_name="Viet Bo" />
  <sms protocol="0" address="0964386982" date="1445353313625" type="2" subject="null" body="Ngay:20/10/2015&#13;&#10;em chuyen cho anh&#13;&#10;De:5670,0=4054,0n&#13;&#10;Lo:100,0=2170,0n&#13;&#10;3Cang:300,0=216,0n&#13;&#10;Xien:10,0=60,0n&#13;&#10;Thuong lo:50,0=4000,0n&#13;&#10;em bu cho anh:2500,0n&#13;&#10;" toa="null" sc_toa="null" service_center="null" read="1" status="32" locked="0" date_sent="0" readable_date="20-10-2015 22:01:53" contact_name="A Duc" />
  <sms protocol="0" address="01677281854" date="1445354020435" type="2" subject="null" body="Mai chau bu co 11141 + 286 = 11427" toa="null" sc_toa="null" service_center="null" read="1" status="32" locked="0" date_sent="0" readable_date="20-10-2015 22:13:40" contact_name="(Unknown)" />
</smses>