<?xml version='1.0' encoding='UTF-8' standalone='yes' ?>
<!--File Created By SMS Backup & Restore Pro v7.21 on 21/10/2015 18:46:50-->
<?xml-stylesheet type="text/xsl" href="sms.xsl"?>
<smses count="136">
  <sms protocol="0" address="+84968193922" date="1445423048940" type="1" subject="null" body="E nhan xien c voi.X2.73.19.=100 ;X2.43.20.=100 ; X4.52.68.19.43.=20." toa="null" sc_toa="null" service_center="null" read="1" status="-1" locked="0" date_sent="0" readable_date="21-10-2015 17:24:08" contact_name="(Unknown)" />
  <sms protocol="0" address="+84983099345" date="1445423236076" type="1" subject="null" body="lô . 04 66 82 11 10 52 94 36 x5d" toa="null" sc_toa="null" service_center="null" read="1" status="-1" locked="0" date_sent="0" readable_date="21-10-2015 17:27:16" contact_name="Viet Bo" />
  <sms protocol="0" address="0968193922" date="1445423368008" type="2" subject="null" body="Nhan 1 tin." toa="null" sc_toa="null" service_center="null" read="1" status="32" locked="0" date_sent="0" readable_date="21-10-2015 17:29:28" contact_name="(Unknown)" />
  <sms protocol="0" address="0983099345" date="1445423372507" type="2" subject="null" body="Nhan 1 tin." toa="null" sc_toa="null" service_center="null" read="1" status="0" locked="0" date_sent="0" readable_date="21-10-2015 17:29:32" contact_name="Viet Bo" />
  <sms protocol="0" address="+841685897838" date="1445424068814" type="1" subject="null" body=". Xien 26 90x10d. .xien 787x10d.de day 11.51.x100n.94x200n." toa="null" sc_toa="null" service_center="null" read="1" status="-1" locked="0" date_sent="0" readable_date="21-10-2015 17:41:08" contact_name="Chi H. v. b" />
  <sms protocol="0" address="+84983099345" date="1445424098708" type="1" subject="null" body="X4 05,00,48,89x 500n, x3 20,65,21x 1 triệu. Đề 43,20,21,12,35,22x200n. Đề 65,56x500n. 3c 565,656x250n. Lô  20,21,22,61,65,43,35x75đ" toa="null" sc_toa="null" service_center="null" read="1" status="-1" locked="0" date_sent="0" readable_date="21-10-2015 17:41:38" contact_name="Viet Bo" />
  <sms protocol="0" address="+84983099345" date="1445424113631" type="1" subject="null" body="090x5d" toa="null" sc_toa="null" service_center="null" read="1" status="-1" locked="0" date_sent="0" readable_date="21-10-2015 17:41:53" contact_name="Viet Bo" />
  <sms protocol="0" address="0983099345" date="1445424116507" type="2" subject="null" body="Nhan 2 tin." toa="null" sc_toa="null" service_center="null" read="1" status="0" locked="0" date_sent="0" readable_date="21-10-2015 17:41:56" contact_name="Viet Bo" />
  <sms protocol="0" address="01685897838" date="1445424118006" type="2" subject="null" body="Nhan 1 tin." toa="null" sc_toa="null" service_center="null" read="1" status="0" locked="0" date_sent="0" readable_date="21-10-2015 17:41:58" contact_name="Chi H. v. b" />
  <sms protocol="0" address="0983099345" date="1445424128500" type="2" subject="null" body="Nhan 3 tin." toa="null" sc_toa="null" service_center="null" read="1" status="0" locked="0" date_sent="0" readable_date="21-10-2015 17:42:08" contact_name="Viet Bo" />
  <sms protocol="0" address="+841685897838" date="1445424132694" type="1" subject="null" body="Xien 46 74 62 x 10d  84  85 29 74  x10d xien11 33 85 x 10d.  15 11 85 17 x 10d.  27 41 30 x20d  74 84 x20d.  he 44 x 500 n tong 2 x 100  959  25. 09 84 66 77 88 99 949 838 04 01 05 21.2262 252 696 686 646 616x50.  .88.858.393.080.060.66.11x100." toa="null" sc_toa="null" service_center="null" read="1" status="-1" locked="0" date_sent="0" readable_date="21-10-2015 17:42:12" contact_name="Chi H. v. b" />
  <sms protocol="0" address="01685897838" date="1445424163001" type="2" subject="null" body="Nhan 2 tin." toa="null" sc_toa="null" service_center="null" read="1" status="0" locked="0" date_sent="0" readable_date="21-10-2015 17:42:43" contact_name="Chi H. v. b" />
  <sms protocol="0" address="01677281854" date="1445424448007" type="2" subject="null" body="Tin 1: lo:20,21,22,35,43,61,65x35d" toa="null" sc_toa="null" service_center="null" read="1" status="0" locked="0" date_sent="0" readable_date="21-10-2015 17:47:28" contact_name="(Unknown)" />
  <sms protocol="0" address="0983650782" date="1445424479504" type="2" subject="null" body="Tin1: lo:20,21,22,35,43,61,65x30d.04,09,10,11,36,52,66,82,90,94x5d.xi4:19,43,52,68x2d.27,30,41x20d.74,84x20d.xi4:11,15,17,85x10d.11,33,85x10d.19,73x10d.20,43x10d.26,90x10d.xi4:29,74,84,85x10d.46,62,74x10d.78,87x10d.20,21,65x20d.xi4:00,05,48,89x20d" toa="null" sc_toa="null" service_center="null" read="1" status="0" locked="0" date_sent="0" readable_date="21-10-2015 17:47:59" contact_name="A T 782 Lv" />
  <sms protocol="0" address="0964386982" date="1445424500504" type="2" subject="null" body="Tin 1: lo:20,21,22,35,43,61,65x10d..xi4:00,05,48,89*30d.xi3:20,21,65*80d." toa="null" sc_toa="null" service_center="null" read="1" status="0" locked="0" date_sent="0" readable_date="21-10-2015 17:48:20" contact_name="A Duc" />
  <sms protocol="0" address="+841685897838" date="1445424510538" type="1" subject="null" body="Lo 070x10.de 070x20n." toa="null" sc_toa="null" service_center="null" read="1" status="-1" locked="0" date_sent="0" readable_date="21-10-2015 17:48:30" contact_name="Chi H. v. b" />
  <sms protocol="0" address="01685897838" date="1445424515509" type="2" subject="null" body="Nhan 3 tin." toa="null" sc_toa="null" service_center="null" read="1" status="0" locked="0" date_sent="0" readable_date="21-10-2015 17:48:35" contact_name="Chi H. v. b" />
  <sms protocol="0" address="01685897838" date="1445424517002" type="2" subject="null" body="Nhan 3 tin." toa="null" sc_toa="null" service_center="null" read="1" status="0" locked="0" date_sent="0" readable_date="21-10-2015 17:48:37" contact_name="Chi H. v. b" />
  <sms protocol="0" address="+841685897838" date="1445424532373" type="1" subject="null" body="De 686.575.797.78.67.59.56.08.23.24.64.35.01.26.34.66.02.x20n." toa="null" sc_toa="null" service_center="null" read="1" status="-1" locked="0" date_sent="0" readable_date="21-10-2015 17:48:52" contact_name="Chi H. v. b" />
  <sms protocol="0" address="01685897838" date="1445424536501" type="2" subject="null" body="Nhan 4 tin." toa="null" sc_toa="null" service_center="null" read="1" status="0" locked="0" date_sent="0" readable_date="21-10-2015 17:48:56" contact_name="Chi H. v. b" />
  <sms protocol="0" address="0983650782" date="1445424591950" type="2" subject="null" body="Tin 2: Ba cang:565,656x250n." toa="null" sc_toa="null" service_center="null" read="1" status="0" locked="0" date_sent="0" readable_date="21-10-2015 17:49:51" contact_name="A T 782 Lv" />
  <sms protocol="0" address="0964386982" date="1445424619002" type="2" subject="null" body="Tin 2: lo:07,70x10d." toa="null" sc_toa="null" service_center="null" read="1" status="0" locked="0" date_sent="0" readable_date="21-10-2015 17:50:19" contact_name="A Duc" />
  <sms protocol="0" address="0964386982" date="1445424646004" type="2" subject="null" body="Tin 3: De:94,56,65x500n.49,99x450n.44x400n.66x270n.11,20x200n.21,22x150n.35x120n.06,12,39,43,60,93x100n.01x70n.16,61,84,88x50n.02,08,57,75x20n." toa="null" sc_toa="null" service_center="null" read="1" status="0" locked="0" date_sent="0" readable_date="21-10-2015 17:50:46" contact_name="A Duc" />
  <sms protocol="0" address="01677281854" date="1445424659501" type="2" subject="null" body="Tin 2: De:94x250n.56x120n.01,02,06,08,10,11,12,15,16,20,21,22,25,35,39,43,44,48,49,51,57,58,60,61,65,66,75,80,84,85,88,93,99x100n.59,64,68,86x70n.04,05,09,38,46,52,62,69,77,83,95,96x50n.07,23,24,26,34,67,70,78,79,97x20n." toa="null" sc_toa="null" service_center="null" read="1" status="0" locked="0" date_sent="0" readable_date="21-10-2015 17:50:59" contact_name="(Unknown)" />
  <sms protocol="0" address="+841677281854" date="1445424687799" type="1" subject="null" body="Nhan 1 tin.so tin cuoi:1." toa="null" sc_toa="null" service_center="null" read="1" status="-1" locked="0" date_sent="0" readable_date="21-10-2015 17:51:27" contact_name="(Unknown)" />
  <sms protocol="0" address="+841685897838" date="1445424690258" type="1" subject="null" body="Lo 23. 24.26.12.79.78x40d " toa="null" sc_toa="null" service_center="null" read="1" status="-1" locked="0" date_sent="0" readable_date="21-10-2015 17:51:30" contact_name="Chi H. v. b" />
  <sms protocol="0" address="+841677281854" date="1445424692807" type="1" subject="null" body="Nhan 2 tin.so tin cuoi:2." toa="null" sc_toa="null" service_center="null" read="1" status="-1" locked="0" date_sent="0" readable_date="21-10-2015 17:51:32" contact_name="(Unknown)" />
  <sms protocol="0" address="01685897838" date="1445424701505" type="2" subject="null" body="Nhan 5 tin." toa="null" sc_toa="null" service_center="null" read="1" status="0" locked="0" date_sent="0" readable_date="21-10-2015 17:51:41" contact_name="Chi H. v. b" />
  <sms protocol="0" address="0983650782" date="1445424724005" type="2" subject="null" body="Tin 3: lo:12,23,24,26,78,79x40d." toa="null" sc_toa="null" service_center="null" read="1" status="0" locked="0" date_sent="0" readable_date="21-10-2015 17:52:04" contact_name="A T 782 Lv" />
  <sms protocol="0" address="+84983099345" date="1445424739668" type="1" subject="null" body="Đề 17,00,09,19x150n. Lô 17x75đ,00x50đ" toa="null" sc_toa="null" service_center="null" read="1" status="-1" locked="0" date_sent="0" readable_date="21-10-2015 17:52:19" contact_name="Viet Bo" />
  <sms protocol="0" address="0983099345" date="1445424745002" type="2" subject="null" body="Nhan 4 tin." toa="null" sc_toa="null" service_center="null" read="1" status="32" locked="0" date_sent="0" readable_date="21-10-2015 17:52:25" contact_name="Viet Bo" />
  <sms protocol="0" address="0983099345" date="1445424748002" type="2" subject="null" body="Nhan 4 tin." toa="null" sc_toa="null" service_center="null" read="1" status="32" locked="0" date_sent="0" readable_date="21-10-2015 17:52:28" contact_name="Viet Bo" />
  <sms protocol="0" address="+841685897838" date="1445424753057" type="1" subject="null" body="Ba cang.794.899.156.265.636.168.140.147.255.300.050.505.005.009.107.710.x100n " toa="null" sc_toa="null" service_center="null" read="1" status="-1" locked="0" date_sent="0" readable_date="21-10-2015 17:52:33" contact_name="Chi H. v. b" />
  <sms protocol="0" address="01685897838" date="1445424758506" type="2" subject="null" body="Nhan 6 tin." toa="null" sc_toa="null" service_center="null" read="1" status="0" locked="0" date_sent="0" readable_date="21-10-2015 17:52:38" contact_name="Chi H. v. b" />
  <sms protocol="0" address="0983650782" date="1445424778007" type="2" subject="null" body="Tin 4: Ba cang:005,009,050,107,140,147,156,168,255,265,300,505,636,710,794,899x100n." toa="null" sc_toa="null" service_center="null" read="1" status="0" locked="0" date_sent="0" readable_date="21-10-2015 17:52:58" contact_name="A T 782 Lv" />
  <sms protocol="0" address="01677281854" date="1445424806506" type="2" subject="null" body="Tin 3: lo:17x75d.00x50d." toa="null" sc_toa="null" service_center="null" read="1" status="0" locked="0" date_sent="0" readable_date="21-10-2015 17:53:26" contact_name="(Unknown)" />
  <sms protocol="0" address="+841677281854" date="1445424831756" type="1" subject="null" body="Nhan 3 tin.so tin cuoi:3." toa="null" sc_toa="null" service_center="null" read="1" status="-1" locked="0" date_sent="0" readable_date="21-10-2015 17:53:51" contact_name="(Unknown)" />
  <sms protocol="0" address="0983650782" date="1445424931002" type="2" subject="null" body="em gui cho anh 4 tin" toa="null" sc_toa="null" service_center="null" read="1" status="0" locked="0" date_sent="0" readable_date="21-10-2015 17:55:31" contact_name="A T 782 Lv" />
  <sms protocol="0" address="+84964386982" date="1445424988604" type="1" subject="null" body="bac gui cho em 3 tin" toa="null" sc_toa="null" service_center="null" read="1" status="-1" locked="0" date_sent="0" readable_date="21-10-2015 17:56:28" contact_name="A Duc" />
  <sms protocol="0" address="01677281854" date="1445425014048" type="2" subject="null" body="Tin 4: De:00,09,17,19x150n." toa="null" sc_toa="null" service_center="null" read="1" status="0" locked="0" date_sent="0" readable_date="21-10-2015 17:56:54" contact_name="(Unknown)" />
  <sms protocol="0" address="+84968193922" date="1445425060444" type="1" subject="null" body="Xien nua e. X2.94.63.=50." toa="null" sc_toa="null" service_center="+84980200605" read="1" status="-1" locked="0" date_sent="1445425059000" readable_date="21-10-2015 17:57:40" contact_name="(Unknown)" />
  <sms protocol="0" address="+841677281854" date="1445425075580" type="1" subject="null" body="Nhan 4 tin.so tin cuoi:4." toa="null" sc_toa="null" service_center="+84980200605" read="1" status="-1" locked="0" date_sent="1445425074000" readable_date="21-10-2015 17:57:55" contact_name="(Unknown)" />
  <sms protocol="0" address="0968193922" date="1445425091507" type="2" subject="null" body="Nhan 2 tin." toa="null" sc_toa="null" service_center="null" read="1" status="0" locked="0" date_sent="0" readable_date="21-10-2015 17:58:11" contact_name="(Unknown)" />
  <sms protocol="0" address="+84983099345" date="1445425114848" type="1" subject="null" body="Lô 75,57x.100đ. Đề đầu 2x100n" toa="null" sc_toa="null" service_center="null" read="1" status="-1" locked="0" date_sent="0" readable_date="21-10-2015 17:58:34" contact_name="Viet Bo" />
  <sms protocol="0" address="0983099345" date="1445425142502" type="2" subject="null" body="Nhan 5 tin." toa="null" sc_toa="null" service_center="null" read="1" status="0" locked="0" date_sent="0" readable_date="21-10-2015 17:59:02" contact_name="Viet Bo" />
  <sms protocol="0" address="01677281854" date="1445425157503" type="2" subject="null" body="Tin 5: lo:57,75x100d." toa="null" sc_toa="null" service_center="null" read="1" status="0" locked="0" date_sent="0" readable_date="21-10-2015 17:59:17" contact_name="(Unknown)" />
  <sms protocol="0" address="01677281854" date="1445425171002" type="2" subject="null" body="Tin 6: xi2:63,94*5d." toa="null" sc_toa="null" service_center="null" read="1" status="0" locked="0" date_sent="0" readable_date="21-10-2015 17:59:31" contact_name="(Unknown)" />
  <sms protocol="0" address="0964386982" date="1445425195013" type="2" subject="null" body="Tin 4: De:20,21,22,23,24,25,26,27,28,29x50n." toa="null" sc_toa="null" service_center="null" read="1" status="0" locked="0" date_sent="0" readable_date="21-10-2015 17:59:55" contact_name="A Duc" />
  <sms protocol="0" address="+841677281854" date="1445425206846" type="1" subject="null" body="Nhan 6 tin.so tin cuoi:6." toa="null" sc_toa="null" service_center="null" read="1" status="-1" locked="0" date_sent="0" readable_date="21-10-2015 18:00:06" contact_name="(Unknown)" />
  <sms protocol="0" address="01677281854" date="1445425207003" type="2" subject="null" body="Tin 7: De:20,21,22,23,24,25,26,27,28,29x50n." toa="null" sc_toa="null" service_center="null" read="1" status="32" locked="0" date_sent="0" readable_date="21-10-2015 18:00:07" contact_name="(Unknown)" />
  <sms protocol="0" address="+841685897838" date="1445425215871" type="1" subject="null" body="Xien 397475 .94 7475 .1815 .391894 .18 15 02 .9418 7594. 4294 61 x20n : de 262 020 494 69 070 676 27 080 82 646 898 77 88 66 99 47 41 00 05 61 75 09 61x20n  15 64 43 48 17 39 72 18 05 72 . 59 87 74 18X20N" toa="null" sc_toa="null" service_center="null" read="1" status="-1" locked="0" date_sent="0" readable_date="21-10-2015 18:00:15" contact_name="Chi H. v. b" />
  <sms protocol="0" address="+84983099345" date="1445425223933" type="1" subject="null" body="Lô 57,75x5đ" toa="null" sc_toa="null" service_center="null" read="1" status="-1" locked="0" date_sent="0" readable_date="21-10-2015 18:00:23" contact_name="Viet Bo" />
  <sms protocol="0" address="+841685897838" date="1445425236347" type="1" subject="null" body="De.42.98.33.36.48.69.72.73.86.88.89.22.23.26.28.46.51.52.62.63.77.78.79.84.99.08.24.29.50.59.61.66.71.82.92.93.94.00.343.x500n.hai.kep.x2000n." toa="null" sc_toa="null" service_center="null" read="1" status="-1" locked="0" date_sent="0" readable_date="21-10-2015 18:00:36" contact_name="Chi H. v. b" />
  <sms protocol="0" address="+841677281854" date="1445425264492" type="1" subject="null" body="Nhan 7 tin.so tin cuoi:7." toa="null" sc_toa="null" service_center="null" read="1" status="-1" locked="0" date_sent="0" readable_date="21-10-2015 18:01:04" contact_name="(Unknown)" />
  <sms protocol="0" address="01685897838" date="1445425340500" type="2" subject="null" body="Nhan 8 tin." toa="null" sc_toa="null" service_center="null" read="1" status="0" locked="0" date_sent="0" readable_date="21-10-2015 18:02:20" contact_name="Chi H. v. b" />
  <sms protocol="0" address="0983099345" date="1445425342001" type="2" subject="null" body="Nhan 6 tin." toa="null" sc_toa="null" service_center="null" read="1" status="0" locked="0" date_sent="0" readable_date="21-10-2015 18:02:22" contact_name="Viet Bo" />
  <sms protocol="0" address="+84983650782" date="1445425358522" type="1" subject="null" body="Em gui cho Anh 4 tin" toa="null" sc_toa="null" service_center="null" read="1" status="-1" locked="0" date_sent="0" readable_date="21-10-2015 18:02:38" contact_name="A T 782 Lv" />
  <sms protocol="0" address="+841632029067" date="1445425386898" type="1" subject="null" body="Ho anh kep bang 300 nghin duoi 9 nhan 120 nghin 66 69 99 77 11 05 50 76 67 06 60 57 75 19 89  61 14 90 16 00 nhan 60 nghin" toa="null" sc_toa="null" service_center="null" read="1" status="-1" locked="0" date_sent="0" readable_date="21-10-2015 18:03:06" contact_name="(Unknown)" />
  <sms protocol="0" address="0964386982" date="1445425387003" type="2" subject="null" body="Tin 5: lo:57,75x5d..xi3:02,15,18*2d.,xi2:15,18*2d.,xi3:18,39,94*2d.,xi4:18,75,94,94*2d.,xi3:39,74,75*2d.,xi3:42,61,94*2d.,xi3:74,75,94*2d." toa="null" sc_toa="null" service_center="null" read="1" status="0" locked="0" date_sent="0" readable_date="21-10-2015 18:03:07" contact_name="A Duc" />
  <sms protocol="0" address="01632029067" date="1445425403504" type="2" subject="null" body="Nhan 1 tin." toa="null" sc_toa="null" service_center="null" read="1" status="0" locked="0" date_sent="0" readable_date="21-10-2015 18:03:23" contact_name="(Unknown)" />
  <sms protocol="0" address="+84964386982" date="1445425444857" type="1" subject="null" body="bac gui cho em 5 tin" toa="null" sc_toa="null" service_center="null" read="1" status="-1" locked="0" date_sent="0" readable_date="21-10-2015 18:04:04" contact_name="A Duc" />
  <sms protocol="0" address="0964386982" date="1445425454502" type="2" subject="null" body="Tin 6: De:00,77,33,50,72,55,05,38,83,69,89,59,79,46,48,62,82,98,34,36,42,51,52,63,71,73,78,86,92x500n.08x480n.88,61,16,27,29,26,23,24,28,84x450n.43,93x400n.22,11x300n.66x230n" toa="null" sc_toa="null" service_center="null" read="1" status="32" locked="0" date_sent="0" readable_date="21-10-2015 18:04:14" contact_name="A Duc" />
  <sms protocol="0" address="0964386982" date="1445425466503" type="2" subject="null" body="Tin 7: De:19x180n.09,39x140n.44x100n.67,75,76x80n.06,14,57,60,90x60n.99,49x50n.18,64x40n.02,07,15,17,20,41,47,70,74,80,87x20n." toa="null" sc_toa="null" service_center="null" read="1" status="0" locked="0" date_sent="0" readable_date="21-10-2015 18:04:26" contact_name="A Duc" />
  <sms protocol="0" address="01677281854" date="1445425477006" type="2" subject="null" body="Tin 8: De:99x2950n.66x2650n.94x2520n.22x2500n.00,77x2380n.88x2370n.33x2300n.44x2200n.61x2150n.49x2090n.11,50x2060n.72x2040n.55x1800n.16x1610n.05x1600n.27x1570n.38,83x1500n.69,89x200n.29x170n.59x140n.43,79x120n.93x100n.26x70n.23,24,28,84x50n.08x40n.46,48,62,82,98x20n." toa="null" sc_toa="null" service_center="null" read="1" status="0" locked="0" date_sent="0" readable_date="21-10-2015 18:04:37" contact_name="(Unknown)" />
  <sms protocol="0" address="+84973836212" date="1445425488986" type="1" subject="null" body="T1 Lô ..22.29 x 70đ.&#10; 41 x 10đ. &#10; 74 x 130đ.&#10; đề 41 x 20k.&#10;Xiên ..22.89.09..50k&#10;09.98.29..50k&#10;22.29.09..50k&#10;29.89.22..50k." toa="null" sc_toa="null" service_center="null" read="1" status="-1" locked="0" date_sent="0" readable_date="21-10-2015 18:04:48" contact_name="Tien Em" />
  <sms protocol="0" address="0973836212" date="1445425496503" type="2" subject="null" body="Nhan 1 tin.so tin cuoi:1." toa="null" sc_toa="null" service_center="null" read="1" status="0" locked="0" date_sent="0" readable_date="21-10-2015 18:04:56" contact_name="Tien Em" />
  <sms protocol="0" address="+84964386982" date="1445425501239" type="1" subject="null" body="bac gui cho em 7 tin" toa="null" sc_toa="null" service_center="null" read="1" status="-1" locked="0" date_sent="0" readable_date="21-10-2015 18:05:01" contact_name="A Duc" />
  <sms protocol="0" address="+841677281854" date="1445425509025" type="1" subject="null" body="Nhan 8 tin.so tin cuoi:8." toa="null" sc_toa="null" service_center="null" read="1" status="-1" locked="0" date_sent="0" readable_date="21-10-2015 18:05:09" contact_name="(Unknown)" />
  <sms protocol="0" address="0964386982" date="1445425525006" type="2" subject="null" body="Tin 8: lo:74x130d.22,29x70d.41x10d..xi3:09,22,29*5d.,xi3:09,22,89*5d.,xi3:09,29,98*5d.,xi3:22,29,89*5d." toa="null" sc_toa="null" service_center="null" read="1" status="0" locked="0" date_sent="0" readable_date="21-10-2015 18:05:25" contact_name="A Duc" />
  <sms protocol="0" address="01677281854" date="1445425538501" type="2" subject="null" body="Tin 9: De:41x20n." toa="null" sc_toa="null" service_center="null" read="1" status="0" locked="0" date_sent="0" readable_date="21-10-2015 18:05:38" contact_name="(Unknown)" />
  <sms protocol="0" address="+84964386982" date="1445425569729" type="1" subject="null" body="bac gui cho em 8 tin" toa="null" sc_toa="null" service_center="null" read="1" status="-1" locked="0" date_sent="0" readable_date="21-10-2015 18:06:09" contact_name="A Duc" />
  <sms protocol="0" address="+841677281854" date="1445425581256" type="1" subject="null" body="Nhan 9 tin.so tin cuoi:9." toa="null" sc_toa="null" service_center="null" read="1" status="-1" locked="0" date_sent="0" readable_date="21-10-2015 18:06:21" contact_name="(Unknown)" />
  <sms protocol="0" address="+841685897838" date="1445425597279" type="1" subject="null" body="Lo 74 39 18 15 75 74x5D xien 74 15 39 18x20N.XIEN 71 18 75 94x20N 61 87 68x20N de 080x20N" toa="null" sc_toa="null" service_center="null" read="1" status="-1" locked="0" date_sent="0" readable_date="21-10-2015 18:06:37" contact_name="Chi H. v. b" />
  <sms protocol="0" address="01685897838" date="1445425609002" type="2" subject="null" body="Nhan 9 tin." toa="null" sc_toa="null" service_center="null" read="1" status="32" locked="0" date_sent="0" readable_date="21-10-2015 18:06:49" contact_name="Chi H. v. b" />
  <sms protocol="0" address="01677281854" date="1445425622506" type="2" subject="null" body="Tin 10: lo:74x10d.15,18,39,75x5d..xi4:15,18,39,74*2d.,xi4:18,71,75,94*2d.,xi3:61,68,87*2d." toa="null" sc_toa="null" service_center="null" read="1" status="32" locked="0" date_sent="0" readable_date="21-10-2015 18:07:02" contact_name="(Unknown)" />
  <sms protocol="0" address="01677281854" date="1445425633006" type="2" subject="null" body="Tin 11: De:08,80x20n." toa="null" sc_toa="null" service_center="null" read="1" status="0" locked="0" date_sent="0" readable_date="21-10-2015 18:07:13" contact_name="(Unknown)" />
  <sms protocol="0" address="+841677281854" date="1445425647176" type="1" subject="null" body="Nhan 10 tin.so tin cuoi:10." toa="null" sc_toa="null" service_center="null" read="1" status="-1" locked="0" date_sent="0" readable_date="21-10-2015 18:07:27" contact_name="(Unknown)" />
  <sms protocol="0" address="+841677281854" date="1445425657371" type="1" subject="null" body="Nhan 11 tin.so tin cuoi:11." toa="null" sc_toa="null" service_center="null" read="1" status="-1" locked="0" date_sent="0" readable_date="21-10-2015 18:07:37" contact_name="(Unknown)" />
  <sms protocol="0" address="+84977655973" date="1445425663085" type="1" subject="null" body="Lo 11x25d dau 2x55n 24x150n day 24x15n 59 51 62x10n 62x50n" toa="null" sc_toa="null" service_center="null" read="1" status="-1" locked="0" date_sent="0" readable_date="21-10-2015 18:07:43" contact_name="A Su Cong Tinh Uy" />
  <sms protocol="0" address="+841685897838" date="1445425681816" type="1" subject="null" body=".de.292.242.696.545.474.464.040.595.262.979.00.55.898.81.99.949.838.66.101.060.050.x100n." toa="null" sc_toa="null" service_center="null" read="1" status="-1" locked="0" date_sent="0" readable_date="21-10-2015 18:08:01" contact_name="Chi H. v. b" />
  <sms protocol="0" address="0977655973" date="1445425684006" type="2" subject="null" body="BAC gui cho EM 1 tin" toa="null" sc_toa="null" service_center="null" read="1" status="0" locked="0" date_sent="0" readable_date="21-10-2015 18:08:04" contact_name="A Su Cong Tinh Uy" />
  <sms protocol="0" address="01685897838" date="1445425688501" type="2" subject="null" body="Nhan 10 tin." toa="null" sc_toa="null" service_center="null" read="1" status="32" locked="0" date_sent="0" readable_date="21-10-2015 18:08:08" contact_name="Chi H. v. b" />
  <sms protocol="0" address="+841685897838" date="1445425700200" type="1" subject="null" body="De Hai kep x300n." toa="null" sc_toa="null" service_center="null" read="1" status="-1" locked="0" date_sent="0" readable_date="21-10-2015 18:08:20" contact_name="Chi H. v. b" />
  <sms protocol="0" address="0964386982" date="1445425702004" type="2" subject="null" body="Tin 9: lo:11x25d." toa="null" sc_toa="null" service_center="null" read="1" status="0" locked="0" date_sent="0" readable_date="21-10-2015 18:08:22" contact_name="A Duc" />
  <sms protocol="0" address="01685897838" date="1445425706508" type="2" subject="null" body="Nhan 11 tin." toa="null" sc_toa="null" service_center="null" read="1" status="32" locked="0" date_sent="0" readable_date="21-10-2015 18:08:26" contact_name="Chi H. v. b" />
  <sms protocol="0" address="01685897838" date="1445425708001" type="2" subject="null" body="Nhan 11 tin." toa="null" sc_toa="null" service_center="null" read="1" status="0" locked="0" date_sent="0" readable_date="21-10-2015 18:08:28" contact_name="Chi H. v. b" />
  <sms protocol="0" address="0964386982" date="1445425714002" type="2" subject="null" body="Tin 10: De:47,74,97x115n.01,04,06,10,40,45,54,60,64,81,95,96x100n.20,21,25x55n." toa="null" sc_toa="null" service_center="null" read="1" status="0" locked="0" date_sent="0" readable_date="21-10-2015 18:08:34" contact_name="A Duc" />
  <sms protocol="0" address="0964386982" date="1445425733503" type="2" subject="null" body="Tin 11: De:00,05,38,49,50,55,66,83,94,99,22,27,24,11,16,33,44,61,72,77,88,29,62,26,42,79,92,59,46,69,89,98x100n.23,28x55n.51x10n." toa="null" sc_toa="null" service_center="null" read="1" status="0" locked="0" date_sent="0" readable_date="21-10-2015 18:08:53" contact_name="A Duc" />
  <sms protocol="0" address="+84964386982" date="1445425741927" type="1" subject="null" body="bac gui cho em 10 tin" toa="null" sc_toa="null" service_center="null" read="1" status="-1" locked="0" date_sent="0" readable_date="21-10-2015 18:09:01" contact_name="A Duc" />
  <sms protocol="0" address="01677281854" date="1445425756003" type="2" subject="null" body="Tin 12: De:00,05,38,49,50,55,66,83,94,99x300n.22,27x255n.24x220n.11,16,33,44,61,72,77,88x200n.29x70n.62x60n.26x55n.42,79,92x15n.59x10n." toa="null" sc_toa="null" service_center="null" read="1" status="0" locked="0" date_sent="0" readable_date="21-10-2015 18:09:16" contact_name="(Unknown)" />
  <sms protocol="0" address="+84983099345" date="1445425758349" type="1" subject="null" body="Lô 22x5đ" toa="null" sc_toa="null" service_center="null" read="1" status="-1" locked="0" date_sent="0" readable_date="21-10-2015 18:09:18" contact_name="Viet Bo" />
  <sms protocol="0" address="0983099345" date="1445425762040" type="2" subject="null" body="Nhan 7 tin." toa="null" sc_toa="null" service_center="null" read="1" status="0" locked="0" date_sent="0" readable_date="21-10-2015 18:09:22" contact_name="Viet Bo" />
  <sms protocol="0" address="0983099345" date="1445425763504" type="2" subject="null" body="Nhan 7 tin." toa="null" sc_toa="null" service_center="null" read="1" status="0" locked="0" date_sent="0" readable_date="21-10-2015 18:09:23" contact_name="Viet Bo" />
  <sms protocol="0" address="01677281854" date="1445425769502" type="2" subject="null" body="Tin 13: lo:22x5d." toa="null" sc_toa="null" service_center="null" read="1" status="0" locked="0" date_sent="0" readable_date="21-10-2015 18:09:29" contact_name="(Unknown)" />
  <sms protocol="0" address="+84964386982" date="1445425794742" type="1" subject="null" body="bac gui cho em 11 tin" toa="null" sc_toa="null" service_center="+84980200605" read="1" status="-1" locked="0" date_sent="1445425781000" readable_date="21-10-2015 18:09:54" contact_name="A Duc" />
  <sms protocol="0" address="+841677281854" date="1445425801490" type="1" subject="null" body="Nhan 13 tin.so tin cuoi:13." toa="null" sc_toa="null" service_center="+84980200605" read="1" status="-1" locked="0" date_sent="1445425800000" readable_date="21-10-2015 18:10:01" contact_name="(Unknown)" />
  <sms protocol="0" address="+841685897838" date="1445425838718" type="1" subject="null" body="Xien 44.62.65x20d " toa="null" sc_toa="null" service_center="null" read="1" status="-1" locked="0" date_sent="0" readable_date="21-10-2015 18:10:38" contact_name="Chi H. v. b" />
  <sms protocol="0" address="01685897838" date="1445425843003" type="2" subject="null" body="Nhan 12 tin." toa="null" sc_toa="null" service_center="null" read="1" status="0" locked="0" date_sent="0" readable_date="21-10-2015 18:10:43" contact_name="Chi H. v. b" />
  <sms protocol="0" address="0964386982" date="1445425856504" type="2" subject="null" body="Tin 12: xi3:44,62,65*20d." toa="null" sc_toa="null" service_center="null" read="1" status="0" locked="0" date_sent="0" readable_date="21-10-2015 18:10:56" contact_name="A Duc" />
  <sms protocol="0" address="+84964386982" date="1445425892310" type="1" subject="null" body="bac gui cho em 12 tin" toa="null" sc_toa="null" service_center="null" read="1" status="-1" locked="0" date_sent="0" readable_date="21-10-2015 18:11:32" contact_name="A Duc" />
  <sms protocol="0" address="+841677281854" date="1445425958401" type="1" subject="null" body="chau gui cho co 13 tin" toa="null" sc_toa="null" service_center="null" read="1" status="-1" locked="0" date_sent="0" readable_date="21-10-2015 18:12:38" contact_name="(Unknown)" />
  <sms protocol="0" address="+841685897838" date="1445426196944" type="1" subject="null" body="Dau djt 9x100.66.11.22.77.969x100" toa="null" sc_toa="null" service_center="null" read="1" status="-1" locked="0" date_sent="0" readable_date="21-10-2015 18:16:36" contact_name="Chi H. v. b" />
  <sms protocol="0" address="01685897838" date="1445426203003" type="2" subject="null" body="Nhan 13 tin." toa="null" sc_toa="null" service_center="null" read="1" status="0" locked="0" date_sent="0" readable_date="21-10-2015 18:16:43" contact_name="Chi H. v. b" />
  <sms protocol="0" address="0964386982" date="1445426221005" type="2" subject="null" body="Tin 13: De:96x200n.09,19,39,90,91,95,97x100n." toa="null" sc_toa="null" service_center="null" read="1" status="0" locked="0" date_sent="0" readable_date="21-10-2015 18:17:01" contact_name="A Duc" />
  <sms protocol="0" address="01677281854" date="1445426234504" type="2" subject="null" body="Tin 14: De:69,99x200n.11,22,29,49,59,66,77,79,89,92,93,94,98x100n." toa="null" sc_toa="null" service_center="null" read="1" status="0" locked="0" date_sent="0" readable_date="21-10-2015 18:17:14" contact_name="(Unknown)" />
  <sms protocol="0" address="+84964386982" date="1445426266108" type="1" subject="null" body="bac gui cho em 13 tin" toa="null" sc_toa="null" service_center="null" read="1" status="-1" locked="0" date_sent="0" readable_date="21-10-2015 18:17:46" contact_name="A Duc" />
  <sms protocol="0" address="+841677281854" date="1445426287868" type="1" subject="null" body="Nhan 14 tin.so tin cuoi:14." toa="null" sc_toa="null" service_center="null" read="1" status="-1" locked="0" date_sent="0" readable_date="21-10-2015 18:18:07" contact_name="(Unknown)" />
  <sms protocol="0" address="+841685897838" date="1445426310685" type="1" subject="null" body="3cg 294  575 775 x 20 n 99 949 11 44 05 727 x 10 n 494x30n" toa="null" sc_toa="null" service_center="null" read="1" status="-1" locked="0" date_sent="0" readable_date="21-10-2015 18:18:30" contact_name="Chi H. v. b" />
  <sms protocol="0" address="01685897838" date="1445426323001" type="2" subject="null" body="Nhan 14 tin." toa="null" sc_toa="null" service_center="null" read="1" status="0" locked="0" date_sent="0" readable_date="21-10-2015 18:18:43" contact_name="Chi H. v. b" />
  <sms protocol="0" address="01685897838" date="1445426324509" type="2" subject="null" body="Nhan 14 tin." toa="null" sc_toa="null" service_center="null" read="1" status="0" locked="0" date_sent="0" readable_date="21-10-2015 18:18:44" contact_name="Chi H. v. b" />
  <sms protocol="0" address="0964386982" date="1445426344000" type="2" subject="null" body="Tin 14: De:49,94x40n.05,11,27,44,72,99x10n..Ba cang:294,575,775x20n." toa="null" sc_toa="null" service_center="null" read="1" status="0" locked="0" date_sent="0" readable_date="21-10-2015 18:19:04" contact_name="A Duc" />
  <sms protocol="0" address="+84964386982" date="1445426370457" type="1" subject="null" body="bac gui cho em 14 tin" toa="null" sc_toa="null" service_center="null" read="1" status="-1" locked="0" date_sent="0" readable_date="21-10-2015 18:19:30" contact_name="A Duc" />
  <sms protocol="0" address="+841677281854" date="1445426694622" type="1" subject="null" body="chau gui cho co 14 tin" toa="null" sc_toa="null" service_center="null" read="1" status="-1" locked="0" date_sent="0" readable_date="21-10-2015 18:24:54" contact_name="(Unknown)" />
  <sms protocol="0" address="+84983650782" date="1445426977932" type="1" subject="null" body="Ngay:21/10/2015&#10;Em chuyen cho Anh&#10;Lo:500,0=10850,0n&#10;3Cang:2100,0=1386,0n&#10;Xien:162,0=972,0n&#10;Th lo:195,0=15600,0n&#10;Anh bu cho Em:2392,0n&#10;" toa="null" sc_toa="null" service_center="null" read="1" status="-1" locked="0" date_sent="0" readable_date="21-10-2015 18:29:37" contact_name="A T 782 Lv" />
  <sms protocol="0" address="+84983650782" date="1445427025204" type="1" subject="null" body="Tinh den het ngay:20/10/15 Anh thu 637n&#10;Ngay:21/10/15 Em+2392n &#10;Tong cong: Anh bu 1755" toa="null" sc_toa="null" service_center="null" read="1" status="-1" locked="0" date_sent="0" readable_date="21-10-2015 18:30:25" contact_name="A T 782 Lv" />
  <sms protocol="0" address="+84964386982" date="1445427058112" type="1" subject="null" body="Ngay:21/10/2015&#10;bac chuyen cho em&#10;De:34020,0=24324,3n&#10;Lo:405,0=8788,5n&#10;3Cang:60,0=43,2n&#10;Xien:164,0=984,0n&#10;Th lo:40,0=3200,0n&#10;bac bu cho em:30940,0n&#10;" toa="null" sc_toa="null" service_center="null" read="1" status="-1" locked="0" date_sent="0" readable_date="21-10-2015 18:30:58" contact_name="A Duc" />
  <sms protocol="0" address="0983650782" date="1445427121945" type="2" subject="null" body="Ngay:21/10/2015&#13;&#10;em chuyen cho anh&#13;&#10;Lo:500,0=10850,0n&#13;&#10;3Cang:2100,0=1386,0n&#13;&#10;Xien:162,0=972,0n&#13;&#10;Thuong lo:195,0=15600,0n&#13;&#10;anh bu cho em:2392,0n&#13;&#10;" toa="null" sc_toa="null" service_center="null" read="1" status="0" locked="0" date_sent="0" readable_date="21-10-2015 18:32:01" contact_name="A T 782 Lv" />
  <sms protocol="0" address="0968193922" date="1445427132444" type="2" subject="null" body="Ngay:21/10/2015&#13;&#10;chị chuyen cho EM&#13;&#10;Xien:27,0=183,6n&#13;&#10;chị bu cho EM:183,6n&#13;&#10;" toa="null" sc_toa="null" service_center="null" read="1" status="32" locked="0" date_sent="0" readable_date="21-10-2015 18:32:12" contact_name="(Unknown)" />
  <sms protocol="0" address="0983099345" date="1445427138447" type="2" subject="null" body="Ngay:21/10/2015&#13;&#10;Ban chuyen cho toi&#13;&#10;De:3800,0=2774,0n&#13;&#10;Lo:915,0=19947,0n&#13;&#10;3Cang:500,0=345,0n&#13;&#10;Xien:150,0=975,0n&#13;&#10;Th lo:290,0=23200,0n&#13;&#10;Ban bu cho toi:841,0n&#13;&#10;" toa="null" sc_toa="null" service_center="null" read="1" status="0" locked="0" date_sent="0" readable_date="21-10-2015 18:32:18" contact_name="Viet Bo" />
  <sms protocol="0" address="0977655973" date="1445427142955" type="2" subject="null" body="Ngay:21/10/2015&#13;&#10;BAC chuyen cho EM&#13;&#10;De:900,0=720,0n&#13;&#10;Lo:25,0=562,5n&#13;&#10;BAC bu cho EM:1282,5n&#13;&#10;" toa="null" sc_toa="null" service_center="null" read="1" status="0" locked="0" date_sent="0" readable_date="21-10-2015 18:32:22" contact_name="A Su Cong Tinh Uy" />
  <sms protocol="0" address="0964386982" date="1445427148946" type="2" subject="null" body="Ngay:21/10/2015&#13;&#10;em chuyen cho anh&#13;&#10;De:34020,0=24324,3n&#13;&#10;Lo:405,0=8788,5n&#13;&#10;3Cang:60,0=43,2n&#13;&#10;Xien:164,0=984,0n&#13;&#10;Thuong lo:40,0=3200,0n&#13;&#10;em bu cho anh:30940,0n&#13;&#10;" toa="null" sc_toa="null" service_center="null" read="1" status="32" locked="0" date_sent="0" readable_date="21-10-2015 18:32:28" contact_name="A Duc" />
  <sms protocol="0" address="01685897838" date="1445427153448" type="2" subject="null" body="Ngay:21/10/2015&#13;&#10;chi chuyen cho EM&#13;&#10;De:80770,0=58154,4n&#13;&#10;Lo:290,0=6307,5n&#13;&#10;3Cang:1660,0=1178,6n&#13;&#10;Xien:140,0=938,0n&#13;&#10;Th lo:170,0=13600,0n&#13;&#10;chi bu cho EM:52978,5n&#13;&#10;" toa="null" sc_toa="null" service_center="null" read="1" status="0" locked="0" date_sent="0" readable_date="21-10-2015 18:32:33" contact_name="Chi H. v. b" />
  <sms protocol="0" address="01632029067" date="1445427157953" type="2" subject="null" body="Ngay:21/10/2015&#13;&#10;Chị chuyen cho EM&#13;&#10;De:5400,0=3888,0n&#13;&#10;Chị bu cho EM:3888,0n&#13;&#10;" toa="null" sc_toa="null" service_center="null" read="1" status="0" locked="0" date_sent="0" readable_date="21-10-2015 18:32:37" contact_name="(Unknown)" />
  <sms protocol="0" address="0973836212" date="1445427162446" type="2" subject="null" body="Ngay:21/10/2015&#13;&#10;may chuyen cho tao&#13;&#10;De:20,0=15,0n&#13;&#10;Lo:280,0=6132,0n&#13;&#10;Xien:20,0=140,0n&#13;&#10;Th lo:20,0=1600,0n&#13;&#10;may bu cho tao:4687,0n&#13;&#10;" toa="null" sc_toa="null" service_center="null" read="1" status="0" locked="0" date_sent="0" readable_date="21-10-2015 18:32:42" contact_name="Tien Em" />
  <sms protocol="0" address="+841677281854" date="1445427168707" type="1" subject="null" body="Ngay:21/10/2015&#10;chau chuyen cho co&#10;De:56870,0=40946,4n&#10;Lo:605,0=13128,5n&#10;Xien:11,0=69,3n&#10;Th lo:245,0=19600,0n&#10;chau bu cho co:34544,2n&#10;" toa="null" sc_toa="null" service_center="null" read="1" status="-1" locked="0" date_sent="0" readable_date="21-10-2015 18:32:48" contact_name="(Unknown)" />
  <sms protocol="0" address="+84983099345" date="1445427248724" type="2" subject="null" body="Ngay:21/10/2015&#13;&#10;chi chuyen cho EM&#13;&#10;De:80770,0=58154,4n&#13;&#10;Lo:290,0=6307,5n&#13;&#10;3Cang:1660,0=1178,6n&#13;&#10;Xien:140,0=938,0n&#13;&#10;Th lo:170,0=13600,0n&#13;&#10;chi bu cho EM:52978,5n&#13;&#10;T thu 52917" toa="null" sc_toa="null" service_center="null" read="1" status="32" locked="0" date_sent="0" readable_date="21-10-2015 18:34:08" contact_name="Viet Bo" />
  <sms protocol="0" address="01632029067" date="1445427368651" type="2" subject="null" body="Tinh den het ngay:20/10/15 EM thu 6603n&#13;&#10;Ngay:21/10/15 Chị-183n -3887n &#13;&#10;Tong cong: EM thu 10673" toa="null" sc_toa="null" service_center="null" read="1" status="0" locked="0" date_sent="0" readable_date="21-10-2015 18:36:08" contact_name="(Unknown)" />
  <sms protocol="0" address="0964386982" date="1445427377586" type="5" subject="null" body="Tinh den het ngay:20/10/15 em bu 2500n&#13;&#10;Ngay:21/10/15 anh+30940n &#13;&#10;Tong cong: em bu 33440" toa="null" sc_toa="null" service_center="null" read="0" status="32" locked="0" date_sent="0" readable_date="21-10-2015 18:36:17" contact_name="A Duc" />
  <sms protocol="0" address="0973836212" date="1445427386732" type="2" subject="null" body="Tinh den het ngay:20/10/15 tao thu 4628n&#13;&#10;Ngay:21/10/15 may-4687n &#13;&#10;Tong cong: tao thu 9315" toa="null" sc_toa="null" service_center="null" read="1" status="32" locked="0" date_sent="0" readable_date="21-10-2015 18:36:26" contact_name="Tien Em" />
  <sms protocol="0" address="0977655973" date="1445427390926" type="2" subject="null" body="Tinh den het ngay:20/10/15 EM thu 6042n&#13;&#10;Ngay:21/10/15 BAC+1000n -1282n &#13;&#10;Tong cong: EM thu 6324" toa="null" sc_toa="null" service_center="null" read="1" status="32" locked="0" date_sent="0" readable_date="21-10-2015 18:36:30" contact_name="A Su Cong Tinh Uy" />
  <sms protocol="0" address="0983099345" date="1445427395850" type="2" subject="null" body="Tinh den het ngay:20/10/15 toi thu 22398n&#13;&#10;Ngay:21/10/15 Ban+1000n -841n -52917n &#13;&#10;Tong cong: toi thu 75156" toa="null" sc_toa="null" service_center="null" read="1" status="0" locked="0" date_sent="0" readable_date="21-10-2015 18:36:35" contact_name="Viet Bo" />
  <sms protocol="0" address="0983650782" date="1445427404285" type="2" subject="null" body="Tinh den het ngay:20/10/15 em bu 637n&#13;&#10;Ngay:21/10/15 anh+700n -2392n &#13;&#10;Tong cong: em thu 1055" toa="null" sc_toa="null" service_center="null" read="1" status="0" locked="0" date_sent="0" readable_date="21-10-2015 18:36:44" contact_name="A T 782 Lv" />
  <sms protocol="0" address="+84974282195" date="1445427576937" type="1" subject="null" body="Lo 73x 175 diem. Lo 38x 250diem. De 85.96.08.06 x 250 nghin. De 20x 1trieu de dau 8x 150 nghin. De duoi 8x 200 nghin. De 23.32.05.50.00.37.73x 150 nghin de he 23.03.00x 150 nghin. De 78.87x 300 nghin. De dan 49 x 150 nghin. De tong tren 10x 150nghin" toa="null" sc_toa="null" service_center="+84980200605" read="1" status="-1" locked="0" date_sent="1445427573000" readable_date="21-10-2015 18:39:36" contact_name="(Unknown)" />
  <sms protocol="0" address="0974282195" date="1445427610945" type="2" subject="null" body="Ngay:21/10/2015&#13;&#10;BAC chuyen cho EM&#13;&#10;De:20950,0=15084,0n&#13;&#10;Lo:425,0=9222,5n&#13;&#10;Th de:150,0=10500,0n&#13;&#10;BAC bu cho EM:13806,5n&#13;&#10;" toa="null" sc_toa="null" service_center="null" read="1" status="0" locked="0" date_sent="0" readable_date="21-10-2015 18:40:10" contact_name="(Unknown)" />
  <sms protocol="0" address="0974282195" date="1445427693452" type="2" subject="null" body="Ngay:21/10/2015&#13;&#10;BAC chuyen cho EM&#13;&#10;De:20950,0=15084,0n&#13;&#10;Lo:425,0=9222,5n&#13;&#10;Th de:150,0=10500,0n&#13;&#10;BAC bu cho EM:13806,5n&#13;&#10;" toa="null" sc_toa="null" service_center="null" read="1" status="0" locked="0" date_sent="0" readable_date="21-10-2015 18:41:33" contact_name="(Unknown)" />
  <sms protocol="0" address="0974282195" date="1445427986879" type="2" subject="null" body="ngay 21/10/15:&#13;&#10;THU:&#13;&#10;chi lan hau:10673;&#13;&#10;t e :9315;&#13;&#10;a su:6324;&#13;&#10;v b:75156&#13;&#10;BU&#13;&#10;boss:34544;&#13;&#10;a duc:33440" toa="null" sc_toa="null" service_center="null" read="1" status="0" locked="0" date_sent="0" readable_date="21-10-2015 18:46:26" contact_name="(Unknown)" />
</smses>