<?xml version='1.0' encoding='UTF-8' standalone='yes' ?>
<!--File Created By SMS Backup & Restore Pro v7.21 on 22/10/2015 19:52:51-->
<?xml-stylesheet type="text/xsl" href="sms.xsl"?>
<smses count="81">
  <sms protocol="0" address="+841685410901" date="1445510323522" type="1" subject="null" body="Kép x 150&#10;lo 383x 15d. lo 686x 10d. de 686,898x 20.xien 38,52,86x 50.xien 83,25,68x 50.de co 1,7,8,9(64so)x 10." toa="null" sc_toa="null" service_center="+84980200613" read="1" status="-1" locked="0" date_sent="1445510317000" readable_date="22-10-2015 17:38:43" contact_name="Giang" />
  <sms protocol="0" address="+841685410901" date="1445510336163" type="1" subject="null" body="đề dàn ko chia hết cho 3 của tổng chẵn(32so)x 100. dàn ko chia hết cho 3 của tổng lẻ(35so)x 60." toa="null" sc_toa="null" service_center="+84980200613" read="1" status="-1" locked="0" date_sent="1445510330000" readable_date="22-10-2015 17:38:56" contact_name="Giang" />
  <sms protocol="0" address="+841685410901" date="1445510338890" type="2" subject="null" body="Ok" toa="null" sc_toa="null" service_center="null" read="1" status="-1" locked="0" date_sent="0" readable_date="22-10-2015 17:38:58" contact_name="Giang" />
  <sms protocol="0" address="+841685410901" date="1445510344181" type="1" subject="null" body="de 080,353,44,99x 150n.171,262x 200n.00,55,464x 100n.191,282,373x 150n.020,040,060,151,242,393,484,575,595,686,797,363x 100n.131,11,22,33,66,77,88x 120n." toa="null" sc_toa="null" service_center="+84980200613" read="1" status="-1" locked="0" date_sent="1445510343000" readable_date="22-10-2015 17:39:04" contact_name="Giang" />
  <sms protocol="0" address="0948723319" date="1445510360475" type="2" subject="null" body="Kép x 150&#10;lo 383x 15d. lo 686x 10d. de 686,898x 20.xien 38,52,86x 50.xien 83,25,68x 50.de co 1,7,8,9(64so)x 10." toa="null" sc_toa="null" service_center="null" read="1" status="-1" locked="0" date_sent="0" readable_date="22-10-2015 17:39:20" contact_name="Tuyet2" />
  <sms protocol="0" address="+841685410901" date="1445510363265" type="2" subject="null" body="Ok" toa="null" sc_toa="null" service_center="null" read="1" status="-1" locked="0" date_sent="0" readable_date="22-10-2015 17:39:23" contact_name="Giang" />
  <sms protocol="0" address="+841685410901" date="1445510379885" type="1" subject="null" body="đề ghép 125678(36so)x 10. de 02 03 07 08 10 11 12 13 14 15 16 17 18 19 20 23 25 28 33 34 38 39 43 48 52 53 57 58 60 61 62 63 64 65 66 67 68 69 70 73 75 78 83 84 88 89 93 98 x 10. 01 10 x 50" toa="null" sc_toa="null" service_center="+84980200613" read="1" status="-1" locked="0" date_sent="1445510371000" readable_date="22-10-2015 17:39:39" contact_name="Giang" />
  <sms protocol="0" address="0948723319" date="1445510389331" type="2" subject="null" body="đề dàn ko chia hết cho 3 của tổng chẵn(32so)x 100. dàn ko chia hết cho 3 của tổng lẻ(35so)x 60." toa="null" sc_toa="null" service_center="null" read="1" status="-1" locked="0" date_sent="0" readable_date="22-10-2015 17:39:49" contact_name="Tuyet2" />
  <sms protocol="0" address="+841685410901" date="1445510392740" type="2" subject="null" body="Ok" toa="null" sc_toa="null" service_center="null" read="1" status="-1" locked="0" date_sent="0" readable_date="22-10-2015 17:39:52" contact_name="Giang" />
  <sms protocol="0" address="0948723319" date="1445510414648" type="2" subject="null" body="de 080,353,44,99x 150n.171,262x 200n.00,55,464x 100n.191,282,373x 150n.020,040,060,151,242,393,484,575,595,686,797,363x 100n.131,11,22,33,66,77,88x 120n." toa="null" sc_toa="null" service_center="null" read="1" status="-1" locked="0" date_sent="0" readable_date="22-10-2015 17:40:14" contact_name="Tuyet2" />
  <sms protocol="0" address="0948723319" date="1445510433553" type="2" subject="null" body="đề ghép 125678(36so)x 10. de 02 03 07 08 10 11 12 13 14 15 16 17 18 19 20 23 25 28 33 34 38 39 43 48 52 53 57 58 60 61 62 63 64 65 66 67 68 69 70 73 75 78 83 84 88 89 93 98 x 10. 01 10 x 50" toa="null" sc_toa="null" service_center="null" read="1" status="-1" locked="0" date_sent="0" readable_date="22-10-2015 17:40:33" contact_name="Tuyet2" />
  <sms protocol="0" address="+84948723319" date="1445510711641" type="1" subject="null" body="Ok" toa="null" sc_toa="null" service_center="+8491020005" read="1" status="-1" locked="0" date_sent="1445510675000" readable_date="22-10-2015 17:45:11" contact_name="Tuyet2" />
  <sms protocol="0" address="+84948723319" date="1445510730694" type="1" subject="null" body="4 tin c nhe" toa="null" sc_toa="null" service_center="+8491020005" read="1" status="-1" locked="0" date_sent="1445510694000" readable_date="22-10-2015 17:45:30" contact_name="Tuyet2" />
  <sms protocol="0" address="+841685410901" date="1445510819348" type="1" subject="null" body="De 00x300 99 11x200  kepx50&#10;Dd9x80n &#10;Lo 74x100&#10;Cang 500x50 511x50 599x100" toa="null" sc_toa="null" service_center="+84980200613" read="1" status="-1" locked="0" date_sent="1445510816000" readable_date="22-10-2015 17:46:59" contact_name="Giang" />
  <sms protocol="0" address="+841685410901" date="1445510840138" type="2" subject="null" body="Ok" toa="null" sc_toa="null" service_center="null" read="1" status="-1" locked="0" date_sent="0" readable_date="22-10-2015 17:47:20" contact_name="Giang" />
  <sms protocol="0" address="0948723319" date="1445510881533" type="2" subject="null" body="De 00x300 99 11x200  kepx50&#10;Dd9x80n &#10;Lo 74x100&#10;" toa="null" sc_toa="null" service_center="null" read="1" status="-1" locked="0" date_sent="0" readable_date="22-10-2015 17:48:01" contact_name="Tuyet2" />
  <sms protocol="0" address="+841685410901" date="1445510915092" type="1" subject="null" body="Lo 74x500d" toa="null" sc_toa="null" service_center="+84980200613" read="1" status="-1" locked="0" date_sent="1445510912000" readable_date="22-10-2015 17:48:35" contact_name="Giang" />
  <sms protocol="0" address="+841685410901" date="1445510937333" type="2" subject="null" body="Ok" toa="null" sc_toa="null" service_center="null" read="1" status="-1" locked="0" date_sent="0" readable_date="22-10-2015 17:48:57" contact_name="Giang" />
  <sms protocol="0" address="+84948723319" date="1445510945354" type="1" subject="null" body="Ok" toa="null" sc_toa="null" service_center="+8491020005" read="1" status="-1" locked="0" date_sent="1445510909000" readable_date="22-10-2015 17:49:05" contact_name="Tuyet2" />
  <sms protocol="0" address="0948723319" date="1445510946826" type="2" subject="null" body="Lo 74x500d" toa="null" sc_toa="null" service_center="null" read="1" status="-1" locked="0" date_sent="0" readable_date="22-10-2015 17:49:06" contact_name="Tuyet2" />
  <sms protocol="0" address="+84948723319" date="1445510969389" type="1" subject="null" body="Ok" toa="null" sc_toa="null" service_center="+8491020005" read="1" status="-1" locked="0" date_sent="1445510933000" readable_date="22-10-2015 17:49:29" contact_name="Tuyet2" />
  <sms protocol="0" address="+841662883398" date="1445511096595" type="1" subject="null" body="Kép bằng x  3tr ,99,66 x 4tr, 393 x1tr" toa="null" sc_toa="null" service_center="+84980200605" read="1" status="-1" locked="0" date_sent="1445511094000" readable_date="22-10-2015 17:51:36" contact_name="Chi Hoa" />
  <sms protocol="0" address="+841662883398" date="1445511109220" type="2" subject="null" body="Ok" toa="null" sc_toa="null" service_center="null" read="1" status="-1" locked="0" date_sent="0" readable_date="22-10-2015 17:51:49" contact_name="Chi Hoa" />
  <sms protocol="0" address="0948723319" date="1445511116377" type="2" subject="null" body="Kép bằng x  3tr ,99,66 x 4tr, 393 x1tr" toa="null" sc_toa="null" service_center="null" read="1" status="-1" locked="0" date_sent="0" readable_date="22-10-2015 17:51:56" contact_name="Tuyet2" />
  <sms protocol="0" address="0948723319" date="1445511170875" type="2" subject="null" body="Lo 060x25d.de 060x200n&#10;66x100" toa="null" sc_toa="null" service_center="null" read="1" status="-1" locked="0" date_sent="0" readable_date="22-10-2015 17:52:50" contact_name="Tuyet2" />
  <sms protocol="0" address="+84948723319" date="1445511185468" type="1" subject="null" body="Ok" toa="null" sc_toa="null" service_center="+8491020005" read="1" status="-1" locked="0" date_sent="1445511150000" readable_date="22-10-2015 17:53:05" contact_name="Tuyet2" />
  <sms protocol="0" address="+841694299136" date="1445511884260" type="1" subject="null" body="&gt; Lo 22.99.44.55.181.85.57x150d.de 131.151.161.181.585.565.686.202.303.010.171.232.060.050.535.090.121.737.575.x800n.lo 17.74x250d.de kep =x5tr.de 66.11.33.66.88.29.69.56.90x1tr.de 99.55x3tr" toa="null" sc_toa="null" service_center="+84980200613" read="1" status="-1" locked="0" date_sent="1445511877000" readable_date="22-10-2015 18:04:44" contact_name="Công7" />
  <sms protocol="0" address="+841694299136" date="1445511895312" type="2" subject="null" body="Ok" toa="null" sc_toa="null" service_center="null" read="1" status="-1" locked="0" date_sent="0" readable_date="22-10-2015 18:04:55" contact_name="Công7" />
  <sms protocol="0" address="01678838814" date="1445511913649" type="2" subject="null" body="&gt; Lo 22.99.44.55.181.85.57x150d.de 131.151.161.181.585.565.686.202.303.010.171.232.060.050.535.090.121.737.575.x800n.lo 17.74x250d.de kep =x5tr.de 66.11.33.66.88.29.69.56.90x1tr.de 99.55x3tr" toa="null" sc_toa="null" service_center="null" read="1" status="-1" locked="0" date_sent="0" readable_date="22-10-2015 18:05:13" contact_name="Vo Anh Thai" />
  <sms protocol="0" address="+841685410901" date="1445511913677" type="1" subject="null" body="Lô 74 x 100, 93 x400, 22 x 800" toa="null" sc_toa="null" service_center="+84980200613" read="1" status="-1" locked="0" date_sent="1445511912000" readable_date="22-10-2015 18:05:13" contact_name="Giang" />
  <sms protocol="0" address="+841685410901" date="1445511922636" type="2" subject="null" body="Ok" toa="null" sc_toa="null" service_center="null" read="1" status="-1" locked="0" date_sent="0" readable_date="22-10-2015 18:05:22" contact_name="Giang" />
  <sms protocol="0" address="0948723319" date="1445511929660" type="2" subject="null" body="Lô 74 x 100, 93 x400, 22 x 800" toa="null" sc_toa="null" service_center="null" read="1" status="-1" locked="0" date_sent="0" readable_date="22-10-2015 18:05:29" contact_name="Tuyet2" />
  <sms protocol="0" address="+84948723319" date="1445511960740" type="1" subject="null" body="Ok" toa="null" sc_toa="null" service_center="+8491020005" read="1" status="-1" locked="0" date_sent="1445511925000" readable_date="22-10-2015 18:06:00" contact_name="Tuyet2" />
  <sms protocol="0" address="+841678838814" date="1445511966237" type="1" subject="null" body="Ok1" toa="null" sc_toa="null" service_center="+84980200605" read="1" status="-1" locked="0" date_sent="1445511960000" readable_date="22-10-2015 18:06:06" contact_name="Vo Anh Thai" />
  <sms protocol="0" address="+84971202383" date="1445512002165" type="1" subject="null" body="lo 21 18 81 38 83 28 82 x 50 &#10;23 46 x 400&#10;32 44 x 200&#10;26 62 22 29 x 300&#10;92 24 11 42 x 100&#10;64 x 500&#10;49 94 x 1000&#10;74 x 8000" toa="null" sc_toa="null" service_center="+84980200605" read="1" status="-1" locked="0" date_sent="1445512000000" readable_date="22-10-2015 18:06:42" contact_name="Nam1" />
  <sms protocol="0" address="+84971202383" date="1445512012394" type="2" subject="null" body="Ok" toa="null" sc_toa="null" service_center="null" read="1" status="-1" locked="0" date_sent="0" readable_date="22-10-2015 18:06:52" contact_name="Nam1" />
  <sms protocol="0" address="0948723319" date="1445512034892" type="2" subject="null" body="lo 21 18 81 38 83 28 82 x 50 &#10;23 46 x 400&#10;32 44 x 200&#10;26 62 22 29 x 300&#10;92 24 11 42 x 100&#10;64 x 500&#10;49 94 x 1000&#10;74 x 2000" toa="null" sc_toa="null" service_center="null" read="1" status="-1" locked="0" date_sent="0" readable_date="22-10-2015 18:07:14" contact_name="Tuyet2" />
  <sms protocol="0" address="+841694299136" date="1445512057397" type="1" subject="null" body="&gt; LO 11X700D.LO 32X300D.DE 32X2TR.DE 11X2TR.DE 363.393.696.797X1TR" toa="null" sc_toa="null" service_center="+84980200613" read="1" status="-1" locked="0" date_sent="1445512054000" readable_date="22-10-2015 18:07:37" contact_name="Công7" />
  <sms protocol="0" address="+841694299136" date="1445512066296" type="2" subject="null" body="Ok" toa="null" sc_toa="null" service_center="null" read="1" status="-1" locked="0" date_sent="0" readable_date="22-10-2015 18:07:46" contact_name="Công7" />
  <sms protocol="0" address="01678838814" date="1445512076480" type="2" subject="null" body="&gt; LO 11X700D.LO 32X300D.DE 32X2TR.DE 11X2TR.DE 363.393.696.797X1TR" toa="null" sc_toa="null" service_center="null" read="1" status="-1" locked="0" date_sent="0" readable_date="22-10-2015 18:07:56" contact_name="Vo Anh Thai" />
  <sms protocol="0" address="+84948723319" date="1445512081356" type="1" subject="null" body="Ok" toa="null" sc_toa="null" service_center="+8491020005" read="1" status="-1" locked="0" date_sent="1445512046000" readable_date="22-10-2015 18:08:01" contact_name="Tuyet2" />
  <sms protocol="0" address="+841678838814" date="1445512102886" type="1" subject="null" body="Ok3" toa="null" sc_toa="null" service_center="+84980200605" read="1" status="-1" locked="0" date_sent="1445512100000" readable_date="22-10-2015 18:08:22" contact_name="Vo Anh Thai" />
  <sms protocol="0" address="+841678838814" date="1445512187247" type="2" subject="null" body="Lo 74x1000d" toa="null" sc_toa="null" service_center="null" read="1" status="-1" locked="0" date_sent="0" readable_date="22-10-2015 18:09:47" contact_name="Vo Anh Thai" />
  <sms protocol="0" address="+84948723319" date="1445512198288" type="1" subject="null" body="Chueyn bot 74x1000d di nhe" toa="null" sc_toa="null" service_center="+8491020005" read="1" status="-1" locked="0" date_sent="1445512162000" readable_date="22-10-2015 18:09:58" contact_name="Tuyet2" />
  <sms protocol="0" address="+841685410901" date="1445512208786" type="1" subject="null" body="Lô 74 x 200" toa="null" sc_toa="null" service_center="+84980200613" read="1" status="-1" locked="0" date_sent="1445512207000" readable_date="22-10-2015 18:10:08" contact_name="Giang" />
  <sms protocol="0" address="+84948723319" date="1445512209803" type="2" subject="null" body="Ok" toa="null" sc_toa="null" service_center="null" read="1" status="-1" locked="0" date_sent="0" readable_date="22-10-2015 18:10:09" contact_name="Tuyet2" />
  <sms protocol="0" address="+841685410901" date="1445512219542" type="2" subject="null" body="Ok" toa="null" sc_toa="null" service_center="null" read="1" status="-1" locked="0" date_sent="0" readable_date="22-10-2015 18:10:19" contact_name="Giang" />
  <sms protocol="0" address="01678838814" date="1445512226977" type="2" subject="null" body="Lô 74 x 200" toa="null" sc_toa="null" service_center="null" read="1" status="-1" locked="0" date_sent="0" readable_date="22-10-2015 18:10:26" contact_name="Vo Anh Thai" />
  <sms protocol="0" address="+84971202383" date="1445512279546" type="1" subject="null" body="lo 30 74 x 100&#10;70 39 93 x 20 &#10;15 74 18 x 50 &#10;74 x 200&#10;xi 06 74 17 93 x 600&#10;de 76 x 300 &#10;57 23 32 x 200&#10;13 22 00 01 10 58 67 85 x 100" toa="null" sc_toa="null" service_center="+84980200605" read="1" status="-1" locked="0" date_sent="1445512277000" readable_date="22-10-2015 18:11:19" contact_name="Nam1" />
  <sms protocol="0" address="+84971202383" date="1445512295430" type="2" subject="null" body="Ok" toa="null" sc_toa="null" service_center="null" read="1" status="-1" locked="0" date_sent="0" readable_date="22-10-2015 18:11:35" contact_name="Nam1" />
  <sms protocol="0" address="0948723319" date="1445512306573" type="2" subject="null" body="lo 30 74 x 100&#10;70 39 93 x 20 &#10;15 74 18 x 50 &#10;74 x 200&#10;xi 06 74 17 93 x 600&#10;de 76 x 300 &#10;57 23 32 x 200&#10;13 22 00 01 10 58 67 85 x 100" toa="null" sc_toa="null" service_center="null" read="1" status="-1" locked="0" date_sent="0" readable_date="22-10-2015 18:11:46" contact_name="Tuyet2" />
  <sms protocol="0" address="0948723319" date="1445512336991" type="2" subject="null" body="De 61.77.44.99x500n" toa="null" sc_toa="null" service_center="null" read="1" status="-1" locked="0" date_sent="0" readable_date="22-10-2015 18:12:16" contact_name="Tuyet2" />
  <sms protocol="0" address="+84948723319" date="1445512380205" type="1" subject="null" body="Ok" toa="null" sc_toa="null" service_center="+8491020005" read="1" status="-1" locked="0" date_sent="1445512345000" readable_date="22-10-2015 18:13:00" contact_name="Tuyet2" />
  <sms protocol="0" address="+84936789007" date="1445512410544" type="2" subject="null" body="Lo 74x5000d" toa="null" sc_toa="null" service_center="null" read="1" status="-1" locked="0" date_sent="0" readable_date="22-10-2015 18:13:30" contact_name="Ha Phong" />
  <sms protocol="0" address="+84936789007" date="1445512432581" type="1" subject="null" body="Ok" toa="null" sc_toa="null" service_center="+84900000066" read="1" status="-1" locked="0" date_sent="1445512430000" readable_date="22-10-2015 18:13:52" contact_name="Ha Phong" />
  <sms protocol="0" address="01678838814" date="1445512481013" type="2" subject="null" body="Em lay lai lo 74 .5000d chi nhe" toa="null" sc_toa="null" service_center="null" read="1" status="-1" locked="0" date_sent="0" readable_date="22-10-2015 18:14:41" contact_name="Vo Anh Thai" />
  <sms protocol="0" address="+841685410901" date="1445512522499" type="1" subject="null" body="Cag 099 x 500, đê  11 19 26 x 500, 696 x 1.800, 15 88 x1.500, 19 87 22x 500, 78 x  250, kep x 400 " toa="null" sc_toa="null" service_center="+84980200613" read="1" status="-1" locked="0" date_sent="1445512516000" readable_date="22-10-2015 18:15:22" contact_name="Giang" />
  <sms protocol="0" address="+841685410901" date="1445512532923" type="2" subject="null" body="Ok" toa="null" sc_toa="null" service_center="null" read="1" status="-1" locked="0" date_sent="0" readable_date="22-10-2015 18:15:32" contact_name="Giang" />
  <sms protocol="0" address="0948723319" date="1445512557057" type="2" subject="null" body="đê  11 19 26 x 500, 696 x 1.800, 15 88 x1.500, 19 87 22x 500, 78 x  250, kep x 400 " toa="null" sc_toa="null" service_center="null" read="1" status="-1" locked="0" date_sent="0" readable_date="22-10-2015 18:15:57" contact_name="Tuyet2" />
  <sms protocol="0" address="+84948723319" date="1445512572532" type="1" subject="null" body="Ok" toa="null" sc_toa="null" service_center="+8491020005" read="1" status="-1" locked="0" date_sent="1445512537000" readable_date="22-10-2015 18:16:12" contact_name="Tuyet2" />
  <sms protocol="0" address="+84936789007" date="1445512573773" type="2" subject="null" body="Cag 099x500n" toa="null" sc_toa="null" service_center="null" read="1" status="-1" locked="0" date_sent="0" readable_date="22-10-2015 18:16:13" contact_name="Ha Phong" />
  <sms protocol="0" address="+841678838814" date="1445512594230" type="1" subject="null" body="Ok" toa="null" sc_toa="null" service_center="+84980200605" read="1" status="-1" locked="0" date_sent="1445512592000" readable_date="22-10-2015 18:16:34" contact_name="Vo Anh Thai" />
  <sms protocol="0" address="+84936789007" date="1445512599450" type="1" subject="null" body="Ok2t" toa="null" sc_toa="null" service_center="+84900000066" read="1" status="-1" locked="0" date_sent="1445512598000" readable_date="22-10-2015 18:16:39" contact_name="Ha Phong" />
  <sms protocol="0" address="+841694299136" date="1445512806412" type="1" subject="null" body="DE DAU.DIT5X500.DE 595.77.787.373.505.707.747.171X1TR" toa="null" sc_toa="null" service_center="+84980200613" read="1" status="-1" locked="0" date_sent="1445512804000" readable_date="22-10-2015 18:20:06" contact_name="Công7" />
  <sms protocol="0" address="0948723319" date="1445512821209" type="2" subject="null" body="DE DAU.DIT5X500.DE 595.77.787.373.505.707.747.171X1TR" toa="null" sc_toa="null" service_center="null" read="1" status="-1" locked="0" date_sent="0" readable_date="22-10-2015 18:20:21" contact_name="Tuyet2" />
  <sms protocol="0" address="+841694299136" date="1445512824905" type="2" subject="null" body="Ok" toa="null" sc_toa="null" service_center="null" read="1" status="-1" locked="0" date_sent="0" readable_date="22-10-2015 18:20:24" contact_name="Công7" />
  <sms protocol="0" address="+84948723319" date="1445512885459" type="1" subject="null" body="Ok" toa="null" sc_toa="null" service_center="+8491020005" read="1" status="-1" locked="0" date_sent="1445512850000" readable_date="22-10-2015 18:21:25" contact_name="Tuyet2" />
  <sms protocol="0" address="+841662883398" date="1445513179032" type="1" subject="null" body="Den the e oi bo la ve" toa="null" sc_toa="null" service_center="+84980200605" read="1" status="-1" locked="0" date_sent="1445513176000" readable_date="22-10-2015 18:26:19" contact_name="Chi Hoa" />
  <sms protocol="0" address="+841662883398" date="1445513219388" type="2" subject="null" body="Em cutuong chi co con 69 co.den the" toa="null" sc_toa="null" service_center="null" read="1" status="-1" locked="0" date_sent="0" readable_date="22-10-2015 18:26:59" contact_name="Chi Hoa" />
  <sms protocol="0" address="997" date="1445514155841" type="2" subject="null" body="Kqsxmb" toa="null" sc_toa="null" service_center="null" read="1" status="-1" locked="0" date_sent="0" readable_date="22-10-2015 18:42:35" contact_name="(Unknown)" />
  <sms protocol="0" address="997" date="1445514469829" type="2" subject="null" body="Kqsxmb" toa="null" sc_toa="null" service_center="null" read="1" status="-1" locked="0" date_sent="0" readable_date="22-10-2015 18:47:49" contact_name="(Unknown)" />
  <sms protocol="0" address="997" date="1445514582586" type="1" subject="null" body="MB 22/10&#10;DB:61669&#10;1:23275&#10;2:92212-84817&#10;3:07161-92880-96550-72253-98338-51904&#10;4:5522-7925-3010-5812&#10;5:9185-3067-5648-4196-6436-3563&#10;6:905-464-572&#10;7:38-22-29-18" toa="null" sc_toa="null" service_center="null" read="1" status="-1" locked="0" date_sent="0" readable_date="22-10-2015 18:49:42" contact_name="(Unknown)" />
  <sms protocol="0" address="01678838814" date="1445515652329" type="2" subject="null" body="Lo 74x1000d.em nhan lai de tinh tien" toa="null" sc_toa="null" service_center="null" read="1" status="-1" locked="0" date_sent="0" readable_date="22-10-2015 19:07:32" contact_name="Vo Anh Thai" />
  <sms protocol="0" address="0948723319" date="1445516758871" type="2" subject="null" body="Ngay:22/10/2015&#13;&#10;chi  chuyen cho em&#13;&#10;De:100730,0=72525,6n&#13;&#10;Lo:9260,0=200942,0n&#13;&#10;Xien:70,0=434,0n&#13;&#10;Thuong de:1900,0=133000,0n&#13;&#10;Thuong lo:3230,0=258400,0n&#13;&#10;em bu cho chi :117498,+7241=124.739- chi no277.689=152.950&#10;" toa="null" sc_toa="null" service_center="null" read="1" status="0" locked="0" date_sent="0" readable_date="22-10-2015 19:25:58" contact_name="Tuyet2" />
  <sms protocol="0" address="01694299136" date="1445516838370" type="2" subject="null" body="Ngay:22/10/2015&#13;&#10;em chuyen cho chi&#13;&#10;De:132400,0=99300,0n&#13;&#10;Lo:2700,0=59400,0n&#13;&#10;Th de:2000,0=140000,0n&#13;&#10;Th lo:850,0=68000,0n&#13;&#10;chi bu cho em:49300,-615.722=566.422&#10;" toa="null" sc_toa="null" service_center="null" read="1" status="0" locked="0" date_sent="0" readable_date="22-10-2015 19:27:18" contact_name="Công7" />
  <sms protocol="0" address="0971202383" date="1445516868370" type="2" subject="null" body="Ngay:22/10/2015&#13;&#10;chau chuyen cho co &#13;&#10;De:1700,0=1229,1n&#13;&#10;Lo:14260,0=310868,0n&#13;&#10;Xien:60,0=408,0n&#13;&#10;Th lo:1600,0=128000,0n&#13;&#10;chau bu cho co :184505,1n&#13;&#10;" toa="null" sc_toa="null" service_center="null" read="1" status="0" locked="0" date_sent="0" readable_date="22-10-2015 19:27:48" contact_name="Nam1" />
  <sms protocol="0" address="01685410901" date="1445516949370" type="2" subject="null" body="Ngay:22/10/2015&#13;&#10;chau chuyen cho co&#13;&#10;De:31530,0=22796,2n&#13;&#10;Lo:2150,0=46870,0n&#13;&#10;3Cang:700,0=525,0n&#13;&#10;Xien:10,0=66,0n&#13;&#10;Th de:1900,0=133000,0n&#13;&#10;Th lo:1630,0=130400,0n&#13;&#10;co bu cho chau:193142,- nam 184505=8637+ co no 74.178=82.815&#10;" toa="null" sc_toa="null" service_center="null" read="1" status="0" locked="0" date_sent="0" readable_date="22-10-2015 19:29:09" contact_name="Giang" />
  <sms protocol="0" address="01678838814" date="1445517034869" type="2" subject="null" body="Ngay:22/10/2015&#13;&#10;em chuyen cho chi&#13;&#10;De:107400,0=77328,0n&#13;&#10;Lo:4900,0=106820,0n&#13;&#10;Thuong de:2000,0=140000,0n&#13;&#10;Thuong lo:850,0=68000,0n&#13;&#10;chi bu cho em:23852,-183816=159.964&#10;" toa="null" sc_toa="null" service_center="null" read="1" status="0" locked="0" date_sent="0" readable_date="22-10-2015 19:30:34" contact_name="Vo Anh Thai" />
  <sms protocol="0" address="01662883398" date="1445517097864" type="2" subject="null" body="Ngay:22/10/2015&#13;&#10;chi chuyen cho em&#13;&#10;De:40000,0=29600,0n&#13;&#10;chi bu cho em:29600,+581.293=610.893&#10;" toa="null" sc_toa="null" service_center="null" read="1" status="0" locked="0" date_sent="0" readable_date="22-10-2015 19:31:37" contact_name="Chi Hoa" />
  <sms protocol="0" address="0936789007" date="1445517139866" type="2" subject="null" body="Ngay:22/10/2015&#13;&#10;chi chuyen cho em&#13;&#10;Lo:5000,0=108500,0n&#13;&#10;3Cang:500,0=375,0n&#13;&#10;chi bu cho em:108875,0n&#13;&#10;" toa="null" sc_toa="null" service_center="null" read="1" status="0" locked="0" date_sent="0" readable_date="22-10-2015 19:32:19" contact_name="Ha Phong" />
  <sms protocol="0" address="+841662883398" date="1445518001822" type="2" subject="null" body="Chi oi mai chuyen tam cho em 50tr.đe em bu bang k no nhieu qua no k nhan nua thi chet" toa="null" sc_toa="null" service_center="null" read="1" status="-1" locked="0" date_sent="0" readable_date="22-10-2015 19:46:41" contact_name="Chi Hoa" />
</smses>