<?xml version='1.0' encoding='UTF-8' standalone='yes' ?>
<!--File Created By SMS Backup & Restore Pro v7.21 on 22/10/2015 20:27:02-->
<?xml-stylesheet type="text/xsl" href="sms.xsl"?>
<smses count="138">
  <sms protocol="0" address="+84979399373" date="1445498174476" type="1" subject="null" body="Lô: 66x50d" toa="null" sc_toa="null" service_center="null" read="1" status="-1" locked="0" date_sent="0" readable_date="22-10-2015 14:16:14" contact_name="A Tung Thuy?" />
  <sms protocol="0" address="+84979399373" date="1445503090236" type="2" subject="null" body="Oke 1" toa="null" sc_toa="null" service_center="null" read="1" status="0" locked="0" date_sent="0" readable_date="22-10-2015 15:38:10" contact_name="A Tung Thuy?" />
  <sms protocol="0" address="+841685897838" date="1445508735743" type="1" subject="null" body="Lo 73 90x50d. Xien 73 90x10d." toa="null" sc_toa="null" service_center="null" read="1" status="-1" locked="0" date_sent="0" readable_date="22-10-2015 17:12:15" contact_name="Chi H. v. b" />
  <sms protocol="0" address="01685897838" date="1445508744961" type="2" subject="null" body="Nhan 1 tin." toa="null" sc_toa="null" service_center="null" read="1" status="0" locked="0" date_sent="0" readable_date="22-10-2015 17:12:24" contact_name="Chi H. v. b" />
  <sms protocol="0" address="+84983099345" date="1445509283009" type="1" subject="null" body="lô .20 95 86  88 99 393 x5d" toa="null" sc_toa="null" service_center="null" read="1" status="-1" locked="0" date_sent="0" readable_date="22-10-2015 17:21:23" contact_name="Viet Bo" />
  <sms protocol="0" address="0983099345" date="1445509331459" type="2" subject="null" body="Nhan 1 tin." toa="null" sc_toa="null" service_center="null" read="1" status="32" locked="0" date_sent="0" readable_date="22-10-2015 17:22:11" contact_name="Viet Bo" />
  <sms protocol="0" address="+84983099345" date="1445509399295" type="1" subject="null" body="Lô 39,93,99x100đ. Đề 99,22x250n" toa="null" sc_toa="null" service_center="null" read="1" status="-1" locked="0" date_sent="0" readable_date="22-10-2015 17:23:19" contact_name="Viet Bo" />
  <sms protocol="0" address="0983099345" date="1445509416959" type="2" subject="null" body="Nhan 2 tin." toa="null" sc_toa="null" service_center="null" read="1" status="0" locked="0" date_sent="0" readable_date="22-10-2015 17:23:36" contact_name="Viet Bo" />
  <sms protocol="0" address="0983650782" date="1445510211295" type="2" subject="null" body="Tin 1: lo:39,93,99,66,73,90x40d.20,86,88,95x5d..xi2:73,90*10d." toa="null" sc_toa="null" service_center="null" read="1" status="32" locked="0" date_sent="0" readable_date="22-10-2015 17:36:51" contact_name="A T 782 Lv" />
  <sms protocol="0" address="+84979399373" date="1445510299386" type="1" subject="null" body="Lô: 64×10d" toa="null" sc_toa="null" service_center="+84980200605" read="1" status="-1" locked="0" date_sent="1445510297000" readable_date="22-10-2015 17:38:19" contact_name="A Tung Thuy?" />
  <sms protocol="0" address="0979399373" date="1445510319966" type="2" subject="null" body="Anh gui cho EM 2 tin" toa="null" sc_toa="null" service_center="null" read="1" status="0" locked="0" date_sent="0" readable_date="22-10-2015 17:38:39" contact_name="A Tung Thuy?" />
  <sms protocol="0" address="+84968193922" date="1445510513110" type="1" subject="null" body="E nhan xien c voi. X2.50.76.=100." toa="null" sc_toa="null" service_center="null" read="1" status="-1" locked="0" date_sent="0" readable_date="22-10-2015 17:41:53" contact_name="(Unknown)" />
  <sms protocol="0" address="0968193922" date="1445510525478" type="2" subject="null" body="Nhan 1 tin." toa="null" sc_toa="null" service_center="null" read="1" status="0" locked="0" date_sent="0" readable_date="22-10-2015 17:42:05" contact_name="(Unknown)" />
  <sms protocol="0" address="0968193922" date="1445510528461" type="2" subject="null" body="Nhan 1 tin." toa="null" sc_toa="null" service_center="null" read="1" status="32" locked="0" date_sent="0" readable_date="22-10-2015 17:42:08" contact_name="(Unknown)" />
  <sms protocol="0" address="0983650782" date="1445510567457" type="2" subject="null" body="Tin 2: lo:64x10d..xi2:50,76*10d." toa="null" sc_toa="null" service_center="null" read="1" status="0" locked="0" date_sent="0" readable_date="22-10-2015 17:42:47" contact_name="A T 782 Lv" />
  <sms protocol="0" address="01677281854" date="1445510660458" type="2" subject="null" body="Tin 1: lo:39,93,99x65d.66,73,90x10d." toa="null" sc_toa="null" service_center="null" read="1" status="0" locked="0" date_sent="0" readable_date="22-10-2015 17:44:20" contact_name="(Unknown)" />
  <sms protocol="0" address="+841685897838" date="1445510736755" type="1" subject="null" body="Xien 72.63.51x10d.de 36.03.51.73 83 x100n.11.x200n.161.66.x100n.51x200." toa="null" sc_toa="null" service_center="null" read="1" status="-1" locked="0" date_sent="0" readable_date="22-10-2015 17:45:36" contact_name="Chi H. v. b" />
  <sms protocol="0" address="01685897838" date="1445510745958" type="2" subject="null" body="Nhan 2 tin." toa="null" sc_toa="null" service_center="null" read="1" status="0" locked="0" date_sent="0" readable_date="22-10-2015 17:45:45" contact_name="Chi H. v. b" />
  <sms protocol="0" address="+841677281854" date="1445510840254" type="1" subject="null" body="Nhan 1 tin.so tin cuoi:1." toa="null" sc_toa="null" service_center="null" read="1" status="-1" locked="0" date_sent="0" readable_date="22-10-2015 17:47:20" contact_name="(Unknown)" />
  <sms protocol="0" address="0983650782" date="1445510975464" type="2" subject="null" body="Tin 3: xi3:51,63,72*10d." toa="null" sc_toa="null" service_center="null" read="1" status="0" locked="0" date_sent="0" readable_date="22-10-2015 17:49:35" contact_name="A T 782 Lv" />
  <sms protocol="0" address="+84968193922" date="1445511219862" type="1" subject="null" body="Xien nua e oi X3.35.98.67.=20 ; X3.79.94.97.=50." toa="null" sc_toa="null" service_center="null" read="1" status="-1" locked="0" date_sent="0" readable_date="22-10-2015 17:53:39" contact_name="(Unknown)" />
  <sms protocol="0" address="0968193922" date="1445511251468" type="2" subject="null" body="Nhan 2 tin." toa="null" sc_toa="null" service_center="null" read="1" status="32" locked="0" date_sent="0" readable_date="22-10-2015 17:54:11" contact_name="(Unknown)" />
  <sms protocol="0" address="+841685897838" date="1445511260726" type="1" subject="null" body="Lo.94.x20đ.27x 30đ.53.x 50d." toa="null" sc_toa="null" service_center="+84980200613" read="1" status="-1" locked="0" date_sent="1445511258000" readable_date="22-10-2015 17:54:20" contact_name="Chi H. v. b" />
  <sms protocol="0" address="01685897838" date="1445511273968" type="2" subject="null" body="Nhan 3 tin." toa="null" sc_toa="null" service_center="null" read="1" status="0" locked="0" date_sent="0" readable_date="22-10-2015 17:54:33" contact_name="Chi H. v. b" />
  <sms protocol="0" address="01677281854" date="1445511290461" type="2" subject="null" body="Tin 2: lo:53x50d.27x30d.94x20d." toa="null" sc_toa="null" service_center="null" read="1" status="0" locked="0" date_sent="0" readable_date="22-10-2015 17:54:50" contact_name="(Unknown)" />
  <sms protocol="0" address="0983650782" date="1445511305466" type="2" subject="null" body="Tin 4: xi3:35,67,98*2d.xi3:79,94,97*5d." toa="null" sc_toa="null" service_center="null" read="1" status="0" locked="0" date_sent="0" readable_date="22-10-2015 17:55:05" contact_name="A T 782 Lv" />
  <sms protocol="0" address="+841677281854" date="1445511407967" type="1" subject="null" body="Nhan 2 tin.so tin cuoi:2." toa="null" sc_toa="null" service_center="null" read="1" status="-1" locked="0" date_sent="0" readable_date="22-10-2015 17:56:47" contact_name="(Unknown)" />
  <sms protocol="0" address="+841632029067" date="1445511505828" type="1" subject="null" body="Lo xien,49,50,99,x50n" toa="null" sc_toa="null" service_center="null" read="1" status="-1" locked="0" date_sent="0" readable_date="22-10-2015 17:58:25" contact_name="(Unknown)" />
  <sms protocol="0" address="01632029067" date="1445511510956" type="2" subject="null" body="Nhan 1 tin." toa="null" sc_toa="null" service_center="null" read="1" status="0" locked="0" date_sent="0" readable_date="22-10-2015 17:58:30" contact_name="(Unknown)" />
  <sms protocol="0" address="+84973836212" date="1445511629409" type="1" subject="null" body="T1 74.19.66 x 20đ.&#10;64.73 x 125đ.&#10;Đề. 67 x 10k.&#10;Xiên. (66.73).(66.64) x 50k." toa="null" sc_toa="null" service_center="null" read="1" status="-1" locked="0" date_sent="0" readable_date="22-10-2015 18:00:29" contact_name="Tien Em" />
  <sms protocol="0" address="0973836212" date="1445511647473" type="2" subject="null" body="Nhan 1 tin.so tin cuoi:1." toa="null" sc_toa="null" service_center="null" read="1" status="0" locked="0" date_sent="0" readable_date="22-10-2015 18:00:47" contact_name="Tien Em" />
  <sms protocol="0" address="0973836212" date="1445511650459" type="2" subject="null" body="Nhan 1 tin.so tin cuoi:1." toa="null" sc_toa="null" service_center="null" read="1" status="32" locked="0" date_sent="0" readable_date="22-10-2015 18:00:50" contact_name="Tien Em" />
  <sms protocol="0" address="0983650782" date="1445511674461" type="2" subject="null" body="Tin 5: xi3:49,50,99*5d.,xi2:64,66*5d.,xi2:66,73*5d." toa="null" sc_toa="null" service_center="null" read="1" status="32" locked="0" date_sent="0" readable_date="22-10-2015 18:01:14" contact_name="A T 782 Lv" />
  <sms protocol="0" address="0983650782" date="1445511696961" type="2" subject="null" body="Tin 6: lo:64,19,74x20d." toa="null" sc_toa="null" service_center="null" read="1" status="0" locked="0" date_sent="0" readable_date="22-10-2015 18:01:36" contact_name="A T 782 Lv" />
  <sms protocol="0" address="01677281854" date="1445511708959" type="2" subject="null" body="Tin 3: lo:73x125d.64x105d.66x20d." toa="null" sc_toa="null" service_center="null" read="1" status="0" locked="0" date_sent="0" readable_date="22-10-2015 18:01:48" contact_name="(Unknown)" />
  <sms protocol="0" address="+84973836212" date="1445511716978" type="1" subject="null" body="T2 74x30d 64,73x5d " toa="null" sc_toa="null" service_center="null" read="1" status="-1" locked="0" date_sent="0" readable_date="22-10-2015 18:01:56" contact_name="Tien Em" />
  <sms protocol="0" address="0973836212" date="1445511723958" type="2" subject="null" body="Nhan 2 tin.so tin cuoi:2." toa="null" sc_toa="null" service_center="null" read="1" status="0" locked="0" date_sent="0" readable_date="22-10-2015 18:02:03" contact_name="Tien Em" />
  <sms protocol="0" address="+84983650782" date="1445511728458" type="1" subject="null" body="Em gui cho Anh 5 tin" toa="null" sc_toa="null" service_center="null" read="1" status="-1" locked="0" date_sent="0" readable_date="22-10-2015 18:02:08" contact_name="A T 782 Lv" />
  <sms protocol="0" address="01677281854" date="1445511755464" type="2" subject="null" body="Tin 4: lo:74x30d.64,73x5d." toa="null" sc_toa="null" service_center="null" read="1" status="32" locked="0" date_sent="0" readable_date="22-10-2015 18:02:35" contact_name="(Unknown)" />
  <sms protocol="0" address="+841677281854" date="1445511771753" type="1" subject="null" body="Nhan 3 tin.so tin cuoi:3." toa="null" sc_toa="null" service_center="null" read="1" status="-1" locked="0" date_sent="0" readable_date="22-10-2015 18:02:51" contact_name="(Unknown)" />
  <sms protocol="0" address="+841677281854" date="1445511777071" type="1" subject="null" body="Nhan 4 tin.so tin cuoi:4." toa="null" sc_toa="null" service_center="null" read="1" status="-1" locked="0" date_sent="0" readable_date="22-10-2015 18:02:57" contact_name="(Unknown)" />
  <sms protocol="0" address="+84983099345" date="1445511825859" type="1" subject="null" body="Đề 17,00,09,19x150n" toa="null" sc_toa="null" service_center="null" read="1" status="-1" locked="0" date_sent="0" readable_date="22-10-2015 18:03:45" contact_name="Viet Bo" />
  <sms protocol="0" address="0983099345" date="1445511830462" type="2" subject="null" body="Nhan 3 tin." toa="null" sc_toa="null" service_center="null" read="1" status="0" locked="0" date_sent="0" readable_date="22-10-2015 18:03:50" contact_name="Viet Bo" />
  <sms protocol="0" address="0983099345" date="1445511833460" type="2" subject="null" body="Nhan 3 tin." toa="null" sc_toa="null" service_center="null" read="1" status="0" locked="0" date_sent="0" readable_date="22-10-2015 18:03:53" contact_name="Viet Bo" />
  <sms protocol="0" address="0964386982" date="1445511879959" type="2" subject="null" body="Tin 1: De:51x200n.22,99x150n.11x200n.00,09,17,19x50n.03,16,36,61,66,73,83x50n." toa="null" sc_toa="null" service_center="null" read="1" status="32" locked="0" date_sent="0" readable_date="22-10-2015 18:04:39" contact_name="A Duc" />
  <sms protocol="0" address="01677281854" date="1445511891957" type="2" subject="null" body="Tin 5: De:00,09,17,19,22,51,99x100n.03,16,36,61,66,73,83x50n.67x10n." toa="null" sc_toa="null" service_center="null" read="1" status="32" locked="0" date_sent="0" readable_date="22-10-2015 18:04:51" contact_name="(Unknown)" />
  <sms protocol="0" address="+84983099345" date="1445511934306" type="1" subject="null" body="X4 05,00,48,89x 500n, x3 20,65,21x 1 triệu. Đề 43,20,21,12,35,22x200n. Đề 65,56x500n. 3c 565,656x250n. Lô  20,21,11,22,61,65,43,35x35đ. Lô 23x150đ. Đề 23x 450n" toa="null" sc_toa="null" service_center="null" read="1" status="-1" locked="0" date_sent="0" readable_date="22-10-2015 18:05:34" contact_name="Viet Bo" />
  <sms protocol="0" address="+841677281854" date="1445511939703" type="1" subject="null" body="Nhan 5 tin.so tin cuoi:5." toa="null" sc_toa="null" service_center="null" read="1" status="-1" locked="0" date_sent="0" readable_date="22-10-2015 18:05:39" contact_name="(Unknown)" />
  <sms protocol="0" address="+84964386982" date="1445511949337" type="1" subject="null" body="bac gui cho em 1 tin" toa="null" sc_toa="null" service_center="null" read="1" status="-1" locked="0" date_sent="0" readable_date="22-10-2015 18:05:49" contact_name="A Duc" />
  <sms protocol="0" address="0983099345" date="1445511977463" type="2" subject="null" body="Nhan 4 tin." toa="null" sc_toa="null" service_center="null" read="1" status="0" locked="0" date_sent="0" readable_date="22-10-2015 18:06:17" contact_name="Viet Bo" />
  <sms protocol="0" address="0983650782" date="1445512025466" type="2" subject="null" body="Tin 7: lo:23,11,21,22,35,43,61,65x30d.20x25d..xi3:20,21,65*30d.xi4:00,05,48,89*25d." toa="null" sc_toa="null" service_center="null" read="1" status="32" locked="0" date_sent="0" readable_date="22-10-2015 18:07:05" contact_name="A T 782 Lv" />
  <sms protocol="0" address="+841685897838" date="1445512042013" type="1" subject="null" body="Xien 89.63.62x20d.33.11.89x10d." toa="null" sc_toa="null" service_center="null" read="1" status="-1" locked="0" date_sent="0" readable_date="22-10-2015 18:07:22" contact_name="Chi H. v. b" />
  <sms protocol="0" address="01685897838" date="1445512052462" type="2" subject="null" body="Nhan 4 tin." toa="null" sc_toa="null" service_center="null" read="1" status="32" locked="0" date_sent="0" readable_date="22-10-2015 18:07:32" contact_name="Chi H. v. b" />
  <sms protocol="0" address="01685897838" date="1445512055459" type="2" subject="null" body="Nhan 4 tin." toa="null" sc_toa="null" service_center="null" read="1" status="32" locked="0" date_sent="0" readable_date="22-10-2015 18:07:35" contact_name="Chi H. v. b" />
  <sms protocol="0" address="+84983650782" date="1445512076551" type="1" subject="null" body="Em gui cho Anh 7 tin" toa="null" sc_toa="null" service_center="null" read="1" status="-1" locked="0" date_sent="0" readable_date="22-10-2015 18:07:56" contact_name="A T 782 Lv" />
  <sms protocol="0" address="0983650782" date="1445512094742" type="2" subject="null" body="Tin 8: De:56,65,23,12,20,21,22,35,43x50n..Ba cang:565,656x250n." toa="null" sc_toa="null" service_center="null" read="1" status="0" locked="0" date_sent="0" readable_date="22-10-2015 18:08:14" contact_name="A T 782 Lv" />
  <sms protocol="0" address="+84973836212" date="1445512116749" type="1" subject="null" body="T3 đề 67-20k" toa="null" sc_toa="null" service_center="null" read="1" status="-1" locked="0" date_sent="0" readable_date="22-10-2015 18:08:36" contact_name="Tien Em" />
  <sms protocol="0" address="0973836212" date="1445512119961" type="2" subject="null" body="Nhan 3 tin.so tin cuoi:3." toa="null" sc_toa="null" service_center="null" read="1" status="0" locked="0" date_sent="0" readable_date="22-10-2015 18:08:39" contact_name="Tien Em" />
  <sms protocol="0" address="0964386982" date="1445512137960" type="2" subject="null" body="Tin 2: lo:23x120d.20x10d.11,21,22,35,43,61,65x5d..xi3:62,63,89*20d.xi3:20,21,65*70d.xi3:11,33,89*10d.xi4:00,05,48,89*25d." toa="null" sc_toa="null" service_center="null" read="1" status="0" locked="0" date_sent="0" readable_date="22-10-2015 18:08:57" contact_name="A Duc" />
  <sms protocol="0" address="0964386982" date="1445512167974" type="2" subject="null" body="Tin 3: De:56,65x200n.23x200n.12,20,21,22,35,43x50n" toa="null" sc_toa="null" service_center="null" read="1" status="0" locked="0" date_sent="0" readable_date="22-10-2015 18:09:27" contact_name="A Duc" />
  <sms protocol="0" address="+84964386982" date="1445512177832" type="1" subject="null" body="bac gui cho em 2 tin" toa="null" sc_toa="null" service_center="null" read="1" status="-1" locked="0" date_sent="0" readable_date="22-10-2015 18:09:37" contact_name="A Duc" />
  <sms protocol="0" address="+841685897838" date="1445512202227" type="1" subject="null" body="Ba.cang.435.410.441.038.494.794.694.168.156.256.351.575.652.191.404.403.643.184.238.752.050.505.162.x100n." toa="null" sc_toa="null" service_center="null" read="1" status="-1" locked="0" date_sent="0" readable_date="22-10-2015 18:10:02" contact_name="Chi H. v. b" />
  <sms protocol="0" address="01685897838" date="1445512206961" type="2" subject="null" body="Nhan 5 tin." toa="null" sc_toa="null" service_center="null" read="1" status="0" locked="0" date_sent="0" readable_date="22-10-2015 18:10:06" contact_name="Chi H. v. b" />
  <sms protocol="0" address="0983650782" date="1445512223460" type="2" subject="null" body="Tin 9: Ba cang:038,050,156,162,168,184,191,238,256,351,403,404,410,435,441,494,505,575,643,652,694,752,794x100n." toa="null" sc_toa="null" service_center="null" read="1" status="0" locked="0" date_sent="0" readable_date="22-10-2015 18:10:23" contact_name="A T 782 Lv" />
  <sms protocol="0" address="+841685897838" date="1445512239936" type="1" subject="null" body="xjen 66.33x50d." toa="null" sc_toa="null" service_center="null" read="1" status="-1" locked="0" date_sent="0" readable_date="22-10-2015 18:10:39" contact_name="Chi H. v. b" />
  <sms protocol="0" address="01677281854" date="1445512254086" type="2" subject="null" body="Tin 6: De:56,65x250n.23x200n.12,20,21,22,35,43x100n.67x20n." toa="null" sc_toa="null" service_center="null" read="1" status="0" locked="0" date_sent="0" readable_date="22-10-2015 18:10:54" contact_name="(Unknown)" />
  <sms protocol="0" address="01685897838" date="1445512262459" type="2" subject="null" body="Nhan 6 tin." toa="null" sc_toa="null" service_center="null" read="1" status="0" locked="0" date_sent="0" readable_date="22-10-2015 18:11:02" contact_name="Chi H. v. b" />
  <sms protocol="0" address="01685897838" date="1445512265463" type="2" subject="null" body="Nhan 6 tin." toa="null" sc_toa="null" service_center="null" read="1" status="0" locked="0" date_sent="0" readable_date="22-10-2015 18:11:05" contact_name="Chi H. v. b" />
  <sms protocol="0" address="+84983650782" date="1445512270385" type="1" subject="null" body="Em gui cho Anh 9 tin" toa="null" sc_toa="null" service_center="null" read="1" status="-1" locked="0" date_sent="0" readable_date="22-10-2015 18:11:10" contact_name="A T 782 Lv" />
  <sms protocol="0" address="0964386982" date="1445512281980" type="2" subject="null" body="Tin 4: xi2:33,66*50d." toa="null" sc_toa="null" service_center="null" read="1" status="0" locked="0" date_sent="0" readable_date="22-10-2015 18:11:21" contact_name="A Duc" />
  <sms protocol="0" address="+84977655973" date="1445512282559" type="1" subject="null" body="Lo 47x5d 11x25d dau 2x55n 24x150n 28x 50n 626 696 797x15n" toa="null" sc_toa="null" service_center="null" read="1" status="-1" locked="0" date_sent="0" readable_date="22-10-2015 18:11:22" contact_name="A Su Cong Tinh Uy" />
  <sms protocol="0" address="+841685897838" date="1445512307723" type="1" subject="null" body="De 2k x 80n kb x10n 83x100n 38 30 272 30.11x50n 66 94 22 99 00 88 05x30N he 66x10N  44 55 77 33x10N lo 11 18  39 74 74 x 10D" toa="null" sc_toa="null" service_center="null" read="1" status="-1" locked="0" date_sent="0" readable_date="22-10-2015 18:11:47" contact_name="Chi H. v. b" />
  <sms protocol="0" address="+84964386982" date="1445512318983" type="1" subject="null" body="bac gui cho em 4 tin" toa="null" sc_toa="null" service_center="null" read="1" status="-1" locked="0" date_sent="0" readable_date="22-10-2015 18:11:58" contact_name="A Duc" />
  <sms protocol="0" address="+841677281854" date="1445512322510" type="1" subject="null" body="Nhan 6 tin.so tin cuoi:6." toa="null" sc_toa="null" service_center="null" read="1" status="-1" locked="0" date_sent="0" readable_date="22-10-2015 18:12:02" contact_name="(Unknown)" />
  <sms protocol="0" address="01685897838" date="1445512325458" type="2" subject="null" body="Nhan 7 tin." toa="null" sc_toa="null" service_center="null" read="1" status="0" locked="0" date_sent="0" readable_date="22-10-2015 18:12:05" contact_name="Chi H. v. b" />
  <sms protocol="0" address="0964386982" date="1445512338958" type="2" subject="null" body="Tin 5: lo:11x35d.74x20d.18,39x10d.47x5d." toa="null" sc_toa="null" service_center="null" read="1" status="0" locked="0" date_sent="0" readable_date="22-10-2015 18:12:18" contact_name="A Duc" />
  <sms protocol="0" address="0964386982" date="1445512371963" type="2" subject="null" body="Tin 6: De:24x105n.27x85n.83x80n.22x75n.11x50n.38,66,72x80n.00,88,99x120n.05,94x110n.28x105n." toa="null" sc_toa="null" service_center="null" read="1" status="0" locked="0" date_sent="0" readable_date="22-10-2015 18:12:51" contact_name="A Duc" />
  <sms protocol="0" address="01677281854" date="1445512385461" type="2" subject="null" body="Tin 7: De:11,22,24,27,30,33,44,55,77,83x100n.16,61x90n.49,50x80n.26x70n.20,21,23,25,29x55n.38,66,72x50n.62,69,79,96,97x15n." toa="null" sc_toa="null" service_center="null" read="1" status="0" locked="0" date_sent="0" readable_date="22-10-2015 18:13:05" contact_name="(Unknown)" />
  <sms protocol="0" address="+84964386982" date="1445512390422" type="1" subject="null" body="bac gui cho em 5 tin" toa="null" sc_toa="null" service_center="null" read="1" status="-1" locked="0" date_sent="0" readable_date="22-10-2015 18:13:10" contact_name="A Duc" />
  <sms protocol="0" address="+841677281854" date="1445512427722" type="1" subject="null" body="Nhan 7 tin.so tin cuoi:7." toa="null" sc_toa="null" service_center="null" read="1" status="-1" locked="0" date_sent="0" readable_date="22-10-2015 18:13:47" contact_name="(Unknown)" />
  <sms protocol="0" address="+84964386982" date="1445512448817" type="1" subject="null" body="bac gui cho em 6 tin" toa="null" sc_toa="null" service_center="null" read="1" status="-1" locked="0" date_sent="0" readable_date="22-10-2015 18:14:08" contact_name="A Duc" />
  <sms protocol="0" address="0977655973" date="1445512451461" type="2" subject="null" body="BAC gui cho EM 1 tin" toa="null" sc_toa="null" service_center="null" read="1" status="0" locked="0" date_sent="0" readable_date="22-10-2015 18:14:11" contact_name="A Su Cong Tinh Uy" />
  <sms protocol="0" address="+841685897838" date="1445512473641" type="1" subject="null" body="de.313.161.181.151.535.363.838.11.565.858.x300n" toa="null" sc_toa="null" service_center="null" read="1" status="-1" locked="0" date_sent="0" readable_date="22-10-2015 18:14:33" contact_name="Chi H. v. b" />
  <sms protocol="0" address="01685897838" date="1445512478462" type="2" subject="null" body="Nhan 8 tin." toa="null" sc_toa="null" service_center="null" read="1" status="0" locked="0" date_sent="0" readable_date="22-10-2015 18:14:38" contact_name="Chi H. v. b" />
  <sms protocol="0" address="01685897838" date="1445512481458" type="2" subject="null" body="Nhan 8 tin." toa="null" sc_toa="null" service_center="null" read="1" status="0" locked="0" date_sent="0" readable_date="22-10-2015 18:14:41" contact_name="Chi H. v. b" />
  <sms protocol="0" address="0964386982" date="1445512505458" type="2" subject="null" body="Tin 7: De:13,15,16,18,31,35,36,38,51,53,56,58,61,63,65,81,83,85x100n.11x50n." toa="null" sc_toa="null" service_center="null" read="1" status="0" locked="0" date_sent="0" readable_date="22-10-2015 18:15:05" contact_name="A Duc" />
  <sms protocol="0" address="01677281854" date="1445512517462" type="2" subject="null" body="Tin 8: De:11x250n.13,15,16,18,31,35,36,38,51,53,56,58,61,63,65,81,83,85x200n." toa="null" sc_toa="null" service_center="null" read="1" status="0" locked="0" date_sent="0" readable_date="22-10-2015 18:15:17" contact_name="(Unknown)" />
  <sms protocol="0" address="+84964386982" date="1445512567368" type="1" subject="null" body="bac gui cho em 7 tin" toa="null" sc_toa="null" service_center="null" read="1" status="-1" locked="0" date_sent="0" readable_date="22-10-2015 18:16:07" contact_name="A Duc" />
  <sms protocol="0" address="+841677281854" date="1445512581079" type="1" subject="null" body="Nhan 8 tin.so tin cuoi:8." toa="null" sc_toa="null" service_center="null" read="1" status="-1" locked="0" date_sent="0" readable_date="22-10-2015 18:16:21" contact_name="(Unknown)" />
  <sms protocol="0" address="+841685897838" date="1445512680316" type="1" subject="null" body="Dau djt 2x120..hê 21.x100.he 49.38.61x300." toa="null" sc_toa="null" service_center="null" read="1" status="-1" locked="0" date_sent="0" readable_date="22-10-2015 18:18:00" contact_name="Chi H. v. b" />
  <sms protocol="0" address="01685897838" date="1445512685457" type="2" subject="null" body="Nhan 9 tin." toa="null" sc_toa="null" service_center="null" read="1" status="0" locked="0" date_sent="0" readable_date="22-10-2015 18:18:05" contact_name="Chi H. v. b" />
  <sms protocol="0" address="01677281854" date="1445512700460" type="2" subject="null" body="Tin 9: De:11,16,33,38,44,49,61,66,83,88,94,99x300n.22x240n.12,21,26,62x220n.02,20,23,24,25,27,28,29,32,42,52,72,82,92x120n.17,67,71,76x100n." toa="null" sc_toa="null" service_center="null" read="1" status="0" locked="0" date_sent="0" readable_date="22-10-2015 18:18:20" contact_name="(Unknown)" />
  <sms protocol="0" address="+841677281854" date="1445512733228" type="1" subject="null" body="Nhan 9 tin.so tin cuoi:9." toa="null" sc_toa="null" service_center="null" read="1" status="-1" locked="0" date_sent="0" readable_date="22-10-2015 18:18:53" contact_name="(Unknown)" />
  <sms protocol="0" address="+841685897838" date="1445512762951" type="1" subject="null" body="de.hai.kepx2500n.88.838.12.484.00.44.81.06.49.52.72.x500n." toa="null" sc_toa="null" service_center="null" read="1" status="-1" locked="0" date_sent="0" readable_date="22-10-2015 18:19:22" contact_name="Chi H. v. b" />
  <sms protocol="0" address="01685897838" date="1445512767958" type="2" subject="null" body="Nhan 10 tin." toa="null" sc_toa="null" service_center="null" read="1" status="0" locked="0" date_sent="0" readable_date="22-10-2015 18:19:27" contact_name="Chi H. v. b" />
  <sms protocol="0" address="0964386982" date="1445512778460" type="2" subject="null" body="Tin 8: De:44,49,33,50,55,77,06,48,52,84x500n.12x450n.72x420n.27x415n.81x400n.05,94x390n.88x380n.66x370n.16,61x350n.00x330n.38x320n.83x270n.99x230n.22x225n.11x200n." toa="null" sc_toa="null" service_center="null" read="1" status="0" locked="0" date_sent="0" readable_date="22-10-2015 18:19:38" contact_name="A Duc" />
  <sms protocol="0" address="0964386982" date="1445512796468" type="2" subject="null" body="Tin 9: De:83,38,00,88,72,44,49,11,22,99,16,61,66,05,94,27,33,50,55,77,81x100n.12x50n." toa="null" sc_toa="null" service_center="null" read="1" status="0" locked="0" date_sent="0" readable_date="22-10-2015 18:19:56" contact_name="A Duc" />
  <sms protocol="0" address="+84964386982" date="1445512805149" type="1" subject="null" body="bac gui cho em 8 tin" toa="null" sc_toa="null" service_center="null" read="1" status="-1" locked="0" date_sent="0" readable_date="22-10-2015 18:20:05" contact_name="A Duc" />
  <sms protocol="0" address="01677281854" date="1445512809959" type="2" subject="null" body="Tin 10: De:83x2630n.38x2580n.00x2570n.88x2520n.72x2480n.44,49x2400n.11x2200n.22x2175n.99x2170n.16,61x2050n.66x2030n.05,94x2010n.27x1985n.33,50,55,77x1900n." toa="null" sc_toa="null" service_center="null" read="1" status="0" locked="0" date_sent="0" readable_date="22-10-2015 18:20:09" contact_name="(Unknown)" />
  <sms protocol="0" address="+84964386982" date="1445512820753" type="1" subject="null" body="bac gui cho em 9 tin" toa="null" sc_toa="null" service_center="null" read="1" status="-1" locked="0" date_sent="0" readable_date="22-10-2015 18:20:20" contact_name="A Duc" />
  <sms protocol="0" address="+841677281854" date="1445512835123" type="1" subject="null" body="Nhan 10 tin.so tin cuoi:10." toa="null" sc_toa="null" service_center="null" read="1" status="-1" locked="0" date_sent="0" readable_date="22-10-2015 18:20:35" contact_name="(Unknown)" />
  <sms protocol="0" address="+841685897838" date="1445512849999" type="1" subject="null" body="de  2k x10N  11 66 19 88x10N" toa="null" sc_toa="null" service_center="null" read="1" status="-1" locked="0" date_sent="0" readable_date="22-10-2015 18:20:49" contact_name="Chi H. v. b" />
  <sms protocol="0" address="01685897838" date="1445512857960" type="2" subject="null" body="Nhan 11 tin." toa="null" sc_toa="null" service_center="null" read="1" status="0" locked="0" date_sent="0" readable_date="22-10-2015 18:20:57" contact_name="Chi H. v. b" />
  <sms protocol="0" address="01677281854" date="1445512871462" type="2" subject="null" body="Tin 11: De:11,66,88x20n.00,05,16,19,22,27,33,38,44,49,50,55,61,72,77,83,94,99x10n." toa="null" sc_toa="null" service_center="null" read="1" status="0" locked="0" date_sent="0" readable_date="22-10-2015 18:21:11" contact_name="(Unknown)" />
  <sms protocol="0" address="0979399373" date="1445512887961" type="2" subject="null" body="Nhan 2 tin.. HET DE" toa="null" sc_toa="null" service_center="null" read="1" status="0" locked="0" date_sent="0" readable_date="22-10-2015 18:21:27" contact_name="A Tung Thuy?" />
  <sms protocol="0" address="01685897838" date="1445512889461" type="2" subject="null" body="Nhan 11 tin.. HET DE" toa="null" sc_toa="null" service_center="null" read="1" status="0" locked="0" date_sent="0" readable_date="22-10-2015 18:21:29" contact_name="Chi H. v. b" />
  <sms protocol="0" address="0983099345" date="1445512890960" type="2" subject="null" body="Nhan 4 tin.. HET DE" toa="null" sc_toa="null" service_center="null" read="1" status="0" locked="0" date_sent="0" readable_date="22-10-2015 18:21:30" contact_name="Viet Bo" />
  <sms protocol="0" address="0968193922" date="1445512892463" type="2" subject="null" body="Nhan 2 tin.. HET DE" toa="null" sc_toa="null" service_center="null" read="1" status="0" locked="0" date_sent="0" readable_date="22-10-2015 18:21:32" contact_name="(Unknown)" />
  <sms protocol="0" address="01632029067" date="1445512893961" type="2" subject="null" body="Nhan 1 tin.. HET DE" toa="null" sc_toa="null" service_center="null" read="1" status="0" locked="0" date_sent="0" readable_date="22-10-2015 18:21:33" contact_name="(Unknown)" />
  <sms protocol="0" address="0973836212" date="1445512895463" type="2" subject="null" body="Nhan 3 tin.so tin cuoi:3.. HET DE" toa="null" sc_toa="null" service_center="null" read="1" status="32" locked="0" date_sent="0" readable_date="22-10-2015 18:21:35" contact_name="Tien Em" />
  <sms protocol="0" address="0977655973" date="1445512914762" type="2" subject="null" body="Nhan 1 tin.. HET DE" toa="null" sc_toa="null" service_center="null" read="1" status="32" locked="0" date_sent="0" readable_date="22-10-2015 18:21:54" contact_name="A Su Cong Tinh Uy" />
  <sms protocol="0" address="+841677281854" date="1445512950999" type="1" subject="null" body="Nhan 11 tin.so tin cuoi:11." toa="null" sc_toa="null" service_center="null" read="1" status="-1" locked="0" date_sent="0" readable_date="22-10-2015 18:22:30" contact_name="(Unknown)" />
  <sms protocol="0" address="0983650782" date="1445513250372" type="2" subject="null" body="Ngay:22/10/2015&#13;&#10;em chuyen cho anh&#13;&#10;De:450,0=322,6n&#13;&#10;Lo:595,0=12911,5n&#13;&#10;3Cang:2800,0=1848,0n&#13;&#10;Xien:107,0=642,0n&#13;&#10;Thuong lo:120,0=9600,0n&#13;&#10;em bu cho anh:6124,2n&#13;&#10;" toa="null" sc_toa="null" service_center="null" read="1" status="32" locked="0" date_sent="0" readable_date="22-10-2015 18:27:30" contact_name="A T 782 Lv" />
  <sms protocol="0" address="01677281854" date="1445513254866" type="2" subject="null" body="Ngay:22/10/2015&#13;&#10;chau chuyen cho co&#13;&#10;De:59040,0=42508,8n&#13;&#10;Lo:615,0=13345,5n&#13;&#10;Thuong de:15,0=1050,0n&#13;&#10;Thuong lo:160,0=12800,0n&#13;&#10;chau bu cho co:42004,3n&#13;&#10;" toa="null" sc_toa="null" service_center="null" read="1" status="0" locked="0" date_sent="0" readable_date="22-10-2015 18:27:34" contact_name="(Unknown)" />
  <sms protocol="0" address="0968193922" date="1445513259364" type="2" subject="null" body="Ngay:22/10/2015&#13;&#10;chị chuyen cho EM&#13;&#10;Xien:17,0=115,6n&#13;&#10;chị bu cho EM:115,6n&#13;&#10;" toa="null" sc_toa="null" service_center="null" read="1" status="0" locked="0" date_sent="0" readable_date="22-10-2015 18:27:39" contact_name="(Unknown)" />
  <sms protocol="0" address="0983099345" date="1445513266867" type="2" subject="null" body="Ngay:22/10/2015&#13;&#10;Ban chuyen cho toi&#13;&#10;De:3750,0=2737,5n&#13;&#10;Lo:765,0=16677,0n&#13;&#10;3Cang:500,0=345,0n&#13;&#10;Xien:150,0=975,0n&#13;&#10;Th lo:105,0=8400,0n&#13;&#10;Ban bu cho toi:12334,5n&#13;&#10;" toa="null" sc_toa="null" service_center="null" read="1" status="32" locked="0" date_sent="0" readable_date="22-10-2015 18:27:46" contact_name="Viet Bo" />
  <sms protocol="0" address="0979399373" date="1445513271364" type="2" subject="null" body="Ngay:22/10/2015&#13;&#10;Anh chuyen cho EM&#13;&#10;Lo:60,0=1320,0n&#13;&#10;Th lo:10,0=800,0n&#13;&#10;Anh bu cho EM:520,0n&#13;&#10;" toa="null" sc_toa="null" service_center="null" read="1" status="0" locked="0" date_sent="0" readable_date="22-10-2015 18:27:51" contact_name="A Tung Thuy?" />
  <sms protocol="0" address="0977655973" date="1445513277365" type="2" subject="null" body="Ngay:22/10/2015&#13;&#10;BAC chuyen cho EM&#13;&#10;De:840,0=672,0n&#13;&#10;Lo:30,0=675,0n&#13;&#10;Th de:15,0=1050,0n&#13;&#10;BAC bu cho EM:297,0n&#13;&#10;" toa="null" sc_toa="null" service_center="null" read="1" status="32" locked="0" date_sent="0" readable_date="22-10-2015 18:27:57" contact_name="A Su Cong Tinh Uy" />
  <sms protocol="0" address="0964386982" date="1445513283362" type="2" subject="null" body="Ngay:22/10/2015&#13;&#10;em chuyen cho anh&#13;&#10;De:17960,0=12841,4n&#13;&#10;Lo:245,0=5316,5n&#13;&#10;Xien:175,0=1050,0n&#13;&#10;Thuong lo:25,0=2000,0n&#13;&#10;em bu cho anh:17207,9n&#13;&#10;" toa="null" sc_toa="null" service_center="null" read="1" status="0" locked="0" date_sent="0" readable_date="22-10-2015 18:28:03" contact_name="A Duc" />
  <sms protocol="0" address="01685897838" date="1445513287868" type="2" subject="null" body="Ngay:22/10/2015&#13;&#10;chi chuyen cho EM&#13;&#10;De:72830,0=52437,6n&#13;&#10;Lo:250,0=5437,5n&#13;&#10;3Cang:2300,0=1587,0n&#13;&#10;Xien:100,0=650,0n&#13;&#10;Th lo:60,0=4800,0n&#13;&#10;chi bu cho EM:55312,1n&#13;&#10;" toa="null" sc_toa="null" service_center="null" read="1" status="0" locked="0" date_sent="0" readable_date="22-10-2015 18:28:07" contact_name="Chi H. v. b" />
  <sms protocol="0" address="01632029067" date="1445513292364" type="2" subject="null" body="Ngay:22/10/2015&#13;&#10;Chị chuyen cho EM&#13;&#10;Xien:5,0=34,0n&#13;&#10;Chị bu cho EM:34,0n&#13;&#10;" toa="null" sc_toa="null" service_center="null" read="1" status="0" locked="0" date_sent="0" readable_date="22-10-2015 18:28:12" contact_name="(Unknown)" />
  <sms protocol="0" address="0973836212" date="1445513296867" type="2" subject="null" body="Ngay:22/10/2015&#13;&#10;may chuyen cho tao&#13;&#10;De:30,0=22,5n&#13;&#10;Lo:350,0=7665,0n&#13;&#10;Xien:10,0=70,0n&#13;&#10;Th lo:130,0=10400,0n&#13;&#10;tao bu cho may:2642,5n&#13;&#10;" toa="null" sc_toa="null" service_center="null" read="1" status="0" locked="0" date_sent="0" readable_date="22-10-2015 18:28:16" contact_name="Tien Em" />
  <sms protocol="0" address="01685897838" date="1445513340366" type="2" subject="null" body="Ngay:22/10/2015&#13;&#10;chi chuyen cho EM&#13;&#10;De:72830,0=52437,6n&#13;&#10;Lo:250,0=5437,5n&#13;&#10;3Cang:2300,0=1633,0n&#13;&#10;Xien:100,0=670,0n&#13;&#10;Th lo:60,0=4800,0n&#13;&#10;chi bu cho EM:55378,1n&#13;&#10;" toa="null" sc_toa="null" service_center="null" read="1" status="0" locked="0" date_sent="0" readable_date="22-10-2015 18:29:00" contact_name="Chi H. v. b" />
  <sms protocol="0" address="+84974282195" date="1445513367553" type="1" subject="null" body="De dan 49x 350 nghin. De 79.63x 1trieu. De 97.73.37.36x 500 nghin. De he 23.x 150 nghin Lo 98x 300diem. Lo 89 x 100d." toa="null" sc_toa="null" service_center="null" read="1" status="-1" locked="0" date_sent="0" readable_date="22-10-2015 18:29:27" contact_name="(Unknown)" />
  <sms protocol="0" address="0974282195" date="1445513383866" type="2" subject="null" body="Ngay:22/10/2015&#13;&#10;BAC chuyen cho EM&#13;&#10;De:17800,0=12816,0n&#13;&#10;Lo:400,0=8680,0n&#13;&#10;Th de:350,0=24500,0n&#13;&#10;EM bu cho BAC:3004,0n&#13;&#10;" toa="null" sc_toa="null" service_center="null" read="1" status="32" locked="0" date_sent="0" readable_date="22-10-2015 18:29:43" contact_name="(Unknown)" />
  <sms protocol="0" address="+84983650782" date="1445513416289" type="1" subject="null" body="Ngay:22/10/2015&#10;Em chuyen cho Anh&#10;De:450,0=322,6n&#10;Lo:595,0=12911,5n&#10;3Cang:2800,0=1848,0n&#10;Xien:107,0=642,0n&#10;Th lo:120,0=9600,0n&#10;Em bu cho Anh:6124,2n&#10;" toa="null" sc_toa="null" service_center="null" read="1" status="-1" locked="0" date_sent="0" readable_date="22-10-2015 18:30:16" contact_name="A T 782 Lv" />
  <sms protocol="0" address="+84964386982" date="1445513479121" type="1" subject="null" body="Ngay:22/10/2015&#10;bac chuyen cho em&#10;De:17960,0=12841,4n&#10;Lo:245,0=5316,5n&#10;Xien:175,0=1050,0n&#10;Th lo:25,0=2000,0n&#10;bac bu cho em:17207,9n&#10;" toa="null" sc_toa="null" service_center="null" read="1" status="-1" locked="0" date_sent="0" readable_date="22-10-2015 18:31:19" contact_name="A Duc" />
  <sms protocol="0" address="01632029067" date="1445513622501" type="2" subject="null" body="Tinh den het ngay:21/10/15 EM thu 10673n&#13;&#10;Ngay:22/10/15 Chị+10673n -115n -34n &#13;&#10;Tong cong: EM thu 149" toa="null" sc_toa="null" service_center="null" read="1" status="0" locked="0" date_sent="0" readable_date="22-10-2015 18:33:42" contact_name="(Unknown)" />
  <sms protocol="0" address="0964386982" date="1445513630141" type="2" subject="null" body="Tinh den het ngay:21/10/15 em bu 33440n&#13;&#10;Ngay:22/10/15 anh-23440n +17207n &#13;&#10;Tong cong: em bu 27207" toa="null" sc_toa="null" service_center="null" read="1" status="0" locked="0" date_sent="0" readable_date="22-10-2015 18:33:50" contact_name="A Duc" />
  <sms protocol="0" address="0973836212" date="1445513635877" type="2" subject="null" body="Tinh den het ngay:21/10/15 tao thu 9315n&#13;&#10;Ngay:22/10/15 may+5500n +2642n &#13;&#10;Tong cong: tao thu 1173" toa="null" sc_toa="null" service_center="null" read="1" status="32" locked="0" date_sent="0" readable_date="22-10-2015 18:33:55" contact_name="Tien Em" />
  <sms protocol="0" address="0977655973" date="1445513641047" type="2" subject="null" body="Tinh den het ngay:21/10/15 EM thu 6324n&#13;&#10;Ngay:22/10/15 BAC+2000n -297n &#13;&#10;Tong cong: EM thu 4621" toa="null" sc_toa="null" service_center="null" read="1" status="32" locked="0" date_sent="0" readable_date="22-10-2015 18:34:01" contact_name="A Su Cong Tinh Uy" />
  <sms protocol="0" address="0979399373" date="1445513652988" type="2" subject="null" body="Tinh den het ngay:21/10/15 EM thu 1757n&#13;&#10;Ngay:22/10/15 Anh-520n &#13;&#10;Tong cong: EM thu 2277" toa="null" sc_toa="null" service_center="null" read="1" status="32" locked="0" date_sent="0" readable_date="22-10-2015 18:34:12" contact_name="A Tung Thuy?" />
  <sms protocol="0" address="0983099345" date="1445513655925" type="2" subject="null" body="Tinh den het ngay:21/10/15 toi thu 69156n&#13;&#10;Ngay:22/10/15 Ban-12000n +50000n -12334n -55312n &#13;&#10;Tong cong: toi thu 98802" toa="null" sc_toa="null" service_center="null" read="1" status="32" locked="0" date_sent="0" readable_date="22-10-2015 18:34:15" contact_name="Viet Bo" />
  <sms protocol="0" address="0983650782" date="1445513660717" type="2" subject="null" body="Tinh den het ngay:21/10/15 em thu 1055n&#13;&#10;Ngay:22/10/15 anh+1400n +6124n &#13;&#10;Tong cong: em bu 6469" toa="null" sc_toa="null" service_center="null" read="1" status="0" locked="0" date_sent="0" readable_date="22-10-2015 18:34:20" contact_name="A T 782 Lv" />
  <sms protocol="0" address="+841677281854" date="1445513729381" type="1" subject="null" body="Ngay:22/10/2015&#10;chau chuyen cho co&#10;De:59040,0=42508,8n&#10;Lo:615,0=13345,5n&#10;Th de:15,0=1050,0n&#10;Th lo:160,0=12800,0n&#10;chau bu cho co:42004,3n" toa="null" sc_toa="null" service_center="+84980200605" read="1" status="-1" locked="0" date_sent="1445513727000" readable_date="22-10-2015 18:35:29" contact_name="(Unknown)" />
  <sms protocol="0" address="+84983650782" date="1445513816982" type="1" subject="null" body="Tinh den het ngay:21/10/15 Anh bu 1755n&#10;Ngay:22/10/15 Em-6124n -2100n &#10;Tong cong: Anh thu 6469" toa="null" sc_toa="null" service_center="+84980200613" read="1" status="-1" locked="0" date_sent="1445513814000" readable_date="22-10-2015 18:36:56" contact_name="A T 782 Lv" />
  <sms protocol="0" address="0983099345" date="1445514392618" type="2" subject="null" body="Ngay:22/10/2015&#13;&#10;chi chuyen cho EM&#13;&#10;De:72830,0=52437,6n&#13;&#10;Lo:250,0=5437,5n&#13;&#10;3Cang:2300,0=1633,0n&#13;&#10;Xien:100,0=670,0n&#13;&#10;Th lo:60,0=4800,0n&#13;&#10;chi bu cho EM:55378,1n&#13;&#10;T tgu 55312" toa="null" sc_toa="null" service_center="null" read="1" status="0" locked="0" date_sent="0" readable_date="22-10-2015 18:46:32" contact_name="Viet Bo" />
  <sms protocol="0" address="0974282195" date="1445514510908" type="2" subject="null" body="ngay 22/10/15:&#13;&#10;THU:&#13;&#10;a su:4621;&#13;&#10;a t t:2277;&#13;&#10;v b:98802&#13;&#10;BU&#13;&#10;boss:20004;&#13;&#10;a duc:27207;&#13;&#10;a t:6469" toa="null" sc_toa="null" service_center="null" read="1" status="32" locked="0" date_sent="0" readable_date="22-10-2015 18:48:30" contact_name="(Unknown)" />
</smses>