<?xml version='1.0' encoding='UTF-8' standalone='yes' ?>
<!--File Created By SMS Backup & Restore Pro v7.21 on 23/10/2015 18:38:22-->
<?xml-stylesheet type="text/xsl" href="sms.xsl"?>
<smses count="115">
  <sms protocol="0" address="+84979399373" date="1445592177627" type="1" subject="null" body="Xiên 3: 20,52,33x100. Lô 55,95x 10" toa="null" sc_toa="null" service_center="null" read="1" status="-1" locked="0" date_sent="0" readable_date="23-10-2015 16:22:57" contact_name="A Tung Thuy?" />
  <sms protocol="0" address="109" date="1445593003589" type="2" subject="null" body="Vt100" toa="null" sc_toa="null" service_center="null" read="1" status="0" locked="0" date_sent="0" readable_date="23-10-2015 16:36:43" contact_name="(Unknown)" />
  <sms protocol="0" address="109" date="1445593023106" type="1" subject="null" body="Quy khach da dang ky thanh cong goi cuoc VT100, Viettel tru 2.500d phi tham gia va 100d phi dang ky vao TK goc. Quy khach co 200 tin nhan noi mang va cuoc goi noi mang giam con 200d/phut tru tai khoan goc. KM ap dung den 24h ngay 23/10/2015. De kiem tra so tin nhan con lai, soan KT100 gui 109 (100d/tin). Chi tiet lien he 19008198 (200d/p). Tran trong." toa="null" sc_toa="null" service_center="+84980200604" read="1" status="-1" locked="0" date_sent="1445593005000" readable_date="23-10-2015 16:37:03" contact_name="(Unknown)" />
  <sms protocol="0" address="0979399373" date="1445595392091" type="2" subject="null" body="Anh gui cho EM 1 tin" toa="null" sc_toa="null" service_center="null" read="1" status="0" locked="0" date_sent="0" readable_date="23-10-2015 17:16:32" contact_name="A Tung Thuy?" />
  <sms protocol="0" address="+84983099345" date="1445596743268" type="1" subject="null" body="Lô 27 02 11 55 88 x 5d ,37x10đ đề 37,73x50n" toa="null" sc_toa="null" service_center="null" read="1" status="-1" locked="0" date_sent="0" readable_date="23-10-2015 17:39:03" contact_name="Viet Bo" />
  <sms protocol="0" address="0983099345" date="1445596755592" type="2" subject="null" body="Nhan 1 tin." toa="null" sc_toa="null" service_center="null" read="1" status="32" locked="0" date_sent="0" readable_date="23-10-2015 17:39:15" contact_name="Viet Bo" />
  <sms protocol="0" address="0983099345" date="1445596757090" type="2" subject="null" body="Nhan 1 tin." toa="null" sc_toa="null" service_center="null" read="1" status="0" locked="0" date_sent="0" readable_date="23-10-2015 17:39:17" contact_name="Viet Bo" />
  <sms protocol="0" address="+84983099345" date="1445597201482" type="1" subject="null" body="Lô 26,62,37,73x50đ. Đề 37x1triệu ,73x500n" toa="null" sc_toa="null" service_center="+84980200613" read="1" status="-1" locked="0" date_sent="1445597199000" readable_date="23-10-2015 17:46:41" contact_name="Viet Bo" />
  <sms protocol="0" address="0983099345" date="1445597219092" type="2" subject="null" body="Nhan 2 tin." toa="null" sc_toa="null" service_center="null" read="1" status="32" locked="0" date_sent="0" readable_date="23-10-2015 17:46:59" contact_name="Viet Bo" />
  <sms protocol="0" address="0983099345" date="1445597222091" type="2" subject="null" body="Nhan 2 tin." toa="null" sc_toa="null" service_center="null" read="1" status="0" locked="0" date_sent="0" readable_date="23-10-2015 17:47:02" contact_name="Viet Bo" />
  <sms protocol="0" address="+841685897838" date="1445597289094" type="1" subject="null" body="Đề 66x300n. Lo 54x50d. Lo 73 90x50d xien  73 90x10d" toa="null" sc_toa="null" service_center="null" read="1" status="-1" locked="0" date_sent="0" readable_date="23-10-2015 17:48:09" contact_name="Chi H. v. b" />
  <sms protocol="0" address="01685897838" date="1445597295600" type="2" subject="null" body="Nhan 1 tin." toa="null" sc_toa="null" service_center="null" read="1" status="32" locked="0" date_sent="0" readable_date="23-10-2015 17:48:15" contact_name="Chi H. v. b" />
  <sms protocol="0" address="+841685897838" date="1445597658176" type="1" subject="null" body="Xien 09.08.54x20d.66.54.x10d.12.21x5d" toa="null" sc_toa="null" service_center="null" read="1" status="-1" locked="0" date_sent="0" readable_date="23-10-2015 17:54:18" contact_name="Chi H. v. b" />
  <sms protocol="0" address="01685897838" date="1445597667589" type="2" subject="null" body="Nhan 2 tin." toa="null" sc_toa="null" service_center="null" read="1" status="32" locked="0" date_sent="0" readable_date="23-10-2015 17:54:27" contact_name="Chi H. v. b" />
  <sms protocol="0" address="+841678171621" date="1445597710227" type="1" subject="null" body="87 x100d. 14 x 30d 09 x20d. Xiên 87 14 x300k. Xiên 87 09 x200k" toa="null" sc_toa="null" service_center="null" read="1" status="-1" locked="0" date_sent="0" readable_date="23-10-2015 17:55:10" contact_name="Minh Huan" />
  <sms protocol="0" address="+841685897838" date="1445597731863" type="1" subject="null" body="De 66x100n. de: 83x 1tr 38x200n , 06,66,88,54x50n 3cang 983 683,283x40n,lo 66,88,00x7d" toa="null" sc_toa="null" service_center="null" read="1" status="-1" locked="0" date_sent="0" readable_date="23-10-2015 17:55:31" contact_name="Chi H. v. b" />
  <sms protocol="0" address="01685897838" date="1445597741094" type="2" subject="null" body="Nhan 3 tin." toa="null" sc_toa="null" service_center="null" read="1" status="32" locked="0" date_sent="0" readable_date="23-10-2015 17:55:41" contact_name="Chi H. v. b" />
  <sms protocol="0" address="+84973836212" date="1445597898123" type="1" subject="null" body="T1 lo 45.83.x25đ &#10;06 x 40đ. Đê kbx50n" toa="null" sc_toa="null" service_center="null" read="1" status="-1" locked="0" date_sent="0" readable_date="23-10-2015 17:58:18" contact_name="Tien Em" />
  <sms protocol="0" address="0973836212" date="1445597909090" type="2" subject="null" body="Nhan 1 tin.so tin cuoi:1." toa="null" sc_toa="null" service_center="null" read="1" status="32" locked="0" date_sent="0" readable_date="23-10-2015 17:58:29" contact_name="Tien Em" />
  <sms protocol="0" address="0973836212" date="1445597912088" type="2" subject="null" body="Nhan 1 tin.so tin cuoi:1." toa="null" sc_toa="null" service_center="null" read="1" status="32" locked="0" date_sent="0" readable_date="23-10-2015 17:58:32" contact_name="Tien Em" />
  <sms protocol="0" address="0964386982" date="1445597931595" type="2" subject="null" body="Tin 1: xi2:14,87*10d." toa="null" sc_toa="null" service_center="null" read="1" status="32" locked="0" date_sent="0" readable_date="23-10-2015 17:58:51" contact_name="A Duc" />
  <sms protocol="0" address="0983650782" date="1445597954105" type="2" subject="null" body="Tin 1: lo:73,87,37,26,54,62,90,06,14x20d.45,83x25d.09x20d.55x15d.88x12d.95x10d.00,66x7d.02,11,27x5d..xi2:14,87*20d.,xi3:08,09,54*20d.,xi2:09,87*20d.xi2:12,21*5d.xi3:20,33,52*10d.,xi2:54,66*10d.,xi2:73,90*10d." toa="null" sc_toa="null" service_center="null" read="1" status="0" locked="0" date_sent="0" readable_date="23-10-2015 17:59:14" contact_name="A T 782 Lv" />
  <sms protocol="0" address="+84964386982" date="1445597971976" type="1" subject="null" body="bac gui cho em 1 tin" toa="null" sc_toa="null" service_center="null" read="1" status="-1" locked="0" date_sent="0" readable_date="23-10-2015 17:59:31" contact_name="A Duc" />
  <sms protocol="0" address="0983650782" date="1445597975094" type="2" subject="null" body="Tin 2: Ba cang:283,683,983x40n." toa="null" sc_toa="null" service_center="null" read="1" status="32" locked="0" date_sent="0" readable_date="23-10-2015 17:59:35" contact_name="A T 782 Lv" />
  <sms protocol="0" address="01677281854" date="1445597991590" type="2" subject="null" body="Tin 1: lo:73,87x80d.37x40d.26,54,62,90x30d.06x20d.14x10d." toa="null" sc_toa="null" service_center="null" read="1" status="0" locked="0" date_sent="0" readable_date="23-10-2015 17:59:51" contact_name="(Unknown)" />
  <sms protocol="0" address="+84983650782" date="1445598006429" type="1" subject="null" body="Em gui cho Anh 1 tin" toa="null" sc_toa="null" service_center="null" read="1" status="-1" locked="0" date_sent="0" readable_date="23-10-2015 18:00:06" contact_name="A T 782 Lv" />
  <sms protocol="0" address="+841678171621" date="1445598134475" type="2" subject="null" body="Ok1t" toa="null" sc_toa="null" service_center="null" read="1" status="32" locked="0" date_sent="0" readable_date="23-10-2015 18:02:14" contact_name="Minh Huan" />
  <sms protocol="0" address="+841677281854" date="1445598142453" type="1" subject="null" body="Nhan 1 tin.so tin cuoi:1." toa="null" sc_toa="null" service_center="+84980200605" read="1" status="-1" locked="0" date_sent="1445598140000" readable_date="23-10-2015 18:02:22" contact_name="(Unknown)" />
  <sms protocol="0" address="+84977655973" date="1445598161314" type="1" subject="null" body="Lo 11x35d dau 2x55n 24x150n day 24x15n 3cang 224 274x20n 232 02 84x10n" toa="null" sc_toa="null" service_center="null" read="1" status="-1" locked="0" date_sent="0" readable_date="23-10-2015 18:02:41" contact_name="A Su Cong Tinh Uy" />
  <sms protocol="0" address="01678171621" date="1445598180589" type="2" subject="null" body="Nhan 1 tin." toa="null" sc_toa="null" service_center="null" read="1" status="0" locked="0" date_sent="0" readable_date="23-10-2015 18:03:00" contact_name="Minh Huan" />
  <sms protocol="0" address="0977655973" date="1445598201593" type="2" subject="null" body="BAC gui cho EM 1 tin" toa="null" sc_toa="null" service_center="null" read="1" status="0" locked="0" date_sent="0" readable_date="23-10-2015 18:03:21" contact_name="A Su Cong Tinh Uy" />
  <sms protocol="0" address="+841678171621" date="1445598202818" type="1" subject="null" body="Ok" toa="null" sc_toa="null" service_center="null" read="1" status="-1" locked="0" date_sent="0" readable_date="23-10-2015 18:03:22" contact_name="Minh Huan" />
  <sms protocol="0" address="+84968193922" date="1445598234827" type="1" subject="null" body="E nhan xien c voi.    X2.02.46.=50 , X3.87.10.55.=20." toa="null" sc_toa="null" service_center="null" read="1" status="-1" locked="0" date_sent="0" readable_date="23-10-2015 18:03:54" contact_name="(Unknown)" />
  <sms protocol="0" address="+841685897838" date="1445598247060" type="1" subject="null" body="Lo 74x50D  66 83X10Dlo1139x5D Xien39 02 74 11x20N  66 11 05x.10N) de  2k x60n he 11-33 x15N 83 88 94 00 05 44t11x10N" toa="null" sc_toa="null" service_center="null" read="1" status="-1" locked="0" date_sent="0" readable_date="23-10-2015 18:04:07" contact_name="Chi H. v. b" />
  <sms protocol="0" address="0968193922" date="1445598251091" type="2" subject="null" body="Nhan 1 tin." toa="null" sc_toa="null" service_center="null" read="1" status="32" locked="0" date_sent="0" readable_date="23-10-2015 18:04:11" contact_name="(Unknown)" />
  <sms protocol="0" address="01685897838" date="1445598282588" type="2" subject="null" body="Nhan 4 tin." toa="null" sc_toa="null" service_center="null" read="1" status="0" locked="0" date_sent="0" readable_date="23-10-2015 18:04:42" contact_name="Chi H. v. b" />
  <sms protocol="0" address="01677281854" date="1445598345591" type="2" subject="null" body="Tin 2: lo:74x50d.11x40d.66,83x10d.39x5d." toa="null" sc_toa="null" service_center="null" read="1" status="0" locked="0" date_sent="0" readable_date="23-10-2015 18:05:45" contact_name="(Unknown)" />
  <sms protocol="0" address="+841685897838" date="1445598355784" type="1" subject="null" body="Xien 07,11,21x200n. Lô 07,22x15đ. Đề 07,70x150n." toa="null" sc_toa="null" service_center="null" read="1" status="-1" locked="0" date_sent="0" readable_date="23-10-2015 18:05:55" contact_name="Chi H. v. b" />
  <sms protocol="0" address="01685897838" date="1445598360590" type="2" subject="null" body="Nhan 5 tin." toa="null" sc_toa="null" service_center="null" read="1" status="0" locked="0" date_sent="0" readable_date="23-10-2015 18:06:00" contact_name="Chi H. v. b" />
  <sms protocol="0" address="01685897838" date="1445598363594" type="2" subject="null" body="Nhan 5 tin." toa="null" sc_toa="null" service_center="null" read="1" status="0" locked="0" date_sent="0" readable_date="23-10-2015 18:06:03" contact_name="Chi H. v. b" />
  <sms protocol="0" address="0983650782" date="1445598371093" type="2" subject="null" body="Tin 3: lo:07,22x15d..xi4:02,11,39,74*2d.,xi3:10,55,87*2d.xi3:07,11,21*20d.xi3:05,11,66*1d.xi2:02,46*5d." toa="null" sc_toa="null" service_center="null" read="1" status="32" locked="0" date_sent="0" readable_date="23-10-2015 18:06:11" contact_name="A T 782 Lv" />
  <sms protocol="0" address="0983650782" date="1445598384591" type="2" subject="null" body="Tin 4: Ba cang:224,274x20n." toa="null" sc_toa="null" service_center="null" read="1" status="32" locked="0" date_sent="0" readable_date="23-10-2015 18:06:24" contact_name="A T 782 Lv" />
  <sms protocol="0" address="+841677281854" date="1445598389771" type="1" subject="null" body="Nhan 2 tin.so tin cuoi:2." toa="null" sc_toa="null" service_center="null" read="1" status="-1" locked="0" date_sent="0" readable_date="23-10-2015 18:06:29" contact_name="(Unknown)" />
  <sms protocol="0" address="+84983650782" date="1445598428147" type="1" subject="null" body="Em gui cho Anh 4 tin" toa="null" sc_toa="null" service_center="null" read="1" status="-1" locked="0" date_sent="0" readable_date="23-10-2015 18:07:08" contact_name="A T 782 Lv" />
  <sms protocol="0" address="0964386982" date="1445598429593" type="2" subject="null" body="Tin 2: De:83,37x700n.66x575n.73x550n.38x275n.24x220n.88x185n.22x165n.07,70x150n.11x135n.33x125n.00,44x120n.27x115n.55,77,99x110n.16,61x75n.05,29,94x70n" toa="null" sc_toa="null" service_center="null" read="1" status="32" locked="0" date_sent="0" readable_date="23-10-2015 18:07:09" contact_name="A Duc" />
  <sms protocol="0" address="01677281854" date="1445598452093" type="2" subject="null" body="Tin 3: De:83x385n.37x350n.23x65n.49,50,72x60n.20,21,25,26,28x55n.06,54x50n.42,47,74,79,92,97x15n.02,32,84x10n." toa="null" sc_toa="null" service_center="null" read="1" status="0" locked="0" date_sent="0" readable_date="23-10-2015 18:07:32" contact_name="(Unknown)" />
  <sms protocol="0" address="+84964386982" date="1445598498507" type="1" subject="null" body="bac gui cho em 2 tin" toa="null" sc_toa="null" service_center="null" read="1" status="-1" locked="0" date_sent="0" readable_date="23-10-2015 18:08:18" contact_name="A Duc" />
  <sms protocol="0" address="+841677281854" date="1445598502494" type="1" subject="null" body="Nhan 3 tin.so tin cuoi:3." toa="null" sc_toa="null" service_center="null" read="1" status="-1" locked="0" date_sent="0" readable_date="23-10-2015 18:08:22" contact_name="(Unknown)" />
  <sms protocol="0" address="+84973836212" date="1445598560632" type="1" subject="null" body="T2 47 x 25đ&#10;74 x 70đ." toa="null" sc_toa="null" service_center="null" read="1" status="-1" locked="0" date_sent="0" readable_date="23-10-2015 18:09:20" contact_name="Tien Em" />
  <sms protocol="0" address="0973836212" date="1445598573590" type="2" subject="null" body="Nhan 2 tin.so tin cuoi:2." toa="null" sc_toa="null" service_center="null" read="1" status="32" locked="0" date_sent="0" readable_date="23-10-2015 18:09:33" contact_name="Tien Em" />
  <sms protocol="0" address="0973836212" date="1445598576591" type="2" subject="null" body="Nhan 2 tin.so tin cuoi:2." toa="null" sc_toa="null" service_center="null" read="1" status="0" locked="0" date_sent="0" readable_date="23-10-2015 18:09:36" contact_name="Tien Em" />
  <sms protocol="0" address="01677281854" date="1445598582592" type="2" subject="null" body="Tin 4: lo:74x70d.47x25d." toa="null" sc_toa="null" service_center="null" read="1" status="0" locked="0" date_sent="0" readable_date="23-10-2015 18:09:42" contact_name="(Unknown)" />
  <sms protocol="0" address="+841685897838" date="1445598600336" type="1" subject="null" body="De 36x500n.63.83x100n." toa="null" sc_toa="null" service_center="null" read="1" status="-1" locked="0" date_sent="0" readable_date="23-10-2015 18:10:00" contact_name="Chi H. v. b" />
  <sms protocol="0" address="01685897838" date="1445598606593" type="2" subject="null" body="Nhan 6 tin." toa="null" sc_toa="null" service_center="null" read="1" status="0" locked="0" date_sent="0" readable_date="23-10-2015 18:10:06" contact_name="Chi H. v. b" />
  <sms protocol="0" address="+841685897838" date="1445598622624" type="1" subject="null" body="Lo.66.838.00.404.353.525.21.565.44.05.89.54.09.33.60.29.84.x50d.de.hai.kep.x3500n.252.212.383.282.535.646.616.363.262.060.696.40.191.515.292.090.393.474.80.76.00.55.79.56.35.10.595.81.68.x800n" toa="null" sc_toa="null" service_center="null" read="1" status="-1" locked="0" date_sent="0" readable_date="23-10-2015 18:10:22" contact_name="Chi H. v. b" />
  <sms protocol="0" address="01685897838" date="1445598629095" type="2" subject="null" body="Nhan 7 tin." toa="null" sc_toa="null" service_center="null" read="1" status="0" locked="0" date_sent="0" readable_date="23-10-2015 18:10:29" contact_name="Chi H. v. b" />
  <sms protocol="0" address="01685897838" date="1445598630595" type="2" subject="null" body="Nhan 7 tin." toa="null" sc_toa="null" service_center="null" read="1" status="0" locked="0" date_sent="0" readable_date="23-10-2015 18:10:30" contact_name="Chi H. v. b" />
  <sms protocol="0" address="+841677281854" date="1445598636112" type="1" subject="null" body="Nhan 4 tin.so tin cuoi:4." toa="null" sc_toa="null" service_center="null" read="1" status="-1" locked="0" date_sent="0" readable_date="23-10-2015 18:10:36" contact_name="(Unknown)" />
  <sms protocol="0" address="01677281854" date="1445598651588" type="2" subject="null" body="Tin 5: lo:00,04,05,09,21,25,29,33,35,38,40,44,52,53,54,56,60,65,66,83,84,89x50d." toa="null" sc_toa="null" service_center="null" read="1" status="32" locked="0" date_sent="0" readable_date="23-10-2015 18:10:51" contact_name="(Unknown)" />
  <sms protocol="0" address="+841677281854" date="1445598674569" type="1" subject="null" body="Nhan 5 tin.so tin cuoi:5." toa="null" sc_toa="null" service_center="null" read="1" status="-1" locked="0" date_sent="0" readable_date="23-10-2015 18:11:14" contact_name="(Unknown)" />
  <sms protocol="0" address="0964386982" date="1445598710089" type="2" subject="null" body="Tin 3: De:49,50,72,35,36,63,06,09,10,12,15,19,21,25,26,28,39,40,46,47,51,52,53,56,59,60,62,64,68,69,74,76,79,80,81,82,90,91,92,93,95,96x700n.05,94,29x630n.16,61x625n.55,77,99x590n.27x585n.00,44x580n.33x575n.11x565n.22x435n.88x415n." toa="null" sc_toa="null" service_center="null" read="1" status="0" locked="0" date_sent="0" readable_date="23-10-2015 18:11:50" contact_name="A Duc" />
  <sms protocol="0" address="+84964386982" date="1445598736616" type="1" subject="null" body="bac gui cho em 3 tin" toa="null" sc_toa="null" service_center="null" read="1" status="-1" locked="0" date_sent="0" readable_date="23-10-2015 18:12:16" contact_name="A Duc" />
  <sms protocol="0" address="0964386982" date="1445598745298" type="2" subject="null" body="Tin 4: De:38x425n.66x125n.88,22x100n." toa="null" sc_toa="null" service_center="null" read="1" status="0" locked="0" date_sent="0" readable_date="23-10-2015 18:12:25" contact_name="A Duc" />
  <sms protocol="0" address="01677281854" date="1445598770094" type="2" subject="null" body="Tin6: de:83x4400n.38x3875n.00x3720n.55x3710n.16,61x3675n.66x3375n.88x2985n.22x2965n.11x2935n.33x2925n.44x2920n.27x2915n.77,99x2910n.05,94x2870n.49,50,72x2800n.35x900n.36x600n.63x200n.29x170n." toa="null" sc_toa="null" service_center="null" read="1" status="0" locked="0" date_sent="0" readable_date="23-10-2015 18:12:50" contact_name="(Unknown)" />
  <sms protocol="0" address="+84964386982" date="1445598782604" type="1" subject="null" body="bac gui cho em 4 tin" toa="null" sc_toa="null" service_center="null" read="1" status="-1" locked="0" date_sent="0" readable_date="23-10-2015 18:13:02" contact_name="A Duc" />
  <sms protocol="0" address="0979399373" date="1445598792593" type="2" subject="null" body="Nhan 1 tin.. HET LO" toa="null" sc_toa="null" service_center="null" read="1" status="0" locked="0" date_sent="0" readable_date="23-10-2015 18:13:12" contact_name="A Tung Thuy?" />
  <sms protocol="0" address="0983099345" date="1445598794094" type="2" subject="null" body="Nhan 2 tin.. HET LO" toa="null" sc_toa="null" service_center="null" read="1" status="0" locked="0" date_sent="0" readable_date="23-10-2015 18:13:14" contact_name="Viet Bo" />
  <sms protocol="0" address="01678171621" date="1445598797091" type="2" subject="null" body="Nhan 1 tin.. HET LO" toa="null" sc_toa="null" service_center="null" read="1" status="32" locked="0" date_sent="0" readable_date="23-10-2015 18:13:17" contact_name="Minh Huan" />
  <sms protocol="0" address="01678171621" date="1445598797222" type="2" subject="null" body="Nhan 1 tin.. HET LO" toa="null" sc_toa="null" service_center="null" read="1" status="32" locked="0" date_sent="0" readable_date="23-10-2015 18:13:17" contact_name="Minh Huan" />
  <sms protocol="0" address="0973836212" date="1445598798595" type="2" subject="null" body="Nhan 2 tin.so tin cuoi:2.. HET LO" toa="null" sc_toa="null" service_center="null" read="1" status="0" locked="0" date_sent="0" readable_date="23-10-2015 18:13:18" contact_name="Tien Em" />
  <sms protocol="0" address="0973836212" date="1445598798699" type="2" subject="null" body="Nhan 2 tin.so tin cuoi:2.. HET LO" toa="null" sc_toa="null" service_center="null" read="1" status="0" locked="0" date_sent="0" readable_date="23-10-2015 18:13:18" contact_name="Tien Em" />
  <sms protocol="0" address="0977655973" date="1445598800149" type="2" subject="null" body="Nhan 1 tin.. HET LO" toa="null" sc_toa="null" service_center="null" read="1" status="0" locked="0" date_sent="0" readable_date="23-10-2015 18:13:20" contact_name="A Su Cong Tinh Uy" />
  <sms protocol="0" address="0968193922" date="1445598801660" type="2" subject="null" body="Nhan 1 tin.. HET LO" toa="null" sc_toa="null" service_center="null" read="1" status="32" locked="0" date_sent="0" readable_date="23-10-2015 18:13:21" contact_name="(Unknown)" />
  <sms protocol="0" address="0977655973" date="1445598816660" type="2" subject="null" body="Nhan 1 tin.. HET LO" toa="null" sc_toa="null" service_center="null" read="1" status="32" locked="0" date_sent="0" readable_date="23-10-2015 18:13:36" contact_name="A Su Cong Tinh Uy" />
  <sms protocol="0" address="0968193922" date="1445598819118" type="2" subject="null" body="Nhan 1 tin.. HET LO" toa="null" sc_toa="null" service_center="null" read="1" status="0" locked="0" date_sent="0" readable_date="23-10-2015 18:13:39" contact_name="(Unknown)" />
  <sms protocol="0" address="+841677281854" date="1445598831320" type="1" subject="null" body="Nhan 6 tin.so tin cuoi:6." toa="null" sc_toa="null" service_center="+84980200613" read="1" status="-1" locked="0" date_sent="1445598824000" readable_date="23-10-2015 18:13:51" contact_name="(Unknown)" />
  <sms protocol="0" address="01677281854" date="1445598838284" type="2" subject="null" body="Tin7: de:06,09,10,12,15,19,21,25,26,28,39,40,46,47,51,52,53,56,59,60,62,64,68,69,74,76,79,80,81,82,90,91,92,93,95,96x100n." toa="null" sc_toa="null" service_center="null" read="1" status="0" locked="0" date_sent="0" readable_date="23-10-2015 18:13:58" contact_name="(Unknown)" />
  <sms protocol="0" address="01685897838" date="1445598840226" type="2" subject="null" body="Nhan 7 tin.. HET LO" toa="null" sc_toa="null" service_center="null" read="1" status="0" locked="0" date_sent="0" readable_date="23-10-2015 18:14:00" contact_name="Chi H. v. b" />
  <sms protocol="0" address="+841677281854" date="1445598856816" type="1" subject="null" body="Nhan 7 tin.so tin cuoi:7." toa="null" sc_toa="null" service_center="null" read="1" status="-1" locked="0" date_sent="0" readable_date="23-10-2015 18:14:16" contact_name="(Unknown)" />
  <sms protocol="0" address="+841685897838" date="1445598895791" type="1" subject="null" body="Ba.cang.356.723.835.183..181.794.168.x100n" toa="null" sc_toa="null" service_center="null" read="1" status="-1" locked="0" date_sent="0" readable_date="23-10-2015 18:14:55" contact_name="Chi H. v. b" />
  <sms protocol="0" address="01685897838" date="1445598900592" type="2" subject="null" body="Nhan 8 tin." toa="null" sc_toa="null" service_center="null" read="1" status="0" locked="0" date_sent="0" readable_date="23-10-2015 18:15:00" contact_name="Chi H. v. b" />
  <sms protocol="0" address="0964386982" date="1445598917103" type="2" subject="null" body="Tin 5: Ba cang:168,181,183,356,723,794,835x50n." toa="null" sc_toa="null" service_center="null" read="1" status="32" locked="0" date_sent="0" readable_date="23-10-2015 18:15:17" contact_name="A Duc" />
  <sms protocol="0" address="0983650782" date="1445598927590" type="2" subject="null" body="Tin 5: Ba cang:168,181,183,356,723,794,835x50n." toa="null" sc_toa="null" service_center="null" read="1" status="0" locked="0" date_sent="0" readable_date="23-10-2015 18:15:27" contact_name="A T 782 Lv" />
  <sms protocol="0" address="+84983650782" date="1445598963069" type="1" subject="null" body="Em gui cho Anh 5 tin" toa="null" sc_toa="null" service_center="null" read="1" status="-1" locked="0" date_sent="0" readable_date="23-10-2015 18:16:03" contact_name="A T 782 Lv" />
  <sms protocol="0" address="+84964386982" date="1445599016337" type="1" subject="null" body="bac gui cho em 5 tin" toa="null" sc_toa="null" service_center="null" read="1" status="-1" locked="0" date_sent="0" readable_date="23-10-2015 18:16:56" contact_name="A Duc" />
  <sms protocol="0" address="0979399373" date="1445599313105" type="2" subject="null" body="Nhan 1 tin.. HET DE" toa="null" sc_toa="null" service_center="null" read="1" status="32" locked="0" date_sent="0" readable_date="23-10-2015 18:21:53" contact_name="A Tung Thuy?" />
  <sms protocol="0" address="0983099345" date="1445599314598" type="2" subject="null" body="Nhan 2 tin.. HET DE" toa="null" sc_toa="null" service_center="null" read="1" status="32" locked="0" date_sent="0" readable_date="23-10-2015 18:21:54" contact_name="Viet Bo" />
  <sms protocol="0" address="01685897838" date="1445599316088" type="2" subject="null" body="Nhan 8 tin.. HET DE" toa="null" sc_toa="null" service_center="null" read="1" status="0" locked="0" date_sent="0" readable_date="23-10-2015 18:21:56" contact_name="Chi H. v. b" />
  <sms protocol="0" address="01678171621" date="1445599317599" type="2" subject="null" body="Nhan 1 tin.. HET DE" toa="null" sc_toa="null" service_center="null" read="1" status="0" locked="0" date_sent="0" readable_date="23-10-2015 18:21:57" contact_name="Minh Huan" />
  <sms protocol="0" address="0973836212" date="1445599319089" type="2" subject="null" body="Nhan 2 tin.so tin cuoi:2.. HET DE" toa="null" sc_toa="null" service_center="null" read="1" status="0" locked="0" date_sent="0" readable_date="23-10-2015 18:21:59" contact_name="Tien Em" />
  <sms protocol="0" address="0977655973" date="1445599320589" type="2" subject="null" body="Nhan 1 tin.. HET DE" toa="null" sc_toa="null" service_center="null" read="1" status="32" locked="0" date_sent="0" readable_date="23-10-2015 18:22:00" contact_name="A Su Cong Tinh Uy" />
  <sms protocol="0" address="0968193922" date="1445599322091" type="2" subject="null" body="Nhan 1 tin.. HET DE" toa="null" sc_toa="null" service_center="null" read="1" status="0" locked="0" date_sent="0" readable_date="23-10-2015 18:22:02" contact_name="(Unknown)" />
  <sms protocol="0" address="997" date="1445599687429" type="2" subject="null" body="Xstd" toa="null" sc_toa="null" service_center="null" read="1" status="0" locked="0" date_sent="0" readable_date="23-10-2015 18:28:07" contact_name="(Unknown)" />
  <sms protocol="0" address="+997" date="1445599690275" type="1" subject="null" body="HP 23/10&#10;DB:62259&#10;1:83542&#10;2:60640-53049&#10;3:65632-04116-65624-63584-97059-82792&#10;4:6853-9011-0514-2250&#10;5:7912-1230-5596-6329-8839-7843&#10;6:582-976-978&#10;7:56-13-88-54" toa="null" sc_toa="null" service_center="+84980200604" read="0" status="-1" locked="0" date_sent="1445599687000" readable_date="23-10-2015 18:28:10" contact_name="(Unknown)" />
  <sms protocol="0" address="+84964386982" date="1445599765064" type="1" subject="null" body="Ngay:23/10/2015&#10;bac chuyen cho em&#10;De:43770,0=31295,6n&#10;3Cang:350,0=252,0n&#10;Xien:10,0=60,0n&#10;Th de:700,0=49000,0n&#10;em bu cho bac:17392,4n&#10;" toa="null" sc_toa="null" service_center="null" read="1" status="-1" locked="0" date_sent="0" readable_date="23-10-2015 18:29:25" contact_name="A Duc" />
  <sms protocol="0" address="0983650782" date="1445599799089" type="2" subject="null" body="Ngay:23/10/2015&#13;&#10;em chuyen cho anh&#13;&#10;Lo:346,0=7508,2n&#13;&#10;3Cang:510,0=336,6n&#13;&#10;Xien:125,0=750,0n&#13;&#10;Thuong lo:57,0=4560,0n&#13;&#10;em bu cho anh:4034,8n&#13;&#10;" toa="null" sc_toa="null" service_center="null" read="1" status="0" locked="0" date_sent="0" readable_date="23-10-2015 18:29:59" contact_name="A T 782 Lv" />
  <sms protocol="0" address="01677281854" date="1445599803591" type="2" subject="null" body="Ngay:23/10/2015&#13;&#10;chau chuyen cho co&#13;&#10;De:70980,0=51105,6n&#13;&#10;Lo:1660,0=36022,0n&#13;&#10;Thuong de:100,0=7000,0n&#13;&#10;Thuong lo:385,0=30800,0n&#13;&#10;chau bu cho co:49327,6n&#13;&#10;" toa="null" sc_toa="null" service_center="null" read="1" status="0" locked="0" date_sent="0" readable_date="23-10-2015 18:30:03" contact_name="(Unknown)" />
  <sms protocol="0" address="0968193922" date="1445599809591" type="2" subject="null" body="Ngay:23/10/2015&#13;&#10;chị chuyen cho EM&#13;&#10;Xien:7,0=47,6n&#13;&#10;chị bu cho EM:47,6n&#13;&#10;" toa="null" sc_toa="null" service_center="null" read="1" status="0" locked="0" date_sent="0" readable_date="23-10-2015 18:30:09" contact_name="(Unknown)" />
  <sms protocol="0" address="+841677281854" date="1445599816360" type="1" subject="null" body="Ngay:23/10/2015&#10;chau chuyen cho co&#10;De:70980,0=51105,6n&#10;Lo:1660,0=36022,0n&#10;Th de:100,0=7000,0n&#10;Th lo:385,0=30800,0n&#10;chau bu cho co:49327,6n&#10;" toa="null" sc_toa="null" service_center="null" read="1" status="-1" locked="0" date_sent="0" readable_date="23-10-2015 18:30:16" contact_name="(Unknown)" />
  <sms protocol="0" address="01678171621" date="1445599827596" type="2" subject="null" body="Ngay:23/10/2015&#13;&#10;cau chuyen cho to&#13;&#10;Lo:150,0=3300,0n&#13;&#10;Xien:50,0=350,0n&#13;&#10;Th lo:30,0=2400,0n&#13;&#10;cau bu cho to:1250,0n&#13;&#10;" toa="null" sc_toa="null" service_center="null" read="1" status="0" locked="0" date_sent="0" readable_date="23-10-2015 18:30:27" contact_name="Minh Huan" />
  <sms protocol="0" address="0983099345" date="1445599835094" type="2" subject="null" body="Ngay:23/10/2015&#13;&#10;Ban chuyen cho toi&#13;&#10;De:1600,0=1168,0n&#13;&#10;Lo:235,0=5123,0n&#13;&#10;Th lo:10,0=800,0n&#13;&#10;Ban bu cho toi:5491,0n&#13;&#10;" toa="null" sc_toa="null" service_center="null" read="1" status="32" locked="0" date_sent="0" readable_date="23-10-2015 18:30:35" contact_name="Viet Bo" />
  <sms protocol="0" address="0979399373" date="1445599839592" type="2" subject="null" body="Ngay:23/10/2015&#13;&#10;Anh chuyen cho EM&#13;&#10;Lo:20,0=440,0n&#13;&#10;Xien:10,0=75,0n&#13;&#10;Anh bu cho EM:515,0n&#13;&#10;" toa="null" sc_toa="null" service_center="null" read="1" status="32" locked="0" date_sent="0" readable_date="23-10-2015 18:30:39" contact_name="A Tung Thuy?" />
  <sms protocol="0" address="0977655973" date="1445599845593" type="2" subject="null" body="Ngay:23/10/2015&#13;&#10;BAC chuyen cho EM&#13;&#10;De:860,0=688,0n&#13;&#10;Lo:35,0=787,5n&#13;&#10;3Cang:40,0=28,8n&#13;&#10;Th lo:35,0=2800,0n&#13;&#10;EM bu cho BAC:1295,7n&#13;&#10;" toa="null" sc_toa="null" service_center="null" read="1" status="0" locked="0" date_sent="0" readable_date="23-10-2015 18:30:45" contact_name="A Su Cong Tinh Uy" />
  <sms protocol="0" address="01685897838" date="1445599856094" type="2" subject="null" body="Ngay:23/10/2015&#13;&#10;chi chuyen cho EM&#13;&#10;De:111790,0=80488,8n&#13;&#10;Lo:1381,0=30036,8n&#13;&#10;3Cang:820,0=582,2n&#13;&#10;Xien:68,0=455,6n&#13;&#10;Th de:800,0=56000,0n&#13;&#10;Th lo:367,0=29360,0n&#13;&#10;chi bu cho EM:26203,4n&#13;&#10;" toa="null" sc_toa="null" service_center="null" read="1" status="0" locked="0" date_sent="0" readable_date="23-10-2015 18:30:56" contact_name="Chi H. v. b" />
  <sms protocol="0" address="0973836212" date="1445599862091" type="2" subject="null" body="Ngay:23/10/2015&#13;&#10;may chuyen cho tao&#13;&#10;De:500,0=375,0n&#13;&#10;Lo:185,0=4051,5n&#13;&#10;may bu cho tao:4426,5n&#13;&#10;" toa="null" sc_toa="null" service_center="null" read="1" status="0" locked="0" date_sent="0" readable_date="23-10-2015 18:31:02" contact_name="Tien Em" />
  <sms protocol="0" address="0964386982" date="1445599895760" type="2" subject="null" body="Ngay:23/10/2015&#13;&#10;em chuyen cho anh&#13;&#10;De:43770,0=31295,6n&#13;&#10;3Cang:350,0=252,0n&#13;&#10;Xien:10,0=60,0n&#13;&#10;Thuong de:700,0=49000,0n&#13;&#10;anh bu cho em:17392,4n&#13;&#10;" toa="null" sc_toa="null" service_center="null" read="1" status="0" locked="0" date_sent="0" readable_date="23-10-2015 18:31:35" contact_name="A Duc" />
  <sms protocol="0" address="+84983650782" date="1445599903554" type="1" subject="null" body="Ngay:23/10/2015&#10;Em chuyen cho Anh&#10;Lo:346,0=7508,2n&#10;3Cang:510,0=336,6n&#10;Xien:125,0=750,0n&#10;Th lo:57,0=4560,0n&#10;Em bu cho Anh:4034,8n" toa="null" sc_toa="null" service_center="+84980200613" read="1" status="-1" locked="0" date_sent="1445599901000" readable_date="23-10-2015 18:31:43" contact_name="A T 782 Lv" />
  <sms protocol="0" address="+84983650782" date="1445599954665" type="1" subject="null" body="Tinh den het ngay:22/10/15 Anh thu 6469n&#10;Ngay:23/10/15 Em-700n +7000n -4034n &#10;Tong cong: Anh thu 4203" toa="null" sc_toa="null" service_center="null" read="1" status="-1" locked="0" date_sent="0" readable_date="23-10-2015 18:32:34" contact_name="A T 782 Lv" />
  <sms protocol="0" address="+84983099345" date="1445600004047" type="2" subject="null" body="chi bu cho EM:26203,4n&#13;&#10;T thu 26173&#10;" toa="null" sc_toa="null" service_center="null" read="1" status="0" locked="0" date_sent="0" readable_date="23-10-2015 18:33:24" contact_name="Viet Bo" />
  <sms protocol="0" address="01677281854" date="1445600209223" type="2" subject="null" body="Tinh den het ngay:22/10/15 chau bu 20004n&#13;&#10;Ngay:23/10/15 co-15004n -30000n +49327n &#13;&#10;Tong cong: chau bu 24327" toa="null" sc_toa="null" service_center="null" read="1" status="0" locked="0" date_sent="0" readable_date="23-10-2015 18:36:49" contact_name="(Unknown)" />
  <sms protocol="0" address="0964386982" date="1445600257593" type="2" subject="null" body="Tinh den het ngay:22/10/15 em bu 27207n&#13;&#10;Ngay:23/10/15 anh-17207n -17392n &#13;&#10;Tong cong: em thu 7392" toa="null" sc_toa="null" service_center="null" read="1" status="0" locked="0" date_sent="0" readable_date="23-10-2015 18:37:37" contact_name="A Duc" />
  <sms protocol="0" address="0977655973" date="1445600264886" type="2" subject="null" body="Tinh den het ngay:22/10/15 EM thu 4621n&#13;&#10;Ngay:23/10/15 BAC+1295n &#13;&#10;Tong cong: EM thu 3326" toa="null" sc_toa="null" service_center="null" read="1" status="0" locked="0" date_sent="0" readable_date="23-10-2015 18:37:44" contact_name="A Su Cong Tinh Uy" />
  <sms protocol="0" address="0979399373" date="1445600271251" type="2" subject="null" body="Tinh den het ngay:22/10/15 EM thu 2277n&#13;&#10;Ngay:23/10/15 Anh+2200n -515n &#13;&#10;Tong cong: EM thu 592" toa="null" sc_toa="null" service_center="null" read="1" status="0" locked="0" date_sent="0" readable_date="23-10-2015 18:37:51" contact_name="A Tung Thuy?" />
  <sms protocol="0" address="0983099345" date="1445600280764" type="2" subject="null" body="Tinh den het ngay:22/10/15 toi thu 98802n&#13;&#10;Ngay:23/10/15 Ban+10200n +7000n +45000n -5491n -26173n &#13;&#10;Tong cong: toi thu 68266" toa="null" sc_toa="null" service_center="null" read="1" status="32" locked="0" date_sent="0" readable_date="23-10-2015 18:38:00" contact_name="Viet Bo" />
  <sms protocol="0" address="0983650782" date="1445600294226" type="2" subject="null" body="Tinh den het ngay:22/10/15 em bu 6469n&#13;&#10;Ngay:23/10/15 anh+700n -7000n +4034n &#13;&#10;Tong cong: em bu 4203" toa="null" sc_toa="null" service_center="null" read="1" status="0" locked="0" date_sent="0" readable_date="23-10-2015 18:38:14" contact_name="A T 782 Lv" />
</smses>