<?xml version='1.0' encoding='UTF-8' standalone='yes' ?>
<!--File Created By SMS Backup & Restore Pro v7.21 on 24/10/2015 20:23:25-->
<?xml-stylesheet type="text/xsl" href="sms.xsl"?>
<smses count="78">
  <sms protocol="0" address="+841685410901" date="1445673924429" type="1" subject="null" body="lô đít lẻ( 50 số) x 5diem." toa="null" sc_toa="null" service_center="+84980200623" read="1" status="-1" locked="0" date_sent="1445674041000" readable_date="24-10-2015 15:05:24" contact_name="Giang" />
  <sms protocol="0" address="+841685410901" date="1445678740539" type="2" subject="null" body="Ok" toa="null" sc_toa="null" service_center="null" read="1" status="-1" locked="0" date_sent="0" readable_date="24-10-2015 16:25:40" contact_name="Giang" />
  <sms protocol="0" address="0948723319" date="1445678754177" type="2" subject="null" body="lô đít lẻ( 50 số) x 5diem." toa="null" sc_toa="null" service_center="null" read="1" status="-1" locked="0" date_sent="0" readable_date="24-10-2015 16:25:54" contact_name="Tuyet2" />
  <sms protocol="0" address="+84948723319" date="1445678774472" type="1" subject="null" body="Ok" toa="null" sc_toa="null" service_center="+8491020005" read="1" status="-1" locked="0" date_sent="1445678856000" readable_date="24-10-2015 16:26:14" contact_name="Tuyet2" />
  <sms protocol="0" address="+841685410901" date="1445682755130" type="1" subject="null" body="de 121,272,181,787x 30.171,282,11,22,77,88x 50.010,131,141,151,161,191,202,232,242,252,262,292,070,373,474,575,676,797,080,383,484,585,686,898x 30.242,282,484,686,22,88,00,66,99x 20." toa="null" sc_toa="null" service_center="+84980200623" read="1" status="-1" locked="0" date_sent="1445682869000" readable_date="24-10-2015 17:32:35" contact_name="Giang" />
  <sms protocol="0" address="+841685410901" date="1445682769463" type="1" subject="null" body="đề dàn ko chia hết cho 3 của tổng chẵn(32so)x 30n. đề dàn ko chia hết cho 3 của tổng lẻ(35so)x 20n." toa="null" sc_toa="null" service_center="+84980200623" read="1" status="-1" locked="0" date_sent="1445682883000" readable_date="24-10-2015 17:32:49" contact_name="Giang" />
  <sms protocol="0" address="+841685410901" date="1445682770117" type="2" subject="null" body="Ok" toa="null" sc_toa="null" service_center="null" read="1" status="-1" locked="0" date_sent="0" readable_date="24-10-2015 17:32:50" contact_name="Giang" />
  <sms protocol="0" address="0948723319" date="1445682783847" type="2" subject="null" body="de 121,272,181,787x 30.171,282,11,22,77,88x 50.010,131,141,151,161,191,202,232,242,252,262,292,070,373,474,575,676,797,080,383,484,585,686,898x 30.242,282,484,686,22,88,00,66,99x 20." toa="null" sc_toa="null" service_center="null" read="1" status="-1" locked="0" date_sent="0" readable_date="24-10-2015 17:33:03" contact_name="Tuyet2" />
  <sms protocol="0" address="+841685410901" date="1445682784309" type="1" subject="null" body="đề dàn từ 1-8 của tổng chẵn(31so)x 35n. đề dàn tư 1-8 của tổng lẻ(33so)x 25n. đề 88x 500n.33,383x 100n. 3 càng 088x 50n." toa="null" sc_toa="null" service_center="+84980200623" read="1" status="-1" locked="0" date_sent="1445682901000" readable_date="24-10-2015 17:33:04" contact_name="Giang" />
  <sms protocol="0" address="+841685410901" date="1445682785171" type="2" subject="null" body="Ok" toa="null" sc_toa="null" service_center="null" read="1" status="-1" locked="0" date_sent="0" readable_date="24-10-2015 17:33:05" contact_name="Giang" />
  <sms protocol="0" address="+841685410901" date="1445682794496" type="1" subject="null" body="Kep x 200 n" toa="null" sc_toa="null" service_center="+84980200623" read="1" status="-1" locked="0" date_sent="1445682911000" readable_date="24-10-2015 17:33:14" contact_name="Giang" />
  <sms protocol="0" address="+841685410901" date="1445682811749" type="2" subject="null" body="Ok" toa="null" sc_toa="null" service_center="null" read="1" status="-1" locked="0" date_sent="0" readable_date="24-10-2015 17:33:31" contact_name="Giang" />
  <sms protocol="0" address="0948723319" date="1445682818784" type="2" subject="null" body="Kep x 200 n" toa="null" sc_toa="null" service_center="null" read="1" status="-1" locked="0" date_sent="0" readable_date="24-10-2015 17:33:38" contact_name="Tuyet2" />
  <sms protocol="0" address="0948723319" date="1445682835326" type="2" subject="null" body="đề dàn từ 1-8 của tổng chẵn(31so)x 35n. đề dàn tư 1-8 của tổng lẻ(33so)x 25n. đề 88x 500n.33,383x 100n. 3 càng 088x 50n." toa="null" sc_toa="null" service_center="null" read="1" status="-1" locked="0" date_sent="0" readable_date="24-10-2015 17:33:55" contact_name="Tuyet2" />
  <sms protocol="0" address="0948723319" date="1445682853608" type="2" subject="null" body="đề dàn ko chia hết cho 3 của tổng chẵn(32so)x 30n. đề dàn ko chia hết cho 3 của tổng lẻ(35so)x 20n." toa="null" sc_toa="null" service_center="null" read="1" status="-1" locked="0" date_sent="0" readable_date="24-10-2015 17:34:13" contact_name="Tuyet2" />
  <sms protocol="0" address="+84948723319" date="1445682894953" type="1" subject="null" body="Ok" toa="null" sc_toa="null" service_center="+8491020005" read="1" status="-1" locked="0" date_sent="1445682978000" readable_date="24-10-2015 17:34:54" contact_name="Tuyet2" />
  <sms protocol="0" address="+841662883398" date="1445683263301" type="1" subject="null" body="Kép bằng x 4tr , 11,66 x 5tr," toa="null" sc_toa="null" service_center="+84980200623" read="1" status="-1" locked="0" date_sent="1445683380000" readable_date="24-10-2015 17:41:03" contact_name="Chi Hoa" />
  <sms protocol="0" address="+841662883398" date="1445683279523" type="2" subject="null" body="Ok" toa="null" sc_toa="null" service_center="null" read="1" status="-1" locked="0" date_sent="0" readable_date="24-10-2015 17:41:19" contact_name="Chi Hoa" />
  <sms protocol="0" address="+841662883398" date="1445683283437" type="1" subject="null" body="Lô 74 x 1,000 đ" toa="null" sc_toa="null" service_center="+84980200623" read="1" status="-1" locked="0" date_sent="1445683400000" readable_date="24-10-2015 17:41:23" contact_name="Chi Hoa" />
  <sms protocol="0" address="0948723319" date="1445683289194" type="2" subject="null" body="Kép bằng x 4tr , 11,66 x 5tr," toa="null" sc_toa="null" service_center="null" read="1" status="-1" locked="0" date_sent="0" readable_date="24-10-2015 17:41:29" contact_name="Tuyet2" />
  <sms protocol="0" address="+841662883398" date="1445683303204" type="2" subject="null" body="Ok" toa="null" sc_toa="null" service_center="null" read="1" status="-1" locked="0" date_sent="0" readable_date="24-10-2015 17:41:43" contact_name="Chi Hoa" />
  <sms protocol="0" address="0948723319" date="1445683313816" type="2" subject="null" body="Lô 74 x 1,000 đ" toa="null" sc_toa="null" service_center="null" read="1" status="-1" locked="0" date_sent="0" readable_date="24-10-2015 17:41:53" contact_name="Tuyet2" />
  <sms protocol="0" address="0948723319" date="1445683480984" type="2" subject="null" body="De 272.797.x100n 898.x500n" toa="null" sc_toa="null" service_center="null" read="1" status="-1" locked="0" date_sent="0" readable_date="24-10-2015 17:44:40" contact_name="Tuyet2" />
  <sms protocol="0" address="+84948723319" date="1445683564304" type="1" subject="null" body="Ok 3" toa="null" sc_toa="null" service_center="+8491020005" read="1" status="-1" locked="0" date_sent="1445683648000" readable_date="24-10-2015 17:46:04" contact_name="Tuyet2" />
  <sms protocol="0" address="+84936789007" date="1445683813881" type="1" subject="null" body="Co gui som nhe" toa="null" sc_toa="null" service_center="+84900000066" read="1" status="-1" locked="0" date_sent="1445683932000" readable_date="24-10-2015 17:50:13" contact_name="Ha Phong" />
  <sms protocol="0" address="+84936789007" date="1445683825692" type="2" subject="null" body="Ok" toa="null" sc_toa="null" service_center="null" read="1" status="-1" locked="0" date_sent="0" readable_date="24-10-2015 17:50:25" contact_name="Ha Phong" />
  <sms protocol="0" address="+841685410901" date="1445683958843" type="1" subject="null" body="Lo 74 x 90 66 x 20 . 74 x 1000&#10;3c 128 182 x 50 &#10;De kep x 20 &#10;De 88 00 06 60 x 50 &#10;28 82 x 100&#10;33 44 x 30 " toa="null" sc_toa="null" service_center="+84980200623" read="1" status="-1" locked="0" date_sent="1445684076000" readable_date="24-10-2015 17:52:38" contact_name="Giang" />
  <sms protocol="0" address="+841685410901" date="1445683976758" type="2" subject="null" body="Ok" toa="null" sc_toa="null" service_center="null" read="1" status="-1" locked="0" date_sent="0" readable_date="24-10-2015 17:52:56" contact_name="Giang" />
  <sms protocol="0" address="0948723319" date="1445683985758" type="2" subject="null" body="Lo 74 x 90 66 x 20 . 74 x 1000&#10;3c 128 182 x 50 &#10;De kep x 20 &#10;De 88 00 06 60 x 50 &#10;28 82 x 100&#10;33 44 x 30 " toa="null" sc_toa="null" service_center="null" read="1" status="-1" locked="0" date_sent="0" readable_date="24-10-2015 17:53:05" contact_name="Tuyet2" />
  <sms protocol="0" address="+84948723319" date="1445684033347" type="1" subject="null" body="Ok" toa="null" sc_toa="null" service_center="+8491020005" read="1" status="-1" locked="0" date_sent="1445684116000" readable_date="24-10-2015 17:53:53" contact_name="Tuyet2" />
  <sms protocol="0" address="+841685410901" date="1445684265478" type="1" subject="null" body="Lo 58 x 300&#10;77 01 10 56 65  04 x 30 &#10;58 85 x 1000&#10;De 22 28 02 20 27 72 x 100" toa="null" sc_toa="null" service_center="+84980200623" read="1" status="-1" locked="0" date_sent="1445684382000" readable_date="24-10-2015 17:57:45" contact_name="Giang" />
  <sms protocol="0" address="+841685410901" date="1445684277319" type="2" subject="null" body="Ok" toa="null" sc_toa="null" service_center="null" read="1" status="-1" locked="0" date_sent="0" readable_date="24-10-2015 17:57:57" contact_name="Giang" />
  <sms protocol="0" address="0948723319" date="1445684288486" type="2" subject="null" body="Lo 58 x 300&#10;77 01 10 56 65  04 x 30 &#10;58 85 x 1000&#10;De 22 28 02 20 27 72 x 100" toa="null" sc_toa="null" service_center="null" read="1" status="-1" locked="0" date_sent="0" readable_date="24-10-2015 17:58:08" contact_name="Tuyet2" />
  <sms protocol="0" address="+841685410901" date="1445684299228" type="1" subject="null" body="Lo 01 x 300" toa="null" sc_toa="null" service_center="+84980200623" read="1" status="-1" locked="0" date_sent="1445684416000" readable_date="24-10-2015 17:58:19" contact_name="Giang" />
  <sms protocol="0" address="+841685410901" date="1445684307750" type="2" subject="null" body="Ok" toa="null" sc_toa="null" service_center="null" read="1" status="-1" locked="0" date_sent="0" readable_date="24-10-2015 17:58:27" contact_name="Giang" />
  <sms protocol="0" address="0948723319" date="1445684313817" type="2" subject="null" body="Lo 01 x 300" toa="null" sc_toa="null" service_center="null" read="1" status="-1" locked="0" date_sent="0" readable_date="24-10-2015 17:58:33" contact_name="Tuyet2" />
  <sms protocol="0" address="+84948723319" date="1445684346501" type="1" subject="null" body="Ok" toa="null" sc_toa="null" service_center="+8491020005" read="1" status="-1" locked="0" date_sent="1445684430000" readable_date="24-10-2015 17:59:06" contact_name="Tuyet2" />
  <sms protocol="0" address="+84988526751" date="1445684365149" type="1" subject="null" body="lo 74x5000d" toa="null" sc_toa="null" service_center="+84980200605" read="1" status="-1" locked="0" date_sent="1445684482000" readable_date="24-10-2015 17:59:25" contact_name="Giang1" />
  <sms protocol="0" address="+84988526751" date="1445684376106" type="2" subject="null" body="Ok" toa="null" sc_toa="null" service_center="null" read="1" status="-1" locked="0" date_sent="0" readable_date="24-10-2015 17:59:36" contact_name="Giang1" />
  <sms protocol="0" address="+84936789007" date="1445684399900" type="2" subject="null" body="Lo 74x3000d" toa="null" sc_toa="null" service_center="null" read="1" status="-1" locked="0" date_sent="0" readable_date="24-10-2015 17:59:59" contact_name="Ha Phong" />
  <sms protocol="0" address="01678838814" date="1445684421123" type="2" subject="null" body="Lo 74x2000d" toa="null" sc_toa="null" service_center="null" read="1" status="-1" locked="0" date_sent="0" readable_date="24-10-2015 18:00:21" contact_name="Vo Anh Thai" />
  <sms protocol="0" address="+84936789007" date="1445684432968" type="1" subject="null" body="Ok" toa="null" sc_toa="null" service_center="+84900000066" read="1" status="-1" locked="0" date_sent="1445684538000" readable_date="24-10-2015 18:00:32" contact_name="Ha Phong" />
  <sms protocol="0" address="+841694299136" date="1445684648735" type="1" subject="null" body="Lo 65.55.33.66.87.95.01.474.979.70.606.08.52.20.27.73.898.68.22.x250d.de 89x25tr.de 080.686.787.98.272.292.262x2tr.de kep =x6tr." toa="null" sc_toa="null" service_center="+84980200613" read="1" status="-1" locked="0" date_sent="1445684766000" readable_date="24-10-2015 18:04:08" contact_name="Công7" />
  <sms protocol="0" address="+841678838814" date="1445684653856" type="1" subject="null" body="Ok1" toa="null" sc_toa="null" service_center="+84980200605" read="1" status="-1" locked="0" date_sent="1445684768000" readable_date="24-10-2015 18:04:13" contact_name="Vo Anh Thai" />
  <sms protocol="0" address="+841694299136" date="1445684664454" type="2" subject="null" body="Ok" toa="null" sc_toa="null" service_center="null" read="1" status="-1" locked="0" date_sent="0" readable_date="24-10-2015 18:04:24" contact_name="Công7" />
  <sms protocol="0" address="01678838814" date="1445684685495" type="2" subject="null" body="Lo 65.55.33.66.87.95.01.474.979.70.606.08.52.20.27.73.898.68.22.x250d.de 89x25tr.de 080.686.787.98.272.292.262x2tr.de kep =x6tr." toa="null" sc_toa="null" service_center="null" read="1" status="-1" locked="0" date_sent="0" readable_date="24-10-2015 18:04:45" contact_name="Vo Anh Thai" />
  <sms protocol="0" address="+841685410901" date="1445684732586" type="1" subject="null" body="đjt 8x200, .383x200, 77 88 22x 500, kep x 300" toa="null" sc_toa="null" service_center="+84980200623" read="1" status="-1" locked="0" date_sent="1445684849000" readable_date="24-10-2015 18:05:32" contact_name="Giang" />
  <sms protocol="0" address="+841685410901" date="1445684744340" type="2" subject="null" body="Ok" toa="null" sc_toa="null" service_center="null" read="1" status="-1" locked="0" date_sent="0" readable_date="24-10-2015 18:05:44" contact_name="Giang" />
  <sms protocol="0" address="0948723319" date="1445684752070" type="2" subject="null" body="đjt 8x200, .383x200, 77 88 22x 500, kep x 300" toa="null" sc_toa="null" service_center="null" read="1" status="-1" locked="0" date_sent="0" readable_date="24-10-2015 18:05:52" contact_name="Tuyet2" />
  <sms protocol="0" address="+841678838814" date="1445684752098" type="1" subject="null" body="Ok2" toa="null" sc_toa="null" service_center="+84980200605" read="1" status="-1" locked="0" date_sent="1445684871000" readable_date="24-10-2015 18:05:52" contact_name="Vo Anh Thai" />
  <sms protocol="0" address="+841685410901" date="1445684809808" type="1" subject="null" body="Lo 59 92 86  x 300&#10;95 x 1000&#10;29 82 89 98 x 200&#10;99 58 69 94 x 100 &#10;28 x 500" toa="null" sc_toa="null" service_center="+84980200623" read="1" status="-1" locked="0" date_sent="1445684927000" readable_date="24-10-2015 18:06:49" contact_name="Giang" />
  <sms protocol="0" address="+84948723319" date="1445684817537" type="1" subject="null" body="Ok" toa="null" sc_toa="null" service_center="+8491020005" read="1" status="-1" locked="0" date_sent="1445684901000" readable_date="24-10-2015 18:06:57" contact_name="Tuyet2" />
  <sms protocol="0" address="+841685410901" date="1445684818803" type="2" subject="null" body="Ok" toa="null" sc_toa="null" service_center="null" read="1" status="-1" locked="0" date_sent="0" readable_date="24-10-2015 18:06:58" contact_name="Giang" />
  <sms protocol="0" address="0948723319" date="1445684829539" type="2" subject="null" body="Lo 59 92 86  x 300&#10;95 x 1000&#10;29 82 89 98 x 200&#10;99 58 69 94 x 100 &#10;28 x 500" toa="null" sc_toa="null" service_center="null" read="1" status="-1" locked="0" date_sent="0" readable_date="24-10-2015 18:07:09" contact_name="Tuyet2" />
  <sms protocol="0" address="+841685410901" date="1445684836563" type="1" subject="null" body="Lo 22 x 400, 74 x 300 " toa="null" sc_toa="null" service_center="+84980200623" read="1" status="-1" locked="0" date_sent="1445684953000" readable_date="24-10-2015 18:07:16" contact_name="Giang" />
  <sms protocol="0" address="+841685410901" date="1445684844508" type="2" subject="null" body="Ok" toa="null" sc_toa="null" service_center="null" read="1" status="-1" locked="0" date_sent="0" readable_date="24-10-2015 18:07:24" contact_name="Giang" />
  <sms protocol="0" address="0948723319" date="1445684852484" type="2" subject="null" body="Lo 22 x 400, 74 x 300 " toa="null" sc_toa="null" service_center="null" read="1" status="-1" locked="0" date_sent="0" readable_date="24-10-2015 18:07:32" contact_name="Tuyet2" />
  <sms protocol="0" address="+84948723319" date="1445684852502" type="1" subject="null" body="Ok" toa="null" sc_toa="null" service_center="+8491020005" read="1" status="-1" locked="0" date_sent="1445684938000" readable_date="24-10-2015 18:07:32" contact_name="Tuyet2" />
  <sms protocol="0" address="+84948723319" date="1445684888238" type="1" subject="null" body="Ok" toa="null" sc_toa="null" service_center="+8491020005" read="1" status="-1" locked="0" date_sent="1445684970000" readable_date="24-10-2015 18:08:08" contact_name="Tuyet2" />
  <sms protocol="0" address="+841685410901" date="1445684901463" type="1" subject="null" body="Lo 59 x 1000&#10;95 x 3000 &#10;29 92 x 500" toa="null" sc_toa="null" service_center="+84980200623" read="1" status="-1" locked="0" date_sent="1445685015000" readable_date="24-10-2015 18:08:21" contact_name="Giang" />
  <sms protocol="0" address="+841685410901" date="1445684910004" type="2" subject="null" body="Ok" toa="null" sc_toa="null" service_center="null" read="1" status="-1" locked="0" date_sent="0" readable_date="24-10-2015 18:08:30" contact_name="Giang" />
  <sms protocol="0" address="0948723319" date="1445684918518" type="2" subject="null" body="Lo 59 x 1000&#10;95 x 3000 &#10;29 92 x 500" toa="null" sc_toa="null" service_center="null" read="1" status="-1" locked="0" date_sent="0" readable_date="24-10-2015 18:08:38" contact_name="Tuyet2" />
  <sms protocol="0" address="+841685410901" date="1445685019186" type="1" subject="null" body="De 01 x 300&#10;10 x 100&#10;Lo 31 x 50 " toa="null" sc_toa="null" service_center="+84980200623" read="1" status="-1" locked="0" date_sent="1445685134000" readable_date="24-10-2015 18:10:19" contact_name="Giang" />
  <sms protocol="0" address="0948723319" date="1445685021861" type="2" subject="null" body="de 89x25tr.de 080.686.787.98.272.292.262x2tr.de kep =x500n" toa="null" sc_toa="null" service_center="null" read="1" status="-1" locked="0" date_sent="0" readable_date="24-10-2015 18:10:21" contact_name="Tuyet2" />
  <sms protocol="0" address="+841685410901" date="1445685029578" type="2" subject="null" body="Ok" toa="null" sc_toa="null" service_center="null" read="1" status="-1" locked="0" date_sent="0" readable_date="24-10-2015 18:10:29" contact_name="Giang" />
  <sms protocol="0" address="0948723319" date="1445685037156" type="2" subject="null" body="De 01 x 300&#10;10 x 100&#10;Lo 31 x 50 " toa="null" sc_toa="null" service_center="null" read="1" status="-1" locked="0" date_sent="0" readable_date="24-10-2015 18:10:37" contact_name="Tuyet2" />
  <sms protocol="0" address="+84948723319" date="1445685058854" type="1" subject="null" body="Ok" toa="null" sc_toa="null" service_center="+8491020005" read="1" status="-1" locked="0" date_sent="1445685069000" readable_date="24-10-2015 18:10:58" contact_name="Tuyet2" />
  <sms protocol="0" address="+84948723319" date="1445685087928" type="1" subject="null" body="Ok" toa="null" sc_toa="null" service_center="+8491020005" read="1" status="-1" locked="0" date_sent="1445685170000" readable_date="24-10-2015 18:11:27" contact_name="Tuyet2" />
  <sms protocol="0" address="+841685410901" date="1445685251246" type="1" subject="null" body="De 181 171 22 11 88 00 64 x 300, kep x 300" toa="null" sc_toa="null" service_center="+84980200623" read="1" status="-1" locked="0" date_sent="1445685369000" readable_date="24-10-2015 18:14:11" contact_name="Giang" />
  <sms protocol="0" address="+841685410901" date="1445685259144" type="2" subject="null" body="Ok" toa="null" sc_toa="null" service_center="null" read="1" status="-1" locked="0" date_sent="0" readable_date="24-10-2015 18:14:19" contact_name="Giang" />
  <sms protocol="0" address="0948723319" date="1445685266742" type="2" subject="null" body="De 181 171 22 11 88 00 64 x 300, kep x 300" toa="null" sc_toa="null" service_center="null" read="1" status="-1" locked="0" date_sent="0" readable_date="24-10-2015 18:14:26" contact_name="Tuyet2" />
  <sms protocol="0" address="+841694299136" date="1445685270111" type="1" subject="null" body="DE 282.202.252.696.585.060.565.767.X1TR.DE 959.101.505.090.171.161.575.797.191.121.151.181.X800N.DE 22.66.88.55X5TR.DE 99.33.96X3TR" toa="null" sc_toa="null" service_center="+84980200613" read="1" status="-1" locked="0" date_sent="1445685387000" readable_date="24-10-2015 18:14:30" contact_name="Công7" />
  <sms protocol="0" address="+841694299136" date="1445685281113" type="2" subject="null" body="Ok" toa="null" sc_toa="null" service_center="null" read="1" status="-1" locked="0" date_sent="0" readable_date="24-10-2015 18:14:41" contact_name="Công7" />
  <sms protocol="0" address="0948723319" date="1445685291235" type="2" subject="null" body="DE 282.202.252.696.585.060.565.767.X1TR.DE 959.101.505.090.171.161.575.797.191.121.151.181.X800N.DE 22.66.88.55X5TR.DE 99.33.96X3TR" toa="null" sc_toa="null" service_center="null" read="1" status="-1" locked="0" date_sent="0" readable_date="24-10-2015 18:14:51" contact_name="Tuyet2" />
  <sms protocol="0" address="+84948723319" date="1445685301385" type="1" subject="null" body="Ok" toa="null" sc_toa="null" service_center="+8491020005" read="1" status="-1" locked="0" date_sent="1445685386000" readable_date="24-10-2015 18:15:01" contact_name="Tuyet2" />
  <sms protocol="0" address="997" date="1445687807309" type="2" subject="null" body="Kqsxmb" toa="null" sc_toa="null" service_center="null" read="1" status="-1" locked="0" date_sent="0" readable_date="24-10-2015 18:56:47" contact_name="(Unknown)" />
  <sms protocol="0" address="997" date="1445687813356" type="1" subject="null" body="MB 24/10&#10;DB:21494&#10;1:06380&#10;2:26701-34615&#10;3:26160-14566-34597-33150-15269-34320&#10;4:4659-5479-1525-2129&#10;5:0074-6610-1621-1249-1369-9492&#10;6:933-728-875&#10;7:23-27-22-32" toa="null" sc_toa="null" service_center="+8491020446" read="1" status="-1" locked="0" date_sent="1445687897000" readable_date="24-10-2015 18:56:53" contact_name="(Unknown)" />
  <sms protocol="0" address="+84948723319" date="1445690297823" type="1" subject="null" body="De 194570/20 lo 14490/6845 chi +95647-858=+94789-214851=-120062" toa="null" sc_toa="null" service_center="null" read="1" status="-1" locked="0" date_sent="0" readable_date="24-10-2015 19:38:17" contact_name="Tuyet2" />
</smses>