<?xml version='1.0' encoding='UTF-8' standalone='yes' ?>
<!--File Created By SMS Backup & Restore Pro v7.21 on 25/10/2015 10:15:43-->
<?xml-stylesheet type="text/xsl" href="sms.xsl"?>
<smses count="125">
  <sms protocol="0" address="109" date="1445682042596" type="2" subject="null" body="Vt100" toa="null" sc_toa="null" service_center="null" read="1" status="0" locked="0" date_sent="0" readable_date="24-10-2015 17:20:42" contact_name="(Unknown)" />
  <sms protocol="0" address="109" date="1445682068626" type="1" subject="null" body="Quy khach da dang ky thanh cong goi cuoc VT100, Viettel tru 2.500d phi tham gia va 100d phi dang ky vao TK goc. Quy khach co 200 tin nhan noi mang va cuoc goi noi mang giam con 200d/phut tru tai khoan goc. KM ap dung den 24h ngay 24/10/2015. De kiem tra so tin nhan con lai, soan KT100 gui 109 (100d/tin). Chi tiet lien he 19008198 (200d/p). Tran trong." toa="null" sc_toa="null" service_center="+84980200604" read="1" status="-1" locked="0" date_sent="1445682053000" readable_date="24-10-2015 17:21:08" contact_name="(Unknown)" />
  <sms protocol="0" address="+84983099345" date="1445682576728" type="1" subject="null" body="Lô 25,52x100đ. Đề 09,29x500n" toa="null" sc_toa="null" service_center="+84980200613" read="1" status="-1" locked="0" date_sent="1445682576000" readable_date="24-10-2015 17:29:36" contact_name="Viet Bo" />
  <sms protocol="0" address="+84983099345" date="1445682665638" type="1" subject="null" body="lô .292 x5d 252 82 69 07 x5d" toa="null" sc_toa="null" service_center="null" read="1" status="-1" locked="0" date_sent="0" readable_date="24-10-2015 17:31:05" contact_name="Viet Bo" />
  <sms protocol="0" address="0983099345" date="1445682817117" type="2" subject="null" body="Nhan 4 tin." toa="null" sc_toa="null" service_center="null" read="1" status="0" locked="0" date_sent="0" readable_date="24-10-2015 17:33:37" contact_name="Viet Bo" />
  <sms protocol="0" address="0983099345" date="1445682830617" type="2" subject="null" body="Nhan 2 tin." toa="null" sc_toa="null" service_center="null" read="1" status="0" locked="0" date_sent="0" readable_date="24-10-2015 17:33:50" contact_name="Viet Bo" />
  <sms protocol="0" address="+84973836212" date="1445683165640" type="1" subject="null" body="T1 lo 52,55x5d đe kbx80n" toa="null" sc_toa="null" service_center="null" read="1" status="-1" locked="0" date_sent="0" readable_date="24-10-2015 17:39:25" contact_name="Tien Em" />
  <sms protocol="0" address="0973836212" date="1445683270121" type="2" subject="null" body="Nhan 1 tin.so tin cuoi:1." toa="null" sc_toa="null" service_center="null" read="1" status="0" locked="0" date_sent="0" readable_date="24-10-2015 17:41:10" contact_name="Tien Em" />
  <sms protocol="0" address="+841685897838" date="1445683646696" type="1" subject="null" body="Xjen 15.05x10d.37.6615x10d.15.66x20d.70.37.66x10d.66.10.x10d.55.66x10d." toa="null" sc_toa="null" service_center="null" read="1" status="-1" locked="0" date_sent="0" readable_date="24-10-2015 17:47:26" contact_name="Chi H. v. b" />
  <sms protocol="0" address="01685897838" date="1445683660107" type="2" subject="null" body="Nhan 1 tin." toa="null" sc_toa="null" service_center="null" read="1" status="0" locked="0" date_sent="0" readable_date="24-10-2015 17:47:40" contact_name="Chi H. v. b" />
  <sms protocol="0" address="0964386982" date="1445683870112" type="2" subject="null" body="Tin 1: lo:52x60d.25x55d." toa="null" sc_toa="null" service_center="null" read="1" status="0" locked="0" date_sent="0" readable_date="24-10-2015 17:51:10" contact_name="A Duc" />
  <sms protocol="0" address="0983650782" date="1445683886604" type="2" subject="null" body="Tin 1: lo:25,52x50d.07,29,55,69,82,92x5d..xi2:15,66*20d.xi2:05,15*10d.,xi2:10,66*10d.,xi3:15,37,66*10d.,xi3:37,66,70*10d.,xi2:55,66*10d." toa="null" sc_toa="null" service_center="null" read="1" status="0" locked="0" date_sent="0" readable_date="24-10-2015 17:51:26" contact_name="A T 782 Lv" />
  <sms protocol="0" address="+84964386982" date="1445683942447" type="1" subject="null" body="bac gui cho em 1 tin" toa="null" sc_toa="null" service_center="null" read="1" status="-1" locked="0" date_sent="0" readable_date="24-10-2015 17:52:22" contact_name="A Duc" />
  <sms protocol="0" address="+841685897838" date="1445683953144" type="1" subject="null" body="Đê 81.09.60.93.27.53x100k&#10;Lô 53 x20d      ..73.45.86.87.94.63x10d  31x150đ 74.66x30đ" toa="null" sc_toa="null" service_center="null" read="1" status="-1" locked="0" date_sent="0" readable_date="24-10-2015 17:52:33" contact_name="Chi H. v. b" />
  <sms protocol="0" address="01685897838" date="1445683960102" type="2" subject="null" body="Nhan 2 tin." toa="null" sc_toa="null" service_center="null" read="1" status="0" locked="0" date_sent="0" readable_date="24-10-2015 17:52:40" contact_name="Chi H. v. b" />
  <sms protocol="0" address="0983650782" date="1445684012606" type="2" subject="null" body="Tin 2: lo:31,66,74x30d.53x20d.45,63,73,86,87,94x10d." toa="null" sc_toa="null" service_center="null" read="1" status="0" locked="0" date_sent="0" readable_date="24-10-2015 17:53:32" contact_name="A T 782 Lv" />
  <sms protocol="0" address="0964386982" date="1445684032106" type="2" subject="null" body="Tin 2: lo:31x120d." toa="null" sc_toa="null" service_center="null" read="1" status="0" locked="0" date_sent="0" readable_date="24-10-2015 17:53:52" contact_name="A Duc" />
  <sms protocol="0" address="+84964386982" date="1445684058894" type="1" subject="null" body="bac gui cho em 2 tin" toa="null" sc_toa="null" service_center="null" read="1" status="-1" locked="0" date_sent="0" readable_date="24-10-2015 17:54:18" contact_name="A Duc" />
  <sms protocol="0" address="+841685897838" date="1445684174077" type="1" subject="null" body="Lo 73x50d." toa="null" sc_toa="null" service_center="null" read="1" status="-1" locked="0" date_sent="0" readable_date="24-10-2015 17:56:14" contact_name="Chi H. v. b" />
  <sms protocol="0" address="01685897838" date="1445684183602" type="2" subject="null" body="Nhan 3 tin." toa="null" sc_toa="null" service_center="null" read="1" status="0" locked="0" date_sent="0" readable_date="24-10-2015 17:56:23" contact_name="Chi H. v. b" />
  <sms protocol="0" address="01685897838" date="1445684186603" type="2" subject="null" body="Nhan 3 tin." toa="null" sc_toa="null" service_center="null" read="1" status="0" locked="0" date_sent="0" readable_date="24-10-2015 17:56:26" contact_name="Chi H. v. b" />
  <sms protocol="0" address="+84983650782" date="1445684238521" type="1" subject="null" body="Em gui cho Anh 2 tin" toa="null" sc_toa="null" service_center="null" read="1" status="-1" locked="0" date_sent="0" readable_date="24-10-2015 17:57:18" contact_name="A T 782 Lv" />
  <sms protocol="0" address="+841685897838" date="1445684309035" type="1" subject="null" body="Đe 77x4tr 06 454 x50n .3can g 577 677 777x200n lo 77x.100đ 66x30d" toa="null" sc_toa="null" service_center="null" read="1" status="-1" locked="0" date_sent="0" readable_date="24-10-2015 17:58:29" contact_name="Chi H. v. b" />
  <sms protocol="0" address="01685897838" date="1445684326105" type="2" subject="null" body="Nhan 4 tin." toa="null" sc_toa="null" service_center="null" read="1" status="0" locked="0" date_sent="0" readable_date="24-10-2015 17:58:46" contact_name="Chi H. v. b" />
  <sms protocol="0" address="+84973836212" date="1445684355894" type="1" subject="null" body="T2 55x45đ .&#10;60 x20đ&#10;06 x 60đ." toa="null" sc_toa="null" service_center="null" read="1" status="-1" locked="0" date_sent="0" readable_date="24-10-2015 17:59:15" contact_name="Tien Em" />
  <sms protocol="0" address="0973836212" date="1445684363605" type="2" subject="null" body="Nhan 2 tin.so tin cuoi:2." toa="null" sc_toa="null" service_center="null" read="1" status="0" locked="0" date_sent="0" readable_date="24-10-2015 17:59:23" contact_name="Tien Em" />
  <sms protocol="0" address="+841685897838" date="1445684371770" type="1" subject="null" body="Xien 92.29.x5d.969x5d." toa="null" sc_toa="null" service_center="null" read="1" status="-1" locked="0" date_sent="0" readable_date="24-10-2015 17:59:31" contact_name="Chi H. v. b" />
  <sms protocol="0" address="01685897838" date="1445684393608" type="2" subject="null" body="Nhan 5 tin." toa="null" sc_toa="null" service_center="null" read="1" status="0" locked="0" date_sent="0" readable_date="24-10-2015 17:59:53" contact_name="Chi H. v. b" />
  <sms protocol="0" address="0964386982" date="1445684408606" type="2" subject="null" body="Tin 3: Ba cang:577,677,777x100n." toa="null" sc_toa="null" service_center="null" read="1" status="0" locked="0" date_sent="0" readable_date="24-10-2015 18:00:08" contact_name="A Duc" />
  <sms protocol="0" address="0983650782" date="1445684422106" type="2" subject="null" body="Tin 3: lo:77,06x30d.55x25d.73,60x20d..xi2:29,92*5d.,xi2:69,96*5d." toa="null" sc_toa="null" service_center="null" read="1" status="0" locked="0" date_sent="0" readable_date="24-10-2015 18:00:22" contact_name="A T 782 Lv" />
  <sms protocol="0" address="0983650782" date="1445684434101" type="2" subject="null" body="Tin 4: Ba cang:577,677,777x100n." toa="null" sc_toa="null" service_center="null" read="1" status="0" locked="0" date_sent="0" readable_date="24-10-2015 18:00:34" contact_name="A T 782 Lv" />
  <sms protocol="0" address="+84964386982" date="1445684453552" type="1" subject="null" body="bac gui cho em 3 tin" toa="null" sc_toa="null" service_center="null" read="1" status="-1" locked="0" date_sent="0" readable_date="24-10-2015 18:00:53" contact_name="A Duc" />
  <sms protocol="0" address="+841685897838" date="1445684466372" type="1" subject="null" body="De 070.060.373.434.939.646x100." toa="null" sc_toa="null" service_center="null" read="1" status="-1" locked="0" date_sent="0" readable_date="24-10-2015 18:01:06" contact_name="Chi H. v. b" />
  <sms protocol="0" address="0964386982" date="1445684470107" type="2" subject="null" body="Tin 4: lo:77x70d.06,66,73x30d.55x20d." toa="null" sc_toa="null" service_center="null" read="1" status="0" locked="0" date_sent="0" readable_date="24-10-2015 18:01:10" contact_name="A Duc" />
  <sms protocol="0" address="01685897838" date="1445684474603" type="2" subject="null" body="Nhan 6 tin." toa="null" sc_toa="null" service_center="null" read="1" status="0" locked="0" date_sent="0" readable_date="24-10-2015 18:01:14" contact_name="Chi H. v. b" />
  <sms protocol="0" address="01685897838" date="1445684477603" type="2" subject="null" body="Nhan 6 tin." toa="null" sc_toa="null" service_center="null" read="1" status="0" locked="0" date_sent="0" readable_date="24-10-2015 18:01:17" contact_name="Chi H. v. b" />
  <sms protocol="0" address="+84964386982" date="1445684495819" type="1" subject="null" body="bac gui cho em 4 tin" toa="null" sc_toa="null" service_center="null" read="1" status="-1" locked="0" date_sent="0" readable_date="24-10-2015 18:01:35" contact_name="A Duc" />
  <sms protocol="0" address="+841685897838" date="1445684509164" type="1" subject="null" body="Lo 47x50d.74x100d" toa="null" sc_toa="null" service_center="null" read="1" status="-1" locked="0" date_sent="0" readable_date="24-10-2015 18:01:49" contact_name="Chi H. v. b" />
  <sms protocol="0" address="01685897838" date="1445684513604" type="2" subject="null" body="Nhan 7 tin." toa="null" sc_toa="null" service_center="null" read="1" status="0" locked="0" date_sent="0" readable_date="24-10-2015 18:01:53" contact_name="Chi H. v. b" />
  <sms protocol="0" address="01685897838" date="1445684515118" type="2" subject="null" body="Nhan 7 tin." toa="null" sc_toa="null" service_center="null" read="1" status="0" locked="0" date_sent="0" readable_date="24-10-2015 18:01:55" contact_name="Chi H. v. b" />
  <sms protocol="0" address="01677281854" date="1445684521106" type="2" subject="null" body="Tin 1: lo:74x100d.47x50d." toa="null" sc_toa="null" service_center="null" read="1" status="0" locked="0" date_sent="0" readable_date="24-10-2015 18:02:01" contact_name="(Unknown)" />
  <sms protocol="0" address="01677281854" date="1445684560107" type="2" subject="null" body="Tin 2: De:77x3080n.09x200n.29x200n.60,93x100n.06x50n.07,27,34,37,39,43,46,53,64,70,73,81x50n.00,11,22,33,44,55,66,88,99x30n.45,54x20n." toa="null" sc_toa="null" service_center="null" read="1" status="0" locked="0" date_sent="0" readable_date="24-10-2015 18:02:40" contact_name="(Unknown)" />
  <sms protocol="0" address="+841677281854" date="1445684565035" type="1" subject="null" body="Nhan 1 tin.so tin cuoi:1." toa="null" sc_toa="null" service_center="null" read="1" status="-1" locked="0" date_sent="0" readable_date="24-10-2015 18:02:45" contact_name="(Unknown)" />
  <sms protocol="0" address="0964386982" date="1445684587103" type="2" subject="null" body="Tin 5: De:77x700n.09x400n.29x300n.06,60,93x100n.00,07,11,22,27,33,34,37,39,43,44,46,53,55,64,66,70,73,81,88,99x50n.45,54x30n." toa="null" sc_toa="null" service_center="null" read="1" status="0" locked="0" date_sent="0" readable_date="24-10-2015 18:03:07" contact_name="A Duc" />
  <sms protocol="0" address="+84983650782" date="1445684602011" type="1" subject="null" body="Em gui cho Anh 4 tin" toa="null" sc_toa="null" service_center="null" read="1" status="-1" locked="0" date_sent="0" readable_date="24-10-2015 18:03:22" contact_name="A T 782 Lv" />
  <sms protocol="0" address="0964386982" date="1445684608102" type="2" subject="null" body="Tin 6: De:77x300n." toa="null" sc_toa="null" service_center="null" read="1" status="0" locked="0" date_sent="0" readable_date="24-10-2015 18:03:28" contact_name="A Duc" />
  <sms protocol="0" address="+841677281854" date="1445684618625" type="1" subject="null" body="Nhan 2 tin.so tin cuoi:2." toa="null" sc_toa="null" service_center="null" read="1" status="-1" locked="0" date_sent="0" readable_date="24-10-2015 18:03:38" contact_name="(Unknown)" />
  <sms protocol="0" address="+84964386982" date="1445684630300" type="1" subject="null" body="bac gui cho em 6 tin" toa="null" sc_toa="null" service_center="null" read="1" status="-1" locked="0" date_sent="0" readable_date="24-10-2015 18:03:50" contact_name="A Duc" />
  <sms protocol="0" address="+841685897838" date="1445684812610" type="1" subject="null" body="Xien 48.96.32x20d.22.04.05x10d" toa="null" sc_toa="null" service_center="null" read="1" status="-1" locked="0" date_sent="0" readable_date="24-10-2015 18:06:52" contact_name="Chi H. v. b" />
  <sms protocol="0" address="01685897838" date="1445684818105" type="2" subject="null" body="Nhan 8 tin." toa="null" sc_toa="null" service_center="null" read="1" status="0" locked="0" date_sent="0" readable_date="24-10-2015 18:06:58" contact_name="Chi H. v. b" />
  <sms protocol="0" address="01685897838" date="1445684819611" type="2" subject="null" body="Nhan 8 tin." toa="null" sc_toa="null" service_center="null" read="1" status="0" locked="0" date_sent="0" readable_date="24-10-2015 18:06:59" contact_name="Chi H. v. b" />
  <sms protocol="0" address="0983650782" date="1445684840603" type="2" subject="null" body="Tin 5: xi3:32,48,96*20d.xi3:04,05,22*10d." toa="null" sc_toa="null" service_center="null" read="1" status="0" locked="0" date_sent="0" readable_date="24-10-2015 18:07:20" contact_name="A T 782 Lv" />
  <sms protocol="0" address="+84973836212" date="1445684852300" type="1" subject="null" body="T3 lo 65.09 x 50đ 60x5d, " toa="null" sc_toa="null" service_center="null" read="1" status="-1" locked="0" date_sent="0" readable_date="24-10-2015 18:07:32" contact_name="Tien Em" />
  <sms protocol="0" address="0973836212" date="1445684857103" type="2" subject="null" body="Nhan 3 tin.so tin cuoi:3." toa="null" sc_toa="null" service_center="null" read="1" status="0" locked="0" date_sent="0" readable_date="24-10-2015 18:07:37" contact_name="Tien Em" />
  <sms protocol="0" address="0964386982" date="1445684872109" type="2" subject="null" body="Tin 7: lo:09,65x50d.60x5d." toa="null" sc_toa="null" service_center="null" read="1" status="0" locked="0" date_sent="0" readable_date="24-10-2015 18:07:52" contact_name="A Duc" />
  <sms protocol="0" address="+84964386982" date="1445684902900" type="1" subject="null" body="bac gui cho em 7 tin" toa="null" sc_toa="null" service_center="null" read="1" status="-1" locked="0" date_sent="0" readable_date="24-10-2015 18:08:22" contact_name="A Duc" />
  <sms protocol="0" address="+84977655973" date="1445684911913" type="1" subject="null" body="Lo 23 55x10d dau 2x55n 23 24x125n 646 65 32 42 06 22 72 686 x10n" toa="null" sc_toa="null" service_center="null" read="1" status="-1" locked="0" date_sent="0" readable_date="24-10-2015 18:08:31" contact_name="A Su Cong Tinh Uy" />
  <sms protocol="0" address="+84983650782" date="1445684914903" type="1" subject="null" body="Em gui cho Anh 5 tin" toa="null" sc_toa="null" service_center="null" read="1" status="-1" locked="0" date_sent="0" readable_date="24-10-2015 18:08:34" contact_name="A T 782 Lv" />
  <sms protocol="0" address="0977655973" date="1445684932103" type="2" subject="null" body="BAC gui cho EM 1 tin" toa="null" sc_toa="null" service_center="null" read="1" status="0" locked="0" date_sent="0" readable_date="24-10-2015 18:08:52" contact_name="A Su Cong Tinh Uy" />
  <sms protocol="0" address="0964386982" date="1445684944102" type="2" subject="null" body="Tin 8: lo:23,55x10d." toa="null" sc_toa="null" service_center="null" read="1" status="0" locked="0" date_sent="0" readable_date="24-10-2015 18:09:04" contact_name="A Duc" />
  <sms protocol="0" address="+84964386982" date="1445685020047" type="1" subject="null" body="bac gui cho em 8 tin" toa="null" sc_toa="null" service_center="null" read="1" status="-1" locked="0" date_sent="0" readable_date="24-10-2015 18:10:20" contact_name="A Duc" />
  <sms protocol="0" address="+841685897838" date="1445685177451" type="1" subject="null" body="De.989.595.969.00.55.050.656.84.04.353.x1000n" toa="null" sc_toa="null" service_center="null" read="1" status="-1" locked="0" date_sent="0" readable_date="24-10-2015 18:12:57" contact_name="Chi H. v. b" />
  <sms protocol="0" address="01685897838" date="1445685187108" type="2" subject="null" body="Nhan 9 tin." toa="null" sc_toa="null" service_center="null" read="1" status="0" locked="0" date_sent="0" readable_date="24-10-2015 18:13:07" contact_name="Chi H. v. b" />
  <sms protocol="0" address="0983099345" date="1445685193110" type="2" subject="null" body="Nhan 2 tin.. HET LO" toa="null" sc_toa="null" service_center="null" read="1" status="0" locked="0" date_sent="0" readable_date="24-10-2015 18:13:13" contact_name="Viet Bo" />
  <sms protocol="0" address="0973836212" date="1445685194604" type="2" subject="null" body="Nhan 3 tin.so tin cuoi:3.. HET LO" toa="null" sc_toa="null" service_center="null" read="1" status="0" locked="0" date_sent="0" readable_date="24-10-2015 18:13:14" contact_name="Tien Em" />
  <sms protocol="0" address="01685897838" date="1445685196101" type="2" subject="null" body="Nhan 9 tin.. HET LO" toa="null" sc_toa="null" service_center="null" read="1" status="0" locked="0" date_sent="0" readable_date="24-10-2015 18:13:16" contact_name="Chi H. v. b" />
  <sms protocol="0" address="0977655973" date="1445685197602" type="2" subject="null" body="Nhan 1 tin.. HET LO" toa="null" sc_toa="null" service_center="null" read="1" status="32" locked="0" date_sent="0" readable_date="24-10-2015 18:13:17" contact_name="A Su Cong Tinh Uy" />
  <sms protocol="0" address="+841685897838" date="1445685219113" type="1" subject="null" body="De.626.020.727.686.989.282.080.878.969.232.00.949.99.57.81.636.373.21.252.43.24.09.70.55.484.00x100n" toa="null" sc_toa="null" service_center="null" read="1" status="-1" locked="0" date_sent="0" readable_date="24-10-2015 18:13:39" contact_name="Chi H. v. b" />
  <sms protocol="0" address="01685897838" date="1445685224603" type="2" subject="null" body="Nhan 10 tin." toa="null" sc_toa="null" service_center="null" read="1" status="0" locked="0" date_sent="0" readable_date="24-10-2015 18:13:44" contact_name="Chi H. v. b" />
  <sms protocol="0" address="0964386982" date="1445685262109" type="2" subject="null" body="Tin 9: De:69,84,89,96,98,65,04,05,35,50,56,59,95x500n.00,55,53x450n.23,24x180n.20,21,25,26,27,28x155n.32,68,72,86x110n.02,08,09,36,37,43,48,49,52,57,62,63,70,73,78,80,81,82,87,94,99x50n" toa="null" sc_toa="null" service_center="null" read="1" status="0" locked="0" date_sent="0" readable_date="24-10-2015 18:14:22" contact_name="A Duc" />
  <sms protocol="0" address="01677281854" date="1445685274102" type="2" subject="null" body="Tin 3: De:00x750n.55x650n.69,84,89,96,98x600n.53x550n.65x510n.04,05,35,50,56,59,95x500n.23,24x100n.22x65n.29x55n.02,08,09,36,37,43,48,49,52,57,62,63,70,73,78,80,81,82,87,94,99x50n.06,42,46,64x10n." toa="null" sc_toa="null" service_center="null" read="1" status="0" locked="0" date_sent="0" readable_date="24-10-2015 18:14:34" contact_name="(Unknown)" />
  <sms protocol="0" address="+84964386982" date="1445685301613" type="1" subject="null" body="bac gui cho em 9 tin" toa="null" sc_toa="null" service_center="null" read="1" status="-1" locked="0" date_sent="0" readable_date="24-10-2015 18:15:01" contact_name="A Duc" />
  <sms protocol="0" address="+841677281854" date="1445685320200" type="1" subject="null" body="Nhan 3 tin.so tin cuoi:3." toa="null" sc_toa="null" service_center="null" read="1" status="-1" locked="0" date_sent="0" readable_date="24-10-2015 18:15:20" contact_name="(Unknown)" />
  <sms protocol="0" address="+841685897838" date="1445685354154" type="1" subject="null" body="De.090.797.686.81.404.11.77.707.717.878.25.55.00.65.66.616.767.88.91.99.949.212.747.050.101.606.151x500n" toa="null" sc_toa="null" service_center="null" read="1" status="-1" locked="0" date_sent="0" readable_date="24-10-2015 18:15:54" contact_name="Chi H. v. b" />
  <sms protocol="0" address="01685897838" date="1445685359607" type="2" subject="null" body="Nhan 11 tin." toa="null" sc_toa="null" service_center="null" read="1" status="0" locked="0" date_sent="0" readable_date="24-10-2015 18:15:59" contact_name="Chi H. v. b" />
  <sms protocol="0" address="01677281854" date="1445685379103" type="2" subject="null" body="Tin 4: De:00,01,04,05,06,07,09,10,11,12,15,16,17,21,25,40,47,49,50,51,55,60,61,65,66,67,68,70,71,74,76,77,78,79,81,86,87,88,90,91,94,97,99x200n." toa="null" sc_toa="null" service_center="null" read="1" status="0" locked="0" date_sent="0" readable_date="24-10-2015 18:16:19" contact_name="(Unknown)" />
  <sms protocol="0" address="0964386982" date="1445685410602" type="2" subject="null" body="Tin 10: De:01,06,07,10,11,12,15,16,17,21,25,40,47,49,51,60,61,66,67,68,70,71,74,76,78,79,81,86,87,88,90,91,94,97,99x300n.09x50n." toa="null" sc_toa="null" service_center="null" read="1" status="0" locked="0" date_sent="0" readable_date="24-10-2015 18:16:50" contact_name="A Duc" />
  <sms protocol="0" address="+841677281854" date="1445685415544" type="1" subject="null" body="Nhan 4 tin.so tin cuoi:4." toa="null" sc_toa="null" service_center="null" read="1" status="-1" locked="0" date_sent="0" readable_date="24-10-2015 18:16:55" contact_name="(Unknown)" />
  <sms protocol="0" address="0964386982" date="1445685430102" type="2" subject="null" body="Tin 11: De:00,04,05,50,55,65,09x200n." toa="null" sc_toa="null" service_center="null" read="1" status="0" locked="0" date_sent="0" readable_date="24-10-2015 18:17:10" contact_name="A Duc" />
  <sms protocol="0" address="01677281854" date="1445685449604" type="2" subject="null" body="Tin 5: De:77x300n.00,04,05,50,55,65x100n.09x50n." toa="null" sc_toa="null" service_center="null" read="1" status="0" locked="0" date_sent="0" readable_date="24-10-2015 18:17:29" contact_name="(Unknown)" />
  <sms protocol="0" address="+84964386982" date="1445685461635" type="1" subject="null" body="bac gui cho em 11 tin" toa="null" sc_toa="null" service_center="null" read="1" status="-1" locked="0" date_sent="0" readable_date="24-10-2015 18:17:41" contact_name="A Duc" />
  <sms protocol="0" address="+841677281854" date="1445685481465" type="1" subject="null" body="Nhan 5 tin.so tin cuoi:5." toa="null" sc_toa="null" service_center="null" read="1" status="-1" locked="0" date_sent="0" readable_date="24-10-2015 18:18:01" contact_name="(Unknown)" />
  <sms protocol="0" address="+84974282195" date="1445685596181" type="1" subject="null" body="gjj" toa="null" sc_toa="null" service_center="+84980200605" read="1" status="-1" locked="0" date_sent="1445685595000" readable_date="24-10-2015 18:19:56" contact_name="(Unknown)" />
  <sms protocol="0" address="+841685897838" date="1445685666367" type="1" subject="null" body="Ba.cang.794.160.405.899.989.898.455.435.238.327.355.300.350.370.386.x100n.00.868.40.55.989.949.88.66.11.x100n" toa="null" sc_toa="null" service_center="null" read="1" status="-1" locked="0" date_sent="0" readable_date="24-10-2015 18:21:06" contact_name="Chi H. v. b" />
  <sms protocol="0" address="01685897838" date="1445685677611" type="2" subject="null" body="Nhan 12 tin." toa="null" sc_toa="null" service_center="null" read="1" status="0" locked="0" date_sent="0" readable_date="24-10-2015 18:21:17" contact_name="Chi H. v. b" />
  <sms protocol="0" address="0964386982" date="1445685695606" type="2" subject="null" body="Tin 12: De:11,40,49,66,68,86,88,89,94,98x100n..Ba cang:160,238,300,327,350,355,370,386,405,435,455,794,898,899,989x100n." toa="null" sc_toa="null" service_center="null" read="1" status="0" locked="0" date_sent="0" readable_date="24-10-2015 18:21:35" contact_name="A Duc" />
  <sms protocol="0" address="+841685897838" date="1445685702941" type="1" subject="null" body="De.00.868.40.55.989.949.88.66.11.x100n" toa="null" sc_toa="null" service_center="null" read="1" status="-1" locked="0" date_sent="0" readable_date="24-10-2015 18:21:42" contact_name="Chi H. v. b" />
  <sms protocol="0" address="0983099345" date="1445685703108" type="2" subject="null" body="Nhan 2 tin.. HET DE" toa="null" sc_toa="null" service_center="null" read="1" status="0" locked="0" date_sent="0" readable_date="24-10-2015 18:21:43" contact_name="Viet Bo" />
  <sms protocol="0" address="0973836212" date="1445685704605" type="2" subject="null" body="Nhan 3 tin.so tin cuoi:3.. HET DE" toa="null" sc_toa="null" service_center="null" read="1" status="0" locked="0" date_sent="0" readable_date="24-10-2015 18:21:44" contact_name="Tien Em" />
  <sms protocol="0" address="01685897838" date="1445685706110" type="2" subject="null" body="Nhan 12 tin.. HET DE" toa="null" sc_toa="null" service_center="null" read="1" status="0" locked="0" date_sent="0" readable_date="24-10-2015 18:21:46" contact_name="Chi H. v. b" />
  <sms protocol="0" address="0977655973" date="1445685707604" type="2" subject="null" body="Nhan 1 tin.. HET DE" toa="null" sc_toa="null" service_center="null" read="1" status="0" locked="0" date_sent="0" readable_date="24-10-2015 18:21:47" contact_name="A Su Cong Tinh Uy" />
  <sms protocol="0" address="01685897838" date="1445685709106" type="2" subject="null" body="Nhan 13 tin." toa="null" sc_toa="null" service_center="null" read="1" status="0" locked="0" date_sent="0" readable_date="24-10-2015 18:21:49" contact_name="Chi H. v. b" />
  <sms protocol="0" address="0964386982" date="1445685733106" type="2" subject="null" body="Tin 13: De:11,40,49,66,68,86,88,89,94,98x100n." toa="null" sc_toa="null" service_center="null" read="1" status="0" locked="0" date_sent="0" readable_date="24-10-2015 18:22:13" contact_name="A Duc" />
  <sms protocol="0" address="0964386982" date="1445685746602" type="2" subject="null" body="Tin 14: De:00,55x200n." toa="null" sc_toa="null" service_center="null" read="1" status="0" locked="0" date_sent="0" readable_date="24-10-2015 18:22:26" contact_name="A Duc" />
  <sms protocol="0" address="+841677281854" date="1445685775912" type="1" subject="null" body="chau gui cho co 5 tin" toa="null" sc_toa="null" service_center="null" read="1" status="-1" locked="0" date_sent="0" readable_date="24-10-2015 18:22:55" contact_name="(Unknown)" />
  <sms protocol="0" address="+84964386982" date="1445685830918" type="1" subject="null" body="14" toa="null" sc_toa="null" service_center="null" read="1" status="-1" locked="0" date_sent="0" readable_date="24-10-2015 18:23:50" contact_name="A Duc" />
  <sms protocol="0" address="+841677281854" date="1445686373064" type="1" subject="null" body="Ngay:24/10/2015&#10;chau chuyen cho co&#10;De:24560,0=17683,2n&#10;Lo:150,0=3255,0n&#10;Th de:250,0=17500,0n&#10;Th lo:100,0=8000,0n&#10;co bu cho chau:4561,8n&#10;" toa="null" sc_toa="null" service_center="null" read="1" status="-1" locked="0" date_sent="0" readable_date="24-10-2015 18:32:53" contact_name="(Unknown)" />
  <sms protocol="0" address="+84964386982" date="1445686864264" type="1" subject="null" body="Ngay:24/10/2015&#10;bac chuyen cho em&#10;De:28090,0=20084,4n&#10;Lo:540,0=11718,0n&#10;3Cang:1800,0=1296,0n&#10;Th de:550,0=38500,0n&#10;Th lo:100,0=8000,0n&#10;em bu cho bac:13401,6n&#10;" toa="null" sc_toa="null" service_center="null" read="1" status="-1" locked="0" date_sent="0" readable_date="24-10-2015 18:41:04" contact_name="A Duc" />
  <sms protocol="0" address="0983650782" date="1445686967604" type="2" subject="null" body="Ngay:24/10/2015&#13;&#10;em chuyen cho anh&#13;&#10;Lo:425,0=9222,5n&#13;&#10;3Cang:300,0=198,0n&#13;&#10;Xien:110,0=660,0n&#13;&#10;Thuong lo:160,0=12800,0n&#13;&#10;Thuong xien:3500,0n&#13;&#10;anh bu cho em:6219,5n&#13;&#10;" toa="null" sc_toa="null" service_center="null" read="1" status="0" locked="0" date_sent="0" readable_date="24-10-2015 18:42:47" contact_name="A T 782 Lv" />
  <sms protocol="0" address="01677281854" date="1445686972103" type="2" subject="null" body="Ngay:24/10/2015&#13;&#10;chau chuyen cho co&#13;&#10;De:24560,0=17683,2n&#13;&#10;Lo:150,0=3255,0n&#13;&#10;Thuong de:250,0=17500,0n&#13;&#10;Thuong lo:100,0=8000,0n&#13;&#10;co bu cho chau:4561,8n&#13;&#10;" toa="null" sc_toa="null" service_center="null" read="1" status="32" locked="0" date_sent="0" readable_date="24-10-2015 18:42:52" contact_name="(Unknown)" />
  <sms protocol="0" address="0973836212" date="1445686975105" type="2" subject="null" body="Ngay:24/10/2015&#13;&#10;may chuyen cho tao&#13;&#10;De:800,0=600,0n&#13;&#10;Lo:240,0=5256,0n&#13;&#10;Th lo:25,0=2000,0n&#13;&#10;may bu cho tao:3856,0n&#13;&#10;" toa="null" sc_toa="null" service_center="null" read="1" status="32" locked="0" date_sent="0" readable_date="24-10-2015 18:42:55" contact_name="Tien Em" />
  <sms protocol="0" address="0983099345" date="1445686979606" type="2" subject="null" body="Ngay:24/10/2015&#13;&#10;Ban chuyen cho toi&#13;&#10;De:1000,0=730,0n&#13;&#10;Lo:235,0=5123,0n&#13;&#10;Th lo:125,0=10000,0n&#13;&#10;toi bu cho Ban:4147,0n&#13;&#10;" toa="null" sc_toa="null" service_center="null" read="1" status="0" locked="0" date_sent="0" readable_date="24-10-2015 18:42:59" contact_name="Viet Bo" />
  <sms protocol="0" address="0977655973" date="1445686982604" type="2" subject="null" body="Ngay:24/10/2015&#13;&#10;BAC chuyen cho EM&#13;&#10;De:900,0=720,0n&#13;&#10;Lo:20,0=450,0n&#13;&#10;Th lo:10,0=800,0n&#13;&#10;BAC bu cho EM:370,0n&#13;&#10;" toa="null" sc_toa="null" service_center="null" read="1" status="32" locked="0" date_sent="0" readable_date="24-10-2015 18:43:02" contact_name="A Su Cong Tinh Uy" />
  <sms protocol="0" address="0964386982" date="1445686987108" type="2" subject="null" body="Ngay:24/10/2015&#13;&#10;em chuyen cho anh&#13;&#10;De:28090,0=20084,4n&#13;&#10;Lo:540,0=11718,0n&#13;&#10;3Cang:1800,0=1296,0n&#13;&#10;Thuong de:550,0=38500,0n&#13;&#10;Thuong lo:100,0=8000,0n&#13;&#10;anh bu cho em:13401,6n&#13;&#10;" toa="null" sc_toa="null" service_center="null" read="1" status="0" locked="0" date_sent="0" readable_date="24-10-2015 18:43:07" contact_name="A Duc" />
  <sms protocol="0" address="01685897838" date="1445687015890" type="2" subject="null" body="Ngay:24/10/2015&#13;&#10;chi chuyen cho EM&#13;&#10;De:49950,0=35964,0n&#13;&#10;Lo:620,0=13485,0n&#13;&#10;3Cang:2100,0=1491,0n&#13;&#10;Xien:110,0=737,0n&#13;&#10;Th de:800,0=56000,0n&#13;&#10;Th lo:200,0=16000,0n&#13;&#10;Th xien:3500,0n&#13;&#10;EM bu cho chi:23823,0n&#13;&#10;" toa="null" sc_toa="null" service_center="null" read="1" status="0" locked="0" date_sent="0" readable_date="24-10-2015 18:43:35" contact_name="Chi H. v. b" />
  <sms protocol="0" address="01632468512" date="1445687982727" type="2" subject="null" body="Lai ngay 24 la 135k " toa="null" sc_toa="null" service_center="null" read="1" status="0" locked="0" date_sent="0" readable_date="24-10-2015 18:59:42" contact_name="Huy ly2" />
  <sms protocol="0" address="0978475222" date="1445687983453" type="2" subject="null" body="Lai ngay 24 la 135k " toa="null" sc_toa="null" service_center="null" read="1" status="0" locked="0" date_sent="0" readable_date="24-10-2015 18:59:43" contact_name="Huy Ly 222" />
  <sms protocol="0" address="01677281854" date="1445688319785" type="2" subject="null" body="Tinh den het ngay:23/10/15 chau bu 24327n&#13;&#10;Ngay:24/10/15 co-4561n &#13;&#10;Tong cong: chau bu 19766" toa="null" sc_toa="null" service_center="null" read="1" status="0" locked="0" date_sent="0" readable_date="24-10-2015 19:05:19" contact_name="(Unknown)" />
  <sms protocol="0" address="01678171621" date="1445688327448" type="2" subject="null" body="Tinh den het ngay:23/10/15 to thu 1250n&#13;&#10;Ngay:24/10/15 cau-500n &#13;&#10;Tong cong: to thu 1750" toa="null" sc_toa="null" service_center="null" read="1" status="0" locked="0" date_sent="0" readable_date="24-10-2015 19:05:27" contact_name="Minh Huan" />
  <sms protocol="0" address="0973836212" date="1445688340251" type="2" subject="null" body="Tinh den het ngay:23/10/15 tao thu 5599n&#13;&#10;Ngay:24/10/15 may-3856n +500n &#13;&#10;Tong cong: tao thu 8955" toa="null" sc_toa="null" service_center="null" read="1" status="0" locked="0" date_sent="0" readable_date="24-10-2015 19:05:40" contact_name="Tien Em" />
  <sms protocol="0" address="0977655973" date="1445688343099" type="2" subject="null" body="Tinh den het ngay:23/10/15 EM thu 3326n&#13;&#10;Ngay:24/10/15 BAC-370n &#13;&#10;Tong cong: EM thu 3696" toa="null" sc_toa="null" service_center="null" read="1" status="32" locked="0" date_sent="0" readable_date="24-10-2015 19:05:43" contact_name="A Su Cong Tinh Uy" />
  <sms protocol="0" address="0983099345" date="1445688356761" type="2" subject="null" body="Tinh den het ngay:23/10/15 toi thu 68266n&#13;&#10;Ngay:24/10/15 Ban+33000n +4147n +23887n &#13;&#10;Tong cong: toi thu 7232" toa="null" sc_toa="null" service_center="null" read="1" status="0" locked="0" date_sent="0" readable_date="24-10-2015 19:05:56" contact_name="Viet Bo" />
  <sms protocol="0" address="+84983650782" date="1445688524771" type="1" subject="null" body="Ngay:24/10/2015&#10;Em chuyen cho Anh&#10;Lo:425,0=9222,5n&#10;3Cang:300,0=198,0n&#10;Xien:110,0=660,0n&#10;Th lo:160,0=12800,0n&#10;Th xien:3500,0n&#10;Anh bu cho Em:6219,5n&#10;" toa="null" sc_toa="null" service_center="null" read="1" status="-1" locked="0" date_sent="0" readable_date="24-10-2015 19:08:44" contact_name="A T 782 Lv" />
  <sms protocol="0" address="+84978475222" date="1445690445966" type="1" subject="null" body="Ok." toa="null" sc_toa="null" service_center="null" read="1" status="-1" locked="0" date_sent="0" readable_date="24-10-2015 19:40:45" contact_name="Huy Ly 222" />
  <sms protocol="0" address="+841636575529" date="1445692205648" type="1" subject="null" body="0987580932@bachky95" toa="null" sc_toa="null" service_center="null" read="1" status="-1" locked="0" date_sent="0" readable_date="24-10-2015 20:10:05" contact_name="Thuan Sv" />
  <sms protocol="0" address="+841628909893" date="1445692762971" type="1" subject="null" body="Gưi cho a trân Sevila nhé." toa="null" sc_toa="null" service_center="null" read="1" status="-1" locked="0" date_sent="0" readable_date="24-10-2015 20:19:22" contact_name="A M" />
  <sms protocol="0" address="0983650782" date="1445693095307" type="2" subject="null" body="Tinh den het ngay:23/10/15 em bu 4203n&#13;&#10;Ngay:24/10/15 anh-4203n -6219n &#13;&#10;Tong cong: em thu 6219" toa="null" sc_toa="null" service_center="null" read="1" status="0" locked="0" date_sent="0" readable_date="24-10-2015 20:24:55" contact_name="A T 782 Lv" />
  <sms protocol="0" address="+841628909893" date="1445693097156" type="2" subject="null" body="E k thay" toa="null" sc_toa="null" service_center="null" read="1" status="0" locked="0" date_sent="0" readable_date="24-10-2015 20:24:57" contact_name="A M" />
  <sms protocol="0" address="+841628909893" date="1445693154492" type="1" subject="null" body="Da muon 1h30. Bong da tay ban nha." toa="null" sc_toa="null" service_center="+84980200613" read="1" status="-1" locked="0" date_sent="1445693152000" readable_date="24-10-2015 20:25:54" contact_name="A M" />
  <sms protocol="0" address="+841628909893" date="1445693224103" type="2" subject="null" body="The chua co keo dau" toa="null" sc_toa="null" service_center="null" read="1" status="0" locked="0" date_sent="0" readable_date="24-10-2015 20:27:04" contact_name="A M" />
  <sms protocol="0" address="+841628909893" date="1445693259455" type="1" subject="null" body="Ok. Có thj gưj." toa="null" sc_toa="null" service_center="+84980200613" read="1" status="-1" locked="0" date_sent="1445693257000" readable_date="24-10-2015 20:27:39" contact_name="A M" />
  <sms protocol="0" address="+841628909893" date="1445693276630" type="2" subject="null" body="Ok" toa="null" sc_toa="null" service_center="null" read="1" status="0" locked="0" date_sent="0" readable_date="24-10-2015 20:27:56" contact_name="A M" />
  <sms protocol="0" address="+841628909893" date="1445698540852" type="1" subject="null" body="Có đô chưa em?" toa="null" sc_toa="null" service_center="+84980200613" read="1" status="-1" locked="0" date_sent="1445698538000" readable_date="24-10-2015 21:55:40" contact_name="A M" />
  <sms protocol="0" address="+841628909893" date="1445703642899" type="1" subject="null" body="Em gưi đj cho ban a vào." toa="null" sc_toa="null" service_center="+84980200605" read="1" status="-1" locked="0" date_sent="1445703640000" readable_date="24-10-2015 23:20:42" contact_name="A M" />
  <sms protocol="0" address="0983099345" date="1445705696578" type="2" subject="null" body="Ngay:24/10/2015&#13;&#10;chi chuyen cho EM&#13;&#10;De:49950,0=35964,0n&#13;&#10;Lo:620,0=13485,0n&#13;&#10;3Cang:2100,0=1491,0n&#13;&#10;Xien:110,0=737,0n&#13;&#10;Th de:800,0=56000,0n&#13;&#10;Th lo:200,0=16000,0n&#13;&#10;Th xien:3500,0n&#13;&#10;EM bu cho chi:23823,0n&#13;&#10;T bu c 23887" toa="null" sc_toa="null" service_center="null" read="1" status="0" locked="0" date_sent="0" readable_date="24-10-2015 23:54:56" contact_name="Viet Bo" />
</smses>