<?xml version='1.0' encoding='UTF-8' standalone='yes' ?>
<!--File Created By SMS Backup & Restore Pro v7.21 on 25/10/2015 18:39:00-->
<?xml-stylesheet type="text/xsl" href="sms.xsl"?>
<smses count="118">
  <sms protocol="0" address="0974282195" date="1445761039269" type="2" subject="null" body="ngay 25/10/15:&#13;&#10;THU:&#13;&#10;mh:1750;&#13;&#10;a duc:13401;&#13;&#10;t e :8955;&#13;&#10;a su:3696;&#13;&#10;v b:7232;&#13;&#10;a t:6219" toa="null" sc_toa="null" service_center="null" read="1" status="0" locked="0" date_sent="0" readable_date="25-10-2015 15:17:19" contact_name="(Unknown)" />
  <sms protocol="0" address="+84979399373" date="1445768444289" type="1" subject="null" body="Lô 24.42 x 10d." toa="null" sc_toa="null" service_center="+84980200623" read="1" status="-1" locked="0" date_sent="1445768442000" readable_date="25-10-2015 17:20:44" contact_name="A Tung Thuy?" />
  <sms protocol="0" address="+84974086142" date="1445768517384" type="1" subject="null" body="Cho t con 19 20k nhá con 26 và 62 mỗi con 20k nhá" toa="null" sc_toa="null" service_center="+84980200605" read="1" status="-1" locked="0" date_sent="1445768515000" readable_date="25-10-2015 17:21:57" contact_name="Haj Dang" />
  <sms protocol="0" address="0979399373" date="1445768603603" type="2" subject="null" body="Anh gui cho EM 1 tin" toa="null" sc_toa="null" service_center="null" read="1" status="0" locked="0" date_sent="0" readable_date="25-10-2015 17:23:23" contact_name="A Tung Thuy?" />
  <sms protocol="0" address="+84973836212" date="1445769368437" type="1" subject="null" body="T1 lô 52,57x5d đê kbx100n" toa="null" sc_toa="null" service_center="null" read="1" status="-1" locked="0" date_sent="0" readable_date="25-10-2015 17:36:08" contact_name="Tien Em" />
  <sms protocol="0" address="0973836212" date="1445769499103" type="2" subject="null" body="Nhan 1 tin.so tin cuoi:1." toa="null" sc_toa="null" service_center="null" read="1" status="0" locked="0" date_sent="0" readable_date="25-10-2015 17:38:19" contact_name="Tien Em" />
  <sms protocol="0" address="0973836212" date="1445769502109" type="2" subject="null" body="Nhan 1 tin.so tin cuoi:1." toa="null" sc_toa="null" service_center="null" read="1" status="0" locked="0" date_sent="0" readable_date="25-10-2015 17:38:22" contact_name="Tien Em" />
  <sms protocol="0" address="+841678171621" date="1445769551984" type="1" subject="null" body="L87 x410d. 08 x110d. Xiên 87 08 x550k" toa="null" sc_toa="null" service_center="null" read="1" status="-1" locked="0" date_sent="0" readable_date="25-10-2015 17:39:11" contact_name="Minh Huan" />
  <sms protocol="0" address="01678171621" date="1445769563608" type="2" subject="null" body="Nhan 1 tin." toa="null" sc_toa="null" service_center="null" read="1" status="0" locked="0" date_sent="0" readable_date="25-10-2015 17:39:23" contact_name="Minh Huan" />
  <sms protocol="0" address="+841685897838" date="1445769900295" type="1" subject="null" body="Lo 31x150đ  53.46.67.12.76.47.83x10đ&#10;Đê 39.38.02x100n." toa="null" sc_toa="null" service_center="null" read="1" status="-1" locked="0" date_sent="0" readable_date="25-10-2015 17:45:00" contact_name="Chi H. v. b" />
  <sms protocol="0" address="01685897838" date="1445769919107" type="2" subject="null" body="Nhan 1 tin." toa="null" sc_toa="null" service_center="null" read="1" status="0" locked="0" date_sent="0" readable_date="25-10-2015 17:45:19" contact_name="Chi H. v. b" />
  <sms protocol="0" address="01685897838" date="1445769920605" type="2" subject="null" body="Nhan 1 tin." toa="null" sc_toa="null" service_center="null" read="1" status="0" locked="0" date_sent="0" readable_date="25-10-2015 17:45:20" contact_name="Chi H. v. b" />
  <sms protocol="0" address="01677281854" date="1445769947610" type="2" subject="null" body="Tin 1: lo:87x210d.." toa="null" sc_toa="null" service_center="null" read="1" status="0" locked="0" date_sent="0" readable_date="25-10-2015 17:45:47" contact_name="(Unknown)" />
  <sms protocol="0" address="+841685897838" date="1445769967538" type="1" subject="null" body="Day con 2 x10N de 21 07 242 88  282 161 66x10N tong 2 x10N tong 7 x5n   xien  02  88 18x20N" toa="null" sc_toa="null" service_center="null" read="1" status="-1" locked="0" date_sent="0" readable_date="25-10-2015 17:46:07" contact_name="Chi H. v. b" />
  <sms protocol="0" address="0983650782" date="1445769976102" type="2" subject="null" body="Tin 1: lo:87,31,08x30d.12,24,42,46,47,53,67,76,83x10d.52,57x5d..xi2:08,87*25d." toa="null" sc_toa="null" service_center="null" read="1" status="0" locked="0" date_sent="0" readable_date="25-10-2015 17:46:16" contact_name="A T 782 Lv" />
  <sms protocol="0" address="01685897838" date="1445769983612" type="2" subject="null" body="Nhan 2 tin." toa="null" sc_toa="null" service_center="null" read="1" status="0" locked="0" date_sent="0" readable_date="25-10-2015 17:46:23" contact_name="Chi H. v. b" />
  <sms protocol="0" address="01685897838" date="1445769985106" type="2" subject="null" body="Nhan 2 tin." toa="null" sc_toa="null" service_center="null" read="1" status="0" locked="0" date_sent="0" readable_date="25-10-2015 17:46:25" contact_name="Chi H. v. b" />
  <sms protocol="0" address="VIETTEL" date="1445769991708" type="1" subject="null" body="[QC] Uu dai 100p goi noi mang, het 100p tinh phi 200d/p tru tai khoan goc voi 45000d/30ngay. Soan GT45S gui 109 (100d/tin). LH 198(200d/p). Tu choi, TC gui199" toa="null" sc_toa="null" service_center="null" read="1" status="-1" locked="0" date_sent="0" readable_date="25-10-2015 17:46:31" contact_name="(Unknown)" />
  <sms protocol="0" address="01677281854" date="1445770004613" type="2" subject="null" body="Tin 2: De:02,66x120n.11,22,39,77,88x110n.00,33,38,44,55,99x100n.26,62x30n.07x25n.19,20,21,24,28,42,57,75,82x20n.16,25,52,61,70x15n.12,17,23,27,29,32,37,47,48,67,71,72,73,74,76,78,79,84,87,92,93,97x10n.34,43,89,98x5n." toa="null" sc_toa="null" service_center="null" read="1" status="0" locked="0" date_sent="0" readable_date="25-10-2015 17:46:44" contact_name="(Unknown)" />
  <sms protocol="0" address="0964386982" date="1445770019602" type="2" subject="null" body="Tin 1: lo:87x170d.31x120d.08x80d..xi2:08,87*30d.xi3:02,18,88*2d." toa="null" sc_toa="null" service_center="null" read="1" status="0" locked="0" date_sent="0" readable_date="25-10-2015 17:46:59" contact_name="A Duc" />
  <sms protocol="0" address="+84983099345" date="1445770071322" type="1" subject="null" body="lô 47 070 62 83 68 x5d" toa="null" sc_toa="null" service_center="null" read="1" status="-1" locked="0" date_sent="0" readable_date="25-10-2015 17:47:51" contact_name="Viet Bo" />
  <sms protocol="0" address="+841685897838" date="1445770077684" type="1" subject="null" body="Ba.cang.516.544.579.524.561.166.168.140.508.509.505.086.009.050.150.558.568.563.545.554.521.512.165.256.127.549.864.135.557.570.560.531.502.598.510.555.538.547.577.500.539.x100nxien.44.70.x10d.27.31.40x10d.22.72.23.x10d.35.14.73.x10d64.09.76.x10d80.24.55.x10d.01.47.24x10d.26.57.91x10d.83.00.40x10d.01.94.62.56.x10d" toa="null" sc_toa="null" service_center="null" read="1" status="-1" locked="0" date_sent="0" readable_date="25-10-2015 17:47:57" contact_name="Chi H. v. b" />
  <sms protocol="0" address="01685897838" date="1445770094605" type="2" subject="null" body="Nhan 3 tin." toa="null" sc_toa="null" service_center="null" read="1" status="0" locked="0" date_sent="0" readable_date="25-10-2015 17:48:14" contact_name="Chi H. v. b" />
  <sms protocol="0" address="0983099345" date="1445770096104" type="2" subject="null" body="Nhan 1 tin." toa="null" sc_toa="null" service_center="null" read="1" status="0" locked="0" date_sent="0" readable_date="25-10-2015 17:48:16" contact_name="Viet Bo" />
  <sms protocol="0" address="0983099345" date="1445770099103" type="2" subject="null" body="Nhan 1 tin." toa="null" sc_toa="null" service_center="null" read="1" status="0" locked="0" date_sent="0" readable_date="25-10-2015 17:48:19" contact_name="Viet Bo" />
  <sms protocol="0" address="+841685897838" date="1445770129486" type="1" subject="null" body="Xien 91.01 24x5d.47.91.68x5d." toa="null" sc_toa="null" service_center="null" read="1" status="-1" locked="0" date_sent="0" readable_date="25-10-2015 17:48:49" contact_name="Chi H. v. b" />
  <sms protocol="0" address="01685897838" date="1445770135104" type="2" subject="null" body="Nhan 4 tin." toa="null" sc_toa="null" service_center="null" read="1" status="0" locked="0" date_sent="0" readable_date="25-10-2015 17:48:55" contact_name="Chi H. v. b" />
  <sms protocol="0" address="01685897838" date="1445770138103" type="2" subject="null" body="Nhan 4 tin." toa="null" sc_toa="null" service_center="null" read="1" status="0" locked="0" date_sent="0" readable_date="25-10-2015 17:48:58" contact_name="Chi H. v. b" />
  <sms protocol="0" address="+841685897838" date="1445770165969" type="1" subject="null" body=" Xien 12.79x10d." toa="null" sc_toa="null" service_center="null" read="1" status="-1" locked="0" date_sent="0" readable_date="25-10-2015 17:49:25" contact_name="Chi H. v. b" />
  <sms protocol="0" address="01685897838" date="1445770172601" type="2" subject="null" body="Nhan 5 tin." toa="null" sc_toa="null" service_center="null" read="1" status="0" locked="0" date_sent="0" readable_date="25-10-2015 17:49:32" contact_name="Chi H. v. b" />
  <sms protocol="0" address="01685897838" date="1445770175606" type="2" subject="null" body="Nhan 5 tin." toa="null" sc_toa="null" service_center="null" read="1" status="0" locked="0" date_sent="0" readable_date="25-10-2015 17:49:35" contact_name="Chi H. v. b" />
  <sms protocol="0" address="0983650782" date="1445770253605" type="2" subject="null" body="Tin 2: lo:07,47,62,68,70,83x5d..xi3:01,24,91*5d.,xi3:47,68,91*5d.xi3:00,40,83*10d.,xi3:01,24,47*10d.,xi4:01,56,62,94*10d.,xi3:09,64,76*10d.,xi2:12,79*10d.,xi3:14,35,73*10d.,xi3:22,23,72*10d.,xi3:24,55,80*10d.,xi3:26,57,91*10d.,xi3:27,31,40*10d.,xi2:44,70*10d." toa="null" sc_toa="null" service_center="null" read="1" status="0" locked="0" date_sent="0" readable_date="25-10-2015 17:50:53" contact_name="A T 782 Lv" />
  <sms protocol="0" address="+84964386982" date="1445770330821" type="1" subject="null" body="bac gui cho em 1 tin" toa="null" sc_toa="null" service_center="null" read="1" status="-1" locked="0" date_sent="0" readable_date="25-10-2015 17:52:10" contact_name="A Duc" />
  <sms protocol="0" address="0983650782" date="1445770388613" type="2" subject="null" body="Tin 3: Ba cang:009,050,086,127,135,140,150,165,166,168,256,500,502,505,508,509,510,512,516,521,524,531,538,539,544,545,547,549,554,555,557,558,560,561,563,568,570,577,579,598,864x100n." toa="null" sc_toa="null" service_center="null" read="1" status="0" locked="0" date_sent="0" readable_date="25-10-2015 17:53:08" contact_name="A T 782 Lv" />
  <sms protocol="0" address="+841685897838" date="1445770484927" type="1" subject="null" body="De.090.050.959.292.494.898.191.252.979.404.80.212.474.00.272.070.282.626.x500n.686.141.33.73.242.272.383.11.43.010.56.76.525.535.585x200n" toa="null" sc_toa="null" service_center="null" read="1" status="-1" locked="0" date_sent="0" readable_date="25-10-2015 17:54:44" contact_name="Chi H. v. b" />
  <sms protocol="0" address="01685897838" date="1445770495107" type="2" subject="null" body="Nhan 6 tin." toa="null" sc_toa="null" service_center="null" read="1" status="0" locked="0" date_sent="0" readable_date="25-10-2015 17:54:55" contact_name="Chi H. v. b" />
  <sms protocol="0" address="+84968193922" date="1445770509629" type="1" subject="null" body="E nhan xien c voi. X2.21.18.=50." toa="null" sc_toa="null" service_center="null" read="1" status="-1" locked="0" date_sent="0" readable_date="25-10-2015 17:55:09" contact_name="(Unknown)" />
  <sms protocol="0" address="0968193922" date="1445770523604" type="2" subject="null" body="Nhan 1 tin." toa="null" sc_toa="null" service_center="null" read="1" status="0" locked="0" date_sent="0" readable_date="25-10-2015 17:55:23" contact_name="(Unknown)" />
  <sms protocol="0" address="+841677281854" date="1445770537755" type="1" subject="null" body="Nhan 2 tin.so tin cuoi:2." toa="null" sc_toa="null" service_center="null" read="1" status="-1" locked="0" date_sent="0" readable_date="25-10-2015 17:55:37" contact_name="(Unknown)" />
  <sms protocol="0" address="+84983650782" date="1445770583146" type="1" subject="null" body="Em gui cho Anh 3 tin" toa="null" sc_toa="null" service_center="null" read="1" status="-1" locked="0" date_sent="0" readable_date="25-10-2015 17:56:23" contact_name="A T 782 Lv" />
  <sms protocol="0" address="0964386982" date="1445770627106" type="2" subject="null" body="Tin 2: De:25,27,52,72,00,04,05,07,09,12,19,21,26,28,29,40,47,49,50,59,62,70,74,79,80,82,89,90,91,92,94,95,97,98x300n.01,10,11,14,24,33,35,38,41,42,43,53,56,58,68,73,76,83,85,86x100n." toa="null" sc_toa="null" service_center="null" read="1" status="0" locked="0" date_sent="0" readable_date="25-10-2015 17:57:07" contact_name="A Duc" />
  <sms protocol="0" address="01677281854" date="1445770651103" type="2" subject="null" body="Tin 3: De:25,27,52,72x400n.00,04,05,07,09,12,19,21,26,28,29,40,47,49,50,59,62,70,74,79,80,82,89,90,91,92,94,95,97,98x200n.01,10,11,14,24,33,35,38,41,42,43,53,56,58,68,73,76,83,85,86x100n." toa="null" sc_toa="null" service_center="null" read="1" status="0" locked="0" date_sent="0" readable_date="25-10-2015 17:57:31" contact_name="(Unknown)" />
  <sms protocol="0" address="+84964386982" date="1445770685588" type="1" subject="null" body="bac gui cho em 2 tin" toa="null" sc_toa="null" service_center="null" read="1" status="-1" locked="0" date_sent="0" readable_date="25-10-2015 17:58:05" contact_name="A Duc" />
  <sms protocol="0" address="+84974086142" date="1445770733495" type="2" subject="null" body="Ok1" toa="null" sc_toa="null" service_center="null" read="1" status="0" locked="0" date_sent="0" readable_date="25-10-2015 17:58:53" contact_name="Haj Dang" />
  <sms protocol="0" address="+841677281854" date="1445770956359" type="1" subject="null" body="Nhan 3 tin.so tin cuoi:3." toa="null" sc_toa="null" service_center="null" read="1" status="-1" locked="0" date_sent="0" readable_date="25-10-2015 18:02:36" contact_name="(Unknown)" />
  <sms protocol="0" address="0964386982" date="1445771041111" type="2" subject="null" body="Tin 3: xi2:18,21*5d." toa="null" sc_toa="null" service_center="null" read="1" status="0" locked="0" date_sent="0" readable_date="25-10-2015 18:04:01" contact_name="A Duc" />
  <sms protocol="0" address="+84964386982" date="1445771100399" type="1" subject="null" body="bac gui cho em 3 tin" toa="null" sc_toa="null" service_center="null" read="1" status="-1" locked="0" date_sent="0" readable_date="25-10-2015 18:05:00" contact_name="A Duc" />
  <sms protocol="0" address="+841685897838" date="1445771112487" type="1" subject="null" body="Xien 01.00.64x20d.16.20.88x10d 62.17x5d." toa="null" sc_toa="null" service_center="null" read="1" status="-1" locked="0" date_sent="0" readable_date="25-10-2015 18:05:12" contact_name="Chi H. v. b" />
  <sms protocol="0" address="01685897838" date="1445771116101" type="2" subject="null" body="Nhan 7 tin." toa="null" sc_toa="null" service_center="null" read="1" status="0" locked="0" date_sent="0" readable_date="25-10-2015 18:05:16" contact_name="Chi H. v. b" />
  <sms protocol="0" address="01685897838" date="1445771117605" type="2" subject="null" body="Nhan 7 tin." toa="null" sc_toa="null" service_center="null" read="1" status="0" locked="0" date_sent="0" readable_date="25-10-2015 18:05:17" contact_name="Chi H. v. b" />
  <sms protocol="0" address="0983650782" date="1445771135601" type="2" subject="null" body="Tin 4: xi3:00,01,64*20d.xi2:17,62*5d.xi3:16,20,88*10d." toa="null" sc_toa="null" service_center="null" read="1" status="0" locked="0" date_sent="0" readable_date="25-10-2015 18:05:35" contact_name="A T 782 Lv" />
  <sms protocol="0" address="+841685897838" date="1445771300022" type="1" subject="null" body="Xjen .lo.66.55.x50d.6.26.x100d.646x70d.838.868.252x50d" toa="null" sc_toa="null" service_center="null" read="1" status="-1" locked="0" date_sent="0" readable_date="25-10-2015 18:08:20" contact_name="Chi H. v. b" />
  <sms protocol="0" address="+84983099345" date="1445771321197" type="1" subject="null" body="Lô 34,43x100đ" toa="null" sc_toa="null" service_center="null" read="1" status="-1" locked="0" date_sent="0" readable_date="25-10-2015 18:08:41" contact_name="Viet Bo" />
  <sms protocol="0" address="+84983099345" date="1445771334663" type="1" subject="null" body="04x5d" toa="null" sc_toa="null" service_center="null" read="1" status="-1" locked="0" date_sent="0" readable_date="25-10-2015 18:08:54" contact_name="Viet Bo" />
  <sms protocol="0" address="+84973836212" date="1445771338789" type="1" subject="null" body="T2 Lô .24.34x275d 22 x250đ.&#10;65 x 105đ.&#10;xiên3.42.34.22. X.300k&#10;Xiên 2. (22.34).(22.65).(22.42).(42.24) x 200k.&#10;&#10;" toa="null" sc_toa="null" service_center="null" read="1" status="-1" locked="0" date_sent="0" readable_date="25-10-2015 18:08:58" contact_name="Tien Em" />
  <sms protocol="0" address="+84977655973" date="1445771411204" type="1" subject="null" body="Lo 05 73x10d dau 2 x55n 21x150n 22x50n 343 686 515 33 42 05 06x10n" toa="null" sc_toa="null" service_center="null" read="1" status="-1" locked="0" date_sent="0" readable_date="25-10-2015 18:10:11" contact_name="A Su Cong Tinh Uy" />
  <sms protocol="0" address="+841685897838" date="1445771435462" type="1" subject="null" body="Xjen .66.55.x50d.lo 6 26.x100d.646x70d.838.868.252x50d" toa="null" sc_toa="null" service_center="null" read="1" status="-1" locked="0" date_sent="0" readable_date="25-10-2015 18:10:35" contact_name="Chi H. v. b" />
  <sms protocol="0" address="0973836212" date="1445771489614" type="2" subject="null" body="Nhan 2 tin.so tin cuoi:2." toa="null" sc_toa="null" service_center="null" read="1" status="0" locked="0" date_sent="0" readable_date="25-10-2015 18:11:29" contact_name="Tien Em" />
  <sms protocol="0" address="0983099345" date="1445771491102" type="2" subject="null" body="Nhan 3 tin." toa="null" sc_toa="null" service_center="null" read="1" status="0" locked="0" date_sent="0" readable_date="25-10-2015 18:11:31" contact_name="Viet Bo" />
  <sms protocol="0" address="01685897838" date="1445771492602" type="2" subject="null" body="Nhan 8 tin." toa="null" sc_toa="null" service_center="null" read="1" status="0" locked="0" date_sent="0" readable_date="25-10-2015 18:11:32" contact_name="Chi H. v. b" />
  <sms protocol="0" address="+841685897838" date="1445771513608" type="1" subject="null" body="Dau djt 2x500.393.323.020.757.242x100.lo 616.272x20d" toa="null" sc_toa="null" service_center="null" read="1" status="-1" locked="0" date_sent="0" readable_date="25-10-2015 18:11:53" contact_name="Chi H. v. b" />
  <sms protocol="0" address="+841685897838" date="1445771516188" type="1" subject="null" body="Ba cang 175.178x50n" toa="null" sc_toa="null" service_center="null" read="1" status="-1" locked="0" date_sent="0" readable_date="25-10-2015 18:11:56" contact_name="Chi H. v. b" />
  <sms protocol="0" address="01685897838" date="1445771521102" type="2" subject="null" body="Nhan 10 tin." toa="null" sc_toa="null" service_center="null" read="1" status="0" locked="0" date_sent="0" readable_date="25-10-2015 18:12:01" contact_name="Chi H. v. b" />
  <sms protocol="0" address="01685897838" date="1445771524103" type="2" subject="null" body="Nhan 10 tin." toa="null" sc_toa="null" service_center="null" read="1" status="0" locked="0" date_sent="0" readable_date="25-10-2015 18:12:04" contact_name="Chi H. v. b" />
  <sms protocol="0" address="0964386982" date="1445771533104" type="2" subject="null" body="Tin 4: lo:34x375d.24x275d.22x250d.65x105d.26,43,62x100d.46,64x70d.25,38,52,68,83,86x50d.16,27,61,72x20d.05,73x10d.04x5d..xi3:22,34,42*30d.xi2:22,34*10d.,xi2:22,42*10d.,xi2:22,65*10d.,xi2:24,42*10d.xi2:55,66*50d." toa="null" sc_toa="null" service_center="null" read="1" status="0" locked="0" date_sent="0" readable_date="25-10-2015 18:12:13" contact_name="A Duc" />
  <sms protocol="0" address="0983650782" date="1445771560106" type="2" subject="null" body="Tin 5: Ba cang:175,178x50n." toa="null" sc_toa="null" service_center="null" read="1" status="0" locked="0" date_sent="0" readable_date="25-10-2015 18:12:40" contact_name="A T 782 Lv" />
  <sms protocol="0" address="0964386982" date="1445771602111" type="2" subject="null" body="Tin 5: De:02,32x300n.42x200n." toa="null" sc_toa="null" service_center="null" read="1" status="0" locked="0" date_sent="0" readable_date="25-10-2015 18:13:22" contact_name="A Duc" />
  <sms protocol="0" address="0979399373" date="1445771614114" type="2" subject="null" body="Nhan 1 tin.. HET LO" toa="null" sc_toa="null" service_center="null" read="1" status="32" locked="0" date_sent="0" readable_date="25-10-2015 18:13:34" contact_name="A Tung Thuy?" />
  <sms protocol="0" address="0974086142" date="1445771615604" type="2" subject="null" body="Nhan 1 tin.. HET LO" toa="null" sc_toa="null" service_center="null" read="1" status="32" locked="0" date_sent="0" readable_date="25-10-2015 18:13:35" contact_name="Haj Dang" />
  <sms protocol="0" address="0973836212" date="1445771617103" type="2" subject="null" body="Nhan 1 tin.so tin cuoi:1.. HET LO" toa="null" sc_toa="null" service_center="null" read="1" status="0" locked="0" date_sent="0" readable_date="25-10-2015 18:13:37" contact_name="Tien Em" />
  <sms protocol="0" address="01678171621" date="1445771618602" type="2" subject="null" body="Nhan 1 tin.. HET LO" toa="null" sc_toa="null" service_center="null" read="1" status="0" locked="0" date_sent="0" readable_date="25-10-2015 18:13:38" contact_name="Minh Huan" />
  <sms protocol="0" address="01685897838" date="1445771620103" type="2" subject="null" body="Nhan 10 tin.. HET LO" toa="null" sc_toa="null" service_center="null" read="1" status="0" locked="0" date_sent="0" readable_date="25-10-2015 18:13:40" contact_name="Chi H. v. b" />
  <sms protocol="0" address="0983099345" date="1445771621610" type="2" subject="null" body="Nhan 3 tin.. HET LO" toa="null" sc_toa="null" service_center="null" read="1" status="32" locked="0" date_sent="0" readable_date="25-10-2015 18:13:41" contact_name="Viet Bo" />
  <sms protocol="0" address="0968193922" date="1445771623109" type="2" subject="null" body="Nhan 1 tin.. HET LO" toa="null" sc_toa="null" service_center="null" read="1" status="0" locked="0" date_sent="0" readable_date="25-10-2015 18:13:43" contact_name="(Unknown)" />
  <sms protocol="0" address="0977655973" date="1445771626103" type="2" subject="null" body="Nhan 1 tin.. HET LO" toa="null" sc_toa="null" service_center="null" read="1" status="32" locked="0" date_sent="0" readable_date="25-10-2015 18:13:46" contact_name="A Su Cong Tinh Uy" />
  <sms protocol="0" address="+841677281854" date="1445771629652" type="1" subject="null" body="Nhan 4 tin.so tin cuoi:4." toa="null" sc_toa="null" service_center="null" read="1" status="-1" locked="0" date_sent="0" readable_date="25-10-2015 18:13:49" contact_name="(Unknown)" />
  <sms protocol="0" address="+84964386982" date="1445771650427" type="1" subject="null" body="bac gui cho em 4 tin" toa="null" sc_toa="null" service_center="null" read="1" status="-1" locked="0" date_sent="0" readable_date="25-10-2015 18:14:10" contact_name="A Duc" />
  <sms protocol="0" address="+841685897838" date="1445771654592" type="1" subject="null" body="De 2KX 5N 848 393 11  878 25277 88 66 22 00 44X10N he 24X. 10N" toa="null" sc_toa="null" service_center="null" read="1" status="-1" locked="0" date_sent="0" readable_date="25-10-2015 18:14:14" contact_name="Chi H. v. b" />
  <sms protocol="0" address="+84964386982" date="1445771670961" type="1" subject="null" body="bac gui cho em 5 tin" toa="null" sc_toa="null" service_center="null" read="1" status="-1" locked="0" date_sent="0" readable_date="25-10-2015 18:14:30" contact_name="A Duc" />
  <sms protocol="0" address="01685897838" date="1445771677102" type="2" subject="null" body="Nhan 11 tin." toa="null" sc_toa="null" service_center="null" read="1" status="0" locked="0" date_sent="0" readable_date="25-10-2015 18:14:37" contact_name="Chi H. v. b" />
  <sms protocol="0" address="01677281854" date="1445771701109" type="2" subject="null" body="Tin 5: De:00,11,44,66,77,88x15n.24,25,29,39,42,47,48,52,74,78,79,84,87,92,93,97x10n.05,16,27,33,38,49,50,55,61,72,83,94,99x5n." toa="null" sc_toa="null" service_center="null" read="1" status="0" locked="0" date_sent="0" readable_date="25-10-2015 18:15:01" contact_name="(Unknown)" />
  <sms protocol="0" address="+841677281854" date="1445771777924" type="1" subject="null" body="Nhan 5 tin.so tin cuoi:5." toa="null" sc_toa="null" service_center="null" read="1" status="-1" locked="0" date_sent="0" readable_date="25-10-2015 18:16:17" contact_name="(Unknown)" />
  <sms protocol="0" address="01677281854" date="1445771861604" type="2" subject="null" body="Tin 5: De:22x1120n.21x705n.20,23,24x655n.25,26,27,28,29x555n.12,52,62,72,82,92x500n.42x410n.02,32x300n.39,57,75,93x100n.05,06,15,33,34,43,51,68,86x10n." toa="null" sc_toa="null" service_center="null" read="1" status="0" locked="0" date_sent="0" readable_date="25-10-2015 18:17:41" contact_name="(Unknown)" />
  <sms protocol="0" address="+841677281854" date="1445771887480" type="1" subject="null" body="Nhan 5 tin.so tin cuoi:5.Tin thieu:4" toa="null" sc_toa="null" service_center="null" read="1" status="-1" locked="0" date_sent="0" readable_date="25-10-2015 18:18:07" contact_name="(Unknown)" />
  <sms protocol="0" address="+841677281854" date="1445771916863" type="1" subject="null" body="chau gui cho co 5 tin . 2 tin 5 nhe" toa="null" sc_toa="null" service_center="null" read="1" status="-1" locked="0" date_sent="0" readable_date="25-10-2015 18:18:36" contact_name="(Unknown)" />
  <sms protocol="0" address="+841677281854" date="1445771927608" type="2" subject="null" body="ok" toa="null" sc_toa="null" service_center="null" read="1" status="0" locked="0" date_sent="0" readable_date="25-10-2015 18:18:47" contact_name="(Unknown)" />
  <sms protocol="0" address="0979399373" date="1445772076104" type="2" subject="null" body="Nhan 1 tin.. HET DE" toa="null" sc_toa="null" service_center="null" read="1" status="32" locked="0" date_sent="0" readable_date="25-10-2015 18:21:16" contact_name="A Tung Thuy?" />
  <sms protocol="0" address="0974086142" date="1445772077607" type="2" subject="null" body="Nhan 1 tin.. HET DE" toa="null" sc_toa="null" service_center="null" read="1" status="0" locked="0" date_sent="0" readable_date="25-10-2015 18:21:17" contact_name="Haj Dang" />
  <sms protocol="0" address="0973836212" date="1445772079108" type="2" subject="null" body="Nhan 1 tin.so tin cuoi:1.. HET DE" toa="null" sc_toa="null" service_center="null" read="1" status="0" locked="0" date_sent="0" readable_date="25-10-2015 18:21:19" contact_name="Tien Em" />
  <sms protocol="0" address="01678171621" date="1445772080604" type="2" subject="null" body="Nhan 1 tin.. HET DE" toa="null" sc_toa="null" service_center="null" read="1" status="0" locked="0" date_sent="0" readable_date="25-10-2015 18:21:20" contact_name="Minh Huan" />
  <sms protocol="0" address="01685897838" date="1445772082102" type="2" subject="null" body="Nhan 11 tin.. HET DE" toa="null" sc_toa="null" service_center="null" read="1" status="0" locked="0" date_sent="0" readable_date="25-10-2015 18:21:22" contact_name="Chi H. v. b" />
  <sms protocol="0" address="0983099345" date="1445772083603" type="2" subject="null" body="Nhan 3 tin.. HET DE" toa="null" sc_toa="null" service_center="null" read="1" status="32" locked="0" date_sent="0" readable_date="25-10-2015 18:21:23" contact_name="Viet Bo" />
  <sms protocol="0" address="0968193922" date="1445772085102" type="2" subject="null" body="Nhan 1 tin.. HET DE" toa="null" sc_toa="null" service_center="null" read="1" status="0" locked="0" date_sent="0" readable_date="25-10-2015 18:21:25" contact_name="(Unknown)" />
  <sms protocol="0" address="0977655973" date="1445772088102" type="2" subject="null" body="Nhan 1 tin.. HET DE" toa="null" sc_toa="null" service_center="null" read="1" status="0" locked="0" date_sent="0" readable_date="25-10-2015 18:21:28" contact_name="A Su Cong Tinh Uy" />
  <sms protocol="0" address="0983650782" date="1445772128605" type="2" subject="null" body="em gui cho anh 5 tin" toa="null" sc_toa="null" service_center="null" read="1" status="0" locked="0" date_sent="0" readable_date="25-10-2015 18:22:08" contact_name="A T 782 Lv" />
  <sms protocol="0" address="+84983650782" date="1445772181252" type="1" subject="null" body="Em gui cho Anh 5 tin" toa="null" sc_toa="null" service_center="null" read="1" status="-1" locked="0" date_sent="0" readable_date="25-10-2015 18:23:01" contact_name="A T 782 Lv" />
  <sms protocol="0" address="0983650782" date="1445772427118" type="2" subject="null" body="Ngay:25/10/2015&#13;&#10;em chuyen cho anh&#13;&#10;Lo:220,0=4774,0n&#13;&#10;3Cang:4200,0=2772,0n&#13;&#10;Xien:180,0=1080,0n&#13;&#10;Thuong lo:80,0=6400,0n&#13;&#10;em bu cho anh:2226,0n&#13;&#10;" toa="null" sc_toa="null" service_center="null" read="1" status="0" locked="0" date_sent="0" readable_date="25-10-2015 18:27:07" contact_name="A T 782 Lv" />
  <sms protocol="0" address="01677281854" date="1445772430108" type="2" subject="null" body="Ngay:25/10/2015&#13;&#10;chau chuyen cho co&#13;&#10;De:22950,0=16524,0n&#13;&#10;Lo:210,0=4557,0n&#13;&#10;Thuong de:215,0=15050,0n&#13;&#10;Thuong lo:210,0=16800,0n&#13;&#10;co bu cho chau:10769,0n&#13;&#10;" toa="null" sc_toa="null" service_center="null" read="1" status="0" locked="0" date_sent="0" readable_date="25-10-2015 18:27:10" contact_name="(Unknown)" />
  <sms protocol="0" address="+84983650782" date="1445772437546" type="1" subject="null" body="Ngay:25/10/2015&#10;Em chuyen cho Anh&#10;Lo:220,0=4774,0n&#10;3Cang:4200,0=2772,0n&#10;Xien:180,0=1080,0n&#10;Th lo:80,0=6400,0n&#10;Em bu cho Anh:2226,0n&#10;" toa="null" sc_toa="null" service_center="null" read="1" status="-1" locked="0" date_sent="0" readable_date="25-10-2015 18:27:17" contact_name="A T 782 Lv" />
  <sms protocol="0" address="0974086142" date="1445772437609" type="2" subject="null" body="Ngay:25/10/2015&#13;&#10;may chuyen cho tao&#13;&#10;De:60,0=48,0n&#13;&#10;may bu cho tao:48,0n&#13;&#10;" toa="null" sc_toa="null" service_center="null" read="1" status="0" locked="0" date_sent="0" readable_date="25-10-2015 18:27:17" contact_name="Haj Dang" />
  <sms protocol="0" address="0968193922" date="1445772443601" type="2" subject="null" body="Ngay:25/10/2015&#13;&#10;chị chuyen cho EM&#13;&#10;Xien:5,0=34,0n&#13;&#10;chị bu cho EM:34,0n&#13;&#10;" toa="null" sc_toa="null" service_center="null" read="1" status="32" locked="0" date_sent="0" readable_date="25-10-2015 18:27:23" contact_name="(Unknown)" />
  <sms protocol="0" address="01678171621" date="1445772446609" type="2" subject="null" body="Ngay:25/10/2015&#13;&#10;cau chuyen cho to&#13;&#10;Lo:520,0=11700,0n&#13;&#10;Xien:55,0=385,0n&#13;&#10;Th lo:410,0=32800,0n&#13;&#10;to bu cho cau:20715,0n&#13;&#10;" toa="null" sc_toa="null" service_center="null" read="1" status="32" locked="0" date_sent="0" readable_date="25-10-2015 18:27:26" contact_name="Minh Huan" />
  <sms protocol="0" address="0983099345" date="1445772452603" type="2" subject="null" body="Ngay:25/10/2015&#13;&#10;Ban chuyen cho toi&#13;&#10;Lo:235,0=5123,0n&#13;&#10;Th lo:120,0=9600,0n&#13;&#10;toi bu cho Ban:4477,0n&#13;&#10;" toa="null" sc_toa="null" service_center="null" read="1" status="0" locked="0" date_sent="0" readable_date="25-10-2015 18:27:32" contact_name="Viet Bo" />
  <sms protocol="0" address="0979399373" date="1445772457105" type="2" subject="null" body="Ngay:25/10/2015&#13;&#10;Anh chuyen cho EM&#13;&#10;Lo:20,0=440,0n&#13;&#10;Th lo:10,0=800,0n&#13;&#10;EM bu cho Anh:360,0n&#13;&#10;" toa="null" sc_toa="null" service_center="null" read="1" status="0" locked="0" date_sent="0" readable_date="25-10-2015 18:27:37" contact_name="A Tung Thuy?" />
  <sms protocol="0" address="0977655973" date="1445772461604" type="2" subject="null" body="Ngay:25/10/2015&#13;&#10;BAC chuyen cho EM&#13;&#10;De:850,0=680,0n&#13;&#10;Lo:20,0=450,0n&#13;&#10;BAC bu cho EM:1130,0n&#13;&#10;" toa="null" sc_toa="null" service_center="null" read="1" status="32" locked="0" date_sent="0" readable_date="25-10-2015 18:27:41" contact_name="A Su Cong Tinh Uy" />
  <sms protocol="0" address="0964386982" date="1445772466102" type="2" subject="null" body="Ngay:25/10/2015&#13;&#10;em chuyen cho anh&#13;&#10;De:13000,0=9295,0n&#13;&#10;Lo:2220,0=48174,0n&#13;&#10;Xien:157,0=942,0n&#13;&#10;Thuong de:300,0=21000,0n&#13;&#10;Thuong lo:855,0=68400,0n&#13;&#10;anh bu cho em:30989,0n&#13;&#10;" toa="null" sc_toa="null" service_center="null" read="1" status="32" locked="0" date_sent="0" readable_date="25-10-2015 18:27:46" contact_name="A Duc" />
  <sms protocol="0" address="01685897838" date="1445772475111" type="2" subject="null" body="Ngay:25/10/2015&#13;&#10;chi chuyen cho EM&#13;&#10;De:34040,0=24508,8n&#13;&#10;Lo:940,0=20445,0n&#13;&#10;3Cang:4200,0=2982,0n&#13;&#10;Xien:207,0=1386,9n&#13;&#10;Th de:515,0=36050,0n&#13;&#10;Th lo:330,0=26400,0n&#13;&#10;EM bu cho chi:13127,3n&#13;&#10;" toa="null" sc_toa="null" service_center="null" read="1" status="32" locked="0" date_sent="0" readable_date="25-10-2015 18:27:55" contact_name="Chi H. v. b" />
  <sms protocol="0" address="0973836212" date="1445772479607" type="2" subject="null" body="Ngay:25/10/2015&#13;&#10;may chuyen cho tao&#13;&#10;De:1000,0=750,0n&#13;&#10;Lo:915,0=20038,5n&#13;&#10;Xien:70,0=490,0n&#13;&#10;Th lo:275,0=22000,0n&#13;&#10;tao bu cho may:721,5n&#13;&#10;" toa="null" sc_toa="null" service_center="null" read="1" status="0" locked="0" date_sent="0" readable_date="25-10-2015 18:27:59" contact_name="Tien Em" />
  <sms protocol="0" address="+84964386982" date="1445772501518" type="1" subject="null" body="Ngay:25/10/2015&#10;bac chuyen cho em&#10;De:13000,0=9295,0n&#10;Lo:2220,0=48174,0n&#10;Xien:157,0=942,0n&#10;Th de:300,0=21000,0n&#10;Th lo:855,0=68400,0n&#10;em bu cho bac:30989,0n&#10;" toa="null" sc_toa="null" service_center="null" read="0" status="-1" locked="0" date_sent="0" readable_date="25-10-2015 18:28:21" contact_name="A Duc" />
  <sms protocol="0" address="+84983099345" date="1445772558552" type="2" subject="null" body="Ngay:25/10/2015&#13;&#10;chi chuyen cho EM&#13;&#10;De:34040,0=24508,8n&#13;&#10;Lo:940,0=20445,0n&#13;&#10;3Cang:4200,0=2982,0n&#13;&#10;Xien:207,0=1386,9n&#13;&#10;Th de:515,0=36050,0n&#13;&#10;Th lo:330,0=26400,0n&#13;&#10;EM bu cho chi:13127,3n&#13;&#10;T bu c 13252" toa="null" sc_toa="null" service_center="null" read="1" status="0" locked="0" date_sent="0" readable_date="25-10-2015 18:29:18" contact_name="Viet Bo" />
  <sms protocol="0" address="01632029067" date="1445772611458" type="2" subject="null" body="Tinh den het ngay:24/10/15 EM thu 196n&#13;&#10;Ngay:25/10/15 Chị-34n &#13;&#10;Tong cong: EM thu 230" toa="null" sc_toa="null" service_center="null" read="1" status="0" locked="0" date_sent="0" readable_date="25-10-2015 18:30:11" contact_name="(Unknown)" />
  <sms protocol="0" address="01677281854" date="1445772617796" type="2" subject="null" body="Tinh den het ngay:24/10/15 chau bu 19766n&#13;&#10;Ngay:25/10/15 co-19766n -10768n &#13;&#10;Tong cong: chau thu 10768" toa="null" sc_toa="null" service_center="null" read="1" status="0" locked="0" date_sent="0" readable_date="25-10-2015 18:30:17" contact_name="(Unknown)" />
  <sms protocol="0" address="+841677281854" date="1445772622401" type="1" subject="null" body="Ngay:25/10/2015&#10;chau chuyen cho co&#10;De:22950,0=16524,0n&#10;Lo:210,0=4557,0n&#10;Th de:215,0=15050,0n&#10;Th lo:210,0=16800,0n&#10;co bu cho chau:10769,0n" toa="null" sc_toa="null" service_center="+84980200623" read="0" status="-1" locked="0" date_sent="1445772614000" readable_date="25-10-2015 18:30:22" contact_name="(Unknown)" />
  <sms protocol="0" address="+841685897838" date="1445772654187" type="3" subject="null" body="Ngay:25/10/15 chi+13252n " toa="null" sc_toa="null" service_center="null" read="1" status="-1" locked="0" date_sent="0" readable_date="25-10-2015 18:30:54" contact_name="(Unknown)" />
  <sms protocol="0" address="0973836212" date="1445772676106" type="2" subject="null" body="Tinh den het ngay:24/10/15 tao thu 8955n&#13;&#10;Ngay:25/10/15 may+1000n +721n &#13;&#10;Tong cong: tao thu 7234" toa="null" sc_toa="null" service_center="null" read="1" status="0" locked="0" date_sent="0" readable_date="25-10-2015 18:31:16" contact_name="Tien Em" />
  <sms protocol="0" address="0977655973" date="1445772681663" type="2" subject="null" body="Tinh den het ngay:24/10/15 EM thu 3696n&#13;&#10;Ngay:25/10/15 BAC-1130n +1200n &#13;&#10;Tong cong: EM thu 3626" toa="null" sc_toa="null" service_center="null" read="1" status="32" locked="0" date_sent="0" readable_date="25-10-2015 18:31:21" contact_name="A Su Cong Tinh Uy" />
  <sms protocol="0" address="0983099345" date="1445772686985" type="2" subject="null" body="Tinh den het ngay:24/10/15 toi thu 7232n&#13;&#10;Ngay:25/10/15 Ban-5700n +4477n +13252n &#13;&#10;Tong cong: toi bu 4797" toa="null" sc_toa="null" service_center="null" read="1" status="32" locked="0" date_sent="0" readable_date="25-10-2015 18:31:26" contact_name="Viet Bo" />
  <sms protocol="0" address="0983650782" date="1445772698704" type="2" subject="null" body="Tinh den het ngay:24/10/15 em thu 6219n&#13;&#10;Ngay:25/10/15 anh+16560n +2226n &#13;&#10;Tong cong: em bu 12567" toa="null" sc_toa="null" service_center="null" read="1" status="0" locked="0" date_sent="0" readable_date="25-10-2015 18:31:38" contact_name="A T 782 Lv" />
</smses>