<?xml version='1.0' encoding='UTF-8' standalone='yes' ?>
<!--File Created By SMS Backup & Restore Pro v7.21 on 26/10/2015 01:39:29-->
<?xml-stylesheet type="text/xsl" href="sms.xsl"?>
<smses count="60">
  <sms protocol="0" address="+841685410901" date="1445768896406" type="1" subject="null" body="đề dàn từ 1-8 của tổng chẵn(31so)x 60n. đề dàn tư 1-8 của tổng lẻ(33so)x 35n.&#10;Lo 363 x 500d" toa="null" sc_toa="null" service_center="+84980200623" read="1" status="-1" locked="0" date_sent="1445769008000" readable_date="25-10-2015 17:28:16" contact_name="Giang" />
  <sms protocol="0" address="+841685410901" date="1445768907850" type="2" subject="null" body="Ok" toa="null" sc_toa="null" service_center="null" read="1" status="-1" locked="0" date_sent="0" readable_date="25-10-2015 17:28:27" contact_name="Giang" />
  <sms protocol="0" address="0948723319" date="1445768920057" type="2" subject="null" body="đề dàn từ 1-8 của tổng chẵn(31so)x 60n. đề dàn tư 1-8 của tổng lẻ(33so)x 35n.&#10;Lo 363 x 500d" toa="null" sc_toa="null" service_center="null" read="1" status="-1" locked="0" date_sent="0" readable_date="25-10-2015 17:28:40" contact_name="Tuyet2" />
  <sms protocol="0" address="+84948723319" date="1445768945123" type="1" subject="null" body="Ok" toa="null" sc_toa="null" service_center="+8491020005" read="1" status="-1" locked="0" date_sent="1445769028000" readable_date="25-10-2015 17:29:05" contact_name="Tuyet2" />
  <sms protocol="0" address="+841685410901" date="1445769279054" type="1" subject="null" body="lo 171x 10d. &#10;de171,181,262,282,575,22,66,88x 20.&#10;de 121,272,181,787x 50.171,282,11,22,77,88x 80.010,131,141,151,161,191,202,232,242,252,262,292,070,373,474,575,676,797,080,383,484,585,686,898x 50." toa="null" sc_toa="null" service_center="+84980200623" read="1" status="-1" locked="0" date_sent="1445769392000" readable_date="25-10-2015 17:34:39" contact_name="Giang" />
  <sms protocol="0" address="+841685410901" date="1445769290449" type="2" subject="null" body="Ok" toa="null" sc_toa="null" service_center="null" read="1" status="-1" locked="0" date_sent="0" readable_date="25-10-2015 17:34:50" contact_name="Giang" />
  <sms protocol="0" address="0948723319" date="1445769321991" type="2" subject="null" body="lo 171x 10d. &#10;de171,181,262,282,575,22,66,88x 20.&#10;de 121,272,181,787x 50.    171,282,11,22,77,88x 80.    010,131,141,151,161,191,202,232,242,252,262,292,070,373,474,575,676,797,080,383,484,585,686,898x 50." toa="null" sc_toa="null" service_center="null" read="1" status="-1" locked="0" date_sent="0" readable_date="25-10-2015 17:35:21" contact_name="Tuyet2" />
  <sms protocol="0" address="+84948723319" date="1445769502139" type="1" subject="null" body="Ok" toa="null" sc_toa="null" service_center="+8491020005" read="1" status="-1" locked="0" date_sent="1445769584000" readable_date="25-10-2015 17:38:22" contact_name="Tuyet2" />
  <sms protocol="0" address="+841685410901" date="1445770365860" type="1" subject="null" body=" de 99x 60n&#10;00 x 30 11 x 40 &#10;44 99 71 x 10 &#10;48 84 42 62 82 x 100&#10;26 28 x 200&#10;48 00 22 78 87 26 62 11 66 00 22 x 50 &#10;24 42 26 62 x 70 &#10;44 66 22 26 62 47 74 46 64 24 42 x 50 &#10;3c 184 x 200 126 x 100 148 162  128 182 x  50 &#10;Lo 00 x 30" toa="null" sc_toa="null" service_center="+84980200623" read="1" status="-1" locked="0" date_sent="1445770479000" readable_date="25-10-2015 17:52:45" contact_name="Giang" />
  <sms protocol="0" address="+841685410901" date="1445770376783" type="2" subject="null" body="Ok" toa="null" sc_toa="null" service_center="null" read="1" status="-1" locked="0" date_sent="0" readable_date="25-10-2015 17:52:56" contact_name="Giang" />
  <sms protocol="0" address="0948723319" date="1445770393958" type="2" subject="null" body=" de 99x 60n&#10;00 x 30 11 x 40 &#10;44 99 71 x 10 &#10;48 84 42 62 82 x 100&#10;26 28 x 200&#10;48 00 22 78 87 26 62 11 66 00 22 x 50 &#10;24 42 26 62 x 70 &#10;44 66 22 26 62 47 74 46 64 24 42 x 50 &#10;3c 184 x 200 126 x 100 148 162  128 182 x  50 &#10;Lo 00 x 30" toa="null" sc_toa="null" service_center="null" read="1" status="-1" locked="0" date_sent="0" readable_date="25-10-2015 17:53:13" contact_name="Tuyet2" />
  <sms protocol="0" address="+841662883398" date="1445770522221" type="1" subject="null" body="Kép bằng x 5tr , lô : 32 x 1,000 , lô 23 x 500" toa="null" sc_toa="null" service_center="+84980200623" read="1" status="-1" locked="0" date_sent="1445770638000" readable_date="25-10-2015 17:55:22" contact_name="Chi Hoa" />
  <sms protocol="0" address="+841662883398" date="1445770536794" type="2" subject="null" body="Ok" toa="null" sc_toa="null" service_center="null" read="1" status="-1" locked="0" date_sent="0" readable_date="25-10-2015 17:55:36" contact_name="Chi Hoa" />
  <sms protocol="0" address="+84948723319" date="1445770539866" type="1" subject="null" body="Ok" toa="null" sc_toa="null" service_center="+8491020005" read="1" status="-1" locked="0" date_sent="1445770622000" readable_date="25-10-2015 17:55:39" contact_name="Tuyet2" />
  <sms protocol="0" address="0948723319" date="1445770544463" type="2" subject="null" body="Kép bằng x 5tr , lô : 32 x 1,000 , lô 23 x 500" toa="null" sc_toa="null" service_center="null" read="1" status="-1" locked="0" date_sent="0" readable_date="25-10-2015 17:55:44" contact_name="Tuyet2" />
  <sms protocol="0" address="+841685410901" date="1445770589367" type="1" subject="null" body="Lo 87 x 1000&#10;78 38 89 98 x 500 &#10;83 35  x 600&#10;39 53  x 300&#10;93 x 400&#10;33 x 100&#10;De 11 x 10tr" toa="null" sc_toa="null" service_center="+84980200623" read="1" status="-1" locked="0" date_sent="1445770706000" readable_date="25-10-2015 17:56:29" contact_name="Giang" />
  <sms protocol="0" address="+84948723319" date="1445770592738" type="1" subject="null" body="Ok" toa="null" sc_toa="null" service_center="+8491020005" read="1" status="-1" locked="0" date_sent="1445770673000" readable_date="25-10-2015 17:56:32" contact_name="Tuyet2" />
  <sms protocol="0" address="+841685410901" date="1445770601361" type="2" subject="null" body="Ok" toa="null" sc_toa="null" service_center="null" read="1" status="-1" locked="0" date_sent="0" readable_date="25-10-2015 17:56:41" contact_name="Giang" />
  <sms protocol="0" address="0948723319" date="1445770607834" type="2" subject="null" body="Lo 87 x 1000&#10;78 38 89 98 x 500 &#10;83 35  x 600&#10;39 53  x 300&#10;93 x 400&#10;33 x 100&#10;De 11 x 10tr" toa="null" sc_toa="null" service_center="null" read="1" status="-1" locked="0" date_sent="0" readable_date="25-10-2015 17:56:47" contact_name="Tuyet2" />
  <sms protocol="0" address="+84948723319" date="1445770652457" type="1" subject="null" body="Ok" toa="null" sc_toa="null" service_center="+8491020005" read="1" status="-1" locked="0" date_sent="1445770736000" readable_date="25-10-2015 17:57:32" contact_name="Tuyet2" />
  <sms protocol="0" address="+84988526751" date="1445770761052" type="1" subject="null" body="lo 94x300d" toa="null" sc_toa="null" service_center="+84980200623" read="1" status="-1" locked="0" date_sent="1445770878000" readable_date="25-10-2015 17:59:21" contact_name="Giang1" />
  <sms protocol="0" address="+84988526751" date="1445770772427" type="2" subject="null" body="Ok" toa="null" sc_toa="null" service_center="null" read="1" status="-1" locked="0" date_sent="0" readable_date="25-10-2015 17:59:32" contact_name="Giang1" />
  <sms protocol="0" address="0948723319" date="1445770778422" type="2" subject="null" body="lo 94x300d" toa="null" sc_toa="null" service_center="null" read="1" status="-1" locked="0" date_sent="0" readable_date="25-10-2015 17:59:38" contact_name="Tuyet2" />
  <sms protocol="0" address="+84948723319" date="1445770796969" type="1" subject="null" body="Ok" toa="null" sc_toa="null" service_center="+8491020005" read="1" status="-1" locked="0" date_sent="1445770880000" readable_date="25-10-2015 17:59:56" contact_name="Tuyet2" />
  <sms protocol="0" address="+841694299136" date="1445770838215" type="1" subject="null" body="LO 66.71.72.99.22.55.343.94.00.424.47.65.81.95.06.52.91X150D.LO 88X1200D.LO 37X500D.DE DAU 8X2.3TR.DE 88X1500N.DE 99.22.89.X700N." toa="null" sc_toa="null" service_center="+84980200613" read="1" status="-1" locked="0" date_sent="1445770955000" readable_date="25-10-2015 18:00:38" contact_name="Công7" />
  <sms protocol="0" address="+841694299136" date="1445770855340" type="2" subject="null" body="Ok" toa="null" sc_toa="null" service_center="null" read="1" status="-1" locked="0" date_sent="0" readable_date="25-10-2015 18:00:55" contact_name="Công7" />
  <sms protocol="0" address="01678838814" date="1445770879334" type="2" subject="null" body="LO 66.71.72.99.22.55.343.94.00.424.47.65.81.95.06.52.91X150D.LO 88X1200D.LO 37X500D.DE DAU 8X2.3TR.DE 88X1500N.DE 99.22.89.X700N." toa="null" sc_toa="null" service_center="null" read="1" status="-1" locked="0" date_sent="0" readable_date="25-10-2015 18:01:19" contact_name="Vo Anh Thai" />
  <sms protocol="0" address="+841685410901" date="1445770940242" type="1" subject="null" body="Lô 04 40 x100" toa="null" sc_toa="null" service_center="+84980200623" read="1" status="-1" locked="0" date_sent="1445771057000" readable_date="25-10-2015 18:02:20" contact_name="Giang" />
  <sms protocol="0" address="+841685410901" date="1445771032230" type="2" subject="null" body="Ok" toa="null" sc_toa="null" service_center="null" read="1" status="-1" locked="0" date_sent="0" readable_date="25-10-2015 18:03:52" contact_name="Giang" />
  <sms protocol="0" address="0948723319" date="1445771038579" type="2" subject="null" body="Lô 04 40 x100" toa="null" sc_toa="null" service_center="null" read="1" status="-1" locked="0" date_sent="0" readable_date="25-10-2015 18:03:58" contact_name="Tuyet2" />
  <sms protocol="0" address="+84948723319" date="1445771076239" type="1" subject="null" body="Ok" toa="null" sc_toa="null" service_center="+8491020005" read="1" status="-1" locked="0" date_sent="1445771160000" readable_date="25-10-2015 18:04:36" contact_name="Tuyet2" />
  <sms protocol="0" address="+841685410901" date="1445771142342" type="1" subject="null" body="De chan chan x 100" toa="null" sc_toa="null" service_center="+84980200623" read="1" status="-1" locked="0" date_sent="1445771259000" readable_date="25-10-2015 18:05:42" contact_name="Giang" />
  <sms protocol="0" address="+841685410901" date="1445771160109" type="2" subject="null" body="Ok" toa="null" sc_toa="null" service_center="null" read="1" status="-1" locked="0" date_sent="0" readable_date="25-10-2015 18:06:00" contact_name="Giang" />
  <sms protocol="0" address="0948723319" date="1445771166305" type="2" subject="null" body="De chan chan x 100" toa="null" sc_toa="null" service_center="null" read="1" status="-1" locked="0" date_sent="0" readable_date="25-10-2015 18:06:06" contact_name="Tuyet2" />
  <sms protocol="0" address="+841678838814" date="1445771169726" type="1" subject="null" body="Ok1" toa="null" sc_toa="null" service_center="+84980200623" read="1" status="-1" locked="0" date_sent="1445771286000" readable_date="25-10-2015 18:06:09" contact_name="Vo Anh Thai" />
  <sms protocol="0" address="+841694299136" date="1445771195591" type="1" subject="null" body="XIEN 14.49.94X300N.XIEN 34.66.94X11TR.XIEN 91.52.55X1TR.DE 33X25TR.DE 80.96.73.24.54.20X1TR" toa="null" sc_toa="null" service_center="+84980200613" read="1" status="-1" locked="0" date_sent="1445771312000" readable_date="25-10-2015 18:06:35" contact_name="Công7" />
  <sms protocol="0" address="+841694299136" date="1445771205592" type="2" subject="null" body="Ok" toa="null" sc_toa="null" service_center="null" read="1" status="-1" locked="0" date_sent="0" readable_date="25-10-2015 18:06:45" contact_name="Công7" />
  <sms protocol="0" address="+84948723319" date="1445771209758" type="1" subject="null" body="Ok" toa="null" sc_toa="null" service_center="+8491020005" read="1" status="-1" locked="0" date_sent="1445771290000" readable_date="25-10-2015 18:06:49" contact_name="Tuyet2" />
  <sms protocol="0" address="01678838814" date="1445771213905" type="2" subject="null" body="XIEN 14.49.94X300N.XIEN 34.66.94X11TR.XIEN 91.52.55X1TR.DE 33X25TR.DE 80.96.73.24.54.20X1TR" toa="null" sc_toa="null" service_center="null" read="1" status="-1" locked="0" date_sent="0" readable_date="25-10-2015 18:06:53" contact_name="Vo Anh Thai" />
  <sms protocol="0" address="+841678838814" date="1445771238448" type="1" subject="null" body="Ok2" toa="null" sc_toa="null" service_center="+84980200623" read="1" status="-1" locked="0" date_sent="1445771355000" readable_date="25-10-2015 18:07:18" contact_name="Vo Anh Thai" />
  <sms protocol="0" address="+841694299136" date="1445771340882" type="1" subject="null" body="DE KEP =X6TR" toa="null" sc_toa="null" service_center="+84980200613" read="1" status="-1" locked="0" date_sent="1445771457000" readable_date="25-10-2015 18:09:00" contact_name="Công7" />
  <sms protocol="0" address="+841694299136" date="1445771352244" type="2" subject="null" body="Ok" toa="null" sc_toa="null" service_center="null" read="1" status="-1" locked="0" date_sent="0" readable_date="25-10-2015 18:09:12" contact_name="Công7" />
  <sms protocol="0" address="01678838814" date="1445771361091" type="2" subject="null" body="DE KEP =X6TR" toa="null" sc_toa="null" service_center="null" read="1" status="-1" locked="0" date_sent="0" readable_date="25-10-2015 18:09:21" contact_name="Vo Anh Thai" />
  <sms protocol="0" address="+841678838814" date="1445771401716" type="1" subject="null" body="Ok3" toa="null" sc_toa="null" service_center="+84980200623" read="1" status="-1" locked="0" date_sent="1445771518000" readable_date="25-10-2015 18:10:01" contact_name="Vo Anh Thai" />
  <sms protocol="0" address="+841685410901" date="1445771535244" type="1" subject="null" body="Lo 56 x 200&#10;65 x 100&#10;16 78 10  91 10 55 x 30&#10;38 39 x 50 &#10;56 65 x 20&#10;00 x 500&#10;Xi 12 43 38 &#10;43 38&#10;20 29 x 500&#10;16 78 91 x 300&#10;02 20 99 x 200&#10;De 02 20 10 01 x 100&#10;Dau 5 x 200&#10;Dit 5 x 100&#10;Dau 3 x 100&#10;01 88 38 x 200 14   89 41 x 100" toa="null" sc_toa="null" service_center="+84980200623" read="1" status="-1" locked="0" date_sent="1445771648000" readable_date="25-10-2015 18:12:15" contact_name="Giang" />
  <sms protocol="0" address="+841685410901" date="1445771545538" type="2" subject="null" body="Ok" toa="null" sc_toa="null" service_center="null" read="1" status="-1" locked="0" date_sent="0" readable_date="25-10-2015 18:12:25" contact_name="Giang" />
  <sms protocol="0" address="0948723319" date="1445771559441" type="2" subject="null" body="Lo 56 x 200&#10;65 x 100&#10;16 78 10  91 10 55 x 30&#10;38 39 x 50 &#10;56 65 x 20&#10;00 x 500&#10;Xi 12 43 38 &#10;43 38&#10;20 29 x 500&#10;16 78 91 x 300&#10;02 20 99 x 200&#10;De 02 20 10 01 x 100&#10;Dau 5 x 200&#10;Dit 5 x 100&#10;Dau 3 x 100&#10;01 88 38 x 200 14   89 41 x 100" toa="null" sc_toa="null" service_center="null" read="1" status="-1" locked="0" date_sent="0" readable_date="25-10-2015 18:12:39" contact_name="Tuyet2" />
  <sms protocol="0" address="+84948723319" date="1445771583895" type="1" subject="null" body="Ok" toa="null" sc_toa="null" service_center="+8491020005" read="1" status="-1" locked="0" date_sent="1445771667000" readable_date="25-10-2015 18:13:03" contact_name="Tuyet2" />
  <sms protocol="0" address="+841694299136" date="1445771829545" type="1" subject="null" body="DE TONG 9X2TR.DE 727X10TR" toa="null" sc_toa="null" service_center="+84980200613" read="1" status="-1" locked="0" date_sent="1445771946000" readable_date="25-10-2015 18:17:09" contact_name="Công7" />
  <sms protocol="0" address="+841685410901" date="1445771839221" type="1" subject="null" body="De 23 x 1.500, 11 22 44 88 x 800, 32 x 400     282 212 x500" toa="null" sc_toa="null" service_center="+84980200623" read="1" status="-1" locked="0" date_sent="1445771956000" readable_date="25-10-2015 18:17:19" contact_name="Giang" />
  <sms protocol="0" address="+841694299136" date="1445771840461" type="2" subject="null" body="Ok" toa="null" sc_toa="null" service_center="null" read="1" status="-1" locked="0" date_sent="0" readable_date="25-10-2015 18:17:20" contact_name="Công7" />
  <sms protocol="0" address="01678838814" date="1445771850895" type="2" subject="null" body="DE TONG 9X2TR.DE 727X10TR" toa="null" sc_toa="null" service_center="null" read="1" status="-1" locked="0" date_sent="0" readable_date="25-10-2015 18:17:30" contact_name="Vo Anh Thai" />
  <sms protocol="0" address="+841685410901" date="1445771859792" type="2" subject="null" body="Ok" toa="null" sc_toa="null" service_center="null" read="1" status="-1" locked="0" date_sent="0" readable_date="25-10-2015 18:17:39" contact_name="Giang" />
  <sms protocol="0" address="0948723319" date="1445771867089" type="2" subject="null" body="De 23 x 1.500, 11 22 44 88 x 800, 32 x 400     282 212 x500" toa="null" sc_toa="null" service_center="null" read="1" status="-1" locked="0" date_sent="0" readable_date="25-10-2015 18:17:47" contact_name="Tuyet2" />
  <sms protocol="0" address="+841678838814" date="1445771913186" type="1" subject="null" body="Ok4" toa="null" sc_toa="null" service_center="+84980200623" read="1" status="-1" locked="0" date_sent="1445772030000" readable_date="25-10-2015 18:18:33" contact_name="Vo Anh Thai" />
  <sms protocol="0" address="+84948723319" date="1445771963143" type="1" subject="null" body="Lk" toa="null" sc_toa="null" service_center="+8491020005" read="1" status="-1" locked="0" date_sent="1445772047000" readable_date="25-10-2015 18:19:23" contact_name="Tuyet2" />
  <sms protocol="0" address="997" date="1445775287791" type="2" subject="null" body="Kqsxmb" toa="null" sc_toa="null" service_center="null" read="1" status="-1" locked="0" date_sent="0" readable_date="25-10-2015 19:14:47" contact_name="(Unknown)" />
  <sms protocol="0" address="997" date="1445775301795" type="1" subject="null" body="MB 25/10&#10;DB:76970&#10;1:05949&#10;2:14183-06896&#10;3:67463-55733-50118-89868-29960-41110&#10;4:8845-1334-8968-3827&#10;5:5576-6342-4189-8726-5227-2910&#10;6:774-155-116&#10;7:87-18-32-45" toa="null" sc_toa="null" service_center="+8491020446" read="1" status="-1" locked="0" date_sent="1445775385000" readable_date="25-10-2015 19:15:01" contact_name="(Unknown)" />
  <sms protocol="0" address="+84948723319" date="1445776114000" type="1" subject="null" body="De 84055/50 lo 9470/3880 xien 2tr/0 chi +46282-9303=+37379-120062=-82683 . Chi lam xem dung thi ok nhe" toa="null" sc_toa="null" service_center="null" read="1" status="-1" locked="0" date_sent="0" readable_date="25-10-2015 19:28:34" contact_name="Tuyet2" />
  <sms protocol="0" address="0948723319" date="1445781925240" type="2" subject="null" body="Ngay:25/10/2015&#13;&#10;chi  chuyen cho em&#13;&#10;De:84080,0=60537,6n&#13;&#10;Lo:9470,0=205499,0n&#13;&#10;3Cang:500,0=500,0n&#13;&#10;Xien:200,0=1240,0n&#13;&#10;Thuong de:50,0=3500,0n&#13;&#10;Thuong lo:3880,0=310400,0n&#13;&#10;em bu cho chi :46123,4n&#13;&#10;" toa="null" sc_toa="null" service_center="null" read="1" status="0" locked="0" date_sent="0" readable_date="25-10-2015 21:05:25" contact_name="Tuyet2" />
</smses>