<?xml version='1.0' encoding='UTF-8' standalone='yes' ?>
<!--File Created By SMS Backup & Restore Pro v7.21 on 26/10/2015 20:10:54-->
<?xml-stylesheet type="text/xsl" href="sms.xsl"?>
<smses count="144">
  <sms protocol="0" address="01628909893" date="1445828318195" type="2" subject="null" body="-980 nợ cũ 530+2000&#10;Tổng a bù e 3510" toa="null" sc_toa="null" service_center="null" read="1" status="0" locked="0" date_sent="0" readable_date="26-10-2015 09:58:38" contact_name="A M" />
  <sms protocol="0" address="+84983650782" date="1445847376149" type="1" subject="null" body="ngay 25/10/15:&#10;THU:&#10;B K 733:2226;&#10;C Ha:3651" toa="null" sc_toa="null" service_center="null" read="1" status="-1" locked="0" date_sent="0" readable_date="26-10-2015 15:16:16" contact_name="A T 782 Lv" />
  <sms protocol="0" address="+84983650782" date="1445848033073" type="2" subject="null" body="Gui e sdt chị ahf" toa="null" sc_toa="null" service_center="null" read="1" status="0" locked="0" date_sent="0" readable_date="26-10-2015 15:27:13" contact_name="A T 782 Lv" />
  <sms protocol="0" address="+84983650782" date="1445848035294" type="2" subject="null" body="Hà" toa="null" sc_toa="null" service_center="null" read="1" status="0" locked="0" date_sent="0" readable_date="26-10-2015 15:27:15" contact_name="A T 782 Lv" />
  <sms protocol="0" address="+84983650782" date="1445848204502" type="1" subject="null" body="ngay 25/10/15:&#10;THU:&#10;B K 733:2226;&#10;C Ha: 0974156668&#10;3651&#10;Hai : 0963228866 2t pm = 1600" toa="null" sc_toa="null" service_center="+84980200613" read="1" status="-1" locked="0" date_sent="1445848203000" readable_date="26-10-2015 15:30:04" contact_name="A T 782 Lv" />
  <sms protocol="0" address="0983650782" date="1445853613209" type="2" subject="null" body="Tinh den het ngay:25/10/15 em bu 12567n&#13;&#10;Ngay:26/10/15 anh-340n +3650n &#13;&#10;Tong cong: em bu 15877" toa="null" sc_toa="null" service_center="null" read="1" status="0" locked="0" date_sent="0" readable_date="26-10-2015 17:00:13" contact_name="A T 782 Lv" />
  <sms protocol="0" address="+84979399373" date="1445855573666" type="1" subject="null" body="Lô: 10.01x10d. 04,13,41,52,  91,64x 10d" toa="null" sc_toa="null" service_center="null" read="1" status="-1" locked="0" date_sent="0" readable_date="26-10-2015 17:32:53" contact_name="A Tung Thuy?" />
  <sms protocol="0" address="0979399373" date="1445855625692" type="2" subject="null" body="Anh gui cho EM 1 tin" toa="null" sc_toa="null" service_center="null" read="1" status="0" locked="0" date_sent="0" readable_date="26-10-2015 17:33:45" contact_name="A Tung Thuy?" />
  <sms protocol="0" address="+84983099345" date="1445856373081" type="1" subject="null" body="Lô 575 272 06 93 55 29 99 x5d" toa="null" sc_toa="null" service_center="null" read="1" status="-1" locked="0" date_sent="0" readable_date="26-10-2015 17:46:13" contact_name="Viet Bo" />
  <sms protocol="0" address="0983099345" date="1445856383200" type="2" subject="null" body="Nhan 1 tin." toa="null" sc_toa="null" service_center="null" read="1" status="0" locked="0" date_sent="0" readable_date="26-10-2015 17:46:23" contact_name="Viet Bo" />
  <sms protocol="0" address="0983099345" date="1445856391349" type="2" subject="null" body="Nhan 1 tin." toa="null" sc_toa="null" service_center="null" read="1" status="0" locked="0" date_sent="0" readable_date="26-10-2015 17:46:31" contact_name="Viet Bo" />
  <sms protocol="0" address="+84983099345" date="1445856405153" type="1" subject="null" body="Đề 19 la 500 ng,  91,37,28,81,55 moi con 100 ng" toa="null" sc_toa="null" service_center="null" read="1" status="-1" locked="0" date_sent="0" readable_date="26-10-2015 17:46:45" contact_name="Viet Bo" />
  <sms protocol="0" address="0983099345" date="1445856417701" type="2" subject="null" body="Nhan 2 tin." toa="null" sc_toa="null" service_center="null" read="1" status="0" locked="0" date_sent="0" readable_date="26-10-2015 17:46:57" contact_name="Viet Bo" />
  <sms protocol="0" address="0983099345" date="1445856425823" type="2" subject="null" body="Nhan 2 tin." toa="null" sc_toa="null" service_center="null" read="1" status="0" locked="0" date_sent="0" readable_date="26-10-2015 17:47:05" contact_name="Viet Bo" />
  <sms protocol="0" address="+841628909893" date="1445856620588" type="1" subject="null" body="Tôj a gưj 2t nhé. Còn laj c.n tuân sau lây lươg a gưj. A phaj bù thêm tjên bóng tối qua ae đc." toa="null" sc_toa="null" service_center="null" read="1" status="-1" locked="0" date_sent="0" readable_date="26-10-2015 17:50:20" contact_name="A M" />
  <sms protocol="0" address="+841628909893" date="1445856653054" type="2" subject="null" body="Ok" toa="null" sc_toa="null" service_center="null" read="1" status="0" locked="0" date_sent="0" readable_date="26-10-2015 17:50:53" contact_name="A M" />
  <sms protocol="0" address="+84973836212" date="1445856718613" type="1" subject="null" body="T1 đê kbx150n  lô 55,00x5d" toa="null" sc_toa="null" service_center="null" read="1" status="-1" locked="0" date_sent="0" readable_date="26-10-2015 17:51:58" contact_name="Tien Em" />
  <sms protocol="0" address="+841685897838" date="1445856750034" type="1" subject="null" body="De Duôi 9x30n.lo 67.75.65.58.x30d.59.88.79.87.67x40d." toa="null" sc_toa="null" service_center="null" read="1" status="-1" locked="0" date_sent="0" readable_date="26-10-2015 17:52:30" contact_name="Chi H. v. b" />
  <sms protocol="0" address="01685897838" date="1445856774698" type="2" subject="null" body="Nhan 1 tin." toa="null" sc_toa="null" service_center="null" read="1" status="0" locked="0" date_sent="0" readable_date="26-10-2015 17:52:54" contact_name="Chi H. v. b" />
  <sms protocol="0" address="0973836212" date="1445856782798" type="2" subject="null" body="Nhan 1 tin.so tin cuoi:1." toa="null" sc_toa="null" service_center="null" read="1" status="0" locked="0" date_sent="0" readable_date="26-10-2015 17:53:02" contact_name="Tien Em" />
  <sms protocol="0" address="01685897838" date="1445856790902" type="2" subject="null" body="Nhan 1 tin." toa="null" sc_toa="null" service_center="null" read="1" status="0" locked="0" date_sent="0" readable_date="26-10-2015 17:53:10" contact_name="Chi H. v. b" />
  <sms protocol="0" address="0973836212" date="1445856799025" type="2" subject="null" body="may gui cho tao 1 tin" toa="null" sc_toa="null" service_center="null" read="1" status="0" locked="0" date_sent="0" readable_date="26-10-2015 17:53:19" contact_name="Tien Em" />
  <sms protocol="0" address="0983650782" date="1445856825700" type="2" subject="null" body="Tin 1: lo:67,59,79,87,88,75,58,65x30d.01,04,10,13,41,52,55,64,91x10d.00,06,27,29,57,72,93,99x5d." toa="null" sc_toa="null" service_center="null" read="1" status="0" locked="0" date_sent="0" readable_date="26-10-2015 17:53:45" contact_name="A T 782 Lv" />
  <sms protocol="0" address="+841685897838" date="1445856826174" type="1" subject="null" body="xjen 11.06x10d.19.18.17x10d de Dau djt 2x500.393.323.020.757.242x100" toa="null" sc_toa="null" service_center="null" read="1" status="-1" locked="0" date_sent="0" readable_date="26-10-2015 17:53:46" contact_name="Chi H. v. b" />
  <sms protocol="0" address="01685897838" date="1445856834698" type="2" subject="null" body="Nhan 2 tin." toa="null" sc_toa="null" service_center="null" read="1" status="0" locked="0" date_sent="0" readable_date="26-10-2015 17:53:54" contact_name="Chi H. v. b" />
  <sms protocol="0" address="01685897838" date="1445856842805" type="2" subject="null" body="Nhan 2 tin." toa="null" sc_toa="null" service_center="null" read="1" status="0" locked="0" date_sent="0" readable_date="26-10-2015 17:54:02" contact_name="Chi H. v. b" />
  <sms protocol="0" address="0983650782" date="1445856855699" type="2" subject="null" body="Tin 2: xi2:06,11*10d.,xi3:17,18,19*10d." toa="null" sc_toa="null" service_center="null" read="1" status="0" locked="0" date_sent="0" readable_date="26-10-2015 17:54:15" contact_name="A T 782 Lv" />
  <sms protocol="0" address="+84973836212" date="1445856859954" type="1" subject="null" body="T2 lô 00,04x50d " toa="null" sc_toa="null" service_center="null" read="1" status="-1" locked="0" date_sent="0" readable_date="26-10-2015 17:54:19" contact_name="Tien Em" />
  <sms protocol="0" address="0973836212" date="1445856863829" type="2" subject="null" body="Nhan 2 tin.so tin cuoi:2." toa="null" sc_toa="null" service_center="null" read="1" status="0" locked="0" date_sent="0" readable_date="26-10-2015 17:54:23" contact_name="Tien Em" />
  <sms protocol="0" address="0973836212" date="1445856871919" type="2" subject="null" body="Nhan 2 tin.so tin cuoi:2." toa="null" sc_toa="null" service_center="null" read="1" status="0" locked="0" date_sent="0" readable_date="26-10-2015 17:54:31" contact_name="Tien Em" />
  <sms protocol="0" address="01677281854" date="1445856880012" type="2" subject="null" body="Tin 1: lo:00,04x50d.67x40d.59,79,87,88x10d.75x5d." toa="null" sc_toa="null" service_center="null" read="1" status="0" locked="0" date_sent="0" readable_date="26-10-2015 17:54:40" contact_name="(Unknown)" />
  <sms protocol="0" address="0964386982" date="1445856930695" type="2" subject="null" body="Tin 1: De:22,02,20,23,24,28,32,42,19,29,12,21,25,26,27,52,62,72,82,92x300n.55x150n.99x180n.00,11,33,44,66,77,88x150n.39x130n.37,57,75,81,91,93x50n." toa="null" sc_toa="null" service_center="null" read="1" status="0" locked="0" date_sent="0" readable_date="26-10-2015 17:55:30" contact_name="A Duc" />
  <sms protocol="0" address="01677281854" date="1445856944198" type="2" subject="null" body="Tin 2: De:22x850n.02,20,23,24,28,32,42x300n.19,29x230n.12,21,25,26,27,52,62,72,82,92x200n.55x100n.37,57,75,81,91,93x50n.09,49,59,69,79,89x30n." toa="null" sc_toa="null" service_center="null" read="1" status="0" locked="0" date_sent="0" readable_date="26-10-2015 17:55:44" contact_name="(Unknown)" />
  <sms protocol="0" address="+84968193922" date="1445857009864" type="1" subject="null" body="E nhan xien c voi.X2.68.90.=50." toa="null" sc_toa="null" service_center="null" read="1" status="-1" locked="0" date_sent="0" readable_date="26-10-2015 17:56:49" contact_name="(Unknown)" />
  <sms protocol="0" address="0968193922" date="1445857026705" type="2" subject="null" body="Nhan 1 tin." toa="null" sc_toa="null" service_center="null" read="1" status="0" locked="0" date_sent="0" readable_date="26-10-2015 17:57:06" contact_name="(Unknown)" />
  <sms protocol="0" address="+84964386982" date="1445857028272" type="1" subject="null" body="bac gui cho em 1 tin" toa="null" sc_toa="null" service_center="null" read="1" status="-1" locked="0" date_sent="0" readable_date="26-10-2015 17:57:08" contact_name="A Duc" />
  <sms protocol="0" address="0968193922" date="1445857034846" type="2" subject="null" body="Nhan 1 tin." toa="null" sc_toa="null" service_center="null" read="1" status="0" locked="0" date_sent="0" readable_date="26-10-2015 17:57:14" contact_name="(Unknown)" />
  <sms protocol="0" address="0983650782" date="1445857118194" type="2" subject="null" body="Tin 3: xi2:68,90*5d." toa="null" sc_toa="null" service_center="null" read="1" status="0" locked="0" date_sent="0" readable_date="26-10-2015 17:58:38" contact_name="A T 782 Lv" />
  <sms protocol="0" address="+841685897838" date="1445857125021" type="1" subject="null" body="Lo 86 73 58 07x50d." toa="null" sc_toa="null" service_center="null" read="1" status="-1" locked="0" date_sent="0" readable_date="26-10-2015 17:58:45" contact_name="Chi H. v. b" />
  <sms protocol="0" address="+841677281854" date="1445857129501" type="1" subject="null" body="Nhan 2 tin.so tin cuoi:2." toa="null" sc_toa="null" service_center="null" read="1" status="-1" locked="0" date_sent="0" readable_date="26-10-2015 17:58:49" contact_name="(Unknown)" />
  <sms protocol="0" address="01685897838" date="1445857133195" type="2" subject="null" body="Nhan 3 tin." toa="null" sc_toa="null" service_center="null" read="1" status="0" locked="0" date_sent="0" readable_date="26-10-2015 17:58:53" contact_name="Chi H. v. b" />
  <sms protocol="0" address="01685897838" date="1445857136195" type="2" subject="null" body="Nhan 3 tin." toa="null" sc_toa="null" service_center="null" read="1" status="0" locked="0" date_sent="0" readable_date="26-10-2015 17:58:56" contact_name="Chi H. v. b" />
  <sms protocol="0" address="01677281854" date="1445857155696" type="2" subject="null" body="Tin 3: lo:07,58,73,86x50d." toa="null" sc_toa="null" service_center="null" read="1" status="0" locked="0" date_sent="0" readable_date="26-10-2015 17:59:15" contact_name="(Unknown)" />
  <sms protocol="0" address="+841685897838" date="1445857198564" type="1" subject="null" body="Ba.cang.505.579.183.154.571.506.027.164.118.701.808.180.018.198.588.538.189.256.567.050.040.100.149.274.841.919.522.155.733.916.151.171.738.278.127.827.x100n.xien.00.18.83x10d.94.75.89x10d.47.01.59.x10d.38.67.44.x10d.49.05.86.x10d.08.09.04x10d.55.88.x10d.98.19.58x10d,57.88.67x10d" toa="null" sc_toa="null" service_center="null" read="1" status="-1" locked="0" date_sent="0" readable_date="26-10-2015 17:59:58" contact_name="Chi H. v. b" />
  <sms protocol="0" address="+841677281854" date="1445857202529" type="1" subject="null" body="Nhan 3 tin.so tin cuoi:3." toa="null" sc_toa="null" service_center="null" read="1" status="-1" locked="0" date_sent="0" readable_date="26-10-2015 18:00:02" contact_name="(Unknown)" />
  <sms protocol="0" address="01685897838" date="1445857211193" type="2" subject="null" body="Nhan 4 tin." toa="null" sc_toa="null" service_center="null" read="1" status="0" locked="0" date_sent="0" readable_date="26-10-2015 18:00:11" contact_name="Chi H. v. b" />
  <sms protocol="0" address="0964386982" date="1445857250193" type="2" subject="null" body="Tin 2: Ba cang:018,027,040,050,100,118,127,149,151,154,155,164,171,180,183,189,198,256,274,278,505,506,522,538,567,571,579,588,701,733,738,808,827,841,916,919x30n." toa="null" sc_toa="null" service_center="null" read="1" status="0" locked="0" date_sent="0" readable_date="26-10-2015 18:00:50" contact_name="A Duc" />
  <sms protocol="0" address="0983650782" date="1445857266696" type="2" subject="null" body="Tin 4: xi3:00,18,83*10d.,xi3:01,47,59*10d.,xi3:04,08,09*10d.,xi3:05,49,86*10d.,xi3:19,58,98*10d.,xi3:38,44,67*10d.,xi2:55,88*10d.,xi3:57,67,88*10d.,xi3:75,89,94*10d." toa="null" sc_toa="null" service_center="null" read="1" status="0" locked="0" date_sent="0" readable_date="26-10-2015 18:01:06" contact_name="A T 782 Lv" />
  <sms protocol="0" address="+841685897838" date="1445857271687" type="1" subject="null" body="xjen 86.39.96x10d.25.57x10d.17.46x10d" toa="null" sc_toa="null" service_center="null" read="1" status="-1" locked="0" date_sent="0" readable_date="26-10-2015 18:01:11" contact_name="Chi H. v. b" />
  <sms protocol="0" address="01685897838" date="1445857275706" type="2" subject="null" body="Nhan 5 tin." toa="null" sc_toa="null" service_center="null" read="1" status="32" locked="0" date_sent="0" readable_date="26-10-2015 18:01:15" contact_name="Chi H. v. b" />
  <sms protocol="0" address="01685897838" date="1445857278694" type="2" subject="null" body="Nhan 5 tin." toa="null" sc_toa="null" service_center="null" read="1" status="0" locked="0" date_sent="0" readable_date="26-10-2015 18:01:18" contact_name="Chi H. v. b" />
  <sms protocol="0" address="0983650782" date="1445857287692" type="2" subject="null" body="Tin 5: xi2:17,46*10d.,xi2:25,57*10d.,xi3:39,86,96*10d." toa="null" sc_toa="null" service_center="null" read="1" status="0" locked="0" date_sent="0" readable_date="26-10-2015 18:01:27" contact_name="A T 782 Lv" />
  <sms protocol="0" address="+84964386982" date="1445857292362" type="1" subject="null" body="bac gui cho em 2 tin" toa="null" sc_toa="null" service_center="null" read="1" status="-1" locked="0" date_sent="0" readable_date="26-10-2015 18:01:32" contact_name="A Duc" />
  <sms protocol="0" address="0983650782" date="1445857302694" type="2" subject="null" body="Tin 6: Ba cang:018,027,040,050,100,118,127,149,151,154,155,164,171,180,183,189,198,256,274,278,505,506,522,538,567,571,579,588,701,733,738,808,827,841,916,919x70n." toa="null" sc_toa="null" service_center="null" read="1" status="0" locked="0" date_sent="0" readable_date="26-10-2015 18:01:42" contact_name="A T 782 Lv" />
  <sms protocol="0" address="+841685897838" date="1445857343355" type="1" subject="null" body="Xien 81.71.x5d.57.67.47x5d.11.83.07x5d." toa="null" sc_toa="null" service_center="null" read="1" status="-1" locked="0" date_sent="0" readable_date="26-10-2015 18:02:23" contact_name="Chi H. v. b" />
  <sms protocol="0" address="01685897838" date="1445857349195" type="2" subject="null" body="Nhan 6 tin." toa="null" sc_toa="null" service_center="null" read="1" status="0" locked="0" date_sent="0" readable_date="26-10-2015 18:02:29" contact_name="Chi H. v. b" />
  <sms protocol="0" address="+84983650782" date="1445857359318" type="1" subject="null" body="Em gui cho Anh 6 tin" toa="null" sc_toa="null" service_center="null" read="1" status="-1" locked="0" date_sent="0" readable_date="26-10-2015 18:02:39" contact_name="A T 782 Lv" />
  <sms protocol="0" address="0983650782" date="1445857389709" type="2" subject="null" body="Tin 7: xi3:07,11,83*5d.,xi3:47,57,67*5d.,xi2:71,81*5d." toa="null" sc_toa="null" service_center="null" read="1" status="0" locked="0" date_sent="0" readable_date="26-10-2015 18:03:09" contact_name="A T 782 Lv" />
  <sms protocol="0" address="+84983650782" date="1445857534371" type="1" subject="null" body="Em gui cho Anh 7 tin" toa="null" sc_toa="null" service_center="null" read="1" status="-1" locked="0" date_sent="0" readable_date="26-10-2015 18:05:34" contact_name="A T 782 Lv" />
  <sms protocol="0" address="+841632029067" date="1445857582839" type="1" subject="null" body="Ho anh kep bang 180 nghin 00 55 05 50 nhan 600 nghin 00 07 63 67 77 44 96 74 47 33 nhan 60 nghin " toa="null" sc_toa="null" service_center="null" read="1" status="-1" locked="0" date_sent="0" readable_date="26-10-2015 18:06:22" contact_name="(Unknown)" />
  <sms protocol="0" address="01632029067" date="1445857590698" type="2" subject="null" body="Nhan 1 tin." toa="null" sc_toa="null" service_center="null" read="1" status="0" locked="0" date_sent="0" readable_date="26-10-2015 18:06:30" contact_name="(Unknown)" />
  <sms protocol="0" address="0964386982" date="1445857604203" type="2" subject="null" body="Tin 3: De:05,50x500n.00,55x350n.33,44,77x240n.11,22,66,88,99x180n.07,47,63,67,74,96x60n." toa="null" sc_toa="null" service_center="null" read="1" status="0" locked="0" date_sent="0" readable_date="26-10-2015 18:06:44" contact_name="A Duc" />
  <sms protocol="0" address="01677281854" date="1445857617695" type="2" subject="null" body="Tin 4: De:00x490n.55x430n.05,50x100n." toa="null" sc_toa="null" service_center="null" read="1" status="0" locked="0" date_sent="0" readable_date="26-10-2015 18:06:57" contact_name="(Unknown)" />
  <sms protocol="0" address="+84964386982" date="1445857628799" type="1" subject="null" body="bac gui cho em 3 tin" toa="null" sc_toa="null" service_center="null" read="1" status="-1" locked="0" date_sent="0" readable_date="26-10-2015 18:07:08" contact_name="A Duc" />
  <sms protocol="0" address="+841677281854" date="1445857642122" type="1" subject="null" body="Nhan 4 tin.so tin cuoi:4." toa="null" sc_toa="null" service_center="null" read="1" status="-1" locked="0" date_sent="0" readable_date="26-10-2015 18:07:22" contact_name="(Unknown)" />
  <sms protocol="0" address="+841685897838" date="1445857651244" type="1" subject="null" body="Xjen 72.78.x10d.89.72.39x10d.11.73.86x10d..de 737.323.x50.lo 858x20d" toa="null" sc_toa="null" service_center="null" read="1" status="-1" locked="0" date_sent="0" readable_date="26-10-2015 18:07:31" contact_name="Chi H. v. b" />
  <sms protocol="0" address="01685897838" date="1445857659698" type="2" subject="null" body="Nhan 7 tin." toa="null" sc_toa="null" service_center="null" read="1" status="0" locked="0" date_sent="0" readable_date="26-10-2015 18:07:39" contact_name="Chi H. v. b" />
  <sms protocol="0" address="+84977655973" date="1445857669111" type="1" subject="null" body="Lo 11x25d dau 2x50n 21 23x125n 22x50n 42 47 575 67 32 050 515 x10n" toa="null" sc_toa="null" service_center="null" read="1" status="-1" locked="0" date_sent="0" readable_date="26-10-2015 18:07:49" contact_name="A Su Cong Tinh Uy" />
  <sms protocol="0" address="0977655973" date="1445857688199" type="2" subject="null" body="BAC gui cho EM 1 tin" toa="null" sc_toa="null" service_center="null" read="1" status="0" locked="0" date_sent="0" readable_date="26-10-2015 18:08:08" contact_name="A Su Cong Tinh Uy" />
  <sms protocol="0" address="0983650782" date="1445857703194" type="2" subject="null" body="Tin 8: lo:11x25d.85x20d..xi3:11,73,86*10d.,xi3:39,72,89*10d.,xi2:72,78*10d." toa="null" sc_toa="null" service_center="null" read="1" status="0" locked="0" date_sent="0" readable_date="26-10-2015 18:08:23" contact_name="A T 782 Lv" />
  <sms protocol="0" address="01677281854" date="1445857715197" type="2" subject="null" body="Tin 5: lo:58x20d." toa="null" sc_toa="null" service_center="null" read="1" status="0" locked="0" date_sent="0" readable_date="26-10-2015 18:08:35" contact_name="(Unknown)" />
  <sms protocol="0" address="+841685897838" date="1445857723178" type="1" subject="null" body="De 949 191X40N 383 232 878 X10N xien 37 84 52X10N 11 71 37x10N 37 84 54 69x10N 18 68 81 45x10N 11 79 91x10N37 93X10N) de dau dt 8-2 X 10N hE 11 . 23.22. 33 X5n " toa="null" sc_toa="null" service_center="null" read="1" status="-1" locked="0" date_sent="0" readable_date="26-10-2015 18:08:43" contact_name="Chi H. v. b" />
  <sms protocol="0" address="+84983650782" date="1445857744058" type="1" subject="null" body="Em gui cho Anh 8 tin" toa="null" sc_toa="null" service_center="null" read="1" status="-1" locked="0" date_sent="0" readable_date="26-10-2015 18:09:04" contact_name="A T 782 Lv" />
  <sms protocol="0" address="01685897838" date="1445857754198" type="2" subject="null" body="Nhan 8 tin." toa="null" sc_toa="null" service_center="null" read="1" status="32" locked="0" date_sent="0" readable_date="26-10-2015 18:09:14" contact_name="Chi H. v. b" />
  <sms protocol="0" address="+841678171621" date="1445857760607" type="1" subject="null" body="Lo 08 x110d. 47 x60d xiên 47 08 x550k" toa="null" sc_toa="null" service_center="null" read="1" status="-1" locked="0" date_sent="0" readable_date="26-10-2015 18:09:20" contact_name="Minh Huan" />
  <sms protocol="0" address="+841677281854" date="1445857764401" type="1" subject="null" body="Nhan 5 tin.so tin cuoi:5." toa="null" sc_toa="null" service_center="null" read="1" status="-1" locked="0" date_sent="0" readable_date="26-10-2015 18:09:24" contact_name="(Unknown)" />
  <sms protocol="0" address="01678171621" date="1445857766197" type="2" subject="null" body="Nhan 1 tin." toa="null" sc_toa="null" service_center="null" read="1" status="0" locked="0" date_sent="0" readable_date="26-10-2015 18:09:26" contact_name="Minh Huan" />
  <sms protocol="0" address="+841685897838" date="1445857781301" type="1" subject="null" body="Xien 66.41.09x20d.99.91.22x20d" toa="null" sc_toa="null" service_center="null" read="1" status="-1" locked="0" date_sent="0" readable_date="26-10-2015 18:09:41" contact_name="Chi H. v. b" />
  <sms protocol="0" address="01685897838" date="1445857788695" type="2" subject="null" body="Nhan 9 tin." toa="null" sc_toa="null" service_center="null" read="1" status="0" locked="0" date_sent="0" readable_date="26-10-2015 18:09:48" contact_name="Chi H. v. b" />
  <sms protocol="0" address="01685897838" date="1445857790193" type="2" subject="null" body="Nhan 9 tin." toa="null" sc_toa="null" service_center="null" read="1" status="0" locked="0" date_sent="0" readable_date="26-10-2015 18:09:50" contact_name="Chi H. v. b" />
  <sms protocol="0" address="0983650782" date="1445857803695" type="2" subject="null" body="Tin 9: lo:08,47x30d..xi3:09,41,66*20d.,xi3:22,91,99*20d.xi3:11,37,71*1d.,xi3:11,79,91*1d.,xi4:18,45,68,81*1d.,xi3:37,52,84*1d.,xi4:37,54,69,84*1d.,xi2:37,93*1d.xi2:08,47*55d." toa="null" sc_toa="null" service_center="null" read="1" status="0" locked="0" date_sent="0" readable_date="26-10-2015 18:10:03" contact_name="A T 782 Lv" />
  <sms protocol="0" address="01677281854" date="1445857814193" type="2" subject="null" body="Tin 6: lo:08x80d.47x30d." toa="null" sc_toa="null" service_center="null" read="1" status="0" locked="0" date_sent="0" readable_date="26-10-2015 18:10:14" contact_name="(Unknown)" />
  <sms protocol="0" address="01677281854" date="1445857827696" type="2" subject="null" body="Tin 7: De:23x250n.21x185n.22x125n.32x85n.28x75n.27x65n.20,24,25,26,29x60n.37,73x55n.19,49,91,94x40n.38,78,82,83,87,88x25n.42x20n.72x15n.02,05,08,12,15,18,47,48,50,51,52,57,58,62,67,68,75,80,81,84,85,86,89,92,98x10n.11,16,33,61,66,77x5n." toa="null" sc_toa="null" service_center="null" read="1" status="0" locked="0" date_sent="0" readable_date="26-10-2015 18:10:27" contact_name="(Unknown)" />
  <sms protocol="0" address="+841677281854" date="1445857875162" type="1" subject="null" body="Nhan 6 tin.so tin cuoi:7.Tin thieu:6" toa="null" sc_toa="null" service_center="null" read="1" status="-1" locked="0" date_sent="0" readable_date="26-10-2015 18:11:15" contact_name="(Unknown)" />
  <sms protocol="0" address="+841677281854" date="1445857880271" type="1" subject="null" body="Nhan 7 tin.so tin cuoi:7." toa="null" sc_toa="null" service_center="null" read="1" status="-1" locked="0" date_sent="0" readable_date="26-10-2015 18:11:20" contact_name="(Unknown)" />
  <sms protocol="0" address="+841685897838" date="1445857916188" type="1" subject="null" body="de.010.818.515.080.88.383.585.191.313.121.676.66.11.22.77.00.58.141.656.87.686.74.96.898.x200n." toa="null" sc_toa="null" service_center="null" read="1" status="-1" locked="0" date_sent="0" readable_date="26-10-2015 18:11:56" contact_name="Chi H. v. b" />
  <sms protocol="0" address="01685897838" date="1445857920698" type="2" subject="null" body="Nhan 10 tin." toa="null" sc_toa="null" service_center="null" read="1" status="0" locked="0" date_sent="0" readable_date="26-10-2015 18:12:00" contact_name="Chi H. v. b" />
  <sms protocol="0" address="01685897838" date="1445857922195" type="2" subject="null" body="Nhan 10 tin." toa="null" sc_toa="null" service_center="null" read="1" status="32" locked="0" date_sent="0" readable_date="26-10-2015 18:12:02" contact_name="Chi H. v. b" />
  <sms protocol="0" address="0964386982" date="1445857938697" type="2" subject="null" body="Tin 4: De:58x400n.01,08,10,12,13,14,15,18,19,21,31,38,41,51,56,65,67,68,74,76,80,81,83,85,86,87,89,91,96,98x200n.11,66,88x170n.77x110n.22x20n." toa="null" sc_toa="null" service_center="null" read="1" status="0" locked="0" date_sent="0" readable_date="26-10-2015 18:12:18" contact_name="A Duc" />
  <sms protocol="0" address="+841685897838" date="1445857953616" type="1" subject="null" body="De.44.99.010.181.06.080.33.91.11.14.15.39.36.60.61.64.92.040.16.32.31.454.09.707.59.63.65.67.727.88.93.949.96.171.20.21.24.42.43.50.55.62.68.81.989.303.x300n 31.18.272.545.565.050.00.898.424.080.848.868.43.575.676.44.090.x300n" toa="null" sc_toa="null" service_center="null" read="1" status="-1" locked="0" date_sent="0" readable_date="26-10-2015 18:12:33" contact_name="Chi H. v. b" />
  <sms protocol="0" address="01685897838" date="1445857961193" type="2" subject="null" body="Nhan 11 tin." toa="null" sc_toa="null" service_center="null" read="1" status="0" locked="0" date_sent="0" readable_date="26-10-2015 18:12:41" contact_name="Chi H. v. b" />
  <sms protocol="0" address="+84964386982" date="1445857970607" type="1" subject="null" body="bac gui cho em 4 tin" toa="null" sc_toa="null" service_center="null" read="1" status="-1" locked="0" date_sent="0" readable_date="26-10-2015 18:12:50" contact_name="A Duc" />
  <sms protocol="0" address="0979399373" date="1445857988204" type="2" subject="null" body="Nhan 1 tin.. HET LO" toa="null" sc_toa="null" service_center="null" read="1" status="0" locked="0" date_sent="0" readable_date="26-10-2015 18:13:08" contact_name="A Tung Thuy?" />
  <sms protocol="0" address="0983099345" date="1445857989695" type="2" subject="null" body="Nhan 2 tin.. HET LO" toa="null" sc_toa="null" service_center="null" read="1" status="0" locked="0" date_sent="0" readable_date="26-10-2015 18:13:09" contact_name="Viet Bo" />
  <sms protocol="0" address="0973836212" date="1445857991194" type="2" subject="null" body="Nhan 2 tin.so tin cuoi:2.. HET LO" toa="null" sc_toa="null" service_center="null" read="1" status="0" locked="0" date_sent="0" readable_date="26-10-2015 18:13:11" contact_name="Tien Em" />
  <sms protocol="0" address="01685897838" date="1445857992693" type="2" subject="null" body="Nhan 11 tin.. HET LO" toa="null" sc_toa="null" service_center="null" read="1" status="0" locked="0" date_sent="0" readable_date="26-10-2015 18:13:12" contact_name="Chi H. v. b" />
  <sms protocol="0" address="0968193922" date="1445857994194" type="2" subject="null" body="Nhan 1 tin.. HET LO" toa="null" sc_toa="null" service_center="null" read="1" status="0" locked="0" date_sent="0" readable_date="26-10-2015 18:13:14" contact_name="(Unknown)" />
  <sms protocol="0" address="01632029067" date="1445857995694" type="2" subject="null" body="Nhan 1 tin.. HET LO" toa="null" sc_toa="null" service_center="null" read="1" status="0" locked="0" date_sent="0" readable_date="26-10-2015 18:13:15" contact_name="(Unknown)" />
  <sms protocol="0" address="0977655973" date="1445857997193" type="2" subject="null" body="Nhan 1 tin.. HET LO" toa="null" sc_toa="null" service_center="null" read="1" status="32" locked="0" date_sent="0" readable_date="26-10-2015 18:13:17" contact_name="A Su Cong Tinh Uy" />
  <sms protocol="0" address="01678171621" date="1445857998704" type="2" subject="null" body="Nhan 1 tin.. HET LO" toa="null" sc_toa="null" service_center="null" read="1" status="0" locked="0" date_sent="0" readable_date="26-10-2015 18:13:18" contact_name="Minh Huan" />
  <sms protocol="0" address="0964386982" date="1445858034695" type="2" subject="null" body="Tin 5: De:09,43,45,54x300n.08,18,31,65,68,80,89,98,01,03,04,06,07,10,14,15,16,17,30,36,39,40,48,49,56,57,59,60,61,63,64,70,71,75,76,84,86,90,93,94x200n.81,91x150n.67,96x140n.24,27,42,72,20,32,62,92x100n.99x140n.44,33x30n." toa="null" sc_toa="null" service_center="null" read="1" status="0" locked="0" date_sent="0" readable_date="26-10-2015 18:13:54" contact_name="A Duc" />
  <sms protocol="0" address="01677281854" date="1445858060199" type="2" subject="null" body="Tin8: de:50x600n.44x570n.00,24,27,42,72x500n.67x460n.81x450n.08,18,31,65,68,80,89,98x400n.11,88x330n.05,09,21,43,45,54,55x300n.33x270n.20,32,62,92x200n.22x180n.96,99x160n.91x150n.01,03,04,06,07,10,14,15,16,17,30,36,39,40,48,49,56,57,59,60,61,63,64,70,71,75,76,84,86,90,93,94x100n.77x90n." toa="null" sc_toa="null" service_center="null" read="1" status="0" locked="0" date_sent="0" readable_date="26-10-2015 18:14:20" contact_name="(Unknown)" />
  <sms protocol="0" address="+84983650782" date="1445858062495" type="1" subject="null" body="Em gui cho Anh 9 tin" toa="null" sc_toa="null" service_center="null" read="1" status="-1" locked="0" date_sent="0" readable_date="26-10-2015 18:14:22" contact_name="A T 782 Lv" />
  <sms protocol="0" address="01677281854" date="1445858075195" type="2" subject="null" body="Tin 9: De:66x30n." toa="null" sc_toa="null" service_center="null" read="1" status="0" locked="0" date_sent="0" readable_date="26-10-2015 18:14:35" contact_name="(Unknown)" />
  <sms protocol="0" address="+84964386982" date="1445858076173" type="1" subject="null" body="bac gui cho em 5 tin" toa="null" sc_toa="null" service_center="null" read="1" status="-1" locked="0" date_sent="0" readable_date="26-10-2015 18:14:36" contact_name="A Duc" />
  <sms protocol="0" address="+841677281854" date="1445858085108" type="1" subject="null" body="Nhan 8 tin.so tin cuoi:8." toa="null" sc_toa="null" service_center="null" read="1" status="-1" locked="0" date_sent="0" readable_date="26-10-2015 18:14:45" contact_name="(Unknown)" />
  <sms protocol="0" address="+841685897838" date="1445858096605" type="1" subject="null" body="De 676 121 03 02 23 06 86 45 92 98 75 41 42 53 63 878 69 97x10N" toa="null" sc_toa="null" service_center="null" read="1" status="-1" locked="0" date_sent="0" readable_date="26-10-2015 18:14:56" contact_name="Chi H. v. b" />
  <sms protocol="0" address="01685897838" date="1445858100696" type="2" subject="null" body="Nhan 12 tin." toa="null" sc_toa="null" service_center="null" read="1" status="0" locked="0" date_sent="0" readable_date="26-10-2015 18:15:00" contact_name="Chi H. v. b" />
  <sms protocol="0" address="0964386982" date="1445858111196" type="2" subject="null" body="Tin 6: De:02,03,06,23,41,42,45,53,63,67,69,75,76,78,86,87,92,97,98x10n." toa="null" sc_toa="null" service_center="null" read="1" status="0" locked="0" date_sent="0" readable_date="26-10-2015 18:15:11" contact_name="A Duc" />
  <sms protocol="0" address="01677281854" date="1445858124702" type="2" subject="null" body="Tin 10: De:12,21x10n." toa="null" sc_toa="null" service_center="null" read="1" status="0" locked="0" date_sent="0" readable_date="26-10-2015 18:15:24" contact_name="(Unknown)" />
  <sms protocol="0" address="+841677281854" date="1445858136269" type="1" subject="null" body="Nhan 9 tin.so tin cuoi:9." toa="null" sc_toa="null" service_center="null" read="1" status="-1" locked="0" date_sent="0" readable_date="26-10-2015 18:15:36" contact_name="(Unknown)" />
  <sms protocol="0" address="+84964386982" date="1445858139040" type="1" subject="null" body="bac gui cho em 6 tin" toa="null" sc_toa="null" service_center="null" read="1" status="-1" locked="0" date_sent="0" readable_date="26-10-2015 18:15:39" contact_name="A Duc" />
  <sms protocol="0" address="+841677281854" date="1445858148535" type="1" subject="null" body="Nhan 10 tin.so tin cuoi:10." toa="null" sc_toa="null" service_center="null" read="1" status="-1" locked="0" date_sent="0" readable_date="26-10-2015 18:15:48" contact_name="(Unknown)" />
  <sms protocol="0" address="0979399373" date="1445858405196" type="2" subject="null" body="Nhan 1 tin.. HET DE" toa="null" sc_toa="null" service_center="null" read="1" status="0" locked="0" date_sent="0" readable_date="26-10-2015 18:20:05" contact_name="A Tung Thuy?" />
  <sms protocol="0" address="0983099345" date="1445858406705" type="2" subject="null" body="Nhan 2 tin.. HET DE" toa="null" sc_toa="null" service_center="null" read="1" status="0" locked="0" date_sent="0" readable_date="26-10-2015 18:20:06" contact_name="Viet Bo" />
  <sms protocol="0" address="0973836212" date="1445858408205" type="2" subject="null" body="Nhan 2 tin.so tin cuoi:2.. HET DE" toa="null" sc_toa="null" service_center="null" read="1" status="0" locked="0" date_sent="0" readable_date="26-10-2015 18:20:08" contact_name="Tien Em" />
  <sms protocol="0" address="01685897838" date="1445858409712" type="2" subject="null" body="Nhan 12 tin.. HET DE" toa="null" sc_toa="null" service_center="null" read="1" status="32" locked="0" date_sent="0" readable_date="26-10-2015 18:20:09" contact_name="Chi H. v. b" />
  <sms protocol="0" address="0968193922" date="1445858411204" type="2" subject="null" body="Nhan 1 tin.. HET DE" toa="null" sc_toa="null" service_center="null" read="1" status="32" locked="0" date_sent="0" readable_date="26-10-2015 18:20:11" contact_name="(Unknown)" />
  <sms protocol="0" address="01632029067" date="1445858412698" type="2" subject="null" body="Nhan 1 tin.. HET DE" toa="null" sc_toa="null" service_center="null" read="1" status="0" locked="0" date_sent="0" readable_date="26-10-2015 18:20:12" contact_name="(Unknown)" />
  <sms protocol="0" address="0977655973" date="1445858414194" type="2" subject="null" body="Nhan 1 tin.. HET DE" toa="null" sc_toa="null" service_center="null" read="1" status="0" locked="0" date_sent="0" readable_date="26-10-2015 18:20:14" contact_name="A Su Cong Tinh Uy" />
  <sms protocol="0" address="01678171621" date="1445858415697" type="2" subject="null" body="Nhan 1 tin.. HET DE" toa="null" sc_toa="null" service_center="null" read="1" status="0" locked="0" date_sent="0" readable_date="26-10-2015 18:20:15" contact_name="Minh Huan" />
  <sms protocol="0" address="+841677281854" date="1445858668231" type="1" subject="null" body="chau gui cho co 10 tin" toa="null" sc_toa="null" service_center="null" read="1" status="-1" locked="0" date_sent="0" readable_date="26-10-2015 18:24:28" contact_name="(Unknown)" />
  <sms protocol="0" address="0983650782" date="1445858747197" type="2" subject="null" body="Ngay:26/10/2015&#13;&#10;em chuyen cho anh&#13;&#10;Lo:475,0=10307,5n&#13;&#10;3Cang:2520,0=1663,2n&#13;&#10;Xien:291,0=1746,0n&#13;&#10;Thuong lo:195,0=15600,0n&#13;&#10;Thuong xien:1000,0n&#13;&#10;anh bu cho em:2883,3n&#13;&#10;" toa="null" sc_toa="null" service_center="null" read="1" status="0" locked="0" date_sent="0" readable_date="26-10-2015 18:25:47" contact_name="A T 782 Lv" />
  <sms protocol="0" address="01677281854" date="1445858753198" type="2" subject="null" body="Ngay:26/10/2015&#13;&#10;chau chuyen cho co&#13;&#10;De:24530,0=17661,6n&#13;&#10;Lo:515,0=11175,5n&#13;&#10;Thuong de:140,0=9800,0n&#13;&#10;Thuong lo:100,0=8000,0n&#13;&#10;chau bu cho co:11037,1n&#13;&#10;" toa="null" sc_toa="null" service_center="null" read="1" status="32" locked="0" date_sent="0" readable_date="26-10-2015 18:25:53" contact_name="(Unknown)" />
  <sms protocol="0" address="0968193922" date="1445858756194" type="2" subject="null" body="Ngay:26/10/2015&#13;&#10;chị chuyen cho EM&#13;&#10;Xien:5,0=34,0n&#13;&#10;chị bu cho EM:34,0n&#13;&#10;" toa="null" sc_toa="null" service_center="null" read="1" status="32" locked="0" date_sent="0" readable_date="26-10-2015 18:25:56" contact_name="(Unknown)" />
  <sms protocol="0" address="01678171621" date="1445858762194" type="2" subject="null" body="Ngay:26/10/2015&#13;&#10;cau chuyen cho to&#13;&#10;Lo:170,0=3825,0n&#13;&#10;Xien:55,0=385,0n&#13;&#10;cau bu cho to:4210,0n&#13;&#10;" toa="null" sc_toa="null" service_center="null" read="1" status="0" locked="0" date_sent="0" readable_date="26-10-2015 18:26:02" contact_name="Minh Huan" />
  <sms protocol="0" address="0983099345" date="1445858765197" type="2" subject="null" body="Ngay:26/10/2015&#13;&#10;Ban chuyen cho toi&#13;&#10;De:1000,0=730,0n&#13;&#10;Lo:45,0=981,0n&#13;&#10;Th lo:10,0=800,0n&#13;&#10;Ban bu cho toi:911,0n&#13;&#10;" toa="null" sc_toa="null" service_center="null" read="1" status="32" locked="0" date_sent="0" readable_date="26-10-2015 18:26:05" contact_name="Viet Bo" />
  <sms protocol="0" address="0979399373" date="1445858768194" type="2" subject="null" body="Ngay:26/10/2015&#13;&#10;Anh chuyen cho EM&#13;&#10;Lo:80,0=1760,0n&#13;&#10;Th lo:30,0=2400,0n&#13;&#10;EM bu cho Anh:640,0n&#13;&#10;" toa="null" sc_toa="null" service_center="null" read="1" status="32" locked="0" date_sent="0" readable_date="26-10-2015 18:26:08" contact_name="A Tung Thuy?" />
  <sms protocol="0" address="0977655973" date="1445858772693" type="2" subject="null" body="Ngay:26/10/2015&#13;&#10;BAC chuyen cho EM&#13;&#10;De:900,0=720,0n&#13;&#10;Lo:25,0=562,5n&#13;&#10;BAC bu cho EM:1282,5n&#13;&#10;" toa="null" sc_toa="null" service_center="null" read="1" status="0" locked="0" date_sent="0" readable_date="26-10-2015 18:26:12" contact_name="A Su Cong Tinh Uy" />
  <sms protocol="0" address="0964386982" date="1445858775694" type="2" subject="null" body="Ngay:26/10/2015&#13;&#10;em chuyen cho anh&#13;&#10;De:29500,0=21092,5n&#13;&#10;3Cang:1080,0=777,6n&#13;&#10;Thuong de:200,0=14000,0n&#13;&#10;em bu cho anh:7870,1n&#13;&#10;" toa="null" sc_toa="null" service_center="null" read="1" status="0" locked="0" date_sent="0" readable_date="26-10-2015 18:26:15" contact_name="A Duc" />
  <sms protocol="0" address="01685897838" date="1445858780196" type="2" subject="null" body="Ngay:26/10/2015&#13;&#10;chi chuyen cho EM&#13;&#10;De:45830,0=32997,6n&#13;&#10;Lo:560,0=12180,0n&#13;&#10;3Cang:3600,0=2556,0n&#13;&#10;Xien:231,0=1547,7n&#13;&#10;Th de:340,0=23800,0n&#13;&#10;Th lo:250,0=20000,0n&#13;&#10;Th xien:1000,0n&#13;&#10;chi bu cho EM:4481,3n&#13;&#10;" toa="null" sc_toa="null" service_center="null" read="1" status="0" locked="0" date_sent="0" readable_date="26-10-2015 18:26:20" contact_name="Chi H. v. b" />
  <sms protocol="0" address="01632029067" date="1445858786196" type="2" subject="null" body="Ngay:26/10/2015&#13;&#10;Chị chuyen cho EM&#13;&#10;De:4800,0=3456,0n&#13;&#10;Chị bu cho EM:3456,0n&#13;&#10;" toa="null" sc_toa="null" service_center="null" read="1" status="0" locked="0" date_sent="0" readable_date="26-10-2015 18:26:26" contact_name="(Unknown)" />
  <sms protocol="0" address="0973836212" date="1445858790693" type="2" subject="null" body="Ngay:26/10/2015&#13;&#10;may chuyen cho tao&#13;&#10;De:1500,0=1125,0n&#13;&#10;Lo:110,0=2409,0n&#13;&#10;Th lo:5,0=400,0n&#13;&#10;may bu cho tao:3134,0n&#13;&#10;" toa="null" sc_toa="null" service_center="null" read="1" status="0" locked="0" date_sent="0" readable_date="26-10-2015 18:26:30" contact_name="Tien Em" />
  <sms protocol="0" address="+841677281854" date="1445858850719" type="1" subject="null" body="Ngay:26/10/2015&#10;chau chuyen cho co&#10;De:24530,0=17661,6n&#10;Lo:515,0=11175,5n&#10;Th de:140,0=9800,0n&#10;Th lo:100,0=8000,0n&#10;chau bu cho co:11037,1n" toa="null" sc_toa="null" service_center="+84980200623" read="1" status="-1" locked="0" date_sent="1445858849000" readable_date="26-10-2015 18:27:30" contact_name="(Unknown)" />
  <sms protocol="0" address="+84983099345" date="1445858855635" type="2" subject="null" body="Ngay:26/10/2015&#13;&#10;chi chuyen cho EM&#13;&#10;De:45830,0=32997,6n&#13;&#10;Lo:560,0=12180,0n&#13;&#10;3Cang:3600,0=2556,0n&#13;&#10;Xien:231,0=1547,7n&#13;&#10;Th de:340,0=23800,0n&#13;&#10;Th lo:250,0=20000,0n&#13;&#10;Th xien:1000,0n&#13;&#10;chi bu cho EM:4481,3n&#13;&#10;T thu 4435" toa="null" sc_toa="null" service_center="null" read="1" status="0" locked="0" date_sent="0" readable_date="26-10-2015 18:27:35" contact_name="Viet Bo" />
  <sms protocol="0" address="+84964386982" date="1445859006915" type="1" subject="null" body="Ngay:26/10/2015&#10;bac chuyen cho em&#10;De:29500,0=21092,5n&#10;3Cang:1080,0=777,6n&#10;Th de:200,0=14000,0n&#10;bac bu cho em:7870,1n&#10;" toa="null" sc_toa="null" service_center="null" read="0" status="-1" locked="0" date_sent="0" readable_date="26-10-2015 18:30:06" contact_name="A Duc" />
  <sms protocol="0" address="+84983650782" date="1445859093211" type="1" subject="null" body="Ngay:26/10/2015&#10;Em chuyen cho Anh&#10;Lo:475,0=10307,5n&#10;3Cang:2520,0=1663,2n&#10;Xien:291,0=1746,0n&#10;Th lo:195,0=15600,0n&#10;Th xien:1000,0n&#10;Anh bu cho Em:2883,3n&#10;" toa="null" sc_toa="null" service_center="null" read="1" status="-1" locked="0" date_sent="0" readable_date="26-10-2015 18:31:33" contact_name="A T 782 Lv" />
  <sms protocol="0" address="01677281854" date="1445859103267" type="2" subject="null" body="Tinh den het ngay:25/10/15 chau thu 10768n&#13;&#10;Ngay:26/10/15 co+10000n +11037n &#13;&#10;Tong cong: chau bu 10269" toa="null" sc_toa="null" service_center="null" read="1" status="0" locked="0" date_sent="0" readable_date="26-10-2015 18:31:43" contact_name="(Unknown)" />
  <sms protocol="0" address="0973836212" date="1445859111397" type="2" subject="null" body="Tinh den het ngay:25/10/15 tao thu 7234n&#13;&#10;Ngay:26/10/15 may+1500n -3134n &#13;&#10;Tong cong: tao thu 8868" toa="null" sc_toa="null" service_center="null" read="1" status="0" locked="0" date_sent="0" readable_date="26-10-2015 18:31:51" contact_name="Tien Em" />
  <sms protocol="0" address="0977655973" date="1445859122383" type="2" subject="null" body="Tinh den het ngay:25/10/15 EM thu 3626n&#13;&#10;Ngay:26/10/15 BAC+1000n -1282n &#13;&#10;Tong cong: EM thu 3908" toa="null" sc_toa="null" service_center="null" read="1" status="0" locked="0" date_sent="0" readable_date="26-10-2015 18:32:02" contact_name="A Su Cong Tinh Uy" />
  <sms protocol="0" address="0979399373" date="1445859125238" type="2" subject="null" body="Tinh den het ngay:25/10/15 EM thu 232n&#13;&#10;Ngay:26/10/15 Anh+640n &#13;&#10;Tong cong: EM bu 408" toa="null" sc_toa="null" service_center="null" read="1" status="0" locked="0" date_sent="0" readable_date="26-10-2015 18:32:05" contact_name="A Tung Thuy?" />
  <sms protocol="0" address="0983099345" date="1445859127683" type="2" subject="null" body="Tinh den het ngay:25/10/15 toi bu 4797n&#13;&#10;Ngay:26/10/15 Ban-15500n -911n -4435n &#13;&#10;Tong cong: toi thu 16049" toa="null" sc_toa="null" service_center="null" read="1" status="0" locked="0" date_sent="0" readable_date="26-10-2015 18:32:07" contact_name="Viet Bo" />
  <sms protocol="0" address="0983650782" date="1445859143928" type="2" subject="null" body="Tinh den het ngay:25/10/15 em bu 12567n&#13;&#10;Ngay:26/10/15 anh-340n +3650n -2883n &#13;&#10;Tong cong: em bu 12994" toa="null" sc_toa="null" service_center="null" read="1" status="0" locked="0" date_sent="0" readable_date="26-10-2015 18:32:23" contact_name="A T 782 Lv" />
  <sms protocol="0" address="+84973836212" date="1445862563967" type="1" subject="null" body="VietinBank:26/10/2015 19:20 TK:711AA2671487 GD:-4,000,000VND SDC:40,657,137VND ND:RUT TIEN TAI ATM" toa="null" sc_toa="null" service_center="null" read="0" status="-1" locked="0" date_sent="0" readable_date="26-10-2015 19:29:23" contact_name="Tien Em" />
</smses>