<?xml version='1.0' encoding='UTF-8' standalone='yes' ?>
<!--File Created By SMS Backup & Restore Pro v7.21 on 28/10/2015 09:22:20-->
<?xml-stylesheet type="text/xsl" href="sms.xsl"?>
<smses count="135">
  <sms protocol="0" address="VIETTEL" date="1445933195093" type="1" subject="null" body="[QC] Uu dai 200SMS noi mang va giam cuoc goi noi mang con 200d/p voi 2500d/ngay. Dang ky, soan VT100 gui 109 (100d/tin). LH 198 (200d/p). Tu choi QC,TC gui199" toa="null" sc_toa="null" service_center="null" read="1" status="-1" locked="0" date_sent="0" readable_date="27-10-2015 15:06:35" contact_name="(Unknown)" />
  <sms protocol="0" address="0964386982" date="1445933776266" type="2" subject="null" body="Tinh den het ngay:26/10/15 em bu 7870n&#13;&#10;A tạm ứng cho e +10000&#10;Tong cong: em bu 7870" toa="null" sc_toa="null" service_center="null" read="1" status="0" locked="0" date_sent="0" readable_date="27-10-2015 15:16:16" contact_name="A Duc" />
  <sms protocol="0" address="0974282195" date="1445933803427" type="2" subject="null" body="Tinh den het ngay:26/10/15 em bu 7870n&#13;&#10;A tạm ứng cho e +10000&#10;Tong cong: em bu 7870" toa="null" sc_toa="null" service_center="null" read="1" status="0" locked="0" date_sent="0" readable_date="27-10-2015 15:16:43" contact_name="(Unknown)" />
  <sms protocol="0" address="+84979399373" date="1445939195655" type="1" subject="null" body="Lo 89 98x 10" toa="null" sc_toa="null" service_center="+84980200623" read="1" status="-1" locked="0" date_sent="1445939194000" readable_date="27-10-2015 16:46:35" contact_name="A Tung Thuy?" />
  <sms protocol="0" address="+841678171621" date="1445940050314" type="1" subject="null" body="C đang ở đâu" toa="null" sc_toa="null" service_center="null" read="0" status="-1" locked="0" date_sent="0" readable_date="27-10-2015 17:00:50" contact_name="Minh Huan" />
  <sms protocol="0" address="+84968193922" date="1445942217949" type="1" subject="null" body="E nhan xien c voi. X2.00.06.=20 ; X2.00.17.=20 ; X2.00.25.=20 ; X2.06.17.=20 ; X2.06.25.=20 ; X2.17.25.=20 ; X3.00.06.17.=30." toa="null" sc_toa="null" service_center="null" read="1" status="-1" locked="0" date_sent="0" readable_date="27-10-2015 17:36:57" contact_name="(Unknown)" />
  <sms protocol="0" address="+84983099345" date="1445942289249" type="1" subject="null" body="lô 47 50 97 35 00 32 06 x5d" toa="null" sc_toa="null" service_center="null" read="1" status="-1" locked="0" date_sent="0" readable_date="27-10-2015 17:38:09" contact_name="Viet Bo" />
  <sms protocol="0" address="0968193922" date="1445942290327" type="2" subject="null" body="Nhan 1 tin." toa="null" sc_toa="null" service_center="null" read="1" status="0" locked="0" date_sent="0" readable_date="27-10-2015 17:38:10" contact_name="(Unknown)" />
  <sms protocol="0" address="0983099345" date="1445942293330" type="2" subject="null" body="Nhan 1 tin." toa="null" sc_toa="null" service_center="null" read="1" status="0" locked="0" date_sent="0" readable_date="27-10-2015 17:38:13" contact_name="Viet Bo" />
  <sms protocol="0" address="+841685897838" date="1445942412305" type="1" subject="null" body="Lo.55.505.757.636.838.272.52.545.020.060.040.565.878.959.393.676.01.20.47.363.64.505.x40d" toa="null" sc_toa="null" service_center="null" read="1" status="-1" locked="0" date_sent="0" readable_date="27-10-2015 17:40:12" contact_name="Chi H. v. b" />
  <sms protocol="0" address="01685897838" date="1445942458333" type="2" subject="null" body="Nhan 1 tin." toa="null" sc_toa="null" service_center="null" read="1" status="0" locked="0" date_sent="0" readable_date="27-10-2015 17:40:58" contact_name="Chi H. v. b" />
  <sms protocol="0" address="0964386982" date="1445942519830" type="2" subject="null" body="Tin 1: lo:50,05,20,36,63,06,47,01,02,04,27,38,39,40,45,52,54,55,56,57,59,60,64,65,67,72,75,76,78,83,87,93,95x30d.89,98x10d.00,32,35,97x5d..xi3:00,06,17*3d.xi2:00,06*2d.,xi2:00,17*2d.,xi2:00,25*2d.,xi2:06,17*2d.,xi2:06,25*2d.,xi2:17,25*2d." toa="null" sc_toa="null" service_center="null" read="1" status="0" locked="0" date_sent="0" readable_date="27-10-2015 17:41:59" contact_name="A Duc" />
  <sms protocol="0" address="01677281854" date="1445942546834" type="2" subject="null" body="Tin 1: lo:50x55d.05,20,36,63x50d.06,47x15d.01,02,04,27,38,39,40,45,52,54,55,56,57,59,60,64,65,67,72,75,76,78,83,87,93,95x10d." toa="null" sc_toa="null" service_center="null" read="1" status="32" locked="0" date_sent="0" readable_date="27-10-2015 17:42:26" contact_name="(Unknown)" />
  <sms protocol="0" address="+841677281854" date="1445942575147" type="1" subject="null" body="Nhan 1 tin.so tin cuoi:1." toa="null" sc_toa="null" service_center="null" read="1" status="-1" locked="0" date_sent="0" readable_date="27-10-2015 17:42:55" contact_name="(Unknown)" />
  <sms protocol="0" address="+84973836212" date="1445942580131" type="1" subject="null" body="Lô..36.63.89.98.x 60đ ..&#10;40 x10đ.&#10;00 x 10đ. De kbx180n" toa="null" sc_toa="null" service_center="null" read="1" status="-1" locked="0" date_sent="0" readable_date="27-10-2015 17:43:00" contact_name="Tien Em" />
  <sms protocol="0" address="+841685897838" date="1445942626553" type="1" subject="null" body="De 303 818 919 474x100N " toa="null" sc_toa="null" service_center="null" read="1" status="-1" locked="0" date_sent="0" readable_date="27-10-2015 17:43:46" contact_name="Chi H. v. b" />
  <sms protocol="0" address="0973836212" date="1445942641338" type="2" subject="null" body="Nhan 1 tin." toa="null" sc_toa="null" service_center="null" read="1" status="0" locked="0" date_sent="0" readable_date="27-10-2015 17:44:01" contact_name="Tien Em" />
  <sms protocol="0" address="01685897838" date="1445942644330" type="2" subject="null" body="Nhan 2 tin." toa="null" sc_toa="null" service_center="null" read="1" status="0" locked="0" date_sent="0" readable_date="27-10-2015 17:44:04" contact_name="Chi H. v. b" />
  <sms protocol="0" address="0964386982" date="1445942677333" type="2" subject="null" body="Tin 2: lo:89,98x20d.00x10d." toa="null" sc_toa="null" service_center="null" read="1" status="0" locked="0" date_sent="0" readable_date="27-10-2015 17:44:37" contact_name="A Duc" />
  <sms protocol="0" address="01677281854" date="1445942687840" type="2" subject="null" body="Tin 2: lo:36,63x60d.89,98x40d.40x10d." toa="null" sc_toa="null" service_center="null" read="1" status="0" locked="0" date_sent="0" readable_date="27-10-2015 17:44:47" contact_name="(Unknown)" />
  <sms protocol="0" address="0964386982" date="1445942711833" type="2" subject="null" body="Tin 3: De:00,11,22,33,44,55,66,77,88,99x180n.03,18,19,30,47,74,81,91x100n." toa="null" sc_toa="null" service_center="null" read="1" status="0" locked="0" date_sent="0" readable_date="27-10-2015 17:45:11" contact_name="A Duc" />
  <sms protocol="0" address="+84964386982" date="1445942740732" type="1" subject="null" body="bac gui cho em 3 tin" toa="null" sc_toa="null" service_center="null" read="1" status="-1" locked="0" date_sent="0" readable_date="27-10-2015 17:45:40" contact_name="A Duc" />
  <sms protocol="0" address="+84973836212" date="1445942754194" type="1" subject="null" body="Đe 40x70k" toa="null" sc_toa="null" service_center="null" read="1" status="-1" locked="0" date_sent="0" readable_date="27-10-2015 17:45:54" contact_name="Tien Em" />
  <sms protocol="0" address="0973836212" date="1445942773334" type="2" subject="null" body="Nhan 2 tin." toa="null" sc_toa="null" service_center="null" read="1" status="0" locked="0" date_sent="0" readable_date="27-10-2015 17:46:13" contact_name="Tien Em" />
  <sms protocol="0" address="+84968193922" date="1445942788171" type="1" subject="null" body="E oi.xien nua. X3.67.03.09.=50 ; X3.21.09.06.=50 ; X2.09.21.=100 ; X2.67.06.=50." toa="null" sc_toa="null" service_center="null" read="1" status="-1" locked="0" date_sent="0" readable_date="27-10-2015 17:46:28" contact_name="(Unknown)" />
  <sms protocol="0" address="0968193922" date="1445942809327" type="2" subject="null" body="Nhan 2 tin." toa="null" sc_toa="null" service_center="null" read="1" status="0" locked="0" date_sent="0" readable_date="27-10-2015 17:46:49" contact_name="(Unknown)" />
  <sms protocol="0" address="0968193922" date="1445942812331" type="2" subject="null" body="Nhan 2 tin." toa="null" sc_toa="null" service_center="null" read="1" status="0" locked="0" date_sent="0" readable_date="27-10-2015 17:46:52" contact_name="(Unknown)" />
  <sms protocol="0" address="0983650782" date="1445942821331" type="2" subject="null" body="Tin 1: xi3:03,09,67*5d.,xi3:06,09,21*5d.,xi2:06,67*5d.xi2:09,21*10d." toa="null" sc_toa="null" service_center="null" read="1" status="0" locked="0" date_sent="0" readable_date="27-10-2015 17:47:01" contact_name="A T 782 Lv" />
  <sms protocol="0" address="+841677281854" date="1445942882809" type="1" subject="null" body="Nhan 2 tin.so tin cuoi:2." toa="null" sc_toa="null" service_center="null" read="1" status="-1" locked="0" date_sent="0" readable_date="27-10-2015 17:48:02" contact_name="(Unknown)" />
  <sms protocol="0" address="01677281854" date="1445942924832" type="2" subject="null" body="Tin 3: De:40x70n." toa="null" sc_toa="null" service_center="null" read="1" status="0" locked="0" date_sent="0" readable_date="27-10-2015 17:48:44" contact_name="(Unknown)" />
  <sms protocol="0" address="+841677281854" date="1445942985923" type="1" subject="null" body="Nhan 3 tin.so tin cuoi:3." toa="null" sc_toa="null" service_center="null" read="1" status="-1" locked="0" date_sent="0" readable_date="27-10-2015 17:49:45" contact_name="(Unknown)" />
  <sms protocol="0" address="+841685897838" date="1445943248890" type="1" subject="null" body="Ba.cang.453.285.435.949.944.144.155.168.286.218.267.176.196.147.479.578.587.531.641.164.050.505.055.450.x100n.289.198.199.299.277.161.616.575.275.279.568.865.156.260.620.940.004.116.163.316.631x100n." toa="null" sc_toa="null" service_center="null" read="1" status="-1" locked="0" date_sent="0" readable_date="27-10-2015 17:54:08" contact_name="Chi H. v. b" />
  <sms protocol="0" address="01685897838" date="1445943265333" type="2" subject="null" body="Nhan 3 tin." toa="null" sc_toa="null" service_center="null" read="1" status="0" locked="0" date_sent="0" readable_date="27-10-2015 17:54:25" contact_name="Chi H. v. b" />
  <sms protocol="0" address="+841685897838" date="1445943266786" type="1" subject="null" body="de.595.494.454.99.050.646.969.565.55.898.919.636.77.47.676.757.44.00.686.72.01.343.24.07.32.33.x800n." toa="null" sc_toa="null" service_center="null" read="1" status="-1" locked="0" date_sent="0" readable_date="27-10-2015 17:54:26" contact_name="Chi H. v. b" />
  <sms protocol="0" address="01685897838" date="1445943268330" type="2" subject="null" body="Nhan 3 tin." toa="null" sc_toa="null" service_center="null" read="1" status="0" locked="0" date_sent="0" readable_date="27-10-2015 17:54:28" contact_name="Chi H. v. b" />
  <sms protocol="0" address="01685897838" date="1445943269828" type="2" subject="null" body="Nhan 4 tin." toa="null" sc_toa="null" service_center="null" read="1" status="32" locked="0" date_sent="0" readable_date="27-10-2015 17:54:29" contact_name="Chi H. v. b" />
  <sms protocol="0" address="01685897838" date="1445943271328" type="2" subject="null" body="Nhan 4 tin." toa="null" sc_toa="null" service_center="null" read="1" status="0" locked="0" date_sent="0" readable_date="27-10-2015 17:54:31" contact_name="Chi H. v. b" />
  <sms protocol="0" address="01685897838" date="1445943275830" type="2" subject="null" body="Nhan 4 tin." toa="null" sc_toa="null" service_center="null" read="1" status="0" locked="0" date_sent="0" readable_date="27-10-2015 17:54:35" contact_name="Chi H. v. b" />
  <sms protocol="0" address="+84968193922" date="1445943307650" type="1" subject="null" body="Xien nua e oi. X2.59.28.=100." toa="null" sc_toa="null" service_center="null" read="1" status="-1" locked="0" date_sent="0" readable_date="27-10-2015 17:55:07" contact_name="(Unknown)" />
  <sms protocol="0" address="0968193922" date="1445943323829" type="2" subject="null" body="Nhan 3 tin." toa="null" sc_toa="null" service_center="null" read="1" status="0" locked="0" date_sent="0" readable_date="27-10-2015 17:55:23" contact_name="(Unknown)" />
  <sms protocol="0" address="0968193922" date="1445943325346" type="2" subject="null" body="Nhan 3 tin." toa="null" sc_toa="null" service_center="null" read="1" status="0" locked="0" date_sent="0" readable_date="27-10-2015 17:55:25" contact_name="(Unknown)" />
  <sms protocol="0" address="+841685897838" date="1445943336882" type="1" subject="null" body="Lo 464.x200d.575.393...585.26.787x50d.xjen 25.26x10d.1417x10d.75.93.66x10d.47.37.57x10d.42.84.97x10d.66.99.33x10d.44.54.64x10d" toa="null" sc_toa="null" service_center="null" read="1" status="-1" locked="0" date_sent="0" readable_date="27-10-2015 17:55:36" contact_name="Chi H. v. b" />
  <sms protocol="0" address="01685897838" date="1445943344828" type="2" subject="null" body="Nhan 5 tin." toa="null" sc_toa="null" service_center="null" read="1" status="0" locked="0" date_sent="0" readable_date="27-10-2015 17:55:44" contact_name="Chi H. v. b" />
  <sms protocol="0" address="01685897838" date="1445943347833" type="2" subject="null" body="Nhan 5 tin." toa="null" sc_toa="null" service_center="null" read="1" status="0" locked="0" date_sent="0" readable_date="27-10-2015 17:55:47" contact_name="Chi H. v. b" />
  <sms protocol="0" address="0983650782" date="1445943383833" type="2" subject="null" body="Tin 2: ..xi2:14,17*10d.,xi2:25,26*10d.,xi2:28,59*10d.,xi3:33,66,99*10d.,xi3:37,47,57*10d.,xi3:42,84,97*10d.,xi3:44,54,64*10d.,xi3:66,75,93*10d." toa="null" sc_toa="null" service_center="null" read="1" status="0" locked="0" date_sent="0" readable_date="27-10-2015 17:56:23" contact_name="A T 782 Lv" />
  <sms protocol="0" address="0983650782" date="1445943407828" type="2" subject="null" body="Tin 3: Ba cang:004,050,055,116,144,147,155,156,161,163,164,168,176,196,198,199,218,260,267,275,277,279,285,286,289,299,316,435,450,453,479,505,531,568,575,578,587,616,620,631,641,865,940,944,949x50n." toa="null" sc_toa="null" service_center="null" read="1" status="0" locked="0" date_sent="0" readable_date="27-10-2015 17:56:47" contact_name="A T 782 Lv" />
  <sms protocol="0" address="+84983650782" date="1445943433650" type="1" subject="null" body="Em gui cho Anh 2 tin" toa="null" sc_toa="null" service_center="null" read="1" status="-1" locked="0" date_sent="0" readable_date="27-10-2015 17:57:13" contact_name="A T 782 Lv" />
  <sms protocol="0" address="0964386982" date="1445943499335" type="2" subject="null" body="Tin4: de:01,05,07,24,32,34,36,43,45,46,49,50,54,56,57,59,63,64,65,67,68,69,72,75,76,86,89,94,95,96,98x500n.19,47,91x400n.00,33,44,55,77,99x320n." toa="null" sc_toa="null" service_center="null" read="1" status="0" locked="0" date_sent="0" readable_date="27-10-2015 17:58:19" contact_name="A Duc" />
  <sms protocol="0" address="0964386982" date="1445943508329" type="2" subject="null" body="Tin5: ba cang:004,050,055,116,144,147,155,156,161,163,164,168,176,196,198,199,218,260,267,275,277,279,285,286,289,299,316,435,450,453,479,505,531,568,575,578,587,616,620,631,641,865,940,944,949x50n." toa="null" sc_toa="null" service_center="null" read="1" status="0" locked="0" date_sent="0" readable_date="27-10-2015 17:58:28" contact_name="A Duc" />
  <sms protocol="0" address="01677281854" date="1445943523331" type="2" subject="null" body="Tin 4: De:00,33,44,55,77,99x480n.19,47,91x400n.01,05,07,24,32,34,36,43,45,46,49,50,54,56,57,59,63,64,65,67,68,69,72,75,76,86,89,94,95,96,98x300n." toa="null" sc_toa="null" service_center="null" read="1" status="0" locked="0" date_sent="0" readable_date="27-10-2015 17:58:43" contact_name="(Unknown)" />
  <sms protocol="0" address="0964386982" date="1445943542829" type="2" subject="null" body="Tin 6: lo:46,26,58,85x30d." toa="null" sc_toa="null" service_center="null" read="1" status="0" locked="0" date_sent="0" readable_date="27-10-2015 17:59:02" contact_name="A Duc" />
  <sms protocol="0" address="+84983099345" date="1445943547891" type="1" subject="null" body="Lô 83,98x50đ" toa="null" sc_toa="null" service_center="null" read="1" status="-1" locked="0" date_sent="0" readable_date="27-10-2015 17:59:07" contact_name="Viet Bo" />
  <sms protocol="0" address="0983099345" date="1445943553378" type="2" subject="null" body="Nhan 2 tin." toa="null" sc_toa="null" service_center="null" read="1" status="0" locked="0" date_sent="0" readable_date="27-10-2015 17:59:13" contact_name="Viet Bo" />
  <sms protocol="0" address="+841677281854" date="1445943553509" type="1" subject="null" body="Nhan 4 tin.so tin cuoi:4." toa="null" sc_toa="null" service_center="null" read="1" status="-1" locked="0" date_sent="0" readable_date="27-10-2015 17:59:13" contact_name="(Unknown)" />
  <sms protocol="0" address="0983099345" date="1445943556329" type="2" subject="null" body="Nhan 2 tin." toa="null" sc_toa="null" service_center="null" read="1" status="0" locked="0" date_sent="0" readable_date="27-10-2015 17:59:16" contact_name="Viet Bo" />
  <sms protocol="0" address="0983099345" date="1445943559332" type="2" subject="null" body="Nhan 2 tin." toa="null" sc_toa="null" service_center="null" read="1" status="32" locked="0" date_sent="0" readable_date="27-10-2015 17:59:19" contact_name="Viet Bo" />
  <sms protocol="0" address="01677281854" date="1445943587831" type="2" subject="null" body="Tin 5: lo:64x200d.46x170d.39,57,75,78,83,87,93,98x50d.26,58,85x20d." toa="null" sc_toa="null" service_center="null" read="1" status="0" locked="0" date_sent="0" readable_date="27-10-2015 17:59:47" contact_name="(Unknown)" />
  <sms protocol="0" address="+841677281854" date="1445943633557" type="1" subject="null" body="Nhan 5 tin.so tin cuoi:5." toa="null" sc_toa="null" service_center="null" read="1" status="-1" locked="0" date_sent="0" readable_date="27-10-2015 18:00:33" contact_name="(Unknown)" />
  <sms protocol="0" address="+84964386982" date="1445943649265" type="1" subject="null" body="bac gui cho em 6 tin" toa="null" sc_toa="null" service_center="null" read="1" status="-1" locked="0" date_sent="0" readable_date="27-10-2015 18:00:49" contact_name="A Duc" />
  <sms protocol="0" address="0979399373" date="1445943695829" type="2" subject="null" body="Anh gui cho EM 1 tin" toa="null" sc_toa="null" service_center="null" read="1" status="0" locked="0" date_sent="0" readable_date="27-10-2015 18:01:35" contact_name="A Tung Thuy?" />
  <sms protocol="0" address="+84983650782" date="1445943704692" type="1" subject="null" body="Em gui cho Anh 3 tin" toa="null" sc_toa="null" service_center="null" read="1" status="-1" locked="0" date_sent="0" readable_date="27-10-2015 18:01:44" contact_name="A T 782 Lv" />
  <sms protocol="0" address="+841685897838" date="1445943866558" type="1" subject="null" body="De 37 393 05 84 272 44 99 11x5N chan chan x 10N XIEN 57 37 x30n 61081x20N 61 57 30x30N 72 02 16x20N 84 54X20N) lo 57 11 72 010 30 080x5D 44 66x5D de dau dit .1X5N 88 37 22 44 66 00 x10N" toa="null" sc_toa="null" service_center="null" read="1" status="-1" locked="0" date_sent="0" readable_date="27-10-2015 18:04:26" contact_name="Chi H. v. b" />
  <sms protocol="0" address="+841685897838" date="1445943901835" type="1" subject="null" body="De dau djt 2x500.dau djt 3x200.797.262.171..919.212.535.33.060x100.616.66.11.212.898.565x200." toa="null" sc_toa="null" service_center="null" read="1" status="-1" locked="0" date_sent="0" readable_date="27-10-2015 18:05:01" contact_name="Chi H. v. b" />
  <sms protocol="0" address="01685897838" date="1445943958328" type="2" subject="null" body="Nhan 6 tin." toa="null" sc_toa="null" service_center="null" read="1" status="0" locked="0" date_sent="0" readable_date="27-10-2015 18:05:58" contact_name="Chi H. v. b" />
  <sms protocol="0" address="01685897838" date="1445943965840" type="2" subject="null" body="Nhan 7 tin." toa="null" sc_toa="null" service_center="null" read="1" status="0" locked="0" date_sent="0" readable_date="27-10-2015 18:06:05" contact_name="Chi H. v. b" />
  <sms protocol="0" address="01685897838" date="1445943968829" type="2" subject="null" body="Nhan 7 tin." toa="null" sc_toa="null" service_center="null" read="1" status="32" locked="0" date_sent="0" readable_date="27-10-2015 18:06:08" contact_name="Chi H. v. b" />
  <sms protocol="0" address="0983650782" date="1445943979331" type="2" subject="null" body="Tin 4: lo:01,08,10,11,30,44,57,66,72,80x5d." toa="null" sc_toa="null" service_center="null" read="1" status="0" locked="0" date_sent="0" readable_date="27-10-2015 18:06:19" contact_name="A T 782 Lv" />
  <sms protocol="0" address="0964386982" date="1445943997328" type="2" subject="null" body="Tin 7: xi3:30,57,61*3d.,xi2:37,57*3d.xi3:02,16,72*2d.,xi2:54,84*2d.,xi2:61,81*2d." toa="null" sc_toa="null" service_center="null" read="1" status="0" locked="0" date_sent="0" readable_date="27-10-2015 18:06:37" contact_name="A Duc" />
  <sms protocol="0" address="+841685897838" date="1445944011856" type="1" subject="null" body="De.636.50.65.84.939.434.454.51.535.55.66.575.727.95.97.090.161.262.373.40.494.55.00.898.696.68.64.060.010.676.050.x500n.xien.83.55.06.x10d.75.52.56.x10d.68.94.05.x10d.01.47.95.x10d.44.66.77.x10d.71.99.66.x10d.53.01.20x10d.56.99.31x10d.17.16.52.x10d.11.55.59.x10d.39.00.41x10d.14.96.07x10d" toa="null" sc_toa="null" service_center="null" read="1" status="-1" locked="0" date_sent="0" readable_date="27-10-2015 18:06:51" contact_name="Chi H. v. b" />
  <sms protocol="0" address="0964386982" date="1445944015330" type="2" subject="null" body="Tin 8: De:12,21,23,26,62,02,20,28,42,82,27,25,29,52,92,35,53,37,13,16,31,39,61,93,38,73,83,06,60,17,71,79,97x100n.84x15n.04,08,40,48,80x10n.10,14,15,41,51x5n." toa="null" sc_toa="null" service_center="null" read="1" status="0" locked="0" date_sent="0" readable_date="27-10-2015 18:06:55" contact_name="A Duc" />
  <sms protocol="0" address="01685897838" date="1445944021326" type="2" subject="null" body="Nhan 8 tin." toa="null" sc_toa="null" service_center="null" read="1" status="0" locked="0" date_sent="0" readable_date="27-10-2015 18:07:01" contact_name="Chi H. v. b" />
  <sms protocol="0" address="+84983650782" date="1445944038615" type="1" subject="null" body="Em gui cho Anh 4 tin" toa="null" sc_toa="null" service_center="null" read="1" status="-1" locked="0" date_sent="0" readable_date="27-10-2015 18:07:18" contact_name="A T 782 Lv" />
  <sms protocol="0" address="0983650782" date="1445944048333" type="2" subject="null" body="Tin 5: xi3:00,39,41*10d.,xi3:01,20,53*10d.,xi3:01,47,95*10d.,xi3:05,68,94*10d.,xi3:06,55,83*10d.,xi3:07,14,96*10d.,xi3:11,55,59*10d.,xi3:16,17,52*10d.,xi3:31,56,99*10d.,xi3:44,66,77*10d.,xi3:52,56,75*10d.,xi3:66,71,99*10d." toa="null" sc_toa="null" service_center="null" read="1" status="0" locked="0" date_sent="0" readable_date="27-10-2015 18:07:28" contact_name="A T 782 Lv" />
  <sms protocol="0" address="+84964386982" date="1445944075171" type="1" subject="null" body="bac gui cho em 8 tin" toa="null" sc_toa="null" service_center="null" read="1" status="-1" locked="0" date_sent="0" readable_date="27-10-2015 18:07:55" contact_name="A Duc" />
  <sms protocol="0" address="0964386982" date="1445944075330" type="2" subject="null" body="Tin 9: De:09,90x500n.10,51x495n.40x490n.84x485n.26,62,27,12,21,35,53,37,16,39,61,93,23,73,06,60,97,02,20,28,42,82,25,29,52,92x400n.22,66x120n.11x215n.03,30x100n" toa="null" sc_toa="null" service_center="null" read="1" status="0" locked="0" date_sent="0" readable_date="27-10-2015 18:07:55" contact_name="A Duc" />
  <sms protocol="0" address="01677281854" date="1445944090333" type="2" subject="null" body="Tin6: de:72x1005n.50,55x1000n.22x900n.32,34,36,43,63,65,89,98x700n.26,62x610n.66x600n.00x520n.24,64,68x510n.01,05,27x505n.33,45,49,54,57,67,69,75,76,94,95,96x500n.12,21x305n.35,53x300n.37x215n.16,39,61,93x205n.23,56,73x200n.06,60x110n.13,19,31,91x105n.03,30,38,83,97x100n.44x25n.88x20n.84x15n." toa="null" sc_toa="null" service_center="null" read="1" status="0" locked="0" date_sent="0" readable_date="27-10-2015 18:08:10" contact_name="(Unknown)" />
  <sms protocol="0" address="01677281854" date="1445944102340" type="2" subject="null" body="Tin7: de:02,20,28,40,42,46,82,86x10n.10,17,18,51,71,81,99x5n." toa="null" sc_toa="null" service_center="null" read="1" status="0" locked="0" date_sent="0" readable_date="27-10-2015 18:08:22" contact_name="(Unknown)" />
  <sms protocol="0" address="+841677281854" date="1445944123290" type="1" subject="null" body="Nhan 6 tin.so tin cuoi:6." toa="null" sc_toa="null" service_center="null" read="1" status="-1" locked="0" date_sent="0" readable_date="27-10-2015 18:08:43" contact_name="(Unknown)" />
  <sms protocol="0" address="+841677281854" date="1445944128611" type="1" subject="null" body="Nhan 7 tin.so tin cuoi:7." toa="null" sc_toa="null" service_center="null" read="1" status="-1" locked="0" date_sent="0" readable_date="27-10-2015 18:08:48" contact_name="(Unknown)" />
  <sms protocol="0" address="+84983650782" date="1445944132762" type="1" subject="null" body="Em gui cho Anh 5 tin" toa="null" sc_toa="null" service_center="null" read="1" status="-1" locked="0" date_sent="0" readable_date="27-10-2015 18:08:52" contact_name="A T 782 Lv" />
  <sms protocol="0" address="+84964386982" date="1445944141621" type="1" subject="null" body="bac gui cho em 9 tin" toa="null" sc_toa="null" service_center="null" read="1" status="-1" locked="0" date_sent="0" readable_date="27-10-2015 18:09:01" contact_name="A Duc" />
  <sms protocol="0" address="+84977655973" date="1445944165944" type="1" subject="null" body="Lo 11x25d dau 2x55n 21x150n 363x25n 48 585 363 12 565 575 x10n" toa="null" sc_toa="null" service_center="null" read="1" status="-1" locked="0" date_sent="0" readable_date="27-10-2015 18:09:25" contact_name="A Su Cong Tinh Uy" />
  <sms protocol="0" address="0977655973" date="1445944183335" type="2" subject="null" body="BAC gui cho EM 1 tin" toa="null" sc_toa="null" service_center="null" read="1" status="0" locked="0" date_sent="0" readable_date="27-10-2015 18:09:43" contact_name="A Su Cong Tinh Uy" />
  <sms protocol="0" address="01677281854" date="1445944204335" type="2" subject="null" body="Tin 8: lo:11x25d." toa="null" sc_toa="null" service_center="null" read="1" status="0" locked="0" date_sent="0" readable_date="27-10-2015 18:10:04" contact_name="(Unknown)" />
  <sms protocol="0" address="01677281854" date="1445944213327" type="2" subject="null" body="Tin 9: De:21x205n.20,22,23,24,25,26,27,28,29x55n.36,63x35n.12,48,56,57,58,65,75,85x10n." toa="null" sc_toa="null" service_center="null" read="1" status="0" locked="0" date_sent="0" readable_date="27-10-2015 18:10:13" contact_name="(Unknown)" />
  <sms protocol="0" address="+841677281854" date="1445944233958" type="1" subject="null" body="Nhan 9 tin.so tin cuoi:9." toa="null" sc_toa="null" service_center="null" read="1" status="-1" locked="0" date_sent="0" readable_date="27-10-2015 18:10:33" contact_name="(Unknown)" />
  <sms protocol="0" address="+84973836212" date="1445944379862" type="1" subject="null" body="T3 đê 77x5n 777x5n" toa="null" sc_toa="null" service_center="null" read="1" status="-1" locked="0" date_sent="0" readable_date="27-10-2015 18:12:59" contact_name="Tien Em" />
  <sms protocol="0" address="0979399373" date="1445944397833" type="2" subject="null" body="Nhan 1 tin.. HET LO" toa="null" sc_toa="null" service_center="null" read="1" status="0" locked="0" date_sent="0" readable_date="27-10-2015 18:13:17" contact_name="A Tung Thuy?" />
  <sms protocol="0" address="0968193922" date="1445944399328" type="2" subject="null" body="Nhan 3 tin.. HET LO" toa="null" sc_toa="null" service_center="null" read="1" status="0" locked="0" date_sent="0" readable_date="27-10-2015 18:13:19" contact_name="(Unknown)" />
  <sms protocol="0" address="0983099345" date="1445944400827" type="2" subject="null" body="Nhan 2 tin.. HET LO" toa="null" sc_toa="null" service_center="null" read="1" status="0" locked="0" date_sent="0" readable_date="27-10-2015 18:13:20" contact_name="Viet Bo" />
  <sms protocol="0" address="01685897838" date="1445944402327" type="2" subject="null" body="Nhan 8 tin.. HET LO" toa="null" sc_toa="null" service_center="null" read="1" status="0" locked="0" date_sent="0" readable_date="27-10-2015 18:13:22" contact_name="Chi H. v. b" />
  <sms protocol="0" address="0973836212" date="1445944403829" type="2" subject="null" body="Nhan 2 tin.. HET LO" toa="null" sc_toa="null" service_center="null" read="1" status="32" locked="0" date_sent="0" readable_date="27-10-2015 18:13:23" contact_name="Tien Em" />
  <sms protocol="0" address="0977655973" date="1445944405327" type="2" subject="null" body="Nhan 1 tin.. HET LO" toa="null" sc_toa="null" service_center="null" read="1" status="0" locked="0" date_sent="0" readable_date="27-10-2015 18:13:25" contact_name="A Su Cong Tinh Uy" />
  <sms protocol="0" address="0973836212" date="1445944421829" type="2" subject="null" body="Nhan 3 tin.so tin cuoi:3.Tin thieu:1,2" toa="null" sc_toa="null" service_center="null" read="1" status="0" locked="0" date_sent="0" readable_date="27-10-2015 18:13:41" contact_name="Tien Em" />
  <sms protocol="0" address="0973836212" date="1445944429331" type="2" subject="null" body="Nhan 3 tin.so tin cuoi:3.Tin thieu:1,2" toa="null" sc_toa="null" service_center="null" read="1" status="0" locked="0" date_sent="0" readable_date="27-10-2015 18:13:49" contact_name="Tien Em" />
  <sms protocol="0" address="01677281854" date="1445944444327" type="2" subject="null" body="Tin 10: De:77x5n..Ba cang:777x5n." toa="null" sc_toa="null" service_center="null" read="1" status="0" locked="0" date_sent="0" readable_date="27-10-2015 18:14:04" contact_name="(Unknown)" />
  <sms protocol="0" address="+841677281854" date="1445944473206" type="1" subject="null" body="Nhan 10 tin.so tin cuoi:10." toa="null" sc_toa="null" service_center="null" read="1" status="-1" locked="0" date_sent="0" readable_date="27-10-2015 18:14:33" contact_name="(Unknown)" />
  <sms protocol="0" address="+841685897838" date="1445944543068" type="1" subject="null" body="He 21.34x200" toa="null" sc_toa="null" service_center="null" read="1" status="-1" locked="0" date_sent="0" readable_date="27-10-2015 18:15:43" contact_name="Chi H. v. b" />
  <sms protocol="0" address="01685897838" date="1445944549330" type="2" subject="null" body="Nhan 9 tin." toa="null" sc_toa="null" service_center="null" read="1" status="0" locked="0" date_sent="0" readable_date="27-10-2015 18:15:49" contact_name="Chi H. v. b" />
  <sms protocol="0" address="01685897838" date="1445944550828" type="2" subject="null" body="Nhan 9 tin." toa="null" sc_toa="null" service_center="null" read="1" status="0" locked="0" date_sent="0" readable_date="27-10-2015 18:15:50" contact_name="Chi H. v. b" />
  <sms protocol="0" address="01677281854" date="1445944567331" type="2" subject="null" body="Tin 11: De:12,17,21,26,34,39,43,48,62,67,71,76,84,89,93,98x200n." toa="null" sc_toa="null" service_center="null" read="1" status="0" locked="0" date_sent="0" readable_date="27-10-2015 18:16:07" contact_name="(Unknown)" />
  <sms protocol="0" address="+841677281854" date="1445944598007" type="1" subject="null" body="Nhan 11 tin.so tin cuoi:11." toa="null" sc_toa="null" service_center="null" read="1" status="-1" locked="0" date_sent="0" readable_date="27-10-2015 18:16:38" contact_name="(Unknown)" />
  <sms protocol="0" address="+841685897838" date="1445944612019" type="1" subject="null" body="  De 32 32 91 84 41 50 939 868 00 78 09X5N  787 45 696 757 21 53x 20N" toa="null" sc_toa="null" service_center="null" read="1" status="-1" locked="0" date_sent="0" readable_date="27-10-2015 18:16:52" contact_name="Chi H. v. b" />
  <sms protocol="0" address="01685897838" date="1445944624329" type="2" subject="null" body="Nhan 10 tin." toa="null" sc_toa="null" service_center="null" read="1" status="0" locked="0" date_sent="0" readable_date="27-10-2015 18:17:04" contact_name="Chi H. v. b" />
  <sms protocol="0" address="01685897838" date="1445944627327" type="2" subject="null" body="Nhan 10 tin." toa="null" sc_toa="null" service_center="null" read="1" status="0" locked="0" date_sent="0" readable_date="27-10-2015 18:17:07" contact_name="Chi H. v. b" />
  <sms protocol="0" address="01677281854" date="1445944631829" type="2" subject="null" body="Tin 12: De:78x25n.21,45,53,57,69,75,87,96x20n.32x10n.00,09,39,41,50,68,84,86,91,93x5n." toa="null" sc_toa="null" service_center="null" read="1" status="0" locked="0" date_sent="0" readable_date="27-10-2015 18:17:11" contact_name="(Unknown)" />
  <sms protocol="0" address="+841677281854" date="1445944657146" type="1" subject="null" body="Nhan 12 tin.so tin cuoi:12." toa="null" sc_toa="null" service_center="null" read="1" status="-1" locked="0" date_sent="0" readable_date="27-10-2015 18:17:37" contact_name="(Unknown)" />
  <sms protocol="0" address="0979399373" date="1445944891335" type="2" subject="null" body="Nhan 1 tin.. HET DE" toa="null" sc_toa="null" service_center="null" read="1" status="32" locked="0" date_sent="0" readable_date="27-10-2015 18:21:31" contact_name="A Tung Thuy?" />
  <sms protocol="0" address="0968193922" date="1445944892830" type="2" subject="null" body="Nhan 3 tin.. HET DE" toa="null" sc_toa="null" service_center="null" read="1" status="0" locked="0" date_sent="0" readable_date="27-10-2015 18:21:32" contact_name="(Unknown)" />
  <sms protocol="0" address="0983099345" date="1445944894332" type="2" subject="null" body="Nhan 2 tin.. HET DE" toa="null" sc_toa="null" service_center="null" read="1" status="0" locked="0" date_sent="0" readable_date="27-10-2015 18:21:34" contact_name="Viet Bo" />
  <sms protocol="0" address="01685897838" date="1445944895833" type="2" subject="null" body="Nhan 10 tin.. HET DE" toa="null" sc_toa="null" service_center="null" read="1" status="32" locked="0" date_sent="0" readable_date="27-10-2015 18:21:35" contact_name="Chi H. v. b" />
  <sms protocol="0" address="0973836212" date="1445944897331" type="2" subject="null" body="Nhan 3 tin.so tin cuoi:3.Tin thieu:1,2. HET DE" toa="null" sc_toa="null" service_center="null" read="1" status="0" locked="0" date_sent="0" readable_date="27-10-2015 18:21:37" contact_name="Tien Em" />
  <sms protocol="0" address="0977655973" date="1445944898831" type="2" subject="null" body="Nhan 1 tin.. HET DE" toa="null" sc_toa="null" service_center="null" read="1" status="0" locked="0" date_sent="0" readable_date="27-10-2015 18:21:38" contact_name="A Su Cong Tinh Uy" />
  <sms protocol="0" address="0983650782" date="1445945194327" type="2" subject="null" body="Ngay:27/10/2015&#13;&#10;em chuyen cho anh&#13;&#10;Lo:50,0=1085,0n&#13;&#10;3Cang:2250,0=1485,0n&#13;&#10;Xien:225,0=1350,0n&#13;&#10;Thuong lo:5,0=400,0n&#13;&#10;Thuong xien:5000,0n&#13;&#10;anh bu cho em:1480,0n&#13;&#10;" toa="null" sc_toa="null" service_center="null" read="1" status="32" locked="0" date_sent="0" readable_date="27-10-2015 18:26:34" contact_name="A T 782 Lv" />
  <sms protocol="0" address="01677281854" date="1445945198830" type="2" subject="null" body="Ngay:27/10/2015&#13;&#10;chau chuyen cho co&#13;&#10;De:42800,0=30816,0n&#13;&#10;Lo:1610,0=34937,0n&#13;&#10;3Cang:5,0=3,6n&#13;&#10;Thuong de:65,0=4550,0n&#13;&#10;Thuong lo:550,0=44000,0n&#13;&#10;chau bu cho co:17206,6n&#13;&#10;" toa="null" sc_toa="null" service_center="null" read="1" status="0" locked="0" date_sent="0" readable_date="27-10-2015 18:26:38" contact_name="(Unknown)" />
  <sms protocol="0" address="0968193922" date="1445945201834" type="2" subject="null" body="Ngay:27/10/2015&#13;&#10;chị chuyen cho EM&#13;&#10;Xien:50,0=340,0n&#13;&#10;Th xien:1000,0n&#13;&#10;EM bu cho chị:660,0n&#13;&#10;" toa="null" sc_toa="null" service_center="null" read="1" status="32" locked="0" date_sent="0" readable_date="27-10-2015 18:26:41" contact_name="(Unknown)" />
  <sms protocol="0" address="0983099345" date="1445945206333" type="2" subject="null" body="Ngay:27/10/2015&#13;&#10;Ban chuyen cho toi&#13;&#10;Lo:135,0=2943,0n&#13;&#10;Th lo:50,0=4000,0n&#13;&#10;toi bu cho Ban:1057,0n&#13;&#10;" toa="null" sc_toa="null" service_center="null" read="1" status="32" locked="0" date_sent="0" readable_date="27-10-2015 18:26:46" contact_name="Viet Bo" />
  <sms protocol="0" address="0979399373" date="1445945209330" type="2" subject="null" body="Ngay:27/10/2015&#13;&#10;Anh chuyen cho EM&#13;&#10;Lo:20,0=440,0n&#13;&#10;Th lo:20,0=1600,0n&#13;&#10;EM bu cho Anh:1160,0n&#13;&#10;" toa="null" sc_toa="null" service_center="null" read="1" status="0" locked="0" date_sent="0" readable_date="27-10-2015 18:26:49" contact_name="A Tung Thuy?" />
  <sms protocol="0" address="0977655973" date="1445945213830" type="2" subject="null" body="Ngay:27/10/2015&#13;&#10;BAC chuyen cho EM&#13;&#10;De:850,0=680,0n&#13;&#10;Lo:25,0=562,5n&#13;&#10;Th de:55,0=3850,0n&#13;&#10;EM bu cho BAC:2607,5n&#13;&#10;" toa="null" sc_toa="null" service_center="null" read="1" status="0" locked="0" date_sent="0" readable_date="27-10-2015 18:26:53" contact_name="A Su Cong Tinh Uy" />
  <sms protocol="0" address="0964386982" date="1445945218329" type="2" subject="null" body="Ngay:27/10/2015&#13;&#10;em chuyen cho anh&#13;&#10;De:38630,0=27620,4n&#13;&#10;Lo:1200,0=26040,0n&#13;&#10;3Cang:2250,0=1620,0n&#13;&#10;Xien:27,0=162,0n&#13;&#10;Thuong de:500,0=35000,0n&#13;&#10;Thuong lo:360,0=28800,0n&#13;&#10;anh bu cho em:8357,6n&#13;&#10;" toa="null" sc_toa="null" service_center="null" read="1" status="0" locked="0" date_sent="0" readable_date="27-10-2015 18:26:58" contact_name="A Duc" />
  <sms protocol="0" address="01685897838" date="1445945222830" type="2" subject="null" body="Ngay:27/10/2015&#13;&#10;chi chuyen cho EM&#13;&#10;De:78705,0=56667,6n&#13;&#10;Lo:2420,0=52635,0n&#13;&#10;3Cang:4500,0=3195,0n&#13;&#10;Xien:202,0=1353,4n&#13;&#10;Th de:510,0=35700,0n&#13;&#10;Th lo:715,0=57200,0n&#13;&#10;Th xien:4000,0n&#13;&#10;chi bu cho EM:16951,0n&#13;&#10;" toa="null" sc_toa="null" service_center="null" read="1" status="0" locked="0" date_sent="0" readable_date="27-10-2015 18:27:02" contact_name="Chi H. v. b" />
  <sms protocol="0" address="0973836212" date="1445945227331" type="2" subject="null" body="Ngay:27/10/2015&#13;&#10;may chuyen cho tao&#13;&#10;De:1875,0=1406,2n&#13;&#10;Lo:260,0=5694,0n&#13;&#10;3Cang:5,0=3,6n&#13;&#10;Th lo:130,0=10400,0n&#13;&#10;tao bu cho may:3296,2n&#13;&#10;" toa="null" sc_toa="null" service_center="null" read="1" status="0" locked="0" date_sent="0" readable_date="27-10-2015 18:27:07" contact_name="Tien Em" />
  <sms protocol="0" address="+84983650782" date="1445945262298" type="1" subject="null" body="Ngay:27/10/2015&#10;Em chuyen cho Anh&#10;Lo:50,0=1085,0n&#10;3Cang:2250,0=1485,0n&#10;Xien:225,0=1350,0n&#10;Th lo:5,0=400,0n&#10;Th xien:5000,0n&#10;Anh bu cho Em:1480,0n&#10;" toa="null" sc_toa="null" service_center="null" read="1" status="-1" locked="0" date_sent="0" readable_date="27-10-2015 18:27:42" contact_name="A T 782 Lv" />
  <sms protocol="0" address="+84964386982" date="1445945289189" type="1" subject="null" body="Ngay:27/10/2015&#10;bac chuyen cho em&#10;De:38630,0=27620,4n&#10;Lo:1200,0=26040,0n&#10;3Cang:2250,0=1620,0n&#10;Xien:27,0=162,0n&#10;Th de:500,0=35000,0n&#10;Th lo:360,0=28800,0n&#10;em bu cho bac:8357,6n" toa="null" sc_toa="null" service_center="+84980200623" read="1" status="-1" locked="0" date_sent="1445945286000" readable_date="27-10-2015 18:28:09" contact_name="A Duc" />
  <sms protocol="0" address="+84983099345" date="1445945300166" type="2" subject="null" body="chi bu cho EM:16951,0n&#13;&#10;T thu 16820n&#10;" toa="null" sc_toa="null" service_center="null" read="1" status="0" locked="0" date_sent="0" readable_date="27-10-2015 18:28:20" contact_name="Viet Bo" />
  <sms protocol="0" address="+841677281854" date="1445945451642" type="1" subject="null" body="Ngay:27/10/2015&#10;chau chuyen cho co&#10;De:42800,0=30816,0n&#10;Lo:1610,0=34937,0n&#10;3Cang:5,0=3,6n&#10;Th de:65,0=4550,0n&#10;Th lo:550,0=44000,0n&#10;chau bu cho co:17206,6n&#10;" toa="null" sc_toa="null" service_center="null" read="0" status="-1" locked="0" date_sent="0" readable_date="27-10-2015 18:30:51" contact_name="(Unknown)" />
  <sms protocol="0" address="01632029067" date="1445945700404" type="2" subject="null" body="Tinh den het ngay:26/10/15 EM thu 3719n&#13;&#10;Ngay:27/10/15 Chị+660n &#13;&#10;Tong cong: EM thu 3059" toa="null" sc_toa="null" service_center="null" read="1" status="0" locked="0" date_sent="0" readable_date="27-10-2015 18:35:00" contact_name="(Unknown)" />
  <sms protocol="0" address="0964386982" date="1445945722760" type="2" subject="null" body="Tinh den het ngay:26/10/15 em bu 7870n&#13;&#10;Ngay:27/10/15 anh-8357n &#13;&#10;Tong cong: em thu 487&#10;(Nợ ngoài 10trieu)" toa="null" sc_toa="null" service_center="null" read="1" status="0" locked="0" date_sent="0" readable_date="27-10-2015 18:35:22" contact_name="A Duc" />
  <sms protocol="0" address="0973836212" date="1445945732531" type="2" subject="null" body="Tinh den het ngay:26/10/15 tao thu 4868n&#13;&#10;Ngay:27/10/15 may+3296n &#13;&#10;Tong cong: tao thu 1572" toa="null" sc_toa="null" service_center="null" read="1" status="72" locked="0" date_sent="0" readable_date="27-10-2015 18:35:32" contact_name="Tien Em" />
  <sms protocol="0" address="0977655973" date="1445945734839" type="2" subject="null" body="Tinh den het ngay:26/10/15 EM thu 3908n&#13;&#10;Ngay:27/10/15 BAC+2607n &#13;&#10;Tong cong: EM thu 1301" toa="null" sc_toa="null" service_center="null" read="1" status="32" locked="0" date_sent="0" readable_date="27-10-2015 18:35:34" contact_name="A Su Cong Tinh Uy" />
  <sms protocol="0" address="0979399373" date="1445945739702" type="2" subject="null" body="Tinh den het ngay:26/10/15 EM bu 408n&#13;&#10;Ngay:27/10/15 Anh+1160n &#13;&#10;Tong cong: EM bu 1568" toa="null" sc_toa="null" service_center="null" read="1" status="32" locked="0" date_sent="0" readable_date="27-10-2015 18:35:39" contact_name="A Tung Thuy?" />
  <sms protocol="0" address="0983099345" date="1445945745791" type="2" subject="null" body="Tinh den het ngay:26/10/15 toi thu 16049n&#13;&#10;Ngay:27/10/15 Ban+1057n -16820n &#13;&#10;Tong cong: toi thu 31812" toa="null" sc_toa="null" service_center="null" read="1" status="0" locked="0" date_sent="0" readable_date="27-10-2015 18:35:45" contact_name="Viet Bo" />
  <sms protocol="0" address="VIETTEL" date="1445997860362" type="1" subject="null" body="[QC] Tu 27/10-1/11, iPhone6 16G mau xam/bac (ban quoc te) gia chi 14.990.000d. CTKM tai ViettelStore toan quoc. LH 18008123 (0d). Tu choi, soan TC gui 199" toa="null" sc_toa="null" service_center="null" read="1" status="-1" locked="0" date_sent="0" readable_date="28-10-2015 09:04:20" contact_name="(Unknown)" />
  <sms protocol="0" address="0983099345" date="1445998825739" type="2" subject="null" body="chi bu cho EM:16951,0n&#13;&#10;T thu 16820n&#10;" toa="null" sc_toa="null" service_center="null" read="1" status="0" locked="0" date_sent="0" readable_date="28-10-2015 09:20:25" contact_name="Viet Bo" />
  <sms protocol="0" address="+84983099345" date="1445998901058" type="1" subject="null" body="ok pan chju t thu x0g to kam qua" toa="null" sc_toa="null" service_center="+84980200613" read="0" status="-1" locked="0" date_sent="1445998899000" readable_date="28-10-2015 09:21:41" contact_name="Viet Bo" />
</smses>