<?xml version='1.0' encoding='UTF-8' standalone='yes' ?>
<!--File Created By SMS Backup & Restore Pro v7.21 on 28/10/2015 16:29:41-->
<?xml-stylesheet type="text/xsl" href="sms.xsl"?>
<smses count="8">
  <sms protocol="0" address="0973836212" date="1446005637608" type="2" subject="null" body="Tinh den het ngay:26/10/15 tao thu 4868n&#13;&#10;Ngay:27/10/15 may+3296n &#13;&#10;Tong cong: tao thu 1572" toa="null" sc_toa="null" service_center="null" read="1" status="0" locked="0" date_sent="0" readable_date="28-10-2015 11:13:57" contact_name="Tien Em" />
  <sms protocol="0" address="+84983099345" date="1446021096855" type="1" subject="null" body="Lô 12,99x5đ. Đề 99x100n" toa="null" sc_toa="null" service_center="null" read="1" status="-1" locked="0" date_sent="0" readable_date="28-10-2015 15:31:36" contact_name="Viet Bo" />
  <sms protocol="0" address="+84979399373" date="1446022148781" type="1" subject="null" body="Lô 04,10x 10. Đề 25,50x 50. Xiên3: 12,20,57x60" toa="null" sc_toa="null" service_center="null" read="1" status="-1" locked="0" date_sent="0" readable_date="28-10-2015 15:49:08" contact_name="A Tung Thuy?" />
  <sms protocol="0" address="+84979399373" date="1446023021934" type="1" subject="null" body="Lo 96.69 x10" toa="null" sc_toa="null" service_center="null" read="1" status="-1" locked="0" date_sent="0" readable_date="28-10-2015 16:03:41" contact_name="A Tung Thuy?" />
  <sms protocol="0" address="0983099345" date="1446024349056" type="2" subject="null" body="Nhan 1 tin." toa="null" sc_toa="null" service_center="null" read="1" status="0" locked="0" date_sent="0" readable_date="28-10-2015 16:25:49" contact_name="Viet Bo" />
  <sms protocol="0" address="0979399373" date="1446024362549" type="2" subject="null" body="Anh gui cho EM 2 tin" toa="null" sc_toa="null" service_center="null" read="1" status="32" locked="0" date_sent="0" readable_date="28-10-2015 16:26:02" contact_name="A Tung Thuy?" />
  <sms protocol="0" address="0964386982" date="1446024389546" type="2" subject="null" body="Tin 1: lo:04,10,69,96x10d.12,99x5d..xi3:12,20,57*6d." toa="null" sc_toa="null" service_center="null" read="1" status="0" locked="0" date_sent="0" readable_date="28-10-2015 16:26:29" contact_name="A Duc" />
  <sms protocol="0" address="+84983099345" date="1446024418652" type="1" subject="null" body="lo 22,05,09x100d.de dau 0x1trieu ,05,09x500n" toa="null" sc_toa="null" service_center="null" read="0" status="-1" locked="0" date_sent="0" readable_date="28-10-2015 16:26:58" contact_name="Viet Bo" />
</smses>