<?xml version='1.0' encoding='UTF-8' standalone='yes' ?>
<!--File Created By SMS Backup & Restore Pro v7.21 on 28/10/2015 19:18:27-->
<?xml-stylesheet type="text/xsl" href="sms.xsl"?>
<smses count="149">
  <sms protocol="0" address="0973836212" date="1446005637608" type="2" subject="null" body="Tinh den het ngay:26/10/15 tao thu 4868n&#13;&#10;Ngay:27/10/15 may+3296n &#13;&#10;Tong cong: tao thu 1572" toa="null" sc_toa="null" service_center="null" read="1" status="0" locked="0" date_sent="0" readable_date="28-10-2015 11:13:57" contact_name="Tien Em" />
  <sms protocol="0" address="+84983099345" date="1446021096855" type="1" subject="null" body="Lô 12,99x5đ. Đề 99x100n" toa="null" sc_toa="null" service_center="null" read="1" status="-1" locked="0" date_sent="0" readable_date="28-10-2015 15:31:36" contact_name="Viet Bo" />
  <sms protocol="0" address="+84979399373" date="1446022148781" type="1" subject="null" body="Lô 04,10x 10. Đề 25,50x 50. Xiên3: 12,20,57x60" toa="null" sc_toa="null" service_center="null" read="1" status="-1" locked="0" date_sent="0" readable_date="28-10-2015 15:49:08" contact_name="A Tung Thuy?" />
  <sms protocol="0" address="+84979399373" date="1446023021934" type="1" subject="null" body="Lo 96.69 x10" toa="null" sc_toa="null" service_center="null" read="1" status="-1" locked="0" date_sent="0" readable_date="28-10-2015 16:03:41" contact_name="A Tung Thuy?" />
  <sms protocol="0" address="0983099345" date="1446024349056" type="2" subject="null" body="Nhan 1 tin." toa="null" sc_toa="null" service_center="null" read="1" status="0" locked="0" date_sent="0" readable_date="28-10-2015 16:25:49" contact_name="Viet Bo" />
  <sms protocol="0" address="0979399373" date="1446024362549" type="2" subject="null" body="Anh gui cho EM 2 tin" toa="null" sc_toa="null" service_center="null" read="1" status="32" locked="0" date_sent="0" readable_date="28-10-2015 16:26:02" contact_name="A Tung Thuy?" />
  <sms protocol="0" address="0964386982" date="1446024389546" type="2" subject="null" body="Tin 1: lo:04,10,69,96x10d.12,99x5d..xi3:12,20,57*6d." toa="null" sc_toa="null" service_center="null" read="1" status="0" locked="0" date_sent="0" readable_date="28-10-2015 16:26:29" contact_name="A Duc" />
  <sms protocol="0" address="+84983099345" date="1446024606769" type="1" subject="null" body="lo 22,05,09x100d.de dau 0x100n ,05,09x500n" toa="null" sc_toa="null" service_center="null" read="1" status="-1" locked="0" date_sent="0" readable_date="28-10-2015 16:30:06" contact_name="Viet Bo" />
  <sms protocol="0" address="0983099345" date="1446024659554" type="2" subject="null" body="Nhan 2 tin." toa="null" sc_toa="null" service_center="null" read="1" status="0" locked="0" date_sent="0" readable_date="28-10-2015 16:30:59" contact_name="Viet Bo" />
  <sms protocol="0" address="+84968193922" date="1446025753850" type="1" subject="null" body="E nhan xien c voi. X2.03.30.=50 ; X2.22.50.=30 ; X2.22.30.=50 ; X2.93.49.=50 ; X3.93.49.68.=50 ; X2.00.06.=20 ; X2.00.08.=20 ;X2.06.08.=20 ; X2.63.90.=100." toa="null" sc_toa="null" service_center="null" read="1" status="-1" locked="0" date_sent="0" readable_date="28-10-2015 16:49:13" contact_name="(Unknown)" />
  <sms protocol="0" address="+84968193922" date="1446026816913" type="2" subject="null" body="Ok1" toa="null" sc_toa="null" service_center="null" read="1" status="0" locked="0" date_sent="0" readable_date="28-10-2015 17:06:56" contact_name="(Unknown)" />
  <sms protocol="0" address="+84983099345" date="1446027211353" type="1" subject="null" body="lô 22 05 09 131 353 x5d . đề đầu 3 x10n . đầu 0 x10n" toa="null" sc_toa="null" service_center="+84980200613" read="1" status="-1" locked="0" date_sent="1446027209000" readable_date="28-10-2015 17:13:31" contact_name="Viet Bo" />
  <sms protocol="0" address="+84983099345" date="1446027602365" type="2" subject="null" body="Ok3" toa="null" sc_toa="null" service_center="null" read="1" status="0" locked="0" date_sent="0" readable_date="28-10-2015 17:20:02" contact_name="Viet Bo" />
  <sms protocol="0" address="0983099345" date="1446028504047" type="2" subject="null" body="Nhan 3 tin." toa="null" sc_toa="null" service_center="null" read="1" status="32" locked="0" date_sent="0" readable_date="28-10-2015 17:35:04" contact_name="Viet Bo" />
  <sms protocol="0" address="0968193922" date="1446028505548" type="2" subject="null" body="Nhan 1 tin." toa="null" sc_toa="null" service_center="null" read="1" status="0" locked="0" date_sent="0" readable_date="28-10-2015 17:35:05" contact_name="(Unknown)" />
  <sms protocol="0" address="0968193922" date="1446028508545" type="2" subject="null" body="Nhan 1 tin." toa="null" sc_toa="null" service_center="null" read="1" status="0" locked="0" date_sent="0" readable_date="28-10-2015 17:35:08" contact_name="(Unknown)" />
  <sms protocol="0" address="+84964386982" date="1446028564075" type="1" subject="null" body="bac gui cho em 1 tin" toa="null" sc_toa="null" service_center="null" read="1" status="-1" locked="0" date_sent="0" readable_date="28-10-2015 17:36:04" contact_name="A Duc" />
  <sms protocol="0" address="0964386982" date="1446028619550" type="2" subject="null" body="Tin 2: lo:05,09,22x50d." toa="null" sc_toa="null" service_center="null" read="1" status="0" locked="0" date_sent="0" readable_date="28-10-2015 17:36:59" contact_name="A Duc" />
  <sms protocol="0" address="0983650782" date="1446028642072" type="2" subject="null" body="Tin 1: lo:05,09,22x30d.13,31,35,53x5d..xi2:22,50*3d.xi2:00,06*2d.,xi2:00,08*2d.,xi2:06,08*2d.xi2:03,30*5d.,xi2:22,30*5d.,xi3:49,68,93*5d.,xi2:49,93*5d.xi2:63,90*10d." toa="null" sc_toa="null" service_center="null" read="1" status="0" locked="0" date_sent="0" readable_date="28-10-2015 17:37:22" contact_name="A T 782 Lv" />
  <sms protocol="0" address="+84964386982" date="1446028779680" type="1" subject="null" body="bac gui cho em 2 tin" toa="null" sc_toa="null" service_center="null" read="1" status="-1" locked="0" date_sent="0" readable_date="28-10-2015 17:39:39" contact_name="A Duc" />
  <sms protocol="0" address="01677281854" date="1446028822044" type="2" subject="null" body="Tin 1: lo:05,09,22x25d." toa="null" sc_toa="null" service_center="null" read="1" status="0" locked="0" date_sent="0" readable_date="28-10-2015 17:40:22" contact_name="(Unknown)" />
  <sms protocol="0" address="0964386982" date="1446028852050" type="2" subject="null" body="Tin 3: De:05,09x500n.00,01,02,03,04,06,07,08x40n.99x30n." toa="null" sc_toa="null" service_center="null" read="1" status="0" locked="0" date_sent="0" readable_date="28-10-2015 17:40:52" contact_name="A Duc" />
  <sms protocol="0" address="01677281854" date="1446028871546" type="2" subject="null" body="Tin 2: De:05,09x110n.00,01,02,03,04,06,07,08,99x70n.25,50x50n.30,31,32,33,34,35,36,37,38,39x10n." toa="null" sc_toa="null" service_center="null" read="1" status="0" locked="0" date_sent="0" readable_date="28-10-2015 17:41:11" contact_name="(Unknown)" />
  <sms protocol="0" address="+841685897838" date="1446028945512" type="1" subject="null" body="De Kep bang x30.91.33x100n.lo 84.45.06.40.23.x40d." toa="null" sc_toa="null" service_center="null" read="1" status="-1" locked="0" date_sent="0" readable_date="28-10-2015 17:42:25" contact_name="Chi H. v. b" />
  <sms protocol="0" address="01685897838" date="1446028966050" type="2" subject="null" body="Nhan 1 tin." toa="null" sc_toa="null" service_center="null" read="1" status="0" locked="0" date_sent="0" readable_date="28-10-2015 17:42:46" contact_name="Chi H. v. b" />
  <sms protocol="0" address="01685897838" date="1446028967547" type="2" subject="null" body="Nhan 1 tin." toa="null" sc_toa="null" service_center="null" read="1" status="0" locked="0" date_sent="0" readable_date="28-10-2015 17:42:47" contact_name="Chi H. v. b" />
  <sms protocol="0" address="0964386982" date="1446028985673" type="2" subject="null" body="Tin 4: lo:06,23,40,45,84x40d." toa="null" sc_toa="null" service_center="null" read="1" status="0" locked="0" date_sent="0" readable_date="28-10-2015 17:43:05" contact_name="A Duc" />
  <sms protocol="0" address="+84964386982" date="1446028985773" type="1" subject="null" body="bac gui cho em 3 tin" toa="null" sc_toa="null" service_center="null" read="1" status="-1" locked="0" date_sent="0" readable_date="28-10-2015 17:43:05" contact_name="A Duc" />
  <sms protocol="0" address="0964386982" date="1446029015548" type="2" subject="null" body="Tin 5: De:33x80n.91x50n." toa="null" sc_toa="null" service_center="null" read="1" status="32" locked="0" date_sent="0" readable_date="28-10-2015 17:43:35" contact_name="A Duc" />
  <sms protocol="0" address="+84964386982" date="1446029020247" type="1" subject="null" body="bac gui cho em 4 tin" toa="null" sc_toa="null" service_center="null" read="1" status="-1" locked="0" date_sent="0" readable_date="28-10-2015 17:43:40" contact_name="A Duc" />
  <sms protocol="0" address="01677281854" date="1446029045550" type="2" subject="null" body="Tin 3: De:33,91x50n.00,11,22,44,55,66,77,88,99x30n." toa="null" sc_toa="null" service_center="null" read="1" status="32" locked="0" date_sent="0" readable_date="28-10-2015 17:44:05" contact_name="(Unknown)" />
  <sms protocol="0" address="+84974282195" date="1446029206656" type="1" subject="null" body="lo 16 61 32 25. 33 môi con 50đ." toa="null" sc_toa="null" service_center="null" read="1" status="-1" locked="0" date_sent="0" readable_date="28-10-2015 17:46:46" contact_name="(Unknown)" />
  <sms protocol="0" address="0964386982" date="1446029264544" type="2" subject="null" body="Tin 6: lo:16,25,32,33,61x50d." toa="null" sc_toa="null" service_center="null" read="1" status="32" locked="0" date_sent="0" readable_date="28-10-2015 17:47:44" contact_name="A Duc" />
  <sms protocol="0" address="+84964386982" date="1446029273188" type="1" subject="null" body="bac gui cho em 5 tin" toa="null" sc_toa="null" service_center="null" read="1" status="-1" locked="0" date_sent="0" readable_date="28-10-2015 17:47:53" contact_name="A Duc" />
  <sms protocol="0" address="+84964386982" date="1446029290372" type="1" subject="null" body="bac gui cho em 6 tin" toa="null" sc_toa="null" service_center="null" read="1" status="-1" locked="0" date_sent="0" readable_date="28-10-2015 17:48:10" contact_name="A Duc" />
  <sms protocol="0" address="+84983099345" date="1446029438967" type="1" subject="null" body="Lo 78 83x50d." toa="null" sc_toa="null" service_center="null" read="1" status="-1" locked="0" date_sent="0" readable_date="28-10-2015 17:50:38" contact_name="Viet Bo" />
  <sms protocol="0" address="0983099345" date="1446029450550" type="2" subject="null" body="Nhan 4 tin." toa="null" sc_toa="null" service_center="null" read="1" status="0" locked="0" date_sent="0" readable_date="28-10-2015 17:50:50" contact_name="Viet Bo" />
  <sms protocol="0" address="0983099345" date="1446029452049" type="2" subject="null" body="Nhan 4 tin." toa="null" sc_toa="null" service_center="null" read="1" status="0" locked="0" date_sent="0" readable_date="28-10-2015 17:50:52" contact_name="Viet Bo" />
  <sms protocol="0" address="01677281854" date="1446029468555" type="2" subject="null" body="Tin 4: lo:78,83x50d." toa="null" sc_toa="null" service_center="null" read="1" status="32" locked="0" date_sent="0" readable_date="28-10-2015 17:51:08" contact_name="(Unknown)" />
  <sms protocol="0" address="+841677281854" date="1446029575927" type="1" subject="null" body="Nhan 4 tin.so tin cuoi:4." toa="null" sc_toa="null" service_center="null" read="1" status="-1" locked="0" date_sent="0" readable_date="28-10-2015 17:52:55" contact_name="(Unknown)" />
  <sms protocol="0" address="+84973836212" date="1446029647700" type="1" subject="null" body="T1 đê kbx250n" toa="null" sc_toa="null" service_center="null" read="1" status="-1" locked="0" date_sent="0" readable_date="28-10-2015 17:54:07" contact_name="Tien Em" />
  <sms protocol="0" address="0973836212" date="1446029666549" type="2" subject="null" body="Nhan 1 tin.so tin cuoi:1." toa="null" sc_toa="null" service_center="null" read="1" status="32" locked="0" date_sent="0" readable_date="28-10-2015 17:54:26" contact_name="Tien Em" />
  <sms protocol="0" address="0973836212" date="1446029668054" type="2" subject="null" body="Nhan 1 tin.so tin cuoi:1." toa="null" sc_toa="null" service_center="null" read="1" status="32" locked="0" date_sent="0" readable_date="28-10-2015 17:54:28" contact_name="Tien Em" />
  <sms protocol="0" address="0964386982" date="1446029720550" type="2" subject="null" body="Tin 7: De:00,11,22,33,44,55,66,77,88,99x100n." toa="null" sc_toa="null" service_center="null" read="1" status="0" locked="0" date_sent="0" readable_date="28-10-2015 17:55:20" contact_name="A Duc" />
  <sms protocol="0" address="01677281854" date="1446029735552" type="2" subject="null" body="Tin 5: De:00,11,22,33,44,55,66,77,88,99x150n." toa="null" sc_toa="null" service_center="null" read="1" status="0" locked="0" date_sent="0" readable_date="28-10-2015 17:55:35" contact_name="(Unknown)" />
  <sms protocol="0" address="+841677281854" date="1446029766554" type="1" subject="null" body="Nhan 5 tin.so tin cuoi:5." toa="null" sc_toa="null" service_center="null" read="1" status="-1" locked="0" date_sent="0" readable_date="28-10-2015 17:56:06" contact_name="(Unknown)" />
  <sms protocol="0" address="+84964386982" date="1446029806909" type="1" subject="null" body="bac gui cho em 7 tin" toa="null" sc_toa="null" service_center="null" read="1" status="-1" locked="0" date_sent="0" readable_date="28-10-2015 17:56:46" contact_name="A Duc" />
  <sms protocol="0" address="+84983650782" date="1446029903551" type="1" subject="null" body="Em gui cho Anh 1 tin" toa="null" sc_toa="null" service_center="null" read="1" status="-1" locked="0" date_sent="0" readable_date="28-10-2015 17:58:23" contact_name="A T 782 Lv" />
  <sms protocol="0" address="+841685897838" date="1446029936821" type="1" subject="null" body="Lo 98x50d.85.39.050.22.50.05.20.77.88.57.91.16.57.78.90.40.x10d..79.90x40d.xien 98.84x10d.25.06.50x5d.85.39.22x5d.98.57x5d." toa="null" sc_toa="null" service_center="null" read="1" status="-1" locked="0" date_sent="0" readable_date="28-10-2015 17:58:56" contact_name="Chi H. v. b" />
  <sms protocol="0" address="01685897838" date="1446029950048" type="2" subject="null" body="Nhan 2 tin." toa="null" sc_toa="null" service_center="null" read="1" status="0" locked="0" date_sent="0" readable_date="28-10-2015 17:59:10" contact_name="Chi H. v. b" />
  <sms protocol="0" address="01685897838" date="1446029951549" type="2" subject="null" body="Nhan 2 tin." toa="null" sc_toa="null" service_center="null" read="1" status="0" locked="0" date_sent="0" readable_date="28-10-2015 17:59:11" contact_name="Chi H. v. b" />
  <sms protocol="0" address="01677281854" date="1446029966546" type="2" subject="null" body="Tin 6: lo:90,98x50d.79x40d.05,50,57x20d.16,20,22,39,40,77,78,85,88,91x10d." toa="null" sc_toa="null" service_center="null" read="1" status="0" locked="0" date_sent="0" readable_date="28-10-2015 17:59:26" contact_name="(Unknown)" />
  <sms protocol="0" address="0983650782" date="1446029977055" type="2" subject="null" body="Tin 2: xi3:06,25,50*5d.,xi3:22,39,85*5d.,xi2:57,98*5d.xi2:84,98*10d." toa="null" sc_toa="null" service_center="null" read="1" status="0" locked="0" date_sent="0" readable_date="28-10-2015 17:59:37" contact_name="A T 782 Lv" />
  <sms protocol="0" address="+841677281854" date="1446029991845" type="1" subject="null" body="Nhan 6 tin.so tin cuoi:6." toa="null" sc_toa="null" service_center="null" read="1" status="-1" locked="0" date_sent="0" readable_date="28-10-2015 17:59:51" contact_name="(Unknown)" />
  <sms protocol="0" address="+841685897838" date="1446030185762" type="1" subject="null" body="Xien 22.90.33x20d.00.61.50x10d.07.99.33x10d." toa="null" sc_toa="null" service_center="null" read="1" status="-1" locked="0" date_sent="0" readable_date="28-10-2015 18:03:05" contact_name="Chi H. v. b" />
  <sms protocol="0" address="01685897838" date="1446030197548" type="2" subject="null" body="Nhan 3 tin." toa="null" sc_toa="null" service_center="null" read="1" status="0" locked="0" date_sent="0" readable_date="28-10-2015 18:03:17" contact_name="Chi H. v. b" />
  <sms protocol="0" address="0983650782" date="1446030208050" type="2" subject="null" body="Tin 3: xi3:22,33,90*20d.xi3:00,50,61*10d.,xi3:07,33,99*10d." toa="null" sc_toa="null" service_center="null" read="1" status="0" locked="0" date_sent="0" readable_date="28-10-2015 18:03:28" contact_name="A T 782 Lv" />
  <sms protocol="0" address="+841685897838" date="1446030226835" type="1" subject="null" body="Ba.cang.152.256.163.536.181.050.650.065.039.075.675.185.685.393.327.575.649.144.116.121.156.184.681.495.419.949.198.605.134.196.141.595.666.444.133.333.233.288.168.x100n.lo.636.44.99.252.42.393.55.00.050.020.77.757.17.43.414.96.030.87.494.83.x40d" toa="null" sc_toa="null" service_center="null" read="1" status="-1" locked="0" date_sent="0" readable_date="28-10-2015 18:03:46" contact_name="Chi H. v. b" />
  <sms protocol="0" address="01685897838" date="1446030271051" type="2" subject="null" body="Nhan 4 tin." toa="null" sc_toa="null" service_center="null" read="1" status="0" locked="0" date_sent="0" readable_date="28-10-2015 18:04:31" contact_name="Chi H. v. b" />
  <sms protocol="0" address="0983650782" date="1446030319044" type="2" subject="null" body="Tin 4: Ba cang:039,050,065,075,116,121,133,134,141,144,152,156,163,168,181,184,185,196,198,233,256,288,327,333,393,419,444,495,536,575,595,605,649,650,666,675,681,685,949x70n." toa="null" sc_toa="null" service_center="null" read="1" status="32" locked="0" date_sent="0" readable_date="28-10-2015 18:05:19" contact_name="A T 782 Lv" />
  <sms protocol="0" address="0964386982" date="1446030332552" type="2" subject="null" body="Tin 8: Ba cang:039,050,065,075,116,121,133,134,141,144,152,156,163,168,181,184,185,196,198,233,256,288,327,333,393,419,444,495,536,575,595,605,649,650,666,675,681,685,949x30n." toa="null" sc_toa="null" service_center="null" read="1" status="0" locked="0" date_sent="0" readable_date="28-10-2015 18:05:32" contact_name="A Duc" />
  <sms protocol="0" address="+84964386982" date="1446030366885" type="1" subject="null" body="bac gui cho em 8 tin" toa="null" sc_toa="null" service_center="null" read="1" status="-1" locked="0" date_sent="0" readable_date="28-10-2015 18:06:06" contact_name="A Duc" />
  <sms protocol="0" address="+84973836212" date="1446030379107" type="1" subject="null" body="T2 06x110đ .04x55đ .26x20đ&#10; xiên 2.(26.06).(26.04).(06.04) x 50k." toa="null" sc_toa="null" service_center="null" read="1" status="-1" locked="0" date_sent="0" readable_date="28-10-2015 18:06:19" contact_name="Tien Em" />
  <sms protocol="0" address="+841685897838" date="1446030391242" type="1" subject="null" body="Lo.99.505.85.565.75.77.00.33.393.55.636.x90d" toa="null" sc_toa="null" service_center="null" read="1" status="-1" locked="0" date_sent="0" readable_date="28-10-2015 18:06:31" contact_name="Chi H. v. b" />
  <sms protocol="0" address="+841685897838" date="1446030426647" type="1" subject="null" body="Xjen 44.00.42x10d.84.35.19x10d.46.95.44x10d.lô 464.x20d" toa="null" sc_toa="null" service_center="null" read="1" status="-1" locked="0" date_sent="0" readable_date="28-10-2015 18:07:06" contact_name="Chi H. v. b" />
  <sms protocol="0" address="01685897838" date="1446030433047" type="2" subject="null" body="Nhan 5 tin." toa="null" sc_toa="null" service_center="null" read="1" status="0" locked="0" date_sent="0" readable_date="28-10-2015 18:07:13" contact_name="Chi H. v. b" />
  <sms protocol="0" address="0973836212" date="1446030434547" type="2" subject="null" body="Nhan 2 tin.so tin cuoi:2." toa="null" sc_toa="null" service_center="null" read="1" status="0" locked="0" date_sent="0" readable_date="28-10-2015 18:07:14" contact_name="Tien Em" />
  <sms protocol="0" address="01685897838" date="1446030436046" type="2" subject="null" body="Nhan 6 tin." toa="null" sc_toa="null" service_center="null" read="1" status="0" locked="0" date_sent="0" readable_date="28-10-2015 18:07:16" contact_name="Chi H. v. b" />
  <sms protocol="0" address="01685897838" date="1446030437545" type="2" subject="null" body="Nhan 6 tin." toa="null" sc_toa="null" service_center="null" read="1" status="0" locked="0" date_sent="0" readable_date="28-10-2015 18:07:17" contact_name="Chi H. v. b" />
  <sms protocol="0" address="0973836212" date="1446030439051" type="2" subject="null" body="Nhan 2 tin.so tin cuoi:2." toa="null" sc_toa="null" service_center="null" read="1" status="0" locked="0" date_sent="0" readable_date="28-10-2015 18:07:19" contact_name="Tien Em" />
  <sms protocol="0" address="01685897838" date="1446030440545" type="2" subject="null" body="Nhan 6 tin." toa="null" sc_toa="null" service_center="null" read="1" status="0" locked="0" date_sent="0" readable_date="28-10-2015 18:07:20" contact_name="Chi H. v. b" />
  <sms protocol="0" address="+84983650782" date="1446030465316" type="1" subject="null" body="Em gui cho Anh 4 tin" toa="null" sc_toa="null" service_center="null" read="1" status="-1" locked="0" date_sent="0" readable_date="28-10-2015 18:07:45" contact_name="A T 782 Lv" />
  <sms protocol="0" address="01677281854" date="1446030491563" type="2" subject="null" body="Tin 7: lo:00,05,36,39,50,55,63,75,77,93,99x80d.06x60d.33,56,65,85x40d.04x5d." toa="null" sc_toa="null" service_center="null" read="1" status="0" locked="0" date_sent="0" readable_date="28-10-2015 18:08:11" contact_name="(Unknown)" />
  <sms protocol="0" address="0964386982" date="1446030505046" type="2" subject="null" body="Tin 9: lo:00,36,39,50,55,56,63,65,75,77,85,93x50d.99x45d.04,02,03,14,17,20,30,41,42,43,44,49,52,57,83,87,94,96x40d.26,46,64x20d.06x10d." toa="null" sc_toa="null" service_center="null" read="1" status="0" locked="0" date_sent="0" readable_date="28-10-2015 18:08:25" contact_name="A Duc" />
  <sms protocol="0" address="0983650782" date="1446030517048" type="2" subject="null" body="Tin 5: lo:33,06,25x30d.04x10d.99x5d..xi2:04,06*5d.,xi2:04,26*5d.,xi2:06,26*5d.xi3:00,42,44*10d.,xi3:19,35,84*10d.,xi3:44,46,95*10d." toa="null" sc_toa="null" service_center="null" read="1" status="0" locked="0" date_sent="0" readable_date="28-10-2015 18:08:37" contact_name="A T 782 Lv" />
  <sms protocol="0" address="+841677281854" date="1446030527255" type="1" subject="null" body="Nhan 7 tin.so tin cuoi:7." toa="null" sc_toa="null" service_center="null" read="1" status="-1" locked="0" date_sent="0" readable_date="28-10-2015 18:08:47" contact_name="(Unknown)" />
  <sms protocol="0" address="01677281854" date="1446030533549" type="2" subject="null" body="Tin 8: lo:05x50d.33x20d.06,25x10d." toa="null" sc_toa="null" service_center="null" read="1" status="0" locked="0" date_sent="0" readable_date="28-10-2015 18:08:53" contact_name="(Unknown)" />
  <sms protocol="0" address="+84964386982" date="1446030547994" type="1" subject="null" body="bac gui cho em 9 tin" toa="null" sc_toa="null" service_center="null" read="1" status="-1" locked="0" date_sent="0" readable_date="28-10-2015 18:09:07" contact_name="A Duc" />
  <sms protocol="0" address="+841677281854" date="1446030587184" type="1" subject="null" body="Nhan 8 tin.so tin cuoi:8." toa="null" sc_toa="null" service_center="null" read="1" status="-1" locked="0" date_sent="0" readable_date="28-10-2015 18:09:47" contact_name="(Unknown)" />
  <sms protocol="0" address="+84977655973" date="1446030638756" type="1" subject="null" body="Lo 11x30d dau 1x15n day 12x15n 212x50n 47 353 363 06 24x10n" toa="null" sc_toa="null" service_center="null" read="1" status="-1" locked="0" date_sent="0" readable_date="28-10-2015 18:10:38" contact_name="A Su Cong Tinh Uy" />
  <sms protocol="0" address="0977655973" date="1446030656549" type="2" subject="null" body="BAC gui cho EM 1 tin" toa="null" sc_toa="null" service_center="null" read="1" status="0" locked="0" date_sent="0" readable_date="28-10-2015 18:10:56" contact_name="A Su Cong Tinh Uy" />
  <sms protocol="0" address="01677281854" date="1446030670046" type="2" subject="null" body="Tin 9: lo:11x30d." toa="null" sc_toa="null" service_center="null" read="1" status="0" locked="0" date_sent="0" readable_date="28-10-2015 18:11:10" contact_name="(Unknown)" />
  <sms protocol="0" address="01677281854" date="1446030679046" type="2" subject="null" body="Tin 10: De:12x80n.21x65n.17x30n.10,11,13,14,15,16,18,19,26,62,67,71,76x15n.06,24,35,36,47,53,63x10n." toa="null" sc_toa="null" service_center="null" read="1" status="0" locked="0" date_sent="0" readable_date="28-10-2015 18:11:19" contact_name="(Unknown)" />
  <sms protocol="0" address="+841677281854" date="1446030706003" type="1" subject="null" body="Nhan 10 tin.so tin cuoi:10." toa="null" sc_toa="null" service_center="null" read="1" status="-1" locked="0" date_sent="0" readable_date="28-10-2015 18:11:46" contact_name="(Unknown)" />
  <sms protocol="0" address="+841636575529" date="1446030766136" type="1" subject="null" body="mày có nhà k tao nhờ tí" toa="null" sc_toa="null" service_center="null" read="1" status="-1" locked="0" date_sent="0" readable_date="28-10-2015 18:12:46" contact_name="Thuan Sv" />
  <sms protocol="0" address="+841685897838" date="1446030779304" type="1" subject="null" body="De.hai.kep.x2000n.33.232.050.393.535.383.343.292.252.282.959.77.55.44.050.00.75.41.565.363.31.51.06.00.09.494.73.40.79.x950n.33.55.55.77.75.35.363.525.17.818.19.464.131.39.85.535.080.505.838.474x500n" toa="null" sc_toa="null" service_center="null" read="1" status="-1" locked="0" date_sent="0" readable_date="28-10-2015 18:12:59" contact_name="Chi H. v. b" />
  <sms protocol="0" address="01685897838" date="1446030790051" type="2" subject="null" body="Nhan 7 tin." toa="null" sc_toa="null" service_center="null" read="1" status="0" locked="0" date_sent="0" readable_date="28-10-2015 18:13:10" contact_name="Chi H. v. b" />
  <sms protocol="0" address="0964386982" date="1446030836547" type="2" subject="null" body="Tin 10: De:50,38,83,49,94,16,27,61,72,35,25,31,36,39,52,53,63,75,23,28,29,32,34,40,41,43,51,56,59,65,73,79,82,92,93,95x700n.06x660n.55,77,44,11,22,66,88x600n.99x570n.00x560n.33x520n.08,13,17,18,19,46,47,64,74,80,81,85x500n.05,09x200n." toa="null" sc_toa="null" service_center="null" read="1" status="0" locked="0" date_sent="0" readable_date="28-10-2015 18:13:56" contact_name="A Duc" />
  <sms protocol="0" address="+841685897838" date="1446030848381" type="1" subject="null" body="De 38 37 277 878 21 23  29. 37X10N14 69 68 29 181 58x5n xien 22 37 x10N. 47 57 72 x20n 22 11 57 x20n 99 51 57 x20N 6636 X10N 21.51 38X30n  15 72 38x20N 51 15 83x20N 577287X 10N) lo 151 727 383 57 51 5711 22 28 5D he 22.33.11x10N 3815x20N 2KX10N " toa="null" sc_toa="null" service_center="null" read="1" status="-1" locked="0" date_sent="0" readable_date="28-10-2015 18:14:08" contact_name="Chi H. v. b" />
  <sms protocol="0" address="01677281854" date="1446030850047" type="2" subject="null" body="Tin 11: De:05x4200n.50x3700n.55x3350n.00x3340n.33x2930n.77x2850n.38,83x2750n.44x2350n.49,94x2250n.99x1430n.11,22,66,88x1400n.16,27,61,72x1300n.35x1250n.09,25,31,36,39,52,53,63,75x750n.06x290n.23,28,29,32,34,40,41,43,51,56,59,65,73,79,82,92,93,95x250n." toa="null" sc_toa="null" service_center="null" read="1" status="0" locked="0" date_sent="0" readable_date="28-10-2015 18:14:10" contact_name="(Unknown)" />
  <sms protocol="0" address="+841677281854" date="1446030874437" type="1" subject="null" body="Nhan 11 tin.so tin cuoi:11." toa="null" sc_toa="null" service_center="null" read="1" status="-1" locked="0" date_sent="0" readable_date="28-10-2015 18:14:34" contact_name="(Unknown)" />
  <sms protocol="0" address="+84964386982" date="1446030890423" type="1" subject="null" body="bac gui cho em 10 tin" toa="null" sc_toa="null" service_center="null" read="1" status="-1" locked="0" date_sent="0" readable_date="28-10-2015 18:14:50" contact_name="A Duc" />
  <sms protocol="0" address="01685897838" date="1446030895047" type="2" subject="null" body="Nhan 8 tin." toa="null" sc_toa="null" service_center="null" read="1" status="0" locked="0" date_sent="0" readable_date="28-10-2015 18:14:55" contact_name="Chi H. v. b" />
  <sms protocol="0" address="+84983650782" date="1446030899917" type="1" subject="null" body="Em gui cho Anh 5 tin" toa="null" sc_toa="null" service_center="null" read="1" status="-1" locked="0" date_sent="0" readable_date="28-10-2015 18:14:59" contact_name="A T 782 Lv" />
  <sms protocol="0" address="0964386982" date="1446030907046" type="2" subject="null" body="Tin 11: lo:51,57x10d.11,15,27,28,38,72,83x5d..xi3:21,38,51*3d.xi3:11,22,57*2d.,xi3:15,38,72*2d.,xi3:15,51,83*2d.,xi3:47,57,72*2d.,xi3:51,57,99*2d.xi2:22,37*1d.,xi2:36,66*1d.,xi3:57,72,87*1d." toa="null" sc_toa="null" service_center="null" read="1" status="0" locked="0" date_sent="0" readable_date="28-10-2015 18:15:07" contact_name="A Duc" />
  <sms protocol="0" address="0964386982" date="1446030937047" type="2" subject="null" body="Tin 12: lo:22x5d." toa="null" sc_toa="null" service_center="null" read="1" status="0" locked="0" date_sent="0" readable_date="28-10-2015 18:15:37" contact_name="A Duc" />
  <sms protocol="0" address="+84964386982" date="1446030938291" type="1" subject="null" body="bac gui cho em 11 tin" toa="null" sc_toa="null" service_center="null" read="1" status="-1" locked="0" date_sent="0" readable_date="28-10-2015 18:15:38" contact_name="A Duc" />
  <sms protocol="0" address="01677281854" date="1446030964051" type="2" subject="null" body="Tin 12: De:38x50n.27,72x30n.11,15,16,22,33,37,61,66,77,83,88x20n.29x15n.00,05,21,23,44,49,50,55,78,87,94,99x10n.14,18,58,68,69,81x5n." toa="null" sc_toa="null" service_center="null" read="1" status="0" locked="0" date_sent="0" readable_date="28-10-2015 18:16:04" contact_name="(Unknown)" />
  <sms protocol="0" address="+84964386982" date="1446030972497" type="1" subject="null" body="bac gui cho em 12 tin" toa="null" sc_toa="null" service_center="null" read="1" status="-1" locked="0" date_sent="0" readable_date="28-10-2015 18:16:12" contact_name="A Duc" />
  <sms protocol="0" address="+841677281854" date="1446031040670" type="1" subject="null" body="Nhan 12 tin.so tin cuoi:12." toa="null" sc_toa="null" service_center="null" read="1" status="-1" locked="0" date_sent="0" readable_date="28-10-2015 18:17:20" contact_name="(Unknown)" />
  <sms protocol="0" address="+841685897838" date="1446031047132" type="1" subject="null" body="De 2 kep x100n.dau dit x50n.69.85.x100n." toa="null" sc_toa="null" service_center="null" read="1" status="-1" locked="0" date_sent="0" readable_date="28-10-2015 18:17:27" contact_name="Chi H. v. b" />
  <sms protocol="0" address="01685897838" date="1446031087057" type="2" subject="null" body="Nhan 9 tin." toa="null" sc_toa="null" service_center="null" read="1" status="0" locked="0" date_sent="0" readable_date="28-10-2015 18:18:07" contact_name="Chi H. v. b" />
  <sms protocol="0" address="0964386982" date="1446031106550" type="2" subject="null" body="Tin 13: De:69x100n.03,30,37x50n." toa="null" sc_toa="null" service_center="null" read="1" status="0" locked="0" date_sent="0" readable_date="28-10-2015 18:18:26" contact_name="A Duc" />
  <sms protocol="0" address="01677281854" date="1446031118550" type="2" subject="null" body="Tin 13: De:33x200n.38,83x150n.00,05,11,16,22,27,44,49,50,55,61,66,72,77,85,88,94,99x100n.13,23,31,32,34,35,36,39,43,53,63,73,93x50n." toa="null" sc_toa="null" service_center="null" read="1" status="0" locked="0" date_sent="0" readable_date="28-10-2015 18:18:38" contact_name="(Unknown)" />
  <sms protocol="0" address="+84964386982" date="1446031159101" type="1" subject="null" body="bac gui cho em 13 tin" toa="null" sc_toa="null" service_center="null" read="1" status="-1" locked="0" date_sent="0" readable_date="28-10-2015 18:19:19" contact_name="A Duc" />
  <sms protocol="0" address="+841685897838" date="1446031167248" type="1" subject="null" body="Ba.cang.899.855.350.383.730.300.000.x100n.de 737.464.050.595.00.191.898.010.44.99.949.55.323.030.858x500n.he.04.05.03.01.x500n." toa="null" sc_toa="null" service_center="null" read="1" status="-1" locked="0" date_sent="0" readable_date="28-10-2015 18:19:27" contact_name="Chi H. v. b" />
  <sms protocol="0" address="01685897838" date="1446031175547" type="2" subject="null" body="Nhan 10 tin." toa="null" sc_toa="null" service_center="null" read="1" status="32" locked="0" date_sent="0" readable_date="28-10-2015 18:19:35" contact_name="Chi H. v. b" />
  <sms protocol="0" address="01685897838" date="1446031177048" type="2" subject="null" body="Nhan 10 tin." toa="null" sc_toa="null" service_center="null" read="1" status="0" locked="0" date_sent="0" readable_date="28-10-2015 18:19:37" contact_name="Chi H. v. b" />
  <sms protocol="0" address="+841677281854" date="1446031186328" type="1" subject="null" body="Nhan 13 tin.so tin cuoi:13." toa="null" sc_toa="null" service_center="null" read="1" status="-1" locked="0" date_sent="0" readable_date="28-10-2015 18:19:46" contact_name="(Unknown)" />
  <sms protocol="0" address="0983650782" date="1446031190546" type="2" subject="null" body="Tin 6: Ba cang:000,300,350,383,730,855,899x70n." toa="null" sc_toa="null" service_center="null" read="1" status="0" locked="0" date_sent="0" readable_date="28-10-2015 18:19:50" contact_name="A T 782 Lv" />
  <sms protocol="0" address="0964386982" date="1446031207048" type="2" subject="null" body="Tin 14: De:10,58x700n.01x660n.30x650n.03x610n.04,15,37,45,54,60,89,90,91,98x500n.85,19,46,64,80x200n.08x160n..Ba cang:000,300,350,383,730,855,899x30n." toa="null" sc_toa="null" service_center="null" read="1" status="0" locked="0" date_sent="0" readable_date="28-10-2015 18:20:07" contact_name="A Duc" />
  <sms protocol="0" address="0964386982" date="1446031229554" type="2" subject="null" body="Tin 15: De:00,05,50,55,59,95,85,06,09,23,32,35,40,44,49,51,53,56,65,73,94,99,03,30,01,08,10,19,46,58,64,80x100n." toa="null" sc_toa="null" service_center="null" read="1" status="0" locked="0" date_sent="0" readable_date="28-10-2015 18:20:29" contact_name="A Duc" />
  <sms protocol="0" address="+84983650782" date="1446031238153" type="1" subject="null" body="Em gui cho Anh 6 tin" toa="null" sc_toa="null" service_center="null" read="1" status="-1" locked="0" date_sent="0" readable_date="28-10-2015 18:20:38" contact_name="A T 782 Lv" />
  <sms protocol="0" address="01677281854" date="1446031243047" type="2" subject="null" body="Tin 14: De:00,05,50,55,59,95x900n.85x700n.06,09,23,32,35,40,44,49,51,53,56,65,73,94,99x400n.03x290n.30x250n.01,08x240n.10,19,46,58,64,80x200n." toa="null" sc_toa="null" service_center="null" read="1" status="0" locked="0" date_sent="0" readable_date="28-10-2015 18:20:43" contact_name="(Unknown)" />
  <sms protocol="0" address="+841677281854" date="1446031269884" type="1" subject="null" body="Nhan 14 tin.so tin cuoi:14." toa="null" sc_toa="null" service_center="null" read="1" status="-1" locked="0" date_sent="0" readable_date="28-10-2015 18:21:09" contact_name="(Unknown)" />
  <sms protocol="0" address="+84964386982" date="1446031276195" type="1" subject="null" body="bac gui cho em 15 tin" toa="null" sc_toa="null" service_center="null" read="1" status="-1" locked="0" date_sent="0" readable_date="28-10-2015 18:21:16" contact_name="A Duc" />
  <sms protocol="0" address="0983099345" date="1446031283546" type="2" subject="null" body="Nhan 4 tin.. HET DE" toa="null" sc_toa="null" service_center="null" read="1" status="0" locked="0" date_sent="0" readable_date="28-10-2015 18:21:23" contact_name="Viet Bo" />
  <sms protocol="0" address="0979399373" date="1446031285045" type="2" subject="null" body="Nhan 2 tin.. HET DE" toa="null" sc_toa="null" service_center="null" read="1" status="0" locked="0" date_sent="0" readable_date="28-10-2015 18:21:25" contact_name="A Tung Thuy?" />
  <sms protocol="0" address="0968193922" date="1446031286547" type="2" subject="null" body="Nhan 1 tin.. HET DE" toa="null" sc_toa="null" service_center="null" read="1" status="0" locked="0" date_sent="0" readable_date="28-10-2015 18:21:26" contact_name="(Unknown)" />
  <sms protocol="0" address="01685897838" date="1446031288051" type="2" subject="null" body="Nhan 10 tin.. HET DE" toa="null" sc_toa="null" service_center="null" read="1" status="0" locked="0" date_sent="0" readable_date="28-10-2015 18:21:28" contact_name="Chi H. v. b" />
  <sms protocol="0" address="0974282195" date="1446031289556" type="2" subject="null" body="Nhan 1 tin.. HET DE" toa="null" sc_toa="null" service_center="null" read="1" status="0" locked="0" date_sent="0" readable_date="28-10-2015 18:21:29" contact_name="(Unknown)" />
  <sms protocol="0" address="0973836212" date="1446031291051" type="2" subject="null" body="Nhan 2 tin.so tin cuoi:2.. HET DE" toa="null" sc_toa="null" service_center="null" read="1" status="32" locked="0" date_sent="0" readable_date="28-10-2015 18:21:31" contact_name="Tien Em" />
  <sms protocol="0" address="0977655973" date="1446031292548" type="2" subject="null" body="Nhan 1 tin.. HET DE" toa="null" sc_toa="null" service_center="null" read="1" status="0" locked="0" date_sent="0" readable_date="28-10-2015 18:21:32" contact_name="A Su Cong Tinh Uy" />
  <sms protocol="0" address="+841677281854" date="1446031604570" type="1" subject="null" body="chau gui cho co 14 tin" toa="null" sc_toa="null" service_center="null" read="1" status="-1" locked="0" date_sent="0" readable_date="28-10-2015 18:26:44" contact_name="(Unknown)" />
  <sms protocol="0" address="0983650782" date="1446031699046" type="2" subject="null" body="Ngay:28/10/2015&#13;&#10;em chuyen cho anh&#13;&#10;Lo:215,0=4665,5n&#13;&#10;3Cang:3220,0=2125,2n&#13;&#10;Xien:149,0=894,0n&#13;&#10;Thuong lo:65,0=5200,0n&#13;&#10;Thuong xien:1100,0n&#13;&#10;em bu cho anh:1384,7n&#13;&#10;" toa="null" sc_toa="null" service_center="null" read="1" status="0" locked="0" date_sent="0" readable_date="28-10-2015 18:28:19" contact_name="A T 782 Lv" />
  <sms protocol="0" address="01677281854" date="1446031702046" type="2" subject="null" body="Ngay:28/10/2015&#13;&#10;chau chuyen cho co&#13;&#10;De:78865,0=56782,8n&#13;&#10;Lo:1700,0=36890,0n&#13;&#10;Thuong de:200,0=14000,0n&#13;&#10;Thuong lo:725,0=58000,0n&#13;&#10;chau bu cho co:21672,8n&#13;&#10;" toa="null" sc_toa="null" service_center="null" read="1" status="32" locked="0" date_sent="0" readable_date="28-10-2015 18:28:22" contact_name="(Unknown)" />
  <sms protocol="0" address="0968193922" date="1446031705048" type="2" subject="null" body="Ngay:28/10/2015&#13;&#10;chị chuyen cho EM&#13;&#10;Xien:39,0=265,2n&#13;&#10;Th xien:600,0n&#13;&#10;EM bu cho chị:334,8n&#13;&#10;" toa="null" sc_toa="null" service_center="null" read="1" status="0" locked="0" date_sent="0" readable_date="28-10-2015 18:28:25" contact_name="(Unknown)" />
  <sms protocol="0" address="0974282195" date="1446031709546" type="2" subject="null" body="Ngay:28/10/2015&#13;&#10;BAC chuyen cho EM&#13;&#10;Lo:250,0=5450,0n&#13;&#10;Th lo:50,0=4000,0n&#13;&#10;BAC bu cho EM:1450,0n&#13;&#10;" toa="null" sc_toa="null" service_center="null" read="1" status="32" locked="0" date_sent="0" readable_date="28-10-2015 18:28:29" contact_name="(Unknown)" />
  <sms protocol="0" address="0983099345" date="1446031712545" type="2" subject="null" body="Ngay:28/10/2015&#13;&#10;Ban chuyen cho toi&#13;&#10;De:2300,0=1679,0n&#13;&#10;Lo:445,0=9701,0n&#13;&#10;Th lo:110,0=8800,0n&#13;&#10;Ban bu cho toi:2580,0n&#13;&#10;" toa="null" sc_toa="null" service_center="null" read="1" status="32" locked="0" date_sent="0" readable_date="28-10-2015 18:28:32" contact_name="Viet Bo" />
  <sms protocol="0" address="0979399373" date="1446031717046" type="2" subject="null" body="Ngay:28/10/2015&#13;&#10;Anh chuyen cho EM&#13;&#10;De:100,0=75,0n&#13;&#10;Lo:40,0=880,0n&#13;&#10;Xien:6,0=45,0n&#13;&#10;Th lo:10,0=800,0n&#13;&#10;Anh bu cho EM:200,0n&#13;&#10;" toa="null" sc_toa="null" service_center="null" read="1" status="0" locked="0" date_sent="0" readable_date="28-10-2015 18:28:37" contact_name="A Tung Thuy?" />
  <sms protocol="0" address="0977655973" date="1446031723044" type="2" subject="null" body="Ngay:28/10/2015&#13;&#10;BAC chuyen cho EM&#13;&#10;De:440,0=352,0n&#13;&#10;Lo:30,0=675,0n&#13;&#10;BAC bu cho EM:1027,0n&#13;&#10;" toa="null" sc_toa="null" service_center="null" read="1" status="0" locked="0" date_sent="0" readable_date="28-10-2015 18:28:43" contact_name="A Su Cong Tinh Uy" />
  <sms protocol="0" address="0964386982" date="1446031729045" type="2" subject="null" body="Ngay:28/10/2015&#13;&#10;em chuyen cho anh&#13;&#10;De:53520,0=38266,8n&#13;&#10;Lo:2145,0=46546,5n&#13;&#10;3Cang:1380,0=993,6n&#13;&#10;Xien:22,0=132,0n&#13;&#10;Thuong de:800,0=56000,0n&#13;&#10;Thuong lo:530,0=42400,0n&#13;&#10;anh bu cho em:12461,1n&#13;&#10;" toa="null" sc_toa="null" service_center="null" read="1" status="0" locked="0" date_sent="0" readable_date="28-10-2015 18:28:49" contact_name="A Duc" />
  <sms protocol="0" address="01685897838" date="1446031735050" type="2" subject="null" body="Ngay:28/10/2015&#13;&#10;chi chuyen cho EM&#13;&#10;De:127045,0=91472,4n&#13;&#10;Lo:3110,0=67642,5n&#13;&#10;3Cang:4600,0=3266,0n&#13;&#10;Xien:111,0=743,7n&#13;&#10;Th de:1000,0=70000,0n&#13;&#10;Th lo:1020,0=81600,0n&#13;&#10;chi bu cho EM:11524,6n&#13;&#10;" toa="null" sc_toa="null" service_center="null" read="1" status="0" locked="0" date_sent="0" readable_date="28-10-2015 18:28:55" contact_name="Chi H. v. b" />
  <sms protocol="0" address="0973836212" date="1446031739550" type="2" subject="null" body="Ngay:28/10/2015&#13;&#10;may chuyen cho tao&#13;&#10;De:2500,0=1875,0n&#13;&#10;Lo:185,0=4051,5n&#13;&#10;Xien:15,0=105,0n&#13;&#10;Th lo:130,0=10400,0n&#13;&#10;Th xien:500,0n&#13;&#10;tao bu cho may:4868,5n&#13;&#10;" toa="null" sc_toa="null" service_center="null" read="1" status="0" locked="0" date_sent="0" readable_date="28-10-2015 18:28:59" contact_name="Tien Em" />
  <sms protocol="0" address="+84983650782" date="1446032063673" type="1" subject="null" body="Ngay:28/10/2015&#10;Em chuyen cho Anh&#10;Lo:215,0=4665,5n&#10;3Cang:3220,0=2125,2n&#10;Xien:149,0=894,0n&#10;Th lo:65,0=5200,0n&#10;Th xien:1100,0n&#10;Em bu cho Anh:1384,7n&#10;" toa="null" sc_toa="null" service_center="null" read="1" status="-1" locked="0" date_sent="0" readable_date="28-10-2015 18:34:23" contact_name="A T 782 Lv" />
  <sms protocol="0" address="+84983650782" date="1446032129271" type="1" subject="null" body="Tinh den het ngay:27/10/15 Anh bu 1480n&#10;Ngay:28/10/15 Em-1384n &#10;Tong cong: Anh bu 96" toa="null" sc_toa="null" service_center="null" read="1" status="-1" locked="0" date_sent="0" readable_date="28-10-2015 18:35:29" contact_name="A T 782 Lv" />
  <sms protocol="0" address="+84964386982" date="1446032143811" type="1" subject="null" body="Ngay:28/10/2015&#10;bac chuyen cho em&#10;De:53520,0=38266,8n&#10;Lo:2145,0=46546,5n&#10;3Cang:1380,0=993,6n&#10;Xien:22,0=132,0n&#10;Th de:800,0=56000,0n&#10;Th lo:530,0=42400,0n&#10;em bu cho bac:12461,1n&#10;" toa="null" sc_toa="null" service_center="null" read="1" status="-1" locked="0" date_sent="0" readable_date="28-10-2015 18:35:43" contact_name="A Duc" />
  <sms protocol="0" address="+841677281854" date="1446032153641" type="1" subject="null" body="Ngay:28/10/2015&#10;chau chuyen cho co&#10;De:78865,0=56782,8n&#10;Lo:1700,0=36890,0n&#10;Th de:200,0=14000,0n&#10;Th lo:725,0=58000,0n&#10;chau bu cho co:21672,8n&#10;" toa="null" sc_toa="null" service_center="null" read="1" status="-1" locked="0" date_sent="0" readable_date="28-10-2015 18:35:53" contact_name="(Unknown)" />
  <sms protocol="0" address="+84983099345" date="1446032215143" type="2" subject="null" body="&#10;chi bu cho EM:11524,6n&#13;&#10;T thu 11456" toa="null" sc_toa="null" service_center="null" read="1" status="0" locked="0" date_sent="0" readable_date="28-10-2015 18:36:55" contact_name="Viet Bo" />
  <sms protocol="0" address="01632029067" date="1446032329236" type="2" subject="null" body="Tinh den het ngay:27/10/15 EM thu 3059n&#13;&#10;Ngay:28/10/15 Chị+334n &#13;&#10;Tong cong: EM thu 2725&#10;" toa="null" sc_toa="null" service_center="null" read="1" status="0" locked="0" date_sent="0" readable_date="28-10-2015 18:38:49" contact_name="(Unknown)" />
  <sms protocol="0" address="0964386982" date="1446032338699" type="2" subject="null" body="Tinh den het ngay:27/10/15 em thu 487n&#13;&#10;Ngay:28/10/15 anh-12461n &#13;&#10;Tong cong: em thu 12948" toa="null" sc_toa="null" service_center="null" read="1" status="0" locked="0" date_sent="0" readable_date="28-10-2015 18:38:58" contact_name="A Duc" />
  <sms protocol="0" address="0973836212" date="1446032346883" type="2" subject="null" body="Tinh den het ngay:27/10/15 tao thu 1572n&#13;&#10;Ngay:28/10/15 may+4868n &#13;&#10;Tong cong: tao bu 3296" toa="null" sc_toa="null" service_center="null" read="1" status="0" locked="0" date_sent="0" readable_date="28-10-2015 18:39:06" contact_name="Tien Em" />
  <sms protocol="0" address="0977655973" date="1446032358877" type="2" subject="null" body="Tinh den het ngay:27/10/15 EM thu 1301n&#13;&#10;Ngay:28/10/15 BAC-1027n &#13;&#10;Tong cong: EM thu 2328" toa="null" sc_toa="null" service_center="null" read="1" status="0" locked="0" date_sent="0" readable_date="28-10-2015 18:39:18" contact_name="A Su Cong Tinh Uy" />
  <sms protocol="0" address="0983099345" date="1446032361276" type="2" subject="null" body="Tinh den het ngay:27/10/15 toi thu 31812n&#13;&#10;Ngay:28/10/15 Ban-2580n -11456n &#13;&#10;Tong cong: toi thu 45848" toa="null" sc_toa="null" service_center="null" read="1" status="0" locked="0" date_sent="0" readable_date="28-10-2015 18:39:21" contact_name="Viet Bo" />
  <sms protocol="0" address="0983650782" date="1446032371970" type="2" subject="null" body="Tinh den het ngay:27/10/15 em thu 1480n&#13;&#10;Ngay:28/10/15 anh+1384n &#13;&#10;Tong cong: em thu 96" toa="null" sc_toa="null" service_center="null" read="1" status="0" locked="0" date_sent="0" readable_date="28-10-2015 18:39:31" contact_name="A T 782 Lv" />
  <sms protocol="0" address="+84974282195" date="1446032409473" type="2" subject="null" body="E nhan xien c voi. X2.03.30.=50 ; X2.22.50.=30 ; X2.22.30.=50 ; X2.93.49.=50 ; X3.93.49.68.=50 ; X2.00.06.=20 ; X2.00.08.=20 ;X2.06.08.=20 ; X2.63.90.=100." toa="null" sc_toa="null" service_center="null" read="1" status="32" locked="0" date_sent="0" readable_date="28-10-2015 18:40:09" contact_name="(Unknown)" />
  <sms protocol="0" address="+84974282195" date="1446032436192" type="2" subject="null" body="De 38 37 277 878 21 23  29. 37X10N14 69 68 29 181 58x5n xien 22 37 x10N. 47 57 72 x20n 22 11 57 x20n 99 51 57 x20N 6636 X10N 21.51 38X30n  15 72 38x20N 51 15 83x20N 577287X 10N) lo 151 727 383 57 51 5711 22 28 5D he 22.33.11x10N 3815x20N 2KX10N " toa="null" sc_toa="null" service_center="null" read="1" status="0" locked="0" date_sent="0" readable_date="28-10-2015 18:40:36" contact_name="(Unknown)" />
  <sms protocol="0" address="VIETTEL" date="1446033143592" type="1" subject="null" body="[QC] Tu 29/10, Viettel KM: 3.000d/ngay co 100SMS noi mang, cuoc goi noi mang 200d/p, ngoai mang 990d/p tru tai khoan goc, su dung den 24h. De dang ky theo ngay (soan DKGN gui 109); gia han hang ngay (soan DKG gui 109). Phi gui 109: 100d/tin. LH 198 (200d/p). Tu choi, soan TC gui 199." toa="null" sc_toa="null" service_center="+84980200608151" read="0" status="-1" locked="0" date_sent="1446033141000" readable_date="28-10-2015 18:52:23" contact_name="(Unknown)" />
  <sms protocol="0" address="+84974282195" date="1446034689833" type="1" subject="null" body="de 33.67.90.64.79x5n de le le le chan bo co 7.9.6.9  va tat ca kep bang x20n. co chan duoi 10x50n" toa="null" sc_toa="null" service_center="null" read="0" status="-1" locked="0" date_sent="0" readable_date="28-10-2015 19:18:09" contact_name="(Unknown)" />
</smses>