<?xml version='1.0' encoding='UTF-8' standalone='yes' ?>
<!--File Created By SMS Backup & Restore Pro v7.21 on 28/10/2015 19:47:34-->
<?xml-stylesheet type="text/xsl" href="sms.xsl"?>
<smses count="79">
  <sms protocol="0" address="+841685410901" date="1446028530077" type="1" subject="null" body="lô 575x 10d. đề 141,747,151,757,636,11,22,33,66,88x 30.292,393,797,898x 25." toa="null" sc_toa="null" service_center="+84980200623" read="1" status="-1" locked="0" date_sent="1446028524000" readable_date="28-10-2015 17:35:30" contact_name="Giang" />
  <sms protocol="0" address="+841685410901" date="1446028544947" type="2" subject="null" body="Ok" toa="null" sc_toa="null" service_center="null" read="1" status="-1" locked="0" date_sent="0" readable_date="28-10-2015 17:35:44" contact_name="Giang" />
  <sms protocol="0" address="0948723319" date="1446028557773" type="2" subject="null" body="lô 575x 10d. đề 141,747,151,757,636,11,22,33,66,88x 30.292,393,797,898x 25." toa="null" sc_toa="null" service_center="null" read="1" status="-1" locked="0" date_sent="0" readable_date="28-10-2015 17:35:57" contact_name="Tuyet2" />
  <sms protocol="0" address="+84948723319" date="1446028588556" type="1" subject="null" body="Ok" toa="null" sc_toa="null" service_center="+8491020005" read="1" status="-1" locked="0" date_sent="1446028552000" readable_date="28-10-2015 17:36:28" contact_name="Tuyet2" />
  <sms protocol="0" address="+841685410901" date="1446028700335" type="1" subject="null" body="đề dàn từ 1-8 của tổng chăn(33so)x 60n. đề dàn từ 1-8 của tổng lẻ(31so)x 80n.474x 200.242x 100n.11,66,161x 30n" toa="null" sc_toa="null" service_center="+84980200623" read="1" status="-1" locked="0" date_sent="1446028694000" readable_date="28-10-2015 17:38:20" contact_name="Giang" />
  <sms protocol="0" address="+841685410901" date="1446028711785" type="2" subject="null" body="Ok" toa="null" sc_toa="null" service_center="null" read="1" status="-1" locked="0" date_sent="0" readable_date="28-10-2015 17:38:31" contact_name="Giang" />
  <sms protocol="0" address="0948723319" date="1446028724152" type="2" subject="null" body="đề dàn từ 1-8 của tổng chăn(33so)x 60n. đề dàn từ 1-8 của tổng lẻ(31so)x 80n.474x 200.242x 100n.11,66,161x 30n" toa="null" sc_toa="null" service_center="null" read="1" status="-1" locked="0" date_sent="0" readable_date="28-10-2015 17:38:44" contact_name="Tuyet2" />
  <sms protocol="0" address="+84948723319" date="1446028745120" type="1" subject="null" body="Ok" toa="null" sc_toa="null" service_center="+8491020005" read="1" status="-1" locked="0" date_sent="1446028708000" readable_date="28-10-2015 17:39:05" contact_name="Tuyet2" />
  <sms protocol="0" address="+841685410901" date="1446028912144" type="1" subject="null" body="lô đít chẵn(50so)x 5diem" toa="null" sc_toa="null" service_center="+84980200623" read="1" status="-1" locked="0" date_sent="1446028909000" readable_date="28-10-2015 17:41:52" contact_name="Giang" />
  <sms protocol="0" address="+841685410901" date="1446028924096" type="2" subject="null" body="Ok" toa="null" sc_toa="null" service_center="null" read="1" status="-1" locked="0" date_sent="0" readable_date="28-10-2015 17:42:04" contact_name="Giang" />
  <sms protocol="0" address="0948723319" date="1446028930780" type="2" subject="null" body="lô đít chẵn(50so)x 5diem" toa="null" sc_toa="null" service_center="null" read="1" status="-1" locked="0" date_sent="0" readable_date="28-10-2015 17:42:10" contact_name="Tuyet2" />
  <sms protocol="0" address="+84948723319" date="1446028979188" type="1" subject="null" body="Ok" toa="null" sc_toa="null" service_center="+8491020005" read="1" status="-1" locked="0" date_sent="1446028943000" readable_date="28-10-2015 17:42:59" contact_name="Tuyet2" />
  <sms protocol="0" address="+841662883398" date="1446029412881" type="1" subject="null" body="Lô 858 x 1.000 đ , kép bằng x 2tr , 11,22,66 x 2tr" toa="null" sc_toa="null" service_center="+84980200623" read="1" status="-1" locked="0" date_sent="1446029409000" readable_date="28-10-2015 17:50:12" contact_name="Chi Hoa" />
  <sms protocol="0" address="+841662883398" date="1446029428917" type="2" subject="null" body="Ok" toa="null" sc_toa="null" service_center="null" read="1" status="-1" locked="0" date_sent="0" readable_date="28-10-2015 17:50:28" contact_name="Chi Hoa" />
  <sms protocol="0" address="0948723319" date="1446029435698" type="2" subject="null" body="Lô 858 x 1.000 đ , kép bằng x 2tr , 11,22,66 x 2tr" toa="null" sc_toa="null" service_center="null" read="1" status="-1" locked="0" date_sent="0" readable_date="28-10-2015 17:50:35" contact_name="Tuyet2" />
  <sms protocol="0" address="+84948723319" date="1446029497074" type="1" subject="null" body="Ok" toa="null" sc_toa="null" service_center="+8491020005" read="1" status="-1" locked="0" date_sent="1446029461000" readable_date="28-10-2015 17:51:37" contact_name="Tuyet2" />
  <sms protocol="0" address="+841685410901" date="1446029631339" type="1" subject="null" body="Kép x250 n dd7x20n kepx100&#10;De 37 85 x50 11 44 55x10n  22 11 x20  30x300n  11 99 66 22 x25n  82x100n &#10;Lo 00x50d  &#10;Cang 918x10 982x100n " toa="null" sc_toa="null" service_center="+84980200623" read="1" status="-1" locked="0" date_sent="1446029621000" readable_date="28-10-2015 17:53:51" contact_name="Giang" />
  <sms protocol="0" address="+841685410901" date="1446029643716" type="2" subject="null" body="Ok" toa="null" sc_toa="null" service_center="null" read="1" status="-1" locked="0" date_sent="0" readable_date="28-10-2015 17:54:03" contact_name="Giang" />
  <sms protocol="0" address="0948723319" date="1446029663001" type="2" subject="null" body="Kép x250 n dd7x20n kepx100&#10;De 37 85 x50 11 44 55x10n  22 11 x20  30x300n  11 99 66 22 x25n  82x100n &#10;Lo 00x50d  &#10;" toa="null" sc_toa="null" service_center="null" read="1" status="-1" locked="0" date_sent="0" readable_date="28-10-2015 17:54:23" contact_name="Tuyet2" />
  <sms protocol="0" address="+841648215916" date="1446029666585" type="1" subject="null" body="LO 72.22.33.99.57.21X350D.LO 91.17.00.06.303.04.41.44.27.81.61.12.20.36.585.73.252.353X100D.XIEN 99.33.72X5TR.27.33.99X1TR.21.22.57X2TR.72.21.99X3TR.DE 292X8TR.DE KEP =X8TR.DE 33X13TR.DE 22.55.88.99X5TR" toa="null" sc_toa="null" service_center="+84980200613" read="1" status="-1" locked="0" date_sent="1446029662000" readable_date="28-10-2015 17:54:26" contact_name="Cong Hap" />
  <sms protocol="0" address="+841648215916" date="1446029678483" type="2" subject="null" body="Ok" toa="null" sc_toa="null" service_center="null" read="1" status="-1" locked="0" date_sent="0" readable_date="28-10-2015 17:54:38" contact_name="Cong Hap" />
  <sms protocol="0" address="+84948723319" date="1446029686028" type="1" subject="null" body="Ok" toa="null" sc_toa="null" service_center="+8491020005" read="1" status="-1" locked="0" date_sent="1446029650000" readable_date="28-10-2015 17:54:46" contact_name="Tuyet2" />
  <sms protocol="0" address="01678838814" date="1446029692575" type="2" subject="null" body="LO 72.22.33.99.57.21X350D.LO 91.17.00.06.303.04.41.44.27.81.61.12.20.36.585.73.252.353X100D.XIEN 99.33.72X5TR.27.33.99X1TR.21.22.57X2TR.72.21.99X3TR.DE 292X8TR.DE KEP =X8TR.DE 33X13TR.DE 22.55.88.99X5TR" toa="null" sc_toa="null" service_center="null" read="1" status="-1" locked="0" date_sent="0" readable_date="28-10-2015 17:54:52" contact_name="Vo Anh Thai" />
  <sms protocol="0" address="+841678838814" date="1446029709846" type="1" subject="null" body="Ok1" toa="null" sc_toa="null" service_center="+84980200623" read="1" status="-1" locked="0" date_sent="1446029708000" readable_date="28-10-2015 17:55:09" contact_name="Vo Anh Thai" />
  <sms protocol="0" address="+841685410901" date="1446030016064" type="1" subject="null" body="de 292x300n  22x100n" toa="null" sc_toa="null" service_center="+84980200623" read="1" status="-1" locked="0" date_sent="1446030013000" readable_date="28-10-2015 18:00:16" contact_name="Giang" />
  <sms protocol="0" address="+841685410901" date="1446030028240" type="2" subject="null" body="Ok" toa="null" sc_toa="null" service_center="null" read="1" status="-1" locked="0" date_sent="0" readable_date="28-10-2015 18:00:28" contact_name="Giang" />
  <sms protocol="0" address="0948723319" date="1446030034612" type="2" subject="null" body="de 292x300n  22x100n" toa="null" sc_toa="null" service_center="null" read="1" status="-1" locked="0" date_sent="0" readable_date="28-10-2015 18:00:34" contact_name="Tuyet2" />
  <sms protocol="0" address="+84948723319" date="1446030058693" type="1" subject="null" body="Ok" toa="null" sc_toa="null" service_center="+8491020005" read="1" status="-1" locked="0" date_sent="1446030022000" readable_date="28-10-2015 18:00:58" contact_name="Tuyet2" />
  <sms protocol="0" address="+841685410901" date="1446030208101" type="1" subject="null" body="   lô 22 x 100, 77 x 200" toa="null" sc_toa="null" service_center="+84980200623" read="1" status="-1" locked="0" date_sent="1446030205000" readable_date="28-10-2015 18:03:28" contact_name="Giang" />
  <sms protocol="0" address="+841685410901" date="1446030218592" type="2" subject="null" body="Ok" toa="null" sc_toa="null" service_center="null" read="1" status="-1" locked="0" date_sent="0" readable_date="28-10-2015 18:03:38" contact_name="Giang" />
  <sms protocol="0" address="0948723319" date="1446030224937" type="2" subject="null" body="   lô 22 x 100, 77 x 200" toa="null" sc_toa="null" service_center="null" read="1" status="-1" locked="0" date_sent="0" readable_date="28-10-2015 18:03:44" contact_name="Tuyet2" />
  <sms protocol="0" address="+84948723319" date="1446030253365" type="1" subject="null" body="Ok" toa="null" sc_toa="null" service_center="+8491020005" read="1" status="-1" locked="0" date_sent="1446030217000" readable_date="28-10-2015 18:04:13" contact_name="Tuyet2" />
  <sms protocol="0" address="+841685410901" date="1446030326834" type="1" subject="null" body="Kepx30n 69 242 22 44 x 100 262 383 33 77 373 x50n&#10;Lo  27x150d 72x150d " toa="null" sc_toa="null" service_center="+84980200623" read="1" status="-1" locked="0" date_sent="1446030324000" readable_date="28-10-2015 18:05:26" contact_name="Giang" />
  <sms protocol="0" address="+841685410901" date="1446030329953" type="1" subject="null" body="Cang 177.955x500.103.703x250.774.447.130.730x25" toa="null" sc_toa="null" service_center="+84980200623" read="1" status="-1" locked="0" date_sent="1446030327000" readable_date="28-10-2015 18:05:29" contact_name="Giang" />
  <sms protocol="0" address="+841685410901" date="1446030341230" type="2" subject="null" body="Ok" toa="null" sc_toa="null" service_center="null" read="1" status="-1" locked="0" date_sent="0" readable_date="28-10-2015 18:05:41" contact_name="Giang" />
  <sms protocol="0" address="0948723319" date="1446030351390" type="2" subject="null" body="Kepx30n 69 242 22 44 x 100 262 383 33 77 373 x50n&#10;Lo  27x150d 72x150d " toa="null" sc_toa="null" service_center="null" read="1" status="-1" locked="0" date_sent="0" readable_date="28-10-2015 18:05:51" contact_name="Tuyet2" />
  <sms protocol="0" address="01678838814" date="1446030361364" type="2" subject="null" body="Cang 177.955x500.103.703x250.774.447.130.730x25" toa="null" sc_toa="null" service_center="null" read="1" status="-1" locked="0" date_sent="0" readable_date="28-10-2015 18:06:01" contact_name="Vo Anh Thai" />
  <sms protocol="0" address="+841678838814" date="1446030398195" type="1" subject="null" body="Ok2" toa="null" sc_toa="null" service_center="+84980200623" read="1" status="-1" locked="0" date_sent="1446030396000" readable_date="28-10-2015 18:06:38" contact_name="Vo Anh Thai" />
  <sms protocol="0" address="+84948723319" date="1446030406976" type="1" subject="null" body="Ok" toa="null" sc_toa="null" service_center="+8491020005" read="1" status="-1" locked="0" date_sent="1446030371000" readable_date="28-10-2015 18:06:46" contact_name="Tuyet2" />
  <sms protocol="0" address="+841685410901" date="1446030457193" type="1" subject="null" body="Cang 249x100 de49x200n 94x100  06x10tr" toa="null" sc_toa="null" service_center="+84980200623" read="1" status="-1" locked="0" date_sent="1446030455000" readable_date="28-10-2015 18:07:37" contact_name="Giang" />
  <sms protocol="0" address="+841685410901" date="1446030467852" type="2" subject="null" body="Ok" toa="null" sc_toa="null" service_center="null" read="1" status="-1" locked="0" date_sent="0" readable_date="28-10-2015 18:07:47" contact_name="Giang" />
  <sms protocol="0" address="0948723319" date="1446030481512" type="2" subject="null" body="de49x200n 94x100  06x10tr" toa="null" sc_toa="null" service_center="null" read="1" status="-1" locked="0" date_sent="0" readable_date="28-10-2015 18:08:01" contact_name="Tuyet2" />
  <sms protocol="0" address="+841685410901" date="1446030494521" type="1" subject="null" body="Lo 343 73x1000d  37x2000d  57 474x500d" toa="null" sc_toa="null" service_center="+84980200623" read="1" status="-1" locked="0" date_sent="1446030492000" readable_date="28-10-2015 18:08:14" contact_name="Giang" />
  <sms protocol="0" address="0948723319" date="1446030507680" type="2" subject="null" body="Lo 343 73x1000d  37x2000d  57 474x500d" toa="null" sc_toa="null" service_center="null" read="1" status="-1" locked="0" date_sent="0" readable_date="28-10-2015 18:08:27" contact_name="Tuyet2" />
  <sms protocol="0" address="+841685410901" date="1446030511688" type="2" subject="null" body="Ok" toa="null" sc_toa="null" service_center="null" read="1" status="-1" locked="0" date_sent="0" readable_date="28-10-2015 18:08:31" contact_name="Giang" />
  <sms protocol="0" address="+841685410901" date="1446030564057" type="1" subject="null" body="Lo 35 77 99 454x200d  53x100d  75x300d" toa="null" sc_toa="null" service_center="+84980200623" read="1" status="-1" locked="0" date_sent="1446030562000" readable_date="28-10-2015 18:09:24" contact_name="Giang" />
  <sms protocol="0" address="+84948723319" date="1446030567272" type="1" subject="null" body="Ok " toa="null" sc_toa="null" service_center="+8491020005" read="1" status="-1" locked="0" date_sent="1446030531000" readable_date="28-10-2015 18:09:27" contact_name="Tuyet2" />
  <sms protocol="0" address="0948723319" date="1446030579451" type="2" subject="null" body="Lo 35 77 99 454x200d  53x100d  75x300d" toa="null" sc_toa="null" service_center="null" read="1" status="-1" locked="0" date_sent="0" readable_date="28-10-2015 18:09:39" contact_name="Tuyet2" />
  <sms protocol="0" address="+841685410901" date="1446030582652" type="2" subject="null" body="Ok" toa="null" sc_toa="null" service_center="null" read="1" status="-1" locked="0" date_sent="0" readable_date="28-10-2015 18:09:42" contact_name="Giang" />
  <sms protocol="0" address="+84948723319" date="1446030601349" type="1" subject="null" body="Ok" toa="null" sc_toa="null" service_center="+8491020005" read="1" status="-1" locked="0" date_sent="1446030565000" readable_date="28-10-2015 18:10:01" contact_name="Tuyet2" />
  <sms protocol="0" address="+841685410901" date="1446030645089" type="1" subject="null" body="Lo 57x1000d  09 00 11x200d   06 30 15x50d &#10;Xi 78 87x500n" toa="null" sc_toa="null" service_center="+84980200623" read="1" status="-1" locked="0" date_sent="1446030642000" readable_date="28-10-2015 18:10:45" contact_name="Giang" />
  <sms protocol="0" address="0948723319" date="1446030659383" type="2" subject="null" body="Lo 57x1000d  09 00 11x200d   06 30 15x50d &#10;Xi 78 87x500n" toa="null" sc_toa="null" service_center="null" read="1" status="-1" locked="0" date_sent="0" readable_date="28-10-2015 18:10:59" contact_name="Tuyet2" />
  <sms protocol="0" address="+841685410901" date="1446030674393" type="2" subject="null" body="Ok" toa="null" sc_toa="null" service_center="null" read="1" status="-1" locked="0" date_sent="0" readable_date="28-10-2015 18:11:14" contact_name="Giang" />
  <sms protocol="0" address="+841685410901" date="1446030678365" type="1" subject="null" body="Lo 41 72x30d 121 35x15d  33 55x20d" toa="null" sc_toa="null" service_center="+84980200623" read="1" status="-1" locked="0" date_sent="1446030676000" readable_date="28-10-2015 18:11:18" contact_name="Giang" />
  <sms protocol="0" address="0948723319" date="1446030692718" type="2" subject="null" body="Lo 41 72x30d 121 35x15d  33 55x20d" toa="null" sc_toa="null" service_center="null" read="1" status="-1" locked="0" date_sent="0" readable_date="28-10-2015 18:11:32" contact_name="Tuyet2" />
  <sms protocol="0" address="+841685410901" date="1446030699034" type="2" subject="null" body="Ok" toa="null" sc_toa="null" service_center="null" read="1" status="-1" locked="0" date_sent="0" readable_date="28-10-2015 18:11:39" contact_name="Giang" />
  <sms protocol="0" address="+84948723319" date="1446030722620" type="1" subject="null" body="Ok" toa="null" sc_toa="null" service_center="+8491020005" read="1" status="-1" locked="0" date_sent="1446030686000" readable_date="28-10-2015 18:12:02" contact_name="Tuyet2" />
  <sms protocol="0" address="+841685410901" date="1446030734050" type="1" subject="null" body="De 22 25 00 39 57 10 65 39 94 55 33  39x100n  393 x400n " toa="null" sc_toa="null" service_center="+84980200623" read="1" status="-1" locked="0" date_sent="1446030732000" readable_date="28-10-2015 18:12:14" contact_name="Giang" />
  <sms protocol="0" address="+841685410901" date="1446030743945" type="2" subject="null" body="Ok" toa="null" sc_toa="null" service_center="null" read="1" status="-1" locked="0" date_sent="0" readable_date="28-10-2015 18:12:23" contact_name="Giang" />
  <sms protocol="0" address="0948723319" date="1446030754063" type="2" subject="null" body="De 22 25 00 39 57 10 65 39 94 55 33  39x100n  393 x400n " toa="null" sc_toa="null" service_center="null" read="1" status="-1" locked="0" date_sent="0" readable_date="28-10-2015 18:12:34" contact_name="Tuyet2" />
  <sms protocol="0" address="+84948723319" date="1446030781063" type="1" subject="null" body="Ok" toa="null" sc_toa="null" service_center="+8491020005" read="1" status="-1" locked="0" date_sent="1446030744000" readable_date="28-10-2015 18:13:01" contact_name="Tuyet2" />
  <sms protocol="0" address="+841648215916" date="1446030802189" type="1" subject="null" body="DE 232.383.353.393.343.858.252.272X2TR.DE 282.303.373.595.989.262.242.454.646.474.484.565.575.878.696.797.686.49.X800N.DE 363.121X1500N" toa="null" sc_toa="null" service_center="+84980200613" read="1" status="-1" locked="0" date_sent="1446030799000" readable_date="28-10-2015 18:13:22" contact_name="Cong Hap" />
  <sms protocol="0" address="+841648215916" date="1446030811396" type="2" subject="null" body="Ok" toa="null" sc_toa="null" service_center="null" read="1" status="-1" locked="0" date_sent="0" readable_date="28-10-2015 18:13:31" contact_name="Cong Hap" />
  <sms protocol="0" address="01678838814" date="1446030822837" type="2" subject="null" body="DE 232.383.353.393.343.858.252.272X2TR.DE 282.303.373.595.989.262.242.454.646.474.484.565.575.878.696.797.686.49.X800N.DE 363.121X1500N" toa="null" sc_toa="null" service_center="null" read="1" status="-1" locked="0" date_sent="0" readable_date="28-10-2015 18:13:42" contact_name="Vo Anh Thai" />
  <sms protocol="0" address="+841678838814" date="1446030845139" type="1" subject="null" body="Ok3" toa="null" sc_toa="null" service_center="+84980200623" read="1" status="-1" locked="0" date_sent="1446030842000" readable_date="28-10-2015 18:14:05" contact_name="Vo Anh Thai" />
  <sms protocol="0" address="+841685410901" date="1446030904254" type="1" subject="null" body="De 63 64 15 86 06 02 10x100n&#10;  35 65 x 1.300, 191 x 500, 393 x 300, 80 79 x  800, 66 88 00 33 x 100, 99 77 x 200, 64 x400, kep x 600" toa="null" sc_toa="null" service_center="+84980200623" read="1" status="-1" locked="0" date_sent="1446030902000" readable_date="28-10-2015 18:15:04" contact_name="Giang" />
  <sms protocol="0" address="+841685410901" date="1446030912096" type="2" subject="null" body="Ok" toa="null" sc_toa="null" service_center="null" read="1" status="-1" locked="0" date_sent="0" readable_date="28-10-2015 18:15:12" contact_name="Giang" />
  <sms protocol="0" address="0948723319" date="1446030918774" type="2" subject="null" body="De 63 64 15 86 06 02 10x100n&#10;  35 65 x 1.300, 191 x 500, 393 x 300, 80 79 x  800, 66 88 00 33 x 100, 99 77 x 200, 64 x400, kep x 600" toa="null" sc_toa="null" service_center="null" read="1" status="-1" locked="0" date_sent="0" readable_date="28-10-2015 18:15:18" contact_name="Tuyet2" />
  <sms protocol="0" address="+84948723319" date="1446030945835" type="1" subject="null" body="Ok" toa="null" sc_toa="null" service_center="+8491020005" read="1" status="-1" locked="0" date_sent="1446030909000" readable_date="28-10-2015 18:15:45" contact_name="Tuyet2" />
  <sms protocol="0" address="997" date="1446031923812" type="2" subject="null" body="Kqsxmb" toa="null" sc_toa="null" service_center="null" read="1" status="-1" locked="0" date_sent="0" readable_date="28-10-2015 18:32:03" contact_name="(Unknown)" />
  <sms protocol="0" address="997" date="1446031934831" type="1" subject="null" body="MB 28/10&#10;DB:76946&#10;1:15410&#10;2:27035-38084&#10;3:88871-39706-73918-60767-76176-90305&#10;4:5581-9968-0675-2093&#10;5:8707-1175-9288-8926-0816-7067&#10;6:055-481-300&#10;7:90-08-68-20" toa="null" sc_toa="null" service_center="+8491020446" read="1" status="-1" locked="0" date_sent="1446031898000" readable_date="28-10-2015 18:32:14" contact_name="(Unknown)" />
  <sms protocol="0" address="0948723319" date="1446032385242" type="2" subject="null" body="Ngay:28/10/2015&#13;&#10;chi  chuyen cho em&#13;&#10;De:64320,0=46310,4n&#13;&#10;Lo:12715,0=275915,5n&#13;&#10;Xien:50,0=310,0n&#13;&#10;Thuong de:60,0=4200,0n&#13;&#10;Thuong lo:1230,0=98400,0n&#13;&#10;chi  bu cho em:219935,+249646=504.088&#10;" toa="null" sc_toa="null" service_center="null" read="1" status="0" locked="0" date_sent="0" readable_date="28-10-2015 18:39:45" contact_name="Tuyet2" />
  <sms protocol="0" address="01685410901" date="1446032452740" type="2" subject="null" body="Ngay:28/10/2015&#13;&#10;chau chuyen cho co&#13;&#10;De:38320,0=27705,4n&#13;&#10;Lo:10715,0=233587,0n&#13;&#10;3Cang:1810,0=1357,5n&#13;&#10;Xien:50,0=330,0n&#13;&#10;Th de:60,0=4200,0n&#13;&#10;Th lo:1230,0=98400,0n&#13;&#10;chau bu cho co:160379,-180057=19678&#10;" toa="null" sc_toa="null" service_center="null" read="1" status="0" locked="0" date_sent="0" readable_date="28-10-2015 18:40:52" contact_name="Giang" />
  <sms protocol="0" address="01648215916" date="1446032530741" type="2" subject="null" body="Ngay:28/10/2015&#13;&#10;em chuyen cho chi&#13;&#10;De:195000,0=146250,0n&#13;&#10;Lo:4300,0=94600,0n&#13;&#10;Xien:1100,0=8250,0n&#13;&#10;Th de:800,0=56000,0n&#13;&#10;Th lo:600,0=48000,0n&#13;&#10;em bu cho chi:145100,+1.231.547=1.376.647&#10;" toa="null" sc_toa="null" service_center="null" read="1" status="0" locked="0" date_sent="0" readable_date="28-10-2015 18:42:10" contact_name="Cong Hap" />
  <sms protocol="0" address="01678838814" date="1446032610242" type="2" subject="null" body="Ngay:28/10/2015&#13;&#10;em chuyen cho chi&#13;&#10;De:195000,0=140400,0n&#13;&#10;Lo:4300,0=93740,0n&#13;&#10;3Cang:1600,0=1168,0n&#13;&#10;Xien:1100,0=6820,0n&#13;&#10;Thuong de:800,0=56000,0n&#13;&#10;Thuong lo:600,0=48000,0n&#13;&#10;em bu cho chi:138128,+339624=477.752&#10;" toa="null" sc_toa="null" service_center="null" read="1" status="0" locked="0" date_sent="0" readable_date="28-10-2015 18:43:30" contact_name="Vo Anh Thai" />
  <sms protocol="0" address="01662883398" date="1446032659741" type="2" subject="null" body="Ngay:28/10/2015&#13;&#10;chi chuyen cho em&#13;&#10;De:26000,0=19240,0n&#13;&#10;Lo:2000,0=44000,0n&#13;&#10;chi bu cho em:63240,+669693=732.933&#10;" toa="null" sc_toa="null" service_center="null" read="1" status="0" locked="0" date_sent="0" readable_date="28-10-2015 18:44:19" contact_name="Chi Hoa" />
  <sms protocol="0" address="+841662883398" date="1446032707818" type="1" subject="null" body="Đen như hũ nút , e oiii" toa="null" sc_toa="null" service_center="+84980200623" read="1" status="-1" locked="0" date_sent="1446032705000" readable_date="28-10-2015 18:45:07" contact_name="Chi Hoa" />
  <sms protocol="0" address="+84948723319" date="1446034844137" type="1" subject="null" body="Ngay:28/10/2015&#10;chi  chuyen cho em&#10;De:64320,0=46310,4n&#10;Lo:12715,0=275915,5n&#10;Xien:50,0=310,0n&#10;Thuong de:60,0=4200,0n&#10;Thuong lo:1230,0=98400,0n&#10;chi  bu cho em:219935,+249646=504.088+4061=-508149" toa="null" sc_toa="null" service_center="+8491020005" read="0" status="-1" locked="0" date_sent="1446034804000" readable_date="28-10-2015 19:20:44" contact_name="Tuyet2" />
  <sms protocol="0" address="01662883398" date="1446035687430" type="2" subject="null" body="01654998620" toa="null" sc_toa="null" service_center="null" read="1" status="-1" locked="0" date_sent="0" readable_date="28-10-2015 19:34:47" contact_name="Chi Hoa" />
</smses>