<?xml version='1.0' encoding='UTF-8' standalone='yes' ?>
<!--File Created By SMS Backup & Restore Pro v7.21 on 29/10/2015 21:29:44-->
<?xml-stylesheet type="text/xsl" href="sms.xsl"?>
<smses count="144">
  <sms protocol="0" address="0973836212" date="1446081086408" type="2" subject="null" body="Tinh den het ngay:28/10/15 tao bu 3296n&#13;&#10;Ngay:29/10/15 may-180n(lãi nhày 29)&#10;Tong cong: tao bu 3116" toa="null" sc_toa="null" service_center="null" read="1" status="0" locked="0" date_sent="0" readable_date="29-10-2015 08:11:26" contact_name="Tien Em" />
  <sms protocol="0" address="VIETTEL" date="1446083809887" type="1" subject="null" body="[TB] Khong phan biet Noi mang, Ngoai mang - Khong gioi han ngay su dung. KM THE NAP 50% TU NGAY 30-31/10. Chi tiet bam *198# hoac lien he 18008198. Tran trong" toa="null" sc_toa="null" service_center="null" read="1" status="-1" locked="0" date_sent="0" readable_date="29-10-2015 08:56:49" contact_name="(Unknown)" />
  <sms protocol="0" address="+84979399373" date="1446109856015" type="1" subject="null" body="Lo 17.71 X10" toa="null" sc_toa="null" service_center="null" read="1" status="-1" locked="0" date_sent="0" readable_date="29-10-2015 16:10:56" contact_name="A Tung Thuy?" />
  <sms protocol="0" address="+84968193922" date="1446111739019" type="1" subject="null" body="E nhan xien c voi. X2.02.99.=40 ; X2.04.11.=40 ; X2.12.36.=40 ; X2.99.04.=40 ; X2.11.02.=40 ; X2.11.86.=20 ; X2.11.99.=20 ; X2.86.99.=20 ; X2.48.86.=20 ; X2.48.11.=20 ; X2.48.99.=20" toa="null" sc_toa="null" service_center="null" read="1" status="-1" locked="0" date_sent="0" readable_date="29-10-2015 16:42:19" contact_name="(Unknown)" />
  <sms protocol="0" address="0968193922" date="1446111793665" type="2" subject="null" body="Nhan 1 tin." toa="null" sc_toa="null" service_center="null" read="1" status="0" locked="0" date_sent="0" readable_date="29-10-2015 16:43:13" contact_name="(Unknown)" />
  <sms protocol="0" address="+84979399373" date="1446111862849" type="1" subject="null" body="Lô: 78x10d. Đề: 78x90" toa="null" sc_toa="null" service_center="null" read="1" status="-1" locked="0" date_sent="0" readable_date="29-10-2015 16:44:22" contact_name="A Tung Thuy?" />
  <sms protocol="0" address="0979399373" date="1446111877673" type="2" subject="null" body="Anh gui cho EM 2 tin" toa="null" sc_toa="null" service_center="null" read="1" status="0" locked="0" date_sent="0" readable_date="29-10-2015 16:44:37" contact_name="A Tung Thuy?" />
  <sms protocol="0" address="109" date="1446112014114" type="2" subject="null" body="Vt100" toa="null" sc_toa="null" service_center="null" read="1" status="0" locked="0" date_sent="0" readable_date="29-10-2015 16:46:54" contact_name="(Unknown)" />
  <sms protocol="0" address="109" date="1446112034978" type="1" subject="null" body="Quy khach da dang ky thanh cong goi cuoc VT100, Viettel tru 2.500d phi tham gia va 100d phi dang ky vao TK goc. Quy khach co 200 tin nhan noi mang va cuoc goi noi mang giam con 200d/phut tru tai khoan goc. KM ap dung den 24h ngay 29/10/2015. De kiem tra so tin nhan con lai, soan KT100 gui 109 (100d/tin). Chi tiet lien he 19008198 (200d/p). Tran trong." toa="null" sc_toa="null" service_center="+84980200604" read="1" status="-1" locked="0" date_sent="1446112018000" readable_date="29-10-2015 16:47:14" contact_name="(Unknown)" />
  <sms protocol="0" address="+84983099345" date="1446113635500" type="1" subject="null" body="lô 30 78 71 14 77 797 x5d" toa="null" sc_toa="null" service_center="+84980200613" read="1" status="-1" locked="0" date_sent="1446113634000" readable_date="29-10-2015 17:13:55" contact_name="Viet Bo" />
  <sms protocol="0" address="0983099345" date="1446113664163" type="2" subject="null" body="Nhan 1 tin." toa="null" sc_toa="null" service_center="null" read="1" status="32" locked="0" date_sent="0" readable_date="29-10-2015 17:14:24" contact_name="Viet Bo" />
  <sms protocol="0" address="+84974282195" date="1446114294214" type="1" subject="null" body="lo 23 35 53 mỗi con 50đ" toa="null" sc_toa="null" service_center="null" read="1" status="-1" locked="0" date_sent="0" readable_date="29-10-2015 17:24:54" contact_name="(Unknown)" />
  <sms protocol="0" address="0983650782" date="1446114819169" type="2" subject="null" body="Tin 1: lo:23,35,53x20d.71,78x15d.17x10d.14,30,77,79,97x5d..xi2:11,48*2d.,xi2:11,86*2d.,xi2:11,99*2d.,xi2:48,86*2d.,xi2:48,99*2d.,xi2:86,99*2d.xi2:02,11*4d.,xi2:02,99*4d.,xi2:04,11*4d.,xi2:04,99*4d.,xi2:12,36*4d." toa="null" sc_toa="null" service_center="null" read="1" status="0" locked="0" date_sent="0" readable_date="29-10-2015 17:33:39" contact_name="A T 782 Lv" />
  <sms protocol="0" address="+84968193922" date="1446115063171" type="1" subject="null" body="Xien nua e oi.X2.72.30.=100 ; X2.12.30.=50 ; X2.13.72.=50." toa="null" sc_toa="null" service_center="null" read="1" status="-1" locked="0" date_sent="0" readable_date="29-10-2015 17:37:43" contact_name="(Unknown)" />
  <sms protocol="0" address="0968193922" date="1446115108667" type="2" subject="null" body="Nhan 2 tin." toa="null" sc_toa="null" service_center="null" read="1" status="0" locked="0" date_sent="0" readable_date="29-10-2015 17:38:28" contact_name="(Unknown)" />
  <sms protocol="0" address="0983650782" date="1446115123665" type="2" subject="null" body="Tin 2: xi2:12,30*5d.,xi2:13,72*5d.xi2:30,72*10d." toa="null" sc_toa="null" service_center="null" read="1" status="0" locked="0" date_sent="0" readable_date="29-10-2015 17:38:43" contact_name="A T 782 Lv" />
  <sms protocol="0" address="0964386982" date="1446115147666" type="2" subject="null" body="Tin 1: lo:23,35,53x30d." toa="null" sc_toa="null" service_center="null" read="1" status="0" locked="0" date_sent="0" readable_date="29-10-2015 17:39:07" contact_name="A Duc" />
  <sms protocol="0" address="+841685897838" date="1446115161193" type="1" subject="null" body="De tong 5x30n.lo 79.84.73.62.17.x30d.28.x50d." toa="null" sc_toa="null" service_center="null" read="1" status="-1" locked="0" date_sent="0" readable_date="29-10-2015 17:39:21" contact_name="Chi H. v. b" />
  <sms protocol="0" address="01685897838" date="1446115167165" type="2" subject="null" body="Nhan 1 tin." toa="null" sc_toa="null" service_center="null" read="1" status="0" locked="0" date_sent="0" readable_date="29-10-2015 17:39:27" contact_name="Chi H. v. b" />
  <sms protocol="0" address="01685897838" date="1446115170163" type="2" subject="null" body="Nhan 1 tin." toa="null" sc_toa="null" service_center="null" read="1" status="0" locked="0" date_sent="0" readable_date="29-10-2015 17:39:30" contact_name="Chi H. v. b" />
  <sms protocol="0" address="+84983099345" date="1446115177242" type="1" subject="null" body="Lo 78 83x50d." toa="null" sc_toa="null" service_center="null" read="1" status="-1" locked="0" date_sent="0" readable_date="29-10-2015 17:39:37" contact_name="Viet Bo" />
  <sms protocol="0" address="0983099345" date="1446115182174" type="2" subject="null" body="Nhan 2 tin." toa="null" sc_toa="null" service_center="null" read="1" status="0" locked="0" date_sent="0" readable_date="29-10-2015 17:39:42" contact_name="Viet Bo" />
  <sms protocol="0" address="0964386982" date="1446115194170" type="2" subject="null" body="Tin 2: lo:28,78,83x50d.17,62,73,79,84x30d." toa="null" sc_toa="null" service_center="null" read="1" status="0" locked="0" date_sent="0" readable_date="29-10-2015 17:39:54" contact_name="A Duc" />
  <sms protocol="0" address="01677281854" date="1446115215173" type="2" subject="null" body="Tin 1: De:78x120n.05,14,23,32,41,50,69,87,96x30n." toa="null" sc_toa="null" service_center="null" read="1" status="0" locked="0" date_sent="0" readable_date="29-10-2015 17:40:15" contact_name="(Unknown)" />
  <sms protocol="0" address="+84964386982" date="1446115353819" type="1" subject="null" body="bac gui cho em 2 tin" toa="null" sc_toa="null" service_center="null" read="1" status="-1" locked="0" date_sent="0" readable_date="29-10-2015 17:42:33" contact_name="A Duc" />
  <sms protocol="0" address="+841677281854" date="1446115551572" type="1" subject="null" body="Nhan 1 tin.so tin cuoi:1." toa="null" sc_toa="null" service_center="null" read="1" status="-1" locked="0" date_sent="0" readable_date="29-10-2015 17:45:51" contact_name="(Unknown)" />
  <sms protocol="0" address="+84983099345" date="1446116004867" type="1" subject="null" body="Lo 86x50d." toa="null" sc_toa="null" service_center="null" read="1" status="-1" locked="0" date_sent="0" readable_date="29-10-2015 17:53:24" contact_name="Viet Bo" />
  <sms protocol="0" address="0983099345" date="1446116016166" type="2" subject="null" body="Nhan 3 tin." toa="null" sc_toa="null" service_center="null" read="1" status="0" locked="0" date_sent="0" readable_date="29-10-2015 17:53:36" contact_name="Viet Bo" />
  <sms protocol="0" address="+84968193922" date="1446116027862" type="1" subject="null" body="Xien nua e oi.X3.32.63.74.=50 ; X3.10.52.17.=50 ; X3.46.57.66.=50" toa="null" sc_toa="null" service_center="null" read="1" status="-1" locked="0" date_sent="0" readable_date="29-10-2015 17:53:47" contact_name="(Unknown)" />
  <sms protocol="0" address="0968193922" date="1446116046165" type="2" subject="null" body="Nhan 3 tin." toa="null" sc_toa="null" service_center="null" read="1" status="0" locked="0" date_sent="0" readable_date="29-10-2015 17:54:06" contact_name="(Unknown)" />
  <sms protocol="0" address="0968193922" date="1446116047664" type="2" subject="null" body="Nhan 3 tin." toa="null" sc_toa="null" service_center="null" read="1" status="32" locked="0" date_sent="0" readable_date="29-10-2015 17:54:07" contact_name="(Unknown)" />
  <sms protocol="0" address="0983650782" date="1446116079179" type="2" subject="null" body="Tin 3: lo:86x30d..xi3:10,17,52*5d.,xi3:32,63,74*5d.,xi3:46,57,66*5d." toa="null" sc_toa="null" service_center="null" read="1" status="32" locked="0" date_sent="0" readable_date="29-10-2015 17:54:39" contact_name="A T 782 Lv" />
  <sms protocol="0" address="0964386982" date="1446116091201" type="2" subject="null" body="Tin 3: lo:86x20d." toa="null" sc_toa="null" service_center="null" read="1" status="0" locked="0" date_sent="0" readable_date="29-10-2015 17:54:51" contact_name="A Duc" />
  <sms protocol="0" address="+84964386982" date="1446116121923" type="1" subject="null" body="bac gui cho em 3 tin" toa="null" sc_toa="null" service_center="null" read="1" status="-1" locked="0" date_sent="0" readable_date="29-10-2015 17:55:21" contact_name="A Duc" />
  <sms protocol="0" address="+841685897838" date="1446116125793" type="1" subject="null" body=" lô.57.46x50đ." toa="null" sc_toa="null" service_center="null" read="1" status="-1" locked="0" date_sent="0" readable_date="29-10-2015 17:55:25" contact_name="Chi H. v. b" />
  <sms protocol="0" address="01685897838" date="1446116133164" type="2" subject="null" body="Nhan 2 tin." toa="null" sc_toa="null" service_center="null" read="1" status="0" locked="0" date_sent="0" readable_date="29-10-2015 17:55:33" contact_name="Chi H. v. b" />
  <sms protocol="0" address="01685897838" date="1446116134673" type="2" subject="null" body="Nhan 2 tin." toa="null" sc_toa="null" service_center="null" read="1" status="0" locked="0" date_sent="0" readable_date="29-10-2015 17:55:34" contact_name="Chi H. v. b" />
  <sms protocol="0" address="0964386982" date="1446116143664" type="2" subject="null" body="Tin 4: lo:46,57x50d." toa="null" sc_toa="null" service_center="null" read="1" status="0" locked="0" date_sent="0" readable_date="29-10-2015 17:55:43" contact_name="A Duc" />
  <sms protocol="0" address="+84973836212" date="1446116215436" type="1" subject="null" body="T1 đe kbx300n" toa="null" sc_toa="null" service_center="null" read="1" status="-1" locked="0" date_sent="0" readable_date="29-10-2015 17:56:55" contact_name="Tien Em" />
  <sms protocol="0" address="0973836212" date="1446116229167" type="2" subject="null" body="Nhan 1 tin.so tin cuoi:1." toa="null" sc_toa="null" service_center="null" read="1" status="0" locked="0" date_sent="0" readable_date="29-10-2015 17:57:09" contact_name="Tien Em" />
  <sms protocol="0" address="0973836212" date="1446116232167" type="2" subject="null" body="Nhan 1 tin.so tin cuoi:1." toa="null" sc_toa="null" service_center="null" read="1" status="32" locked="0" date_sent="0" readable_date="29-10-2015 17:57:12" contact_name="Tien Em" />
  <sms protocol="0" address="+841685897838" date="1446116244174" type="1" subject="null" body="Lo 91.92.x20d.82.85.37.55x10d.70x20d.33.88.797 x10d..xien 70.91x5d." toa="null" sc_toa="null" service_center="null" read="1" status="-1" locked="0" date_sent="0" readable_date="29-10-2015 17:57:24" contact_name="Chi H. v. b" />
  <sms protocol="0" address="01685897838" date="1446116248667" type="2" subject="null" body="Nhan 3 tin." toa="null" sc_toa="null" service_center="null" read="1" status="32" locked="0" date_sent="0" readable_date="29-10-2015 17:57:28" contact_name="Chi H. v. b" />
  <sms protocol="0" address="01685897838" date="1446116251664" type="2" subject="null" body="Nhan 3 tin." toa="null" sc_toa="null" service_center="null" read="1" status="32" locked="0" date_sent="0" readable_date="29-10-2015 17:57:31" contact_name="Chi H. v. b" />
  <sms protocol="0" address="0964386982" date="1446116256165" type="2" subject="null" body="Tin 5: De:00,11,22,33,44,55,66,77,88,99x150n." toa="null" sc_toa="null" service_center="null" read="1" status="0" locked="0" date_sent="0" readable_date="29-10-2015 17:57:36" contact_name="A Duc" />
  <sms protocol="0" address="0983650782" date="1446116271167" type="2" subject="null" body="Tin 4: lo:70,91,92x20d.33,37,55,79,82,85,88,97x10d..xi2:70,91*5d." toa="null" sc_toa="null" service_center="null" read="1" status="32" locked="0" date_sent="0" readable_date="29-10-2015 17:57:51" contact_name="A T 782 Lv" />
  <sms protocol="0" address="01677281854" date="1446116284671" type="2" subject="null" body="Tin 2: De:00,11,22,33,44,55,66,77,88,99x150n." toa="null" sc_toa="null" service_center="null" read="1" status="32" locked="0" date_sent="0" readable_date="29-10-2015 17:58:04" contact_name="(Unknown)" />
  <sms protocol="0" address="+841677281854" date="1446116310657" type="1" subject="null" body="Nhan 2 tin.so tin cuoi:2." toa="null" sc_toa="null" service_center="null" read="1" status="-1" locked="0" date_sent="0" readable_date="29-10-2015 17:58:30" contact_name="(Unknown)" />
  <sms protocol="0" address="+841685897838" date="1446116371814" type="1" subject="null" body="Ba cang.899.988.9.696.578.488.452.276.274.360.560.155.638.050.586.168.166.333.555.251.461.439.355.047.039.035.089.010.011.484.143.356.911.214.171.676.666.999.777.222.050.009.710.258.280.432.023.x100n.xien57.23.09.x10d.99.58.00.x10d.60.90.05.x10d.55.67.56.x10d.21.50.86.x10d.27.88.99.x10d.33.14.97.x10d.83.90.76.x10d.47.33.39.x10d.00.75.71x10d.58.85.99.x10d.87.00.50x10d.55.97.86.x10d.61.89.23.x10d." toa="null" sc_toa="null" service_center="null" read="1" status="-1" locked="0" date_sent="0" readable_date="29-10-2015 17:59:31" contact_name="Chi H. v. b" />
  <sms protocol="0" address="+841685897838" date="1446116453261" type="1" subject="null" body="Xien95 72 51x10N 22 06 72x10N 95 72 99x10N 11 57 72x10N 51 27 38x10N76 74 51 x10N 53 05 75 .10N 94 44 11 22x10N 99 31 92x10N 34 39 x10N 89 .18 59 99x10N 77 3311 x10N) de 2Kep x10N lo 95 99 727 11 57 515 72X5d " toa="null" sc_toa="null" service_center="null" read="1" status="-1" locked="0" date_sent="0" readable_date="29-10-2015 18:00:53" contact_name="Chi H. v. b" />
  <sms protocol="0" address="+84964386982" date="1446116455988" type="1" subject="null" body="bac gui cho em 5 tin" toa="null" sc_toa="null" service_center="null" read="1" status="-1" locked="0" date_sent="0" readable_date="29-10-2015 18:00:55" contact_name="A Duc" />
  <sms protocol="0" address="+84983650782" date="1446116461094" type="1" subject="null" body="Em gui cho Anh 4 tin" toa="null" sc_toa="null" service_center="null" read="1" status="-1" locked="0" date_sent="0" readable_date="29-10-2015 18:01:01" contact_name="A T 782 Lv" />
  <sms protocol="0" address="01685897838" date="1446116513883" type="2" subject="null" body="Nhan 4 tin." toa="null" sc_toa="null" service_center="null" read="1" status="0" locked="0" date_sent="0" readable_date="29-10-2015 18:01:53" contact_name="Chi H. v. b" />
  <sms protocol="0" address="01685897838" date="1446116543880" type="2" subject="null" body="Nhan 5 tin." toa="null" sc_toa="null" service_center="null" read="1" status="0" locked="0" date_sent="0" readable_date="29-10-2015 18:02:23" contact_name="Chi H. v. b" />
  <sms protocol="0" address="01685897838" date="1446116546879" type="2" subject="null" body="Nhan 5 tin." toa="null" sc_toa="null" service_center="null" read="1" status="0" locked="0" date_sent="0" readable_date="29-10-2015 18:02:26" contact_name="Chi H. v. b" />
  <sms protocol="0" address="0983650782" date="1446116566378" type="2" subject="null" body="Tin5: lo:72x10d.11,15,27,51,57,95,99x5d.xi:05,53,75x1d.06,22,72x1d.xi4:11,22,44,94x1d.11,33,77x1d.11,57,72x1d.xi4:18,59,89,99x1d.27,38,51x1d.31,92,99x1d.34,39x1d.51,72,95x1d.51,74,76x1d.72,95,99x1d.00,50,87x10d.00,58,99x10d.00,71,75x10d.05,60,90x10d.09,23,57x10d.14,33,97x10d.21,50,86x10d." toa="null" sc_toa="null" service_center="null" read="1" status="0" locked="0" date_sent="0" readable_date="29-10-2015 18:02:46" contact_name="A T 782 Lv" />
  <sms protocol="0" address="+84973836212" date="1446116574642" type="1" subject="null" body="T2 13.96 x50đ&#10;30 x10đ. 72.x20đ. 73.x10đ.." toa="null" sc_toa="null" service_center="null" read="1" status="-1" locked="0" date_sent="0" readable_date="29-10-2015 18:02:54" contact_name="Tien Em" />
  <sms protocol="0" address="0983650782" date="1446116578381" type="2" subject="null" body="Tin6: xi:23,61,89x10d.27,88,99x10d.33,39,47x10d.55,56,67x10d.55,86,97x10d.58,85,99x10d.76,83,90x10d." toa="null" sc_toa="null" service_center="null" read="1" status="0" locked="0" date_sent="0" readable_date="29-10-2015 18:02:58" contact_name="A T 782 Lv" />
  <sms protocol="0" address="0973836212" date="1446116587383" type="2" subject="null" body="Nhan 2 tin.so tin cuoi:2." toa="null" sc_toa="null" service_center="null" read="1" status="0" locked="0" date_sent="0" readable_date="29-10-2015 18:03:07" contact_name="Tien Em" />
  <sms protocol="0" address="0983650782" date="1446116597888" type="2" subject="null" body="Tin 7: Ba cang:050x170n.009,010,011,023,035,039,047,089,143,155,166,168,171,214,222,251,258,274,276,280,333,355,356,360,432,439,452,461,484,488,555,560,578,586,638,666,676,696,710,777,899,911,988,999x70n." toa="null" sc_toa="null" service_center="null" read="1" status="0" locked="0" date_sent="0" readable_date="29-10-2015 18:03:17" contact_name="A T 782 Lv" />
  <sms protocol="0" address="0964386982" date="1446116618885" type="2" subject="null" body="Tin 6: Ba cang:050,009,010,011,023,035,039,047,089,143,155,166,168,171,214,222,251,258,274,276,280,333,355,356,360,432,439,452,461,484,488,555,560,578,586,638,666,676,696,710,777,899,911,988,999x30n." toa="null" sc_toa="null" service_center="null" read="1" status="0" locked="0" date_sent="0" readable_date="29-10-2015 18:03:38" contact_name="A Duc" />
  <sms protocol="0" address="+84983650782" date="1446116619837" type="1" subject="null" body="Em gui cho Anh 6 tin" toa="null" sc_toa="null" service_center="null" read="1" status="-1" locked="0" date_sent="0" readable_date="29-10-2015 18:03:39" contact_name="A T 782 Lv" />
  <sms protocol="0" address="0964386982" date="1446116630881" type="2" subject="null" body="Tin 7: lo:13,96x50d.72x20d.30,73x10d." toa="null" sc_toa="null" service_center="null" read="1" status="0" locked="0" date_sent="0" readable_date="29-10-2015 18:03:50" contact_name="A Duc" />
  <sms protocol="0" address="01677281854" date="1446116645877" type="2" subject="null" body="Tin 3: De:00,05,11,16,22,27,33,38,44,49,50,55,61,66,72,77,83,88,94,99x10n." toa="null" sc_toa="null" service_center="null" read="1" status="32" locked="0" date_sent="0" readable_date="29-10-2015 18:04:05" contact_name="(Unknown)" />
  <sms protocol="0" address="+841685897838" date="1446116662091" type="1" subject="null" body="Lo 99x300d..797.11.212x150d..72.858.838x50d.11.717.x30d.373x50d.xjen 66.85.21x10d.15.86x20d.25.15x10d.72.71x10d." toa="null" sc_toa="null" service_center="null" read="1" status="-1" locked="0" date_sent="0" readable_date="29-10-2015 18:04:22" contact_name="Chi H. v. b" />
  <sms protocol="0" address="01685897838" date="1446116666880" type="2" subject="null" body="Nhan 6 tin." toa="null" sc_toa="null" service_center="null" read="1" status="0" locked="0" date_sent="0" readable_date="29-10-2015 18:04:26" contact_name="Chi H. v. b" />
  <sms protocol="0" address="01685897838" date="1446116668378" type="2" subject="null" body="Nhan 6 tin." toa="null" sc_toa="null" service_center="null" read="1" status="0" locked="0" date_sent="0" readable_date="29-10-2015 18:04:28" contact_name="Chi H. v. b" />
  <sms protocol="0" address="01677281854" date="1446116675878" type="2" subject="null" body="Tin 4: lo:99x300d.11x180d.12,21,79,97x150d.37,38,58,72,73,83,85x50d.17,71x30d." toa="null" sc_toa="null" service_center="null" read="1" status="0" locked="0" date_sent="0" readable_date="29-10-2015 18:04:35" contact_name="(Unknown)" />
  <sms protocol="0" address="+841677281854" date="1446116684506" type="1" subject="null" body="Nhan 3 tin.so tin cuoi:3." toa="null" sc_toa="null" service_center="null" read="1" status="-1" locked="0" date_sent="0" readable_date="29-10-2015 18:04:44" contact_name="(Unknown)" />
  <sms protocol="0" address="0964386982" date="1446116690889" type="2" subject="null" body="Tin 8: xi2:15,86*20d.xi2:15,25*10d.,xi3:21,66,85*10d.,xi2:71,72*10d." toa="null" sc_toa="null" service_center="null" read="1" status="0" locked="0" date_sent="0" readable_date="29-10-2015 18:04:50" contact_name="A Duc" />
  <sms protocol="0" address="+841685897838" date="1446116699383" type="1" subject="null" body="Xien 27 11 30X20 N de tong chia het 3 x5n " toa="null" sc_toa="null" service_center="null" read="1" status="-1" locked="0" date_sent="0" readable_date="29-10-2015 18:04:59" contact_name="Chi H. v. b" />
  <sms protocol="0" address="01685897838" date="1446116704385" type="2" subject="null" body="Nhan 7 tin." toa="null" sc_toa="null" service_center="null" read="1" status="0" locked="0" date_sent="0" readable_date="29-10-2015 18:05:04" contact_name="Chi H. v. b" />
  <sms protocol="0" address="01685897838" date="1446116707381" type="2" subject="null" body="Nhan 7 tin." toa="null" sc_toa="null" service_center="null" read="1" status="0" locked="0" date_sent="0" readable_date="29-10-2015 18:05:07" contact_name="Chi H. v. b" />
  <sms protocol="0" address="0964386982" date="1446116713383" type="2" subject="null" body="Tin 9: xi3:11,27,30*2d." toa="null" sc_toa="null" service_center="null" read="1" status="0" locked="0" date_sent="0" readable_date="29-10-2015 18:05:13" contact_name="A Duc" />
  <sms protocol="0" address="+84983650782" date="1446116731126" type="1" subject="null" body="Em gui cho Anh 7 tin" toa="null" sc_toa="null" service_center="null" read="1" status="-1" locked="0" date_sent="0" readable_date="29-10-2015 18:05:31" contact_name="A T 782 Lv" />
  <sms protocol="0" address="0964386982" date="1446116735876" type="2" subject="null" body="Tin 10: De:03,06,09,12,15,18,21,24,27,30,33,36,39,42,45,48,51,54,57,60,63,66,69,72,75,78,81,84,87,90,93,96,99x5n." toa="null" sc_toa="null" service_center="null" read="1" status="0" locked="0" date_sent="0" readable_date="29-10-2015 18:05:35" contact_name="A Duc" />
  <sms protocol="0" address="+84977655973" date="1446116743882" type="1" subject="null" body="Lo 11x30d dau 1x25n 04 67 17x30n 262 76 40 161x10n" toa="null" sc_toa="null" service_center="null" read="1" status="-1" locked="0" date_sent="0" readable_date="29-10-2015 18:05:43" contact_name="A Su Cong Tinh Uy" />
  <sms protocol="0" address="+841685897838" date="1446116746495" type="1" subject="null" body="xien.99.53.43x10d.85.76.00.x10d.78.88.86.x10d.de.606.767.33.232.33.00.55.393.353.88.44.575.252.040.080.050.66.616.x500n" toa="null" sc_toa="null" service_center="null" read="1" status="-1" locked="0" date_sent="0" readable_date="29-10-2015 18:05:46" contact_name="Chi H. v. b" />
  <sms protocol="0" address="+841677281854" date="1446116755570" type="1" subject="null" body="Nhan 4 tin.so tin cuoi:4." toa="null" sc_toa="null" service_center="null" read="1" status="-1" locked="0" date_sent="0" readable_date="29-10-2015 18:05:55" contact_name="(Unknown)" />
  <sms protocol="0" address="01685897838" date="1446116767382" type="2" subject="null" body="Nhan 8 tin." toa="null" sc_toa="null" service_center="null" read="1" status="0" locked="0" date_sent="0" readable_date="29-10-2015 18:06:07" contact_name="Chi H. v. b" />
  <sms protocol="0" address="+84964386982" date="1446116767636" type="1" subject="null" body="bac gui cho em 10 tin" toa="null" sc_toa="null" service_center="null" read="1" status="-1" locked="0" date_sent="0" readable_date="29-10-2015 18:06:07" contact_name="A Duc" />
  <sms protocol="0" address="0977655973" date="1446116779378" type="2" subject="null" body="BAC gui cho EM 1 tin" toa="null" sc_toa="null" service_center="null" read="1" status="0" locked="0" date_sent="0" readable_date="29-10-2015 18:06:19" contact_name="A Su Cong Tinh Uy" />
  <sms protocol="0" address="0964386982" date="1446116789879" type="2" subject="null" body="Tin 11: lo:11x30d..xi3:00,76,85*10d.,xi3:43,53,99*10d.,xi3:78,86,88*10d." toa="null" sc_toa="null" service_center="null" read="1" status="0" locked="0" date_sent="0" readable_date="29-10-2015 18:06:29" contact_name="A Duc" />
  <sms protocol="0" address="0964386982" date="1446116818381" type="2" subject="null" body="Tin 12: De:33x445n.16x285n.04,67x280n.40,61,76x260n.00,05,06,08,23,25,32,35,39,44,50,52,53,55,57,60,66,75,80,88,93x250n." toa="null" sc_toa="null" service_center="null" read="1" status="0" locked="0" date_sent="0" readable_date="29-10-2015 18:06:58" contact_name="A Duc" />
  <sms protocol="0" address="+84964386982" date="1446116826125" type="1" subject="null" body="bac gui cho em 11 tin" toa="null" sc_toa="null" service_center="null" read="1" status="-1" locked="0" date_sent="0" readable_date="29-10-2015 18:07:06" contact_name="A Duc" />
  <sms protocol="0" address="01677281854" date="1446116839385" type="2" subject="null" body="Tin 5: De:33x555n.00,04,05,06,08,16,23,25,32,35,39,40,44,50,52,53,55,57,60,61,66,67,75,76,80,88,93x250n.17x55n.10,11,12,13,14,15,18,19x25n.26,62x10n." toa="null" sc_toa="null" service_center="null" read="1" status="32" locked="0" date_sent="0" readable_date="29-10-2015 18:07:19" contact_name="(Unknown)" />
  <sms protocol="0" address="+841677281854" date="1446116880986" type="1" subject="null" body="Nhan 5 tin.so tin cuoi:5." toa="null" sc_toa="null" service_center="null" read="1" status="-1" locked="0" date_sent="0" readable_date="29-10-2015 18:08:00" contact_name="(Unknown)" />
  <sms protocol="0" address="+84964386982" date="1446116904004" type="1" subject="null" body="bac gui cho em 12 tin" toa="null" sc_toa="null" service_center="null" read="1" status="-1" locked="0" date_sent="0" readable_date="29-10-2015 18:08:24" contact_name="A Duc" />
  <sms protocol="0" address="+841685897838" date="1446116955474" type="1" subject="null" body="Dau djt 3x630.303.363.525.020.757.292.232.212.616.656.x100.he 04.02.21.61x150" toa="null" sc_toa="null" service_center="null" read="1" status="-1" locked="0" date_sent="0" readable_date="29-10-2015 18:09:15" contact_name="Chi H. v. b" />
  <sms protocol="0" address="01685897838" date="1446116965398" type="2" subject="null" body="Nhan 9 tin." toa="null" sc_toa="null" service_center="null" read="1" status="0" locked="0" date_sent="0" readable_date="29-10-2015 18:09:25" contact_name="Chi H. v. b" />
  <sms protocol="0" address="01685897838" date="1446116966883" type="2" subject="null" body="Nhan 9 tin." toa="null" sc_toa="null" service_center="null" read="1" status="0" locked="0" date_sent="0" readable_date="29-10-2015 18:09:26" contact_name="Chi H. v. b" />
  <sms protocol="0" address="+841685897838" date="1446116993157" type="1" subject="null" body="Hai.kep.x2500n.787.898.686.88.080.070.797.737.747.272.585.99.050.55.00.39.323.828.494.76.67.11.60.51.010.56.x800n. " toa="null" sc_toa="null" service_center="null" read="1" status="-1" locked="0" date_sent="0" readable_date="29-10-2015 18:09:53" contact_name="Chi H. v. b" />
  <sms protocol="0" address="01685897838" date="1446116998379" type="2" subject="null" body="Nhan 10 tin." toa="null" sc_toa="null" service_center="null" read="1" status="0" locked="0" date_sent="0" readable_date="29-10-2015 18:09:58" contact_name="Chi H. v. b" />
  <sms protocol="0" address="01685897838" date="1446117001376" type="2" subject="null" body="Nhan 10 tin." toa="null" sc_toa="null" service_center="null" read="1" status="0" locked="0" date_sent="0" readable_date="29-10-2015 18:10:01" contact_name="Chi H. v. b" />
  <sms protocol="0" address="0964386982" date="1446117023883" type="2" subject="null" body="Tin13: de:49,94,38,83,37,73,07,70,56,01,10,28,47,58,68,74,79,82,85,86,89,97,98x800n.27,72,51,78,87x795n.03,30,36,63x730n.11,22,77x650n.99x645n.13,31,34,43x630n.05,50,23,32,08,80,35,53x550n.39,60,93x545n.61,76x540n.67x520n.16x515n.00,55,88,44x400n.66x395n.02,12,20,21,25,52,57,75x250n.33x200n." toa="null" sc_toa="null" service_center="null" read="1" status="0" locked="0" date_sent="0" readable_date="29-10-2015 18:10:23" contact_name="A Duc" />
  <sms protocol="0" address="01677281854" date="1446117040377" type="2" subject="null" body="Tin6: de:33x3560n.00,55,88x2900n.11x2800n.05,50x2750n.99x2655n.27,72x2505n.49,94x2500n.38,83x2330n.66x2255n.16x2235n.61x2210n.44x2100n.22,77x1850n.23,32x980n.39x885n.37,73x630n.67x430n.76x410n.60x255n.08,80x250n.04,07,09,17,26,40,45,54,59,62,70,71,90,95x150n.29,56,65,92x100n.93x85n.35,53x80n." toa="null" sc_toa="null" service_center="null" read="1" status="0" locked="0" date_sent="0" readable_date="29-10-2015 18:10:40" contact_name="(Unknown)" />
  <sms protocol="0" address="01677281854" date="1446117053881" type="2" subject="null" body="Tin 7: De:51,78,87x5n." toa="null" sc_toa="null" service_center="null" read="1" status="0" locked="0" date_sent="0" readable_date="29-10-2015 18:10:53" contact_name="(Unknown)" />
  <sms protocol="0" address="+84964386982" date="1446117062230" type="1" subject="null" body="bac gui cho em 13 tin" toa="null" sc_toa="null" service_center="null" read="1" status="-1" locked="0" date_sent="0" readable_date="29-10-2015 18:11:02" contact_name="A Duc" />
  <sms protocol="0" address="+841677281854" date="1446117067860" type="1" subject="null" body="Nhan 6 tin.so tin cuoi:6." toa="null" sc_toa="null" service_center="null" read="1" status="-1" locked="0" date_sent="0" readable_date="29-10-2015 18:11:07" contact_name="(Unknown)" />
  <sms protocol="0" address="+841677281854" date="1446117081321" type="1" subject="null" body="Nhan 7 tin.so tin cuoi:7." toa="null" sc_toa="null" service_center="null" read="1" status="-1" locked="0" date_sent="0" readable_date="29-10-2015 18:11:21" contact_name="(Unknown)" />
  <sms protocol="0" address="+841677281854" date="1446117145727" type="1" subject="null" body="chau gui cho co 7 tin" toa="null" sc_toa="null" service_center="null" read="1" status="-1" locked="0" date_sent="0" readable_date="29-10-2015 18:12:25" contact_name="(Unknown)" />
  <sms protocol="0" address="0979399373" date="1446117155885" type="2" subject="null" body="Nhan 2 tin.. HET LO" toa="null" sc_toa="null" service_center="null" read="1" status="0" locked="0" date_sent="0" readable_date="29-10-2015 18:12:35" contact_name="A Tung Thuy?" />
  <sms protocol="0" address="0968193922" date="1446117157378" type="2" subject="null" body="Nhan 3 tin.. HET LO" toa="null" sc_toa="null" service_center="null" read="1" status="32" locked="0" date_sent="0" readable_date="29-10-2015 18:12:37" contact_name="(Unknown)" />
  <sms protocol="0" address="0983099345" date="1446117158878" type="2" subject="null" body="Nhan 3 tin.. HET LO" toa="null" sc_toa="null" service_center="null" read="1" status="32" locked="0" date_sent="0" readable_date="29-10-2015 18:12:38" contact_name="Viet Bo" />
  <sms protocol="0" address="0974282195" date="1446117160383" type="2" subject="null" body="Nhan 1 tin.. HET LO" toa="null" sc_toa="null" service_center="null" read="1" status="32" locked="0" date_sent="0" readable_date="29-10-2015 18:12:40" contact_name="(Unknown)" />
  <sms protocol="0" address="01685897838" date="1446117161877" type="2" subject="null" body="Nhan 10 tin.. HET LO" toa="null" sc_toa="null" service_center="null" read="1" status="0" locked="0" date_sent="0" readable_date="29-10-2015 18:12:41" contact_name="Chi H. v. b" />
  <sms protocol="0" address="0973836212" date="1446117163378" type="2" subject="null" body="Nhan 2 tin.so tin cuoi:2.. HET LO" toa="null" sc_toa="null" service_center="null" read="1" status="0" locked="0" date_sent="0" readable_date="29-10-2015 18:12:43" contact_name="Tien Em" />
  <sms protocol="0" address="0977655973" date="1446117164877" type="2" subject="null" body="Nhan 1 tin.. HET LO" toa="null" sc_toa="null" service_center="null" read="1" status="32" locked="0" date_sent="0" readable_date="29-10-2015 18:12:44" contact_name="A Su Cong Tinh Uy" />
  <sms protocol="0" address="+841685897838" date="1446117179734" type="1" subject="null" body="Xjen 44.00.42x10d.99.29x10d.46.95.44x10d.47.12.99x10d.65.29.85x10d.71.85x20d" toa="null" sc_toa="null" service_center="null" read="1" status="-1" locked="0" date_sent="0" readable_date="29-10-2015 18:12:59" contact_name="Chi H. v. b" />
  <sms protocol="0" address="01685897838" date="1446117184378" type="2" subject="null" body="Nhan 11 tin." toa="null" sc_toa="null" service_center="null" read="1" status="0" locked="0" date_sent="0" readable_date="29-10-2015 18:13:04" contact_name="Chi H. v. b" />
  <sms protocol="0" address="01685897838" date="1446117187383" type="2" subject="null" body="Nhan 11 tin." toa="null" sc_toa="null" service_center="null" read="1" status="0" locked="0" date_sent="0" readable_date="29-10-2015 18:13:07" contact_name="Chi H. v. b" />
  <sms protocol="0" address="0964386982" date="1446117194883" type="2" subject="null" body="Tin 14: xi2:71,85*20d.xi3:00,42,44*10d.,xi3:12,47,99*10d.,xi3:29,65,85*10d.,xi2:29,99*10d.,xi3:44,46,95*10d." toa="null" sc_toa="null" service_center="null" read="1" status="0" locked="0" date_sent="0" readable_date="29-10-2015 18:13:14" contact_name="A Duc" />
  <sms protocol="0" address="+84964386982" date="1446117323884" type="1" subject="null" body="bac gui cho em 14 tin" toa="null" sc_toa="null" service_center="null" read="1" status="-1" locked="0" date_sent="0" readable_date="29-10-2015 18:15:23" contact_name="A Duc" />
  <sms protocol="0" address="0979399373" date="1446117674884" type="2" subject="null" body="Nhan 2 tin.. HET DE" toa="null" sc_toa="null" service_center="null" read="1" status="0" locked="0" date_sent="0" readable_date="29-10-2015 18:21:14" contact_name="A Tung Thuy?" />
  <sms protocol="0" address="0968193922" date="1446117676378" type="2" subject="null" body="Nhan 3 tin.. HET DE" toa="null" sc_toa="null" service_center="null" read="1" status="0" locked="0" date_sent="0" readable_date="29-10-2015 18:21:16" contact_name="(Unknown)" />
  <sms protocol="0" address="0983099345" date="1446117677877" type="2" subject="null" body="Nhan 3 tin.. HET DE" toa="null" sc_toa="null" service_center="null" read="1" status="32" locked="0" date_sent="0" readable_date="29-10-2015 18:21:17" contact_name="Viet Bo" />
  <sms protocol="0" address="0974282195" date="1446117679387" type="2" subject="null" body="Nhan 1 tin.. HET DE" toa="null" sc_toa="null" service_center="null" read="1" status="0" locked="0" date_sent="0" readable_date="29-10-2015 18:21:19" contact_name="(Unknown)" />
  <sms protocol="0" address="01685897838" date="1446117680881" type="2" subject="null" body="Nhan 11 tin.. HET DE" toa="null" sc_toa="null" service_center="null" read="1" status="0" locked="0" date_sent="0" readable_date="29-10-2015 18:21:20" contact_name="Chi H. v. b" />
  <sms protocol="0" address="0973836212" date="1446117682377" type="2" subject="null" body="Nhan 2 tin.so tin cuoi:2.. HET DE" toa="null" sc_toa="null" service_center="null" read="1" status="32" locked="0" date_sent="0" readable_date="29-10-2015 18:21:22" contact_name="Tien Em" />
  <sms protocol="0" address="0977655973" date="1446117683880" type="2" subject="null" body="Nhan 1 tin.. HET DE" toa="null" sc_toa="null" service_center="null" read="1" status="0" locked="0" date_sent="0" readable_date="29-10-2015 18:21:23" contact_name="A Su Cong Tinh Uy" />
  <sms protocol="0" address="+84983650782" date="1446118036348" type="1" subject="null" body="Ngay:29/10/2015&#10;Em chuyen cho Anh&#10;Lo:340,0=7378,0n&#10;3Cang:3250,0=2145,0n&#10;Xien:224,0=1344,0n&#10;Th lo:155,0=12400,0n&#10;Th xien:500,0n&#10;Anh bu cho Em:2033,0n&#10;" toa="null" sc_toa="null" service_center="null" read="1" status="-1" locked="0" date_sent="0" readable_date="29-10-2015 18:27:16" contact_name="A T 782 Lv" />
  <sms protocol="0" address="0983650782" date="1446118042381" type="2" subject="null" body="Ngay:29/10/2015&#13;&#10;em chuyen cho anh&#13;&#10;Lo:340,0=7378,0n&#13;&#10;3Cang:3250,0=2145,0n&#13;&#10;Xien:224,0=1344,0n&#13;&#10;Thuong lo:155,0=12400,0n&#13;&#10;Thuong xien:500,0n&#13;&#10;anh bu cho em:2033,0n&#13;&#10;" toa="null" sc_toa="null" service_center="null" read="1" status="32" locked="0" date_sent="0" readable_date="29-10-2015 18:27:22" contact_name="A T 782 Lv" />
  <sms protocol="0" address="+84964386982" date="1446118045126" type="1" subject="null" body="Ngay:29/10/2015&#10;bac chuyen cho em&#10;De:51740,0=36994,1n&#10;Lo:680,0=14756,0n&#10;3Cang:1350,0=972,0n&#10;Xien:152,0=912,0n&#10;Th de:5,0=350,0n&#10;Th lo:130,0=10400,0n&#10;Th xien:4000,0n&#10;bac bu cho em:38884,1n&#10;" toa="null" sc_toa="null" service_center="null" read="1" status="-1" locked="0" date_sent="0" readable_date="29-10-2015 18:27:25" contact_name="A Duc" />
  <sms protocol="0" address="01677281854" date="1446118049881" type="2" subject="null" body="Ngay:29/10/2015&#13;&#10;chau chuyen cho co&#13;&#10;De:68515,0=49330,8n&#13;&#10;Lo:1490,0=32333,0n&#13;&#10;Thuong de:25,0=1750,0n&#13;&#10;Thuong lo:680,0=54400,0n&#13;&#10;chau bu cho co:25513,8n&#13;&#10;" toa="null" sc_toa="null" service_center="null" read="1" status="0" locked="0" date_sent="0" readable_date="29-10-2015 18:27:29" contact_name="(Unknown)" />
  <sms protocol="0" address="0968193922" date="1446118055881" type="2" subject="null" body="Ngay:29/10/2015&#13;&#10;chị chuyen cho EM&#13;&#10;Xien:67,0=455,6n&#13;&#10;chị bu cho EM:455,6n&#13;&#10;" toa="null" sc_toa="null" service_center="null" read="1" status="0" locked="0" date_sent="0" readable_date="29-10-2015 18:27:35" contact_name="(Unknown)" />
  <sms protocol="0" address="0974282195" date="1446118063379" type="2" subject="null" body="Ngay:29/10/2015&#13;&#10;BAC chuyen cho EM&#13;&#10;Lo:150,0=3270,0n&#13;&#10;BAC bu cho EM:3270,0n&#13;&#10;" toa="null" sc_toa="null" service_center="null" read="1" status="0" locked="0" date_sent="0" readable_date="29-10-2015 18:27:43" contact_name="(Unknown)" />
  <sms protocol="0" address="0983099345" date="1446118072379" type="2" subject="null" body="Ngay:29/10/2015&#13;&#10;Ban chuyen cho toi&#13;&#10;Lo:185,0=4033,0n&#13;&#10;Th lo:15,0=1200,0n&#13;&#10;Ban bu cho toi:2833,0n&#13;&#10;" toa="null" sc_toa="null" service_center="null" read="1" status="0" locked="0" date_sent="0" readable_date="29-10-2015 18:27:52" contact_name="Viet Bo" />
  <sms protocol="0" address="0979399373" date="1446118081380" type="2" subject="null" body="Ngay:29/10/2015&#13;&#10;Anh chuyen cho EM&#13;&#10;De:90,0=67,5n&#13;&#10;Lo:30,0=660,0n&#13;&#10;Th lo:10,0=800,0n&#13;&#10;EM bu cho Anh:72,5n&#13;&#10;" toa="null" sc_toa="null" service_center="null" read="1" status="0" locked="0" date_sent="0" readable_date="29-10-2015 18:28:01" contact_name="A Tung Thuy?" />
  <sms protocol="0" address="0977655973" date="1446118087384" type="2" subject="null" body="Ngay:29/10/2015&#13;&#10;BAC chuyen cho EM&#13;&#10;De:400,0=320,0n&#13;&#10;Lo:30,0=675,0n&#13;&#10;Th de:25,0=1750,0n&#13;&#10;EM bu cho BAC:755,0n&#13;&#10;" toa="null" sc_toa="null" service_center="null" read="1" status="32" locked="0" date_sent="0" readable_date="29-10-2015 18:28:07" contact_name="A Su Cong Tinh Uy" />
  <sms protocol="0" address="0964386982" date="1446118094880" type="2" subject="null" body="Ngay:29/10/2015&#13;&#10;em chuyen cho anh&#13;&#10;De:51740,0=36994,1n&#13;&#10;Lo:680,0=14756,0n&#13;&#10;3Cang:1350,0=972,0n&#13;&#10;Xien:152,0=912,0n&#13;&#10;Thuong de:5,0=350,0n&#13;&#10;Thuong lo:130,0=10400,0n&#13;&#10;Thuong xien:4000,0n&#13;&#10;em bu cho anh:38884,1n&#13;&#10;" toa="null" sc_toa="null" service_center="null" read="1" status="0" locked="0" date_sent="0" readable_date="29-10-2015 18:28:14" contact_name="A Duc" />
  <sms protocol="0" address="01685897838" date="1446118106879" type="2" subject="null" body="Ngay:29/10/2015&#13;&#10;chi chuyen cho EM&#13;&#10;De:116765,0=84070,8n&#13;&#10;Lo:1975,0=42956,2n&#13;&#10;3Cang:4600,0=3266,0n&#13;&#10;Xien:309,0=2070,3n&#13;&#10;Th de:5,0=350,0n&#13;&#10;Th lo:920,0=73600,0n&#13;&#10;Th xien:4500,0n&#13;&#10;chi bu cho EM:53913,4n&#13;&#10;" toa="null" sc_toa="null" service_center="null" read="1" status="0" locked="0" date_sent="0" readable_date="29-10-2015 18:28:26" contact_name="Chi H. v. b" />
  <sms protocol="0" address="0973836212" date="1446118115876" type="2" subject="null" body="Ngay:29/10/2015&#13;&#10;may chuyen cho tao&#13;&#10;De:3000,0=2250,0n&#13;&#10;Lo:140,0=3066,0n&#13;&#10;Th lo:20,0=1600,0n&#13;&#10;may bu cho tao:3716,0n&#13;&#10;" toa="null" sc_toa="null" service_center="null" read="1" status="0" locked="0" date_sent="0" readable_date="29-10-2015 18:28:35" contact_name="Tien Em" />
  <sms protocol="0" address="+841677281854" date="1446118150148" type="1" subject="null" body="Ngay:29/10/2015&#10;chau chuyen cho co&#10;De:68515,0=49330,8n&#10;Lo:1490,0=32333,0n&#10;Th de:25,0=1750,0n&#10;Th lo:680,0=54400,0n&#10;chau bu cho co:25513,8n&#10;" toa="null" sc_toa="null" service_center="null" read="1" status="-1" locked="0" date_sent="0" readable_date="29-10-2015 18:29:10" contact_name="(Unknown)" />
  <sms protocol="0" address="+84983099345" date="1446118194832" type="2" subject="null" body="chi bu cho EM:53913,4n&#13;&#10;" toa="null" sc_toa="null" service_center="null" read="1" status="0" locked="0" date_sent="0" readable_date="29-10-2015 18:29:54" contact_name="Viet Bo" />
  <sms protocol="0" address="+84983099345" date="1446118200497" type="2" subject="null" body="T thu c 53759" toa="null" sc_toa="null" service_center="null" read="1" status="0" locked="0" date_sent="0" readable_date="29-10-2015 18:30:00" contact_name="Viet Bo" />
  <sms protocol="0" address="0977655973" date="1446118994260" type="2" subject="null" body="Tinh den het ngay:28/10/15 EM thu 2328n&#13;&#10;Ngay:29/10/15 BAC+700n +755n &#13;&#10;Tong cong: EM thu 873" toa="null" sc_toa="null" service_center="null" read="1" status="0" locked="0" date_sent="0" readable_date="29-10-2015 18:43:14" contact_name="A Su Cong Tinh Uy" />
  <sms protocol="0" address="0983099345" date="1446119000746" type="2" subject="null" body="Tinh den het ngay:28/10/15 toi thu 45848n&#13;&#10;Ngay:29/10/15 Ban+8500n +10000n -2833n &#13;&#10;Tong cong: toi thu 30181" toa="null" sc_toa="null" service_center="null" read="1" status="0" locked="0" date_sent="0" readable_date="29-10-2015 18:43:20" contact_name="Viet Bo" />
  <sms protocol="0" address="01632029067" date="1446119032499" type="2" subject="null" body="Tinh den het ngay:28/10/15 EM thu 2725n&#13;&#10;Ngay:29/10/15 Chị-455n &#13;&#10;Tong cong: EM thu 3180" toa="null" sc_toa="null" service_center="null" read="1" status="0" locked="0" date_sent="0" readable_date="29-10-2015 18:43:52" contact_name="(Unknown)" />
  <sms protocol="0" address="01677281854" date="1446119043738" type="2" subject="null" body="Tinh den het ngay:28/10/15 chau bu 21672n&#13;&#10;Ngay:29/10/15 co-15000n +25513n &#13;&#10;Tong cong: chau bu 32185" toa="null" sc_toa="null" service_center="null" read="1" status="32" locked="0" date_sent="0" readable_date="29-10-2015 18:44:03" contact_name="(Unknown)" />
  <sms protocol="0" address="0973836212" date="1446119045735" type="2" subject="null" body="Tinh den het ngay:28/10/15 tao bu 3296n&#13;&#10;Ngay:29/10/15 may-180n -3716n &#13;&#10;Tong cong: tao thu 600" toa="null" sc_toa="null" service_center="null" read="1" status="0" locked="0" date_sent="0" readable_date="29-10-2015 18:44:05" contact_name="Tien Em" />
  <sms protocol="0" address="0977655973" date="1446119053477" type="2" subject="null" body="Tinh den het ngay:28/10/15 EM thu 2328n&#13;&#10;Ngay:29/10/15 BAC+700n +755n &#13;&#10;Tong cong: EM thu 873" toa="null" sc_toa="null" service_center="null" read="1" status="0" locked="0" date_sent="0" readable_date="29-10-2015 18:44:13" contact_name="A Su Cong Tinh Uy" />
  <sms protocol="0" address="0983099345" date="1446119065493" type="2" subject="null" body="Tinh den het ngay:28/10/15 toi thu 45848n&#13;&#10;Ngay:29/10/15 Ban+8500n +10000n -2833n -53759n &#13;&#10;Tong cong: toi thu 83940" toa="null" sc_toa="null" service_center="null" read="1" status="0" locked="0" date_sent="0" readable_date="29-10-2015 18:44:25" contact_name="Viet Bo" />
  <sms protocol="0" address="0983650782" date="1446119067559" type="2" subject="null" body="Tinh den het ngay:28/10/15 em thu 96n&#13;&#10;Ngay:29/10/15 anh-2033n &#13;&#10;Tong cong: em thu 2129" toa="null" sc_toa="null" service_center="null" read="1" status="0" locked="0" date_sent="0" readable_date="29-10-2015 18:44:27" contact_name="A T 782 Lv" />
  <sms protocol="0" address="01677281854" date="1446126783744" type="2" subject="null" body="De A 56 67 89 x1000n" toa="null" sc_toa="null" service_center="null" read="1" status="0" locked="0" date_sent="0" readable_date="29-10-2015 20:53:03" contact_name="(Unknown)" />
</smses>