<?xml version='1.0' encoding='UTF-8' standalone='yes' ?>
<!--File Created By SMS Backup & Restore Pro v7.21 on 30/10/2015 18:58:34-->
<?xml-stylesheet type="text/xsl" href="sms.xsl"?>
<smses count="76">
  <sms protocol="0" address="+841685410901" date="1446191408176" type="1" subject="null" body="Tối chuyển số vào số này  ạ" toa="null" sc_toa="null" service_center="+84980200613" read="1" status="-1" locked="0" date_sent="1446191407000" readable_date="30-10-2015 14:50:08" contact_name="Giang" />
  <sms protocol="0" address="+841685410901" date="1446191441519" type="2" subject="null" body="Uh." toa="null" sc_toa="null" service_center="null" read="1" status="-1" locked="0" date_sent="0" readable_date="30-10-2015 14:50:41" contact_name="Giang" />
  <sms protocol="0" address="+841685410901" date="1446199705112" type="1" subject="null" body="Lo 51x300d " toa="null" sc_toa="null" service_center="+84980200613" read="1" status="-1" locked="0" date_sent="1446199700000" readable_date="30-10-2015 17:08:25" contact_name="Giang" />
  <sms protocol="0" address="+841685410901" date="1446199721892" type="2" subject="null" body="Ok" toa="null" sc_toa="null" service_center="null" read="1" status="-1" locked="0" date_sent="0" readable_date="30-10-2015 17:08:41" contact_name="Giang" />
  <sms protocol="0" address="0948723319" date="1446199741246" type="2" subject="null" body="Lo 51x300d " toa="null" sc_toa="null" service_center="null" read="1" status="-1" locked="0" date_sent="0" readable_date="30-10-2015 17:09:01" contact_name="Tuyet2" />
  <sms protocol="0" address="+841685410901" date="1446199757338" type="1" subject="null" body="đề292,383,969,797,393,66,88x 20.262,272,363,474x 10." toa="null" sc_toa="null" service_center="+84980200613" read="1" status="-1" locked="0" date_sent="1446199754000" readable_date="30-10-2015 17:09:17" contact_name="Giang" />
  <sms protocol="0" address="+84948723319" date="1446199767247" type="1" subject="null" body="Ok" toa="null" sc_toa="null" service_center="+84980200613" read="1" status="-1" locked="0" date_sent="1446199765000" readable_date="30-10-2015 17:09:27" contact_name="Tuyet2" />
  <sms protocol="0" address="+841685410901" date="1446199771548" type="2" subject="null" body="Ok" toa="null" sc_toa="null" service_center="null" read="1" status="-1" locked="0" date_sent="0" readable_date="30-10-2015 17:09:31" contact_name="Giang" />
  <sms protocol="0" address="0948723319" date="1446199794396" type="2" subject="null" body="đề292,383,969,797,393,66,88x 20.      262,272,363,474x 10." toa="null" sc_toa="null" service_center="null" read="1" status="-1" locked="0" date_sent="0" readable_date="30-10-2015 17:09:54" contact_name="Tuyet2" />
  <sms protocol="0" address="+84948723319" date="1446199861563" type="1" subject="null" body="Ok" toa="null" sc_toa="null" service_center="+84980200613" read="1" status="-1" locked="0" date_sent="1446199853000" readable_date="30-10-2015 17:11:01" contact_name="Tuyet2" />
  <sms protocol="0" address="+841685410901" date="1446200068147" type="1" subject="null" body="Kepx500n  33 99 11 22 44x100n  99x200n " toa="null" sc_toa="null" service_center="+84980200613" read="1" status="-1" locked="0" date_sent="1446200061000" readable_date="30-10-2015 17:14:28" contact_name="Giang" />
  <sms protocol="0" address="+841685410901" date="1446200082847" type="2" subject="null" body="Ok" toa="null" sc_toa="null" service_center="null" read="1" status="-1" locked="0" date_sent="0" readable_date="30-10-2015 17:14:42" contact_name="Giang" />
  <sms protocol="0" address="0948723319" date="1446200091717" type="2" subject="null" body="Kepx500n  33 99 11 22 44x100n  99x200n " toa="null" sc_toa="null" service_center="null" read="1" status="-1" locked="0" date_sent="0" readable_date="30-10-2015 17:14:51" contact_name="Tuyet2" />
  <sms protocol="0" address="+841685410901" date="1446200116159" type="1" subject="null" body="đề 292,393,474,565,383,010x 100n.090,121,232,343,454,676,787,898x 80n.272,050,161x 80n.181,363x 80n.070,252,141,696,030,585,494x 60n." toa="null" sc_toa="null" service_center="+84980200613" read="1" status="-1" locked="0" date_sent="1446200114000" readable_date="30-10-2015 17:15:16" contact_name="Giang" />
  <sms protocol="0" address="+841685410901" date="1446200126018" type="2" subject="null" body="Ok" toa="null" sc_toa="null" service_center="null" read="1" status="-1" locked="0" date_sent="0" readable_date="30-10-2015 17:15:26" contact_name="Giang" />
  <sms protocol="0" address="0948723319" date="1446200138596" type="2" subject="null" body="đề 292,393,474,565,383,010x 100n.090,121,232,343,454,676,787,898x 80n.272,050,161x 80n.181,363x 80n.070,252,141,696,030,585,494x 60n." toa="null" sc_toa="null" service_center="null" read="1" status="-1" locked="0" date_sent="0" readable_date="30-10-2015 17:15:38" contact_name="Tuyet2" />
  <sms protocol="0" address="+84948723319" date="1446200143985" type="1" subject="null" body="Ok" toa="null" sc_toa="null" service_center="+84980200613" read="1" status="-1" locked="0" date_sent="1446200141000" readable_date="30-10-2015 17:15:43" contact_name="Tuyet2" />
  <sms protocol="0" address="+84948723319" date="1446200160587" type="1" subject="null" body="Ok" toa="null" sc_toa="null" service_center="+84980200613" read="1" status="-1" locked="0" date_sent="1446200157000" readable_date="30-10-2015 17:16:00" contact_name="Tuyet2" />
  <sms protocol="0" address="+841648215916" date="1446200320714" type="1" subject="null" body="LO ;33X500D.LO 73.77.30.66.78X100D.XIEN 33.73.77X5TR.DE KEP =X8TR.DE 66X15TR.DE 99.11.191.171.393.707.363.565.101.808.303.383.737.181.686.898.505.585.X800N.DE 82.78.74.73.58.727.22.77X1TR." toa="null" sc_toa="null" service_center="+84980200613" read="1" status="-1" locked="0" date_sent="1446200315000" readable_date="30-10-2015 17:18:40" contact_name="Cong Hap" />
  <sms protocol="0" address="+841648215916" date="1446200335850" type="2" subject="null" body="Ok" toa="null" sc_toa="null" service_center="null" read="1" status="-1" locked="0" date_sent="0" readable_date="30-10-2015 17:18:55" contact_name="Cong Hap" />
  <sms protocol="0" address="+841685410901" date="1446201407224" type="1" subject="null" body="Cang 711x260n &#10;Xi 87 51 11 x100n &#10;De 11x300 30 33 44 51x20n  71x30n 73x60n kepx50n &#10;Lo 11 x100d  73x10d &#10;Dd7 x40n  11 44 55x10n kepx 150n " toa="null" sc_toa="null" service_center="+84980200613" read="1" status="-1" locked="0" date_sent="1446201406000" readable_date="30-10-2015 17:36:47" contact_name="Giang" />
  <sms protocol="0" address="+841685410901" date="1446201419587" type="2" subject="null" body="Ok" toa="null" sc_toa="null" service_center="null" read="1" status="-1" locked="0" date_sent="0" readable_date="30-10-2015 17:36:59" contact_name="Giang" />
  <sms protocol="0" address="0948723319" date="1446201434829" type="2" subject="null" body="&#10;Xi 87 51 11 x100n &#10;De 11x300 30 33 44 51x20n  71x30n 73x60n kepx50n &#10;Lo 11 x100d  73x10d &#10;Dd7 x40n  11 44 55x10n kepx 150n " toa="null" sc_toa="null" service_center="null" read="1" status="-1" locked="0" date_sent="0" readable_date="30-10-2015 17:37:14" contact_name="Tuyet2" />
  <sms protocol="0" address="+84948723319" date="1446201458073" type="1" subject="null" body="Ok" toa="null" sc_toa="null" service_center="+84980200613" read="1" status="-1" locked="0" date_sent="1446201457000" readable_date="30-10-2015 17:37:38" contact_name="Tuyet2" />
  <sms protocol="0" address="+841685410901" date="1446201952832" type="1" subject="null" body="Kép x150 n" toa="null" sc_toa="null" service_center="+84980200613" read="1" status="-1" locked="0" date_sent="1446201944000" readable_date="30-10-2015 17:45:52" contact_name="Giang" />
  <sms protocol="0" address="+841685410901" date="1446201966291" type="2" subject="null" body="Ok" toa="null" sc_toa="null" service_center="null" read="1" status="-1" locked="0" date_sent="0" readable_date="30-10-2015 17:46:06" contact_name="Giang" />
  <sms protocol="0" address="0948723319" date="1446201972672" type="2" subject="null" body="Kép x150 n" toa="null" sc_toa="null" service_center="null" read="1" status="-1" locked="0" date_sent="0" readable_date="30-10-2015 17:46:12" contact_name="Tuyet2" />
  <sms protocol="0" address="+84948723319" date="1446202087581" type="1" subject="null" body="Ok" toa="null" sc_toa="null" service_center="+84980200613" read="1" status="-1" locked="0" date_sent="1446202086000" readable_date="30-10-2015 17:48:07" contact_name="Tuyet2" />
  <sms protocol="0" address="01678838814" date="1446202139767" type="2" subject="null" body="LO ;33X500D.LO 73.77.30.66.78X100D.XIEN 33.73.77X5TR.DE KEP =X8TR.DE 66X15TR.DE 99.11.191.171.393.707.363.565.101.808.303.383.737.181.686.898.505.585.X800N.DE 82.78.74.73.58.727.22.77X1TR." toa="null" sc_toa="null" service_center="null" read="1" status="-1" locked="0" date_sent="0" readable_date="30-10-2015 17:48:59" contact_name="Vo Anh Thai" />
  <sms protocol="0" address="+841678838814" date="1446202188231" type="1" subject="null" body="Ok1" toa="null" sc_toa="null" service_center="+84980200623" read="1" status="-1" locked="0" date_sent="1446202186000" readable_date="30-10-2015 17:49:48" contact_name="Vo Anh Thai" />
  <sms protocol="0" address="+841685410901" date="1446202791075" type="1" subject="null" body="De 22x110n kepx21n  de 66x50" toa="null" sc_toa="null" service_center="+84980200613" read="1" status="-1" locked="0" date_sent="1446202790000" readable_date="30-10-2015 17:59:51" contact_name="Giang" />
  <sms protocol="0" address="+841685410901" date="1446202802973" type="2" subject="null" body="Ok" toa="null" sc_toa="null" service_center="null" read="1" status="-1" locked="0" date_sent="0" readable_date="30-10-2015 18:00:02" contact_name="Giang" />
  <sms protocol="0" address="0948723319" date="1446202821770" type="2" subject="null" body="De 22x110n kepx21n  de 66x50 88x100n" toa="null" sc_toa="null" service_center="null" read="1" status="-1" locked="0" date_sent="0" readable_date="30-10-2015 18:00:21" contact_name="Tuyet2" />
  <sms protocol="0" address="+84948723319" date="1446202857236" type="1" subject="null" body="Ok" toa="null" sc_toa="null" service_center="+84980200613" read="1" status="-1" locked="0" date_sent="1446202856000" readable_date="30-10-2015 18:00:57" contact_name="Tuyet2" />
  <sms protocol="0" address="+84971202383" date="1446203012946" type="1" subject="null" body="lo 17 x 150 &#10;03 30 27 22 76 67 54 x 250 &#10;37 73 56 65 x 450 &#10;31 75 94 36 x 150 &#10;72 11 x 50 &#10;66 57 x 350 &#10;xi 55 07 30 51 x 600&#10;de 50 64 20 x 100 &#10;11 x 200 66 x 500&#10;05 x 15tr &#10;50 x 5tr" toa="null" sc_toa="null" service_center="+84980200623" read="1" status="-1" locked="0" date_sent="1446203007000" readable_date="30-10-2015 18:03:32" contact_name="Nam1" />
  <sms protocol="0" address="+841662883398" date="1446203025540" type="1" subject="null" body="Kép bằng x1tr, 44 x 5tr" toa="null" sc_toa="null" service_center="+84980200623" read="1" status="-1" locked="0" date_sent="1446203010000" readable_date="30-10-2015 18:03:45" contact_name="Chi Hoa" />
  <sms protocol="0" address="0948723319" date="1446203036816" type="2" subject="null" body="lo 17 x 150 &#10;03 30 27 22 76 67 54 x 250 &#10;37 73 56 65 x 450 &#10;31 75 94 36 x 150 &#10;72 11 x 50 &#10;66 57 x 350 &#10;xi 55 07 30 51 x 600&#10;de 50 64 20 x 100 &#10;11 x 200 66 x 500&#10;05 x 15tr &#10;50 x 5tr" toa="null" sc_toa="null" service_center="null" read="1" status="-1" locked="0" date_sent="0" readable_date="30-10-2015 18:03:56" contact_name="Tuyet2" />
  <sms protocol="0" address="+841662883398" date="1446203040303" type="2" subject="null" body="Ok" toa="null" sc_toa="null" service_center="null" read="1" status="-1" locked="0" date_sent="0" readable_date="30-10-2015 18:04:00" contact_name="Chi Hoa" />
  <sms protocol="0" address="0948723319" date="1446203046349" type="2" subject="null" body="Kép bằng x1tr, 44 x 5tr" toa="null" sc_toa="null" service_center="null" read="1" status="-1" locked="0" date_sent="0" readable_date="30-10-2015 18:04:06" contact_name="Tuyet2" />
  <sms protocol="0" address="+84971202383" date="1446203050985" type="2" subject="null" body="Ok" toa="null" sc_toa="null" service_center="null" read="1" status="-1" locked="0" date_sent="0" readable_date="30-10-2015 18:04:10" contact_name="Nam1" />
  <sms protocol="0" address="+84948723319" date="1446203203507" type="1" subject="null" body="Ok" toa="null" sc_toa="null" service_center="+84980200613" read="1" status="-1" locked="0" date_sent="1446203201000" readable_date="30-10-2015 18:06:43" contact_name="Tuyet2" />
  <sms protocol="0" address="+841685410901" date="1446203249692" type="1" subject="null" body="Lo 74x50d" toa="null" sc_toa="null" service_center="+84980200613" read="1" status="-1" locked="0" date_sent="1446203247000" readable_date="30-10-2015 18:07:29" contact_name="Giang" />
  <sms protocol="0" address="+841685410901" date="1446203260065" type="2" subject="null" body="Ok" toa="null" sc_toa="null" service_center="null" read="1" status="-1" locked="0" date_sent="0" readable_date="30-10-2015 18:07:40" contact_name="Giang" />
  <sms protocol="0" address="0948723319" date="1446203274863" type="2" subject="null" body="Lo 74x50d" toa="null" sc_toa="null" service_center="null" read="1" status="-1" locked="0" date_sent="0" readable_date="30-10-2015 18:07:54" contact_name="Tuyet2" />
  <sms protocol="0" address="+84948723319" date="1446203360145" type="1" subject="null" body="Ok" toa="null" sc_toa="null" service_center="+84980200613" read="1" status="-1" locked="0" date_sent="1446203359000" readable_date="30-10-2015 18:09:20" contact_name="Tuyet2" />
  <sms protocol="0" address="+841685410901" date="1446203476307" type="1" subject="null" body="Lo 74x30d" toa="null" sc_toa="null" service_center="+84980200613" read="1" status="-1" locked="0" date_sent="1446203473000" readable_date="30-10-2015 18:11:16" contact_name="Giang" />
  <sms protocol="0" address="0948723319" date="1446203498527" type="2" subject="null" body="Lo 74x30d" toa="null" sc_toa="null" service_center="null" read="1" status="-1" locked="0" date_sent="0" readable_date="30-10-2015 18:11:38" contact_name="Tuyet2" />
  <sms protocol="0" address="+84971202383" date="1446203503499" type="1" subject="null" body="lo 98 x 2000&#10;30 x 12000&#10;03 x 3000&#10;54 x 5000&#10;54 x 500&#10;47 x 250 74 x 150 &#10;de 04 06 54 x 2tr &#10;76 64 56 x 1tr" toa="null" sc_toa="null" service_center="+84980200623" read="1" status="-1" locked="0" date_sent="1446203498000" readable_date="30-10-2015 18:11:43" contact_name="Nam1" />
  <sms protocol="0" address="+841685410901" date="1446203505424" type="2" subject="null" body="Ok" toa="null" sc_toa="null" service_center="null" read="1" status="-1" locked="0" date_sent="0" readable_date="30-10-2015 18:11:45" contact_name="Giang" />
  <sms protocol="0" address="0948723319" date="1446203522437" type="2" subject="null" body="lo 98 x 2000&#10;30 x 12000&#10;03 x 3000&#10;54 x 5000&#10;54 x 500&#10;47 x 250 74 x 150 &#10;de 04 06 54 x 2tr &#10;76 64 56 x 1tr" toa="null" sc_toa="null" service_center="null" read="1" status="-1" locked="0" date_sent="0" readable_date="30-10-2015 18:12:02" contact_name="Tuyet2" />
  <sms protocol="0" address="+84971202383" date="1446203535537" type="2" subject="null" body="Ok" toa="null" sc_toa="null" service_center="null" read="1" status="-1" locked="0" date_sent="0" readable_date="30-10-2015 18:12:15" contact_name="Nam1" />
  <sms protocol="0" address="+84948723319" date="1446203540346" type="1" subject="null" body="Ok" toa="null" sc_toa="null" service_center="+84980200613" read="1" status="-1" locked="0" date_sent="1446203519000" readable_date="30-10-2015 18:12:20" contact_name="Tuyet2" />
  <sms protocol="0" address="+84971202383" date="1446203588166" type="1" subject="null" body="lo 03 30 54 x 50" toa="null" sc_toa="null" service_center="+84980200623" read="1" status="-1" locked="0" date_sent="1446203585000" readable_date="30-10-2015 18:13:08" contact_name="Nam1" />
  <sms protocol="0" address="+84948723319" date="1446203594823" type="1" subject="null" body="Ok" toa="null" sc_toa="null" service_center="+84980200613" read="1" status="-1" locked="0" date_sent="1446203592000" readable_date="30-10-2015 18:13:14" contact_name="Tuyet2" />
  <sms protocol="0" address="0948723319" date="1446203608803" type="2" subject="null" body="lo 03 30 54 x 50" toa="null" sc_toa="null" service_center="null" read="1" status="-1" locked="0" date_sent="0" readable_date="30-10-2015 18:13:28" contact_name="Tuyet2" />
  <sms protocol="0" address="+84971202383" date="1446203611901" type="2" subject="null" body="Ok" toa="null" sc_toa="null" service_center="null" read="1" status="-1" locked="0" date_sent="0" readable_date="30-10-2015 18:13:31" contact_name="Nam1" />
  <sms protocol="0" address="+84948723319" date="1446203622901" type="1" subject="null" body="Ok" toa="null" sc_toa="null" service_center="+84980200613" read="1" status="-1" locked="0" date_sent="1446203619000" readable_date="30-10-2015 18:13:42" contact_name="Tuyet2" />
  <sms protocol="0" address="+841685410901" date="1446203712436" type="1" subject="null" body="De Kep x 500, 97 x 1.000, 22 44 99 00 88 77 x 500, 353 x 1.200, 22 83 x 400,03 x 300" toa="null" sc_toa="null" service_center="+84980200613" read="1" status="-1" locked="0" date_sent="1446203709000" readable_date="30-10-2015 18:15:12" contact_name="Giang" />
  <sms protocol="0" address="0948723319" date="1446203730636" type="2" subject="null" body="De Kep x 500, 97 x 1.000, 22 44 99 00 88 77 x 500, 353 x 1.200, 22 83 x 400,03 x 300" toa="null" sc_toa="null" service_center="null" read="1" status="-1" locked="0" date_sent="0" readable_date="30-10-2015 18:15:30" contact_name="Tuyet2" />
  <sms protocol="0" address="+841685410901" date="1446203733961" type="2" subject="null" body="Ok" toa="null" sc_toa="null" service_center="null" read="1" status="-1" locked="0" date_sent="0" readable_date="30-10-2015 18:15:33" contact_name="Giang" />
  <sms protocol="0" address="+84971202383" date="1446203742218" type="1" subject="null" body="de 14 33 90 x 100 39 x 200" toa="null" sc_toa="null" service_center="+84980200623" read="1" status="-1" locked="0" date_sent="1446203739000" readable_date="30-10-2015 18:15:42" contact_name="Nam1" />
  <sms protocol="0" address="+84971202383" date="1446203751436" type="2" subject="null" body="Ok" toa="null" sc_toa="null" service_center="null" read="1" status="-1" locked="0" date_sent="0" readable_date="30-10-2015 18:15:51" contact_name="Nam1" />
  <sms protocol="0" address="0948723319" date="1446203759304" type="2" subject="null" body="de 14 33 90 x 100 39 x 200" toa="null" sc_toa="null" service_center="null" read="1" status="-1" locked="0" date_sent="0" readable_date="30-10-2015 18:15:59" contact_name="Tuyet2" />
  <sms protocol="0" address="+84948723319" date="1446203807325" type="1" subject="null" body="Ok" toa="null" sc_toa="null" service_center="+84980200613" read="1" status="-1" locked="0" date_sent="1446203805000" readable_date="30-10-2015 18:16:47" contact_name="Tuyet2" />
  <sms protocol="0" address="+84948723319" date="1446204009609" type="1" subject="null" body="May qua chi nhi " toa="null" sc_toa="null" service_center="+84980200613" read="1" status="-1" locked="0" date_sent="1446204007000" readable_date="30-10-2015 18:20:09" contact_name="Tuyet2" />
  <sms protocol="0" address="+84948723319" date="1446204022090" type="2" subject="null" body="Uh" toa="null" sc_toa="null" service_center="null" read="1" status="-1" locked="0" date_sent="0" readable_date="30-10-2015 18:20:22" contact_name="Tuyet2" />
  <sms protocol="0" address="997" date="1446205191339" type="2" subject="null" body="Kqsxmb" toa="null" sc_toa="null" service_center="null" read="1" status="-1" locked="0" date_sent="0" readable_date="30-10-2015 18:39:51" contact_name="(Unknown)" />
  <sms protocol="0" address="+997" date="1446205199588" type="1" subject="null" body="MB 30/10&#10;DB:37538&#10;1:52092&#10;2:37296-20630&#10;3:11622-95803-78459-79494-20988-32994&#10;4:9571-8155-2433-7849&#10;5:6497-1777-5874-2388-4562-1653&#10;6:086-303-437&#10;7:59-39-49-56" toa="null" sc_toa="null" service_center="+84980200604" read="1" status="-1" locked="0" date_sent="1446205195000" readable_date="30-10-2015 18:39:59" contact_name="(Unknown)" />
  <sms protocol="0" address="0948723319" date="1446205630287" type="2" subject="null" body="Ngay:30/10/2015&#13;&#10;chi  chuyen cho em&#13;&#10;De:73410,0=52855,2n&#13;&#10;Lo:28640,0=621488,0n&#13;&#10;Xien:70,0=434,0n&#13;&#10;Thuong de:120,0=8400,0n&#13;&#10;Thuong lo:20580,0=1646400,0n&#13;&#10;em bu cho chi :980022,-485502=494.520+2071=496.591&#10;" toa="null" sc_toa="null" service_center="null" read="1" status="0" locked="0" date_sent="0" readable_date="30-10-2015 18:47:10" contact_name="Tuyet2" />
  <sms protocol="0" address="01648215916" date="1446205795282" type="2" subject="null" body="Ngay:30/10/2015&#13;&#10;em chuyen cho chi&#13;&#10;De:131200,0=98400,0n&#13;&#10;Lo:1000,0=22000,0n&#13;&#10;Xien:500,0=3750,0n&#13;&#10;Th de:800,0=56000,0n&#13;&#10;Th lo:700,0=56000,0n&#13;&#10;em bu cho chi:12150,+1.544.142=1.556.292&#10;" toa="null" sc_toa="null" service_center="null" read="1" status="0" locked="0" date_sent="0" readable_date="30-10-2015 18:49:55" contact_name="Cong Hap" />
  <sms protocol="0" address="0971202383" date="1446205843282" type="2" subject="null" body="Ngay:30/10/2015&#13;&#10;chau chuyen cho co &#13;&#10;De:30500,0=22051,5n&#13;&#10;Lo:28150,0=613670,0n&#13;&#10;Xien:60,0=408,0n&#13;&#10;Th lo:20500,0=1640000,0n&#13;&#10;co  bu cho chau:1003870,5n&#13;&#10;" toa="null" sc_toa="null" service_center="null" read="1" status="0" locked="0" date_sent="0" readable_date="30-10-2015 18:50:43" contact_name="Nam1" />
  <sms protocol="0" address="01685410901" date="1446205978285" type="2" subject="null" body="Ngay:30/10/2015&#13;&#10;chau chuyen cho co&#13;&#10;De:27810,0=20106,6n&#13;&#10;Lo:490,0=10682,0n&#13;&#10;3Cang:260,0=195,0n&#13;&#10;Xien:10,0=66,0n&#13;&#10;Th de:120,0=8400,0n&#13;&#10;Th lo:80,0=6400,0n&#13;&#10;chau bu cho co:16249,-1.003.870=987.621+co no 99013=1.086.637&#10;" toa="null" sc_toa="null" service_center="null" read="1" status="0" locked="0" date_sent="0" readable_date="30-10-2015 18:52:58" contact_name="Giang" />
  <sms protocol="0" address="01678838814" date="1446206053288" type="2" subject="null" body="Ngay:30/10/2015&#13;&#10;em chuyen cho chi&#13;&#10;De:131200,0=94464,0n&#13;&#10;Lo:1000,0=21800,0n&#13;&#10;Xien:500,0=3100,0n&#13;&#10;Thuong de:800,0=56000,0n&#13;&#10;Thuong lo:700,0=56000,0n&#13;&#10;em bu cho chi:7364,+318.216=325.580&#10;" toa="null" sc_toa="null" service_center="null" read="1" status="32" locked="0" date_sent="0" readable_date="30-10-2015 18:54:13" contact_name="Vo Anh Thai" />
  <sms protocol="0" address="01662883398" date="1446206131283" type="2" subject="null" body="Ngay:30/10/2015&#13;&#10;chi chuyen cho em&#13;&#10;De:15000,0=11100,0n&#13;&#10;chi bu cho em:11100,+751.433=762.533-80.000=682.533&#10;" toa="null" sc_toa="null" service_center="null" read="1" status="32" locked="0" date_sent="0" readable_date="30-10-2015 18:55:31" contact_name="Chi Hoa" />
  <sms protocol="0" address="+841662883398" date="1446206178238" type="2" subject="null" body="Em tru 80tr roi nhe" toa="null" sc_toa="null" service_center="null" read="1" status="-1" locked="0" date_sent="0" readable_date="30-10-2015 18:56:18" contact_name="Chi Hoa" />
  <sms protocol="0" address="+841662883398" date="1446206212844" type="1" subject="null" body="Ok" toa="null" sc_toa="null" service_center="+84980200623" read="1" status="-1" locked="0" date_sent="1446206210000" readable_date="30-10-2015 18:56:52" contact_name="Chi Hoa" />
</smses>