<?xml version='1.0' encoding='UTF-8' standalone='yes' ?>
<!--File Created By SMS Backup & Restore Pro v7.21 on 31/10/2015 22:18:05-->
<?xml-stylesheet type="text/xsl" href="sms.xsl"?>
<smses count="152">
  <sms protocol="0" address="VIETTEL" date="1446274453413" type="1" subject="null" body="[QC] Uu dai 100p goi noi mang, het 100p tinh phi 200d/p tru TK goc voi 45000d/30ngay. Dang ky bam goi *109*45# (100d/tin). LH 198 (200d/p). Tu choi, TC gui199" toa="null" sc_toa="null" service_center="+84980200611383" read="1" status="-1" locked="0" date_sent="1446324851000" readable_date="31-10-2015 13:54:13" contact_name="(Unknown)" />
  <sms protocol="0" address="0974282195" date="1446280378794" type="2" subject="null" body="ngay 31/10/15:&#13;&#10;THU:&#13;&#10;boss:89194;&#13;&#10;a su:2358;&#13;&#10;a t:11793&#13;&#10;BU&#13;&#10;mh:5900;&#13;&#10;v b:105480" toa="null" sc_toa="null" service_center="null" read="1" status="0" locked="0" date_sent="0" readable_date="31-10-2015 15:32:58" contact_name="(Unknown)" />
  <sms protocol="0" address="+84968193922" date="1446282496574" type="1" subject="null" body="X2.12.78.=20 ; X2.32.87.=20 ; X2.12.23.=20 ; X2.65.76.=100 ; X3.04.12.78.=50." toa="null" sc_toa="null" service_center="null" read="1" status="-1" locked="0" date_sent="0" readable_date="31-10-2015 16:08:16" contact_name="(Unknown)" />
  <sms protocol="0" address="0968193922" date="1446284860481" type="2" subject="null" body="Nhan 1 tin." toa="null" sc_toa="null" service_center="null" read="1" status="0" locked="0" date_sent="0" readable_date="31-10-2015 16:47:40" contact_name="(Unknown)" />
  <sms protocol="0" address="+84983099345" date="1446286115564" type="1" subject="null" body="lô 50x200d" toa="null" sc_toa="null" service_center="null" read="1" status="-1" locked="0" date_sent="0" readable_date="31-10-2015 17:08:35" contact_name="Viet Bo" />
  <sms protocol="0" address="0983099345" date="1446286256978" type="2" subject="null" body="Nhan 1 tin." toa="null" sc_toa="null" service_center="null" read="1" status="0" locked="0" date_sent="0" readable_date="31-10-2015 17:10:56" contact_name="Viet Bo" />
  <sms protocol="0" address="+84979399373" date="1446287259248" type="1" subject="null" body="Lô 42.24 x 10" toa="null" sc_toa="null" service_center="null" read="1" status="-1" locked="0" date_sent="0" readable_date="31-10-2015 17:27:39" contact_name="A Tung Thuy?" />
  <sms protocol="0" address="+84979399373" date="1446287274848" type="1" subject="null" body=" lô 69,52,64,42x5. Đề 82,84x30" toa="null" sc_toa="null" service_center="null" read="1" status="-1" locked="0" date_sent="0" readable_date="31-10-2015 17:27:54" contact_name="A Tung Thuy?" />
  <sms protocol="0" address="0979399373" date="1446287291984" type="2" subject="null" body="Anh gui cho EM 2 tin" toa="null" sc_toa="null" service_center="null" read="1" status="0" locked="0" date_sent="0" readable_date="31-10-2015 17:28:11" contact_name="A Tung Thuy?" />
  <sms protocol="0" address="0983650782" date="1446287306996" type="2" subject="null" body="Tin 1: lo:50x30d.42x15d.24x10d.52,64,69x5d..xi2:12,23*2d.,xi2:12,78*2d.,xi2:32,87*2d.xi3:04,12,78*5d.xi2:65,76*10d." toa="null" sc_toa="null" service_center="null" read="1" status="0" locked="0" date_sent="0" readable_date="31-10-2015 17:28:26" contact_name="A T 782 Lv" />
  <sms protocol="0" address="01677281854" date="1446287323482" type="2" subject="null" body="Tin 1: lo:50x170d." toa="null" sc_toa="null" service_center="null" read="1" status="0" locked="0" date_sent="0" readable_date="31-10-2015 17:28:43" contact_name="(Unknown)" />
  <sms protocol="0" address="109" date="1446287350585" type="2" subject="null" body="Vt100" toa="null" sc_toa="null" service_center="null" read="1" status="0" locked="0" date_sent="0" readable_date="31-10-2015 17:29:10" contact_name="(Unknown)" />
  <sms protocol="0" address="109" date="1446287370551" type="1" subject="null" body="Quy khach da dang ky thanh cong goi cuoc VT100, Viettel tru 2.500d phi tham gia va 100d phi dang ky vao TK goc. Quy khach co 200 tin nhan noi mang va cuoc goi noi mang giam con 200d/phut tru tai khoan goc. KM ap dung den 24h ngay 31/10/2015. De kiem tra so tin nhan con lai, soan KT100 gui 109 (100d/tin). Chi tiet lien he 19008198 (200d/p). Tran trong." toa="null" sc_toa="null" service_center="+84980200604" read="1" status="-1" locked="0" date_sent="1446287353000" readable_date="31-10-2015 17:29:30" contact_name="(Unknown)" />
  <sms protocol="0" address="+84974282195" date="1446287497460" type="1" subject="null" body="30x7điểm 40x3điểm." toa="null" sc_toa="null" service_center="+84980200623" read="1" status="-1" locked="0" date_sent="1446287496000" readable_date="31-10-2015 17:31:37" contact_name="(Unknown)" />
  <sms protocol="0" address="+841685897838" date="1446287504377" type="1" subject="null" body="Lo 52 51 57 11x10D 272x 5D xien 72 11 x20n 51 57 x20N) de 77 22 272 00 070 x5N" toa="null" sc_toa="null" service_center="+84980200613" read="1" status="-1" locked="0" date_sent="1446287503000" readable_date="31-10-2015 17:31:44" contact_name="Chi H. v. b" />
  <sms protocol="0" address="01685897838" date="1446287521477" type="2" subject="null" body="Nhan 1 tin." toa="null" sc_toa="null" service_center="null" read="1" status="32" locked="0" date_sent="0" readable_date="31-10-2015 17:32:01" contact_name="Chi H. v. b" />
  <sms protocol="0" address="0964386982" date="1446287543977" type="2" subject="null" body="Tin 1: lo:11,51,52,57x10d.30x7d.27,72x5d.40x3d..xi2:11,72*2d.,xi2:51,57*2d." toa="null" sc_toa="null" service_center="null" read="1" status="0" locked="0" date_sent="0" readable_date="31-10-2015 17:32:23" contact_name="A Duc" />
  <sms protocol="0" address="01677281854" date="1446287555986" type="2" subject="null" body="Tin 2: De:82,84x30n.00,07,22,27,70,72,77x5n." toa="null" sc_toa="null" service_center="null" read="1" status="0" locked="0" date_sent="0" readable_date="31-10-2015 17:32:35" contact_name="(Unknown)" />
  <sms protocol="0" address="+84968193922" date="1446287798205" type="1" subject="null" body="X2.73.01.=40 ; X2.01.12.=30 ; X2.02.32.=50 ; X2.23.53.=20." toa="null" sc_toa="null" service_center="null" read="1" status="-1" locked="0" date_sent="0" readable_date="31-10-2015 17:36:38" contact_name="(Unknown)" />
  <sms protocol="0" address="0968193922" date="1446287818482" type="2" subject="null" body="Nhan 2 tin." toa="null" sc_toa="null" service_center="null" read="1" status="0" locked="0" date_sent="0" readable_date="31-10-2015 17:36:58" contact_name="(Unknown)" />
  <sms protocol="0" address="0968193922" date="1446287821481" type="2" subject="null" body="Nhan 2 tin." toa="null" sc_toa="null" service_center="null" read="1" status="0" locked="0" date_sent="0" readable_date="31-10-2015 17:37:01" contact_name="(Unknown)" />
  <sms protocol="0" address="+84964386982" date="1446287879093" type="1" subject="null" body="bac gui cho em 1 tin" toa="null" sc_toa="null" service_center="null" read="1" status="-1" locked="0" date_sent="0" readable_date="31-10-2015 17:37:59" contact_name="A Duc" />
  <sms protocol="0" address="0983650782" date="1446287899485" type="2" subject="null" body="Tin 2: xi2:01,12*3d.xi2:23,53*2d.xi2:02,32*5d.xi2:01,73*4d." toa="null" sc_toa="null" service_center="null" read="1" status="0" locked="0" date_sent="0" readable_date="31-10-2015 17:38:19" contact_name="A T 782 Lv" />
  <sms protocol="0" address="+84983099345" date="1446287910850" type="1" subject="null" body="lo 767 282464 50x5d" toa="null" sc_toa="null" service_center="null" read="1" status="-1" locked="0" date_sent="0" readable_date="31-10-2015 17:38:30" contact_name="Viet Bo" />
  <sms protocol="0" address="+841677281854" date="1446287954461" type="1" subject="null" body="Nhan 2 tin.so tin cuoi:2." toa="null" sc_toa="null" service_center="null" read="1" status="-1" locked="0" date_sent="0" readable_date="31-10-2015 17:39:14" contact_name="(Unknown)" />
  <sms protocol="0" address="0983099345" date="1446287987981" type="2" subject="null" body="Nhan 2 tin." toa="null" sc_toa="null" service_center="null" read="1" status="0" locked="0" date_sent="0" readable_date="31-10-2015 17:39:47" contact_name="Viet Bo" />
  <sms protocol="0" address="0983650782" date="1446287999983" type="2" subject="null" body="Tin 3: lo:28,46,64,67,76,82x5d." toa="null" sc_toa="null" service_center="null" read="1" status="0" locked="0" date_sent="0" readable_date="31-10-2015 17:39:59" contact_name="A T 782 Lv" />
  <sms protocol="0" address="+841685897838" date="1446288357563" type="1" subject="null" body="Lo 72 38 x20d.494.31.40.52.10.82.86.22.12.59.38..x10d .xien 31.49.11x5d.72.38.x5d.de 292.94.595.31.22.34..x50.38.11x100n." toa="null" sc_toa="null" service_center="null" read="1" status="-1" locked="0" date_sent="0" readable_date="31-10-2015 17:45:57" contact_name="Chi H. v. b" />
  <sms protocol="0" address="01685897838" date="1446288376479" type="2" subject="null" body="Nhan 2 tin." toa="null" sc_toa="null" service_center="null" read="1" status="0" locked="0" date_sent="0" readable_date="31-10-2015 17:46:16" contact_name="Chi H. v. b" />
  <sms protocol="0" address="0964386982" date="1446288425978" type="2" subject="null" body="Tin 2: lo:38x30d.72x20d.10,12,22,31,40,49,52,59,82,86,94x10d.50x5d..xi3:11,31,49*5d.,xi2:38,72*5d." toa="null" sc_toa="null" service_center="null" read="1" status="32" locked="0" date_sent="0" readable_date="31-10-2015 17:47:05" contact_name="A Duc" />
  <sms protocol="0" address="+841685897838" date="1446288426079" type="1" subject="null" body="De Kep bang x10N kep lech x5n 77 88 66x20N lo 51 57x10D 11x5D" toa="null" sc_toa="null" service_center="null" read="1" status="-1" locked="0" date_sent="0" readable_date="31-10-2015 17:47:06" contact_name="Chi H. v. b" />
  <sms protocol="0" address="01685897838" date="1446288431977" type="2" subject="null" body="Nhan 3 tin." toa="null" sc_toa="null" service_center="null" read="1" status="0" locked="0" date_sent="0" readable_date="31-10-2015 17:47:11" contact_name="Chi H. v. b" />
  <sms protocol="0" address="01685897838" date="1446288434978" type="2" subject="null" body="Nhan 3 tin." toa="null" sc_toa="null" service_center="null" read="1" status="0" locked="0" date_sent="0" readable_date="31-10-2015 17:47:14" contact_name="Chi H. v. b" />
  <sms protocol="0" address="0964386982" date="1446288457489" type="2" subject="null" body="Tin 3: lo:51,57x10d.11x5d." toa="null" sc_toa="null" service_center="null" read="1" status="0" locked="0" date_sent="0" readable_date="31-10-2015 17:47:37" contact_name="A Duc" />
  <sms protocol="0" address="0964386982" date="1446288469477" type="2" subject="null" body="Tin 4: De:11x60n.38x55n.22x10n.94x5n." toa="null" sc_toa="null" service_center="null" read="1" status="0" locked="0" date_sent="0" readable_date="31-10-2015 17:47:49" contact_name="A Duc" />
  <sms protocol="0" address="01677281854" date="1446288482987" type="2" subject="null" body="Tin 3: De:11,22,29,31,34,38,59,92,94,95x50n.66,77,88x30n.00,33,44,55,99x10n.05,16,27,49,50,61,72,83x5n." toa="null" sc_toa="null" service_center="null" read="1" status="0" locked="0" date_sent="0" readable_date="31-10-2015 17:48:02" contact_name="(Unknown)" />
  <sms protocol="0" address="+84964386982" date="1446288497749" type="1" subject="null" body="bac gui cho em 4 tin" toa="null" sc_toa="null" service_center="null" read="1" status="-1" locked="0" date_sent="0" readable_date="31-10-2015 17:48:17" contact_name="A Duc" />
  <sms protocol="0" address="+841677281854" date="1446288523975" type="1" subject="null" body="Nhan 3 tin.so tin cuoi:3." toa="null" sc_toa="null" service_center="null" read="1" status="-1" locked="0" date_sent="0" readable_date="31-10-2015 17:48:43" contact_name="(Unknown)" />
  <sms protocol="0" address="+84983099345" date="1446288777439" type="1" subject="null" body="Lo 54x70d. 787 65x50d." toa="null" sc_toa="null" service_center="null" read="1" status="-1" locked="0" date_sent="0" readable_date="31-10-2015 17:52:57" contact_name="Viet Bo" />
  <sms protocol="0" address="0983099345" date="1446288788982" type="2" subject="null" body="Nhan 3 tin." toa="null" sc_toa="null" service_center="null" read="1" status="0" locked="0" date_sent="0" readable_date="31-10-2015 17:53:08" contact_name="Viet Bo" />
  <sms protocol="0" address="0983099345" date="1446288791978" type="2" subject="null" body="Nhan 3 tin." toa="null" sc_toa="null" service_center="null" read="1" status="0" locked="0" date_sent="0" readable_date="31-10-2015 17:53:11" contact_name="Viet Bo" />
  <sms protocol="0" address="0983650782" date="1446288815980" type="2" subject="null" body="Tin 4: lo:54,65,78,87x40d." toa="null" sc_toa="null" service_center="null" read="1" status="0" locked="0" date_sent="0" readable_date="31-10-2015 17:53:35" contact_name="A T 782 Lv" />
  <sms protocol="0" address="0964386982" date="1446288854977" type="2" subject="null" body="Tin 5: lo:54x30d.65,78,87x10d." toa="null" sc_toa="null" service_center="null" read="1" status="0" locked="0" date_sent="0" readable_date="31-10-2015 17:54:14" contact_name="A Duc" />
  <sms protocol="0" address="+84964386982" date="1446288934842" type="1" subject="null" body="bac gui cho em 5 tin" toa="null" sc_toa="null" service_center="null" read="1" status="-1" locked="0" date_sent="0" readable_date="31-10-2015 17:55:34" contact_name="A Duc" />
  <sms protocol="0" address="+841685897838" date="1446289034836" type="1" subject="null" body="lo 11.x500d.44.54x200.d.272x50d.51..20x100d.636.17x30d." toa="null" sc_toa="null" service_center="null" read="1" status="-1" locked="0" date_sent="0" readable_date="31-10-2015 17:57:14" contact_name="Chi H. v. b" />
  <sms protocol="0" address="01685897838" date="1446289060495" type="2" subject="null" body="Nhan 4 tin." toa="null" sc_toa="null" service_center="null" read="1" status="0" locked="0" date_sent="0" readable_date="31-10-2015 17:57:40" contact_name="Chi H. v. b" />
  <sms protocol="0" address="0964386982" date="1446289084480" type="2" subject="null" body="Tin 6: lo:44,20x100d.11x85d.51x80d.54x70d.27,72x50d.17,36,63x30d." toa="null" sc_toa="null" service_center="null" read="1" status="0" locked="0" date_sent="0" readable_date="31-10-2015 17:58:04" contact_name="A Duc" />
  <sms protocol="0" address="+841685897838" date="1446289098916" type="1" subject="null" body="Xjen .01.20.17x10d.44.11x30d11.94.36x10d.54.11.17x20d.93.11.44x20d" toa="null" sc_toa="null" service_center="null" read="1" status="-1" locked="0" date_sent="0" readable_date="31-10-2015 17:58:18" contact_name="Chi H. v. b" />
  <sms protocol="0" address="01685897838" date="1446289118982" type="2" subject="null" body="Nhan 5 tin." toa="null" sc_toa="null" service_center="null" read="1" status="0" locked="0" date_sent="0" readable_date="31-10-2015 17:58:38" contact_name="Chi H. v. b" />
  <sms protocol="0" address="0983650782" date="1446289142979" type="2" subject="null" body="Tin 5: xi2:11,44*30d.xi3:11,17,54*20d.,xi3:11,44,93*20d.xi3:01,17,20*10d.,xi3:11,36,94*10d." toa="null" sc_toa="null" service_center="null" read="1" status="0" locked="0" date_sent="0" readable_date="31-10-2015 17:59:02" contact_name="A T 782 Lv" />
  <sms protocol="0" address="01677281854" date="1446289156478" type="2" subject="null" body="Tin 4: lo:11x415d.54x130d.44x100d.51x20d." toa="null" sc_toa="null" service_center="null" read="1" status="32" locked="0" date_sent="0" readable_date="31-10-2015 17:59:16" contact_name="(Unknown)" />
  <sms protocol="0" address="+841677281854" date="1446289187306" type="1" subject="null" body="Nhan 4 tin.so tin cuoi:4." toa="null" sc_toa="null" service_center="null" read="1" status="-1" locked="0" date_sent="0" readable_date="31-10-2015 17:59:47" contact_name="(Unknown)" />
  <sms protocol="0" address="+84983650782" date="1446289201664" type="1" subject="null" body="Em gui cho Anh 5 tin" toa="null" sc_toa="null" service_center="null" read="1" status="-1" locked="0" date_sent="0" readable_date="31-10-2015 18:00:01" contact_name="A T 782 Lv" />
  <sms protocol="0" address="+841678171621" date="1446289339973" type="1" subject="null" body="Lo 13 x10d 53 x10d 35 x10d" toa="null" sc_toa="null" service_center="null" read="1" status="-1" locked="0" date_sent="0" readable_date="31-10-2015 18:02:19" contact_name="Minh Huan" />
  <sms protocol="0" address="0964386982" date="1446289366485" type="2" subject="null" body="Tin 7: lo:13,35,53x10d." toa="null" sc_toa="null" service_center="null" read="1" status="0" locked="0" date_sent="0" readable_date="31-10-2015 18:02:46" contact_name="A Duc" />
  <sms protocol="0" address="01678171621" date="1446289382979" type="2" subject="null" body="cau gui cho to 1 tin" toa="null" sc_toa="null" service_center="null" read="1" status="0" locked="0" date_sent="0" readable_date="31-10-2015 18:03:02" contact_name="Minh Huan" />
  <sms protocol="0" address="+84964386982" date="1446289397593" type="1" subject="null" body="bac gui cho em 7 tin" toa="null" sc_toa="null" service_center="null" read="1" status="-1" locked="0" date_sent="0" readable_date="31-10-2015 18:03:17" contact_name="A Duc" />
  <sms protocol="0" address="+841632029067" date="1446289405995" type="1" subject="null" body="Kep b x20n 11x100n 77x300n 99x400n lo 41 x70d 38 x30d" toa="null" sc_toa="null" service_center="null" read="1" status="-1" locked="0" date_sent="0" readable_date="31-10-2015 18:03:25" contact_name="(Unknown)" />
  <sms protocol="0" address="01632029067" date="1446289420481" type="2" subject="null" body="Nhan 1 tin." toa="null" sc_toa="null" service_center="null" read="1" status="0" locked="0" date_sent="0" readable_date="31-10-2015 18:03:40" contact_name="(Unknown)" />
  <sms protocol="0" address="01677281854" date="1446289444485" type="2" subject="null" body="Tin 5: lo:41x70d.38x30d." toa="null" sc_toa="null" service_center="null" read="1" status="0" locked="0" date_sent="0" readable_date="31-10-2015 18:04:04" contact_name="(Unknown)" />
  <sms protocol="0" address="+84973836212" date="1446289453393" type="1" subject="null" body="T1 lô 19.91.01..x20đ đê kbx300n" toa="null" sc_toa="null" service_center="null" read="1" status="-1" locked="0" date_sent="0" readable_date="31-10-2015 18:04:13" contact_name="Tien Em" />
  <sms protocol="0" address="0973836212" date="1446289462488" type="2" subject="null" body="Nhan 1 tin.so tin cuoi:1." toa="null" sc_toa="null" service_center="null" read="1" status="0" locked="0" date_sent="0" readable_date="31-10-2015 18:04:22" contact_name="Tien Em" />
  <sms protocol="0" address="0973836212" date="1446289465479" type="2" subject="null" body="Nhan 1 tin.so tin cuoi:1." toa="null" sc_toa="null" service_center="null" read="1" status="32" locked="0" date_sent="0" readable_date="31-10-2015 18:04:25" contact_name="Tien Em" />
  <sms protocol="0" address="+841677281854" date="1446289473143" type="1" subject="null" body="Nhan 5 tin.so tin cuoi:5." toa="null" sc_toa="null" service_center="null" read="1" status="-1" locked="0" date_sent="0" readable_date="31-10-2015 18:04:33" contact_name="(Unknown)" />
  <sms protocol="0" address="01677281854" date="1446289475978" type="2" subject="null" body="Tin 6: lo:01,19,91x20d." toa="null" sc_toa="null" service_center="null" read="1" status="32" locked="0" date_sent="0" readable_date="31-10-2015 18:04:35" contact_name="(Unknown)" />
  <sms protocol="0" address="+841685897838" date="1446289484640" type="1" subject="null" body="Dau djt 2x600.de 020.212.616.66.11.454.414.292.050.00.55x200.he 24x500." toa="null" sc_toa="null" service_center="null" read="1" status="-1" locked="0" date_sent="0" readable_date="31-10-2015 18:04:44" contact_name="Chi H. v. b" />
  <sms protocol="0" address="01685897838" date="1446289493976" type="2" subject="null" body="Nhan 6 tin." toa="null" sc_toa="null" service_center="null" read="1" status="32" locked="0" date_sent="0" readable_date="31-10-2015 18:04:53" contact_name="Chi H. v. b" />
  <sms protocol="0" address="+841678171621" date="1446289508849" type="1" subject="null" body="De 55 x 500k" toa="null" sc_toa="null" service_center="null" read="1" status="-1" locked="0" date_sent="0" readable_date="31-10-2015 18:05:08" contact_name="Minh Huan" />
  <sms protocol="0" address="01678171621" date="1446289525482" type="2" subject="null" body="cau gui cho to 2 tin" toa="null" sc_toa="null" service_center="null" read="1" status="0" locked="0" date_sent="0" readable_date="31-10-2015 18:05:25" contact_name="Minh Huan" />
  <sms protocol="0" address="+841677281854" date="1446289542896" type="1" subject="null" body="Nhan 6 tin.so tin cuoi:6." toa="null" sc_toa="null" service_center="null" read="1" status="-1" locked="0" date_sent="0" readable_date="31-10-2015 18:05:42" contact_name="(Unknown)" />
  <sms protocol="0" address="0964386982" date="1446289565978" type="2" subject="null" body="Tin 8: De:29,92,24,42,55x700n.22x690n.02,12,20,21x650n.99x570n.11,77x470n.23,25,26,27,28,32,52,62,72,82x450n.00,66x370n.47,74,79,97x350n.33,44,88x170n.05,14,16,41,45,50,54,61x50n." toa="null" sc_toa="null" service_center="null" read="1" status="32" locked="0" date_sent="0" readable_date="31-10-2015 18:06:05" contact_name="A Duc" />
  <sms protocol="0" address="+841685897838" date="1446289581325" type="1" subject="null" body="Lo 696.87x15d..xien 69.87x5d." toa="null" sc_toa="null" service_center="null" read="1" status="-1" locked="0" date_sent="0" readable_date="31-10-2015 18:06:21" contact_name="Chi H. v. b" />
  <sms protocol="0" address="01685897838" date="1446289583978" type="2" subject="null" body="Nhan 7 tin." toa="null" sc_toa="null" service_center="null" read="1" status="0" locked="0" date_sent="0" readable_date="31-10-2015 18:06:23" contact_name="Chi H. v. b" />
  <sms protocol="0" address="01685897838" date="1446289586979" type="2" subject="null" body="Nhan 7 tin." toa="null" sc_toa="null" service_center="null" read="1" status="0" locked="0" date_sent="0" readable_date="31-10-2015 18:06:26" contact_name="Chi H. v. b" />
  <sms protocol="0" address="+84964386982" date="1446289595963" type="1" subject="null" body="bac gui cho em 8 tin" toa="null" sc_toa="null" service_center="null" read="1" status="-1" locked="0" date_sent="0" readable_date="31-10-2015 18:06:35" contact_name="A Duc" />
  <sms protocol="0" address="01677281854" date="1446289600480" type="2" subject="null" body="Tin 7: lo:69,87,96x15d." toa="null" sc_toa="null" service_center="null" read="1" status="0" locked="0" date_sent="0" readable_date="31-10-2015 18:06:40" contact_name="(Unknown)" />
  <sms protocol="0" address="01677281854" date="1446289610977" type="2" subject="null" body="Tin 8: De:22x830n.29,92x600n.24,42x400n.55x320n.00,02,05,11,12,14,16,20,21,23,25,26,27,28,32,33,41,44,45,47,50,52,54,61,62,66,72,74,77,79,82,88,97,99x150n." toa="null" sc_toa="null" service_center="null" read="1" status="0" locked="0" date_sent="0" readable_date="31-10-2015 18:06:50" contact_name="(Unknown)" />
  <sms protocol="0" address="+84977655973" date="1446289619889" type="1" subject="null" body="Lo 54x5d 11x45d dau 2x15n day 04x10n 23 26 54x30n 656 66 45 63 64 62 32x10n" toa="null" sc_toa="null" service_center="null" read="1" status="-1" locked="0" date_sent="0" readable_date="31-10-2015 18:06:59" contact_name="A Su Cong Tinh Uy" />
  <sms protocol="0" address="+841685897838" date="1446289631757" type="1" subject="null" body="lo 87.43.69.96.85.76.58.65 11.49x10d." toa="null" sc_toa="null" service_center="null" read="1" status="-1" locked="0" date_sent="0" readable_date="31-10-2015 18:07:11" contact_name="Chi H. v. b" />
  <sms protocol="0" address="01685897838" date="1446289642478" type="2" subject="null" body="Nhan 8 tin." toa="null" sc_toa="null" service_center="null" read="1" status="0" locked="0" date_sent="0" readable_date="31-10-2015 18:07:22" contact_name="Chi H. v. b" />
  <sms protocol="0" address="01685897838" date="1446289643979" type="2" subject="null" body="Nhan 8 tin." toa="null" sc_toa="null" service_center="null" read="1" status="0" locked="0" date_sent="0" readable_date="31-10-2015 18:07:23" contact_name="Chi H. v. b" />
  <sms protocol="0" address="0977655973" date="1446289657478" type="2" subject="null" body="BAC gui cho EM 1 tin" toa="null" sc_toa="null" service_center="null" read="1" status="0" locked="0" date_sent="0" readable_date="31-10-2015 18:07:37" contact_name="A Su Cong Tinh Uy" />
  <sms protocol="0" address="0964386982" date="1446289670980" type="2" subject="null" body="Tin 9: lo:43,49,58,65,69,76,85,87,96x10d..xi2:69,87*5d." toa="null" sc_toa="null" service_center="null" read="1" status="0" locked="0" date_sent="0" readable_date="31-10-2015 18:07:50" contact_name="A Duc" />
  <sms protocol="0" address="+841685897838" date="1446289671350" type="1" subject="null" body="lo.00.797.44.99.232.727.x100d.383.585.505.99.22.636.44.49.55.757.x20d" toa="null" sc_toa="null" service_center="null" read="1" status="-1" locked="0" date_sent="0" readable_date="31-10-2015 18:07:51" contact_name="Chi H. v. b" />
  <sms protocol="0" address="01685897838" date="1446289678476" type="2" subject="null" body="Nhan 9 tin." toa="null" sc_toa="null" service_center="null" read="1" status="0" locked="0" date_sent="0" readable_date="31-10-2015 18:07:58" contact_name="Chi H. v. b" />
  <sms protocol="0" address="+841677281854" date="1446289683839" type="1" subject="null" body="Nhan 8 tin.so tin cuoi:8." toa="null" sc_toa="null" service_center="null" read="1" status="-1" locked="0" date_sent="0" readable_date="31-10-2015 18:08:03" contact_name="(Unknown)" />
  <sms protocol="0" address="0964386982" date="1446289703979" type="2" subject="null" body="Tin 10: lo:99,00,23,32,79,97x30d.05,22,50,55,58,75,83,85x20d.49,57x10d." toa="null" sc_toa="null" service_center="null" read="1" status="0" locked="0" date_sent="0" readable_date="31-10-2015 18:08:23" contact_name="A Duc" />
  <sms protocol="0" address="01677281854" date="1446289715984" type="2" subject="null" body="Tin 9: lo:44x120d.27,72x100d.99x90d.00,23,32,79,97x70d.11x55d.36,38,63x20d.49,57x10d.54x5d." toa="null" sc_toa="null" service_center="null" read="1" status="0" locked="0" date_sent="0" readable_date="31-10-2015 18:08:35" contact_name="(Unknown)" />
  <sms protocol="0" address="+841678171621" date="1446289727229" type="1" subject="null" body="Lo 10 x200d" toa="null" sc_toa="null" service_center="null" read="1" status="-1" locked="0" date_sent="0" readable_date="31-10-2015 18:08:47" contact_name="Minh Huan" />
  <sms protocol="0" address="01677281854" date="1446289735477" type="2" subject="null" body="Tin 10: De:23,26x45n.54x40n.45x20n.20,21,22,24,25,27,28,29x15n.04,09,32,40,56,59,62,63,64,65,66,90,95x10n." toa="null" sc_toa="null" service_center="null" read="1" status="0" locked="0" date_sent="0" readable_date="31-10-2015 18:08:55" contact_name="(Unknown)" />
  <sms protocol="0" address="+84964386982" date="1446289739990" type="1" subject="null" body="bac gui cho em 10 tin" toa="null" sc_toa="null" service_center="null" read="1" status="-1" locked="0" date_sent="0" readable_date="31-10-2015 18:08:59" contact_name="A Duc" />
  <sms protocol="0" address="+841677281854" date="1446289753289" type="1" subject="null" body="Nhan 9 tin.so tin cuoi:9." toa="null" sc_toa="null" service_center="null" read="1" status="-1" locked="0" date_sent="0" readable_date="31-10-2015 18:09:13" contact_name="(Unknown)" />
  <sms protocol="0" address="01677281854" date="1446289756480" type="2" subject="null" body="Tin 11: lo:10x200d." toa="null" sc_toa="null" service_center="null" read="1" status="0" locked="0" date_sent="0" readable_date="31-10-2015 18:09:16" contact_name="(Unknown)" />
  <sms protocol="0" address="+841678171621" date="1446289778978" type="2" subject="null" body="3tin het lo" toa="null" sc_toa="null" service_center="null" read="1" status="0" locked="0" date_sent="0" readable_date="31-10-2015 18:09:38" contact_name="Minh Huan" />
  <sms protocol="0" address="+841677281854" date="1446289787881" type="1" subject="null" body="Nhan 11 tin.so tin cuoi:11." toa="null" sc_toa="null" service_center="null" read="1" status="-1" locked="0" date_sent="0" readable_date="31-10-2015 18:09:47" contact_name="(Unknown)" />
  <sms protocol="0" address="+841677281854" date="1446289853912" type="1" subject="null" body="chau gui cho co 11 tin" toa="null" sc_toa="null" service_center="null" read="1" status="-1" locked="0" date_sent="0" readable_date="31-10-2015 18:10:53" contact_name="(Unknown)" />
  <sms protocol="0" address="+841685897838" date="1446289890477" type="1" subject="null" body="Lo 040x30d Xien 79.44.09x20d." toa="null" sc_toa="null" service_center="null" read="1" status="-1" locked="0" date_sent="0" readable_date="31-10-2015 18:11:30" contact_name="Chi H. v. b" />
  <sms protocol="0" address="01685897838" date="1446289895979" type="2" subject="null" body="Nhan 10 tin." toa="null" sc_toa="null" service_center="null" read="1" status="0" locked="0" date_sent="0" readable_date="31-10-2015 18:11:35" contact_name="Chi H. v. b" />
  <sms protocol="0" address="01685897838" date="1446289897485" type="2" subject="null" body="Nhan 10 tin." toa="null" sc_toa="null" service_center="null" read="1" status="0" locked="0" date_sent="0" readable_date="31-10-2015 18:11:37" contact_name="Chi H. v. b" />
  <sms protocol="0" address="01677281854" date="1446289915477" type="2" subject="null" body="Tin 12: lo:04,40x30d..xi3:09,44,79*20d." toa="null" sc_toa="null" service_center="null" read="1" status="0" locked="0" date_sent="0" readable_date="31-10-2015 18:11:55" contact_name="(Unknown)" />
  <sms protocol="0" address="+841677281854" date="1446289949828" type="1" subject="null" body="Nhan 12 tin.so tin cuoi:12." toa="null" sc_toa="null" service_center="null" read="1" status="-1" locked="0" date_sent="0" readable_date="31-10-2015 18:12:29" contact_name="(Unknown)" />
  <sms protocol="0" address="+841685897838" date="1446289977386" type="1" subject="null" body="De.030.949.82.060.343.363.464.232.242.020.00.595.68.202.262.747.81.44.55.56.050.x100n" toa="null" sc_toa="null" service_center="null" read="1" status="-1" locked="0" date_sent="0" readable_date="31-10-2015 18:12:57" contact_name="Chi H. v. b" />
  <sms protocol="0" address="01685897838" date="1446289984486" type="2" subject="null" body="Nhan 11 tin." toa="null" sc_toa="null" service_center="null" read="1" status="0" locked="0" date_sent="0" readable_date="31-10-2015 18:13:04" contact_name="Chi H. v. b" />
  <sms protocol="0" address="01685897838" date="1446289985980" type="2" subject="null" body="Nhan 11 tin." toa="null" sc_toa="null" service_center="null" read="1" status="0" locked="0" date_sent="0" readable_date="31-10-2015 18:13:05" contact_name="Chi H. v. b" />
  <sms protocol="0" address="0968193922" date="1446290024985" type="2" subject="null" body="Nhan 2 tin.. HET LO" toa="null" sc_toa="null" service_center="null" read="1" status="32" locked="0" date_sent="0" readable_date="31-10-2015 18:13:44" contact_name="(Unknown)" />
  <sms protocol="0" address="0983099345" date="1446290026477" type="2" subject="null" body="Nhan 3 tin.. HET LO" toa="null" sc_toa="null" service_center="null" read="1" status="32" locked="0" date_sent="0" readable_date="31-10-2015 18:13:46" contact_name="Viet Bo" />
  <sms protocol="0" address="0979399373" date="1446290027978" type="2" subject="null" body="Nhan 2 tin.. HET LO" toa="null" sc_toa="null" service_center="null" read="1" status="0" locked="0" date_sent="0" readable_date="31-10-2015 18:13:47" contact_name="A Tung Thuy?" />
  <sms protocol="0" address="0974282195" date="1446290029481" type="2" subject="null" body="Nhan 1 tin.. HET LO" toa="null" sc_toa="null" service_center="null" read="1" status="32" locked="0" date_sent="0" readable_date="31-10-2015 18:13:49" contact_name="(Unknown)" />
  <sms protocol="0" address="01685897838" date="1446290030976" type="2" subject="null" body="Nhan 11 tin.. HET LO" toa="null" sc_toa="null" service_center="null" read="1" status="0" locked="0" date_sent="0" readable_date="31-10-2015 18:13:50" contact_name="Chi H. v. b" />
  <sms protocol="0" address="01678171621" date="1446290032477" type="2" subject="null" body="Nhan 3 tin.. HET LO" toa="null" sc_toa="null" service_center="null" read="1" status="32" locked="0" date_sent="0" readable_date="31-10-2015 18:13:52" contact_name="Minh Huan" />
  <sms protocol="0" address="01632029067" date="1446290033978" type="2" subject="null" body="Nhan 1 tin.. HET LO" toa="null" sc_toa="null" service_center="null" read="1" status="32" locked="0" date_sent="0" readable_date="31-10-2015 18:13:53" contact_name="(Unknown)" />
  <sms protocol="0" address="0973836212" date="1446290035476" type="2" subject="null" body="Nhan 1 tin.so tin cuoi:1.. HET LO" toa="null" sc_toa="null" service_center="null" read="1" status="0" locked="0" date_sent="0" readable_date="31-10-2015 18:13:55" contact_name="Tien Em" />
  <sms protocol="0" address="0977655973" date="1446290036981" type="2" subject="null" body="Nhan 1 tin.. HET LO" toa="null" sc_toa="null" service_center="null" read="1" status="32" locked="0" date_sent="0" readable_date="31-10-2015 18:13:56" contact_name="A Su Cong Tinh Uy" />
  <sms protocol="0" address="+841677281854" date="1446290114471" type="1" subject="null" body="chau gui cho co 12 tin" toa="null" sc_toa="null" service_center="null" read="1" status="-1" locked="0" date_sent="0" readable_date="31-10-2015 18:15:14" contact_name="(Unknown)" />
  <sms protocol="0" address="01677281854" date="1446290122479" type="2" subject="null" body="Tin 13: De:02,20x150n.00,03,05,06,23,24,26,30,32,34,36,42,43,44,46,47,49,50,55,56,59,60,62,63,64,68,74,81,82,94,95x50n." toa="null" sc_toa="null" service_center="null" read="1" status="0" locked="0" date_sent="0" readable_date="31-10-2015 18:15:22" contact_name="(Unknown)" />
  <sms protocol="0" address="0964386982" date="1446290141980" type="2" subject="null" body="Tin 11: De:00,02,03,05,06,20,23,26,30,32,34,36,43,44,46,47,49,50,56,59,60,62,63,64,68,74,81,82,94,95x50n." toa="null" sc_toa="null" service_center="null" read="1" status="0" locked="0" date_sent="0" readable_date="31-10-2015 18:15:41" contact_name="A Duc" />
  <sms protocol="0" address="+841677281854" date="1446290151491" type="1" subject="null" body="Nhan 13 tin.so tin cuoi:13." toa="null" sc_toa="null" service_center="null" read="1" status="-1" locked="0" date_sent="0" readable_date="31-10-2015 18:15:51" contact_name="(Unknown)" />
  <sms protocol="0" address="01677281854" date="1446290155484" type="2" subject="null" body="Tin 14: De:24,42,55x50n." toa="null" sc_toa="null" service_center="null" read="1" status="0" locked="0" date_sent="0" readable_date="31-10-2015 18:15:55" contact_name="(Unknown)" />
  <sms protocol="0" address="+84964386982" date="1446290167401" type="1" subject="null" body="bac gui cho em 11 tin" toa="null" sc_toa="null" service_center="null" read="1" status="-1" locked="0" date_sent="0" readable_date="31-10-2015 18:16:07" contact_name="A Duc" />
  <sms protocol="0" address="+841685897838" date="1446290175121" type="1" subject="null" body="De.080.595.797.838.787.33.272.474.535989.636.434.828.585.717.767.070.575.95.88.31.24.26.565.60.73.00.323x100n." toa="null" sc_toa="null" service_center="null" read="1" status="-1" locked="0" date_sent="0" readable_date="31-10-2015 18:16:15" contact_name="Chi H. v. b" />
  <sms protocol="0" address="+841677281854" date="1446290188054" type="1" subject="null" body="Nhan 14 tin.so tin cuoi:14." toa="null" sc_toa="null" service_center="null" read="1" status="-1" locked="0" date_sent="0" readable_date="31-10-2015 18:16:28" contact_name="(Unknown)" />
  <sms protocol="0" address="01685897838" date="1446290188485" type="2" subject="null" body="Nhan 12 tin." toa="null" sc_toa="null" service_center="null" read="1" status="0" locked="0" date_sent="0" readable_date="31-10-2015 18:16:28" contact_name="Chi H. v. b" />
  <sms protocol="0" address="01677281854" date="1446290206479" type="2" subject="null" body="Tin 15: De:59,95x150n.00,07,08,17,23,24,26,27,28,31,32,33,34,36,38,43,47,53,56,57,58,60,63,65,67,70,71,72,73,74,75,76,78,79,80,82,83,85,87,88,89,97x50n." toa="null" sc_toa="null" service_center="null" read="1" status="0" locked="0" date_sent="0" readable_date="31-10-2015 18:16:46" contact_name="(Unknown)" />
  <sms protocol="0" address="0964386982" date="1446290221482" type="2" subject="null" body="Tin 12: De:00,07,08,17,23,26,27,28,31,32,33,34,36,38,43,47,53,56,57,58,59,60,63,65,67,70,71,72,73,74,75,76,78,79,80,82,83,85,87,88,89,95,97x50n." toa="null" sc_toa="null" service_center="null" read="1" status="0" locked="0" date_sent="0" readable_date="31-10-2015 18:17:01" contact_name="A Duc" />
  <sms protocol="0" address="01677281854" date="1446290234979" type="2" subject="null" body="Tin 16: De:24x50n." toa="null" sc_toa="null" service_center="null" read="1" status="0" locked="0" date_sent="0" readable_date="31-10-2015 18:17:14" contact_name="(Unknown)" />
  <sms protocol="0" address="+841677281854" date="1446290236010" type="1" subject="null" body="Nhan 15 tin.so tin cuoi:15." toa="null" sc_toa="null" service_center="null" read="1" status="-1" locked="0" date_sent="0" readable_date="31-10-2015 18:17:16" contact_name="(Unknown)" />
  <sms protocol="0" address="+841677281854" date="1446290265503" type="1" subject="null" body="Nhan 16 tin.so tin cuoi:16." toa="null" sc_toa="null" service_center="null" read="1" status="-1" locked="0" date_sent="0" readable_date="31-10-2015 18:17:45" contact_name="(Unknown)" />
  <sms protocol="0" address="+84964386982" date="1446290272314" type="1" subject="null" body="bac gui cho em 12 tin" toa="null" sc_toa="null" service_center="null" read="1" status="-1" locked="0" date_sent="0" readable_date="31-10-2015 18:17:52" contact_name="A Duc" />
  <sms protocol="0" address="0983650782" date="1446290726979" type="2" subject="null" body="Ngay:31/10/2015&#13;&#10;em chuyen cho anh&#13;&#10;Lo:260,0=5642,0n&#13;&#10;Xien:125,0=750,0n&#13;&#10;Thuong lo:145,0=11600,0n&#13;&#10;Thuong xien:300,0n&#13;&#10;anh bu cho em:5508,0n&#13;&#10;" toa="null" sc_toa="null" service_center="null" read="1" status="0" locked="0" date_sent="0" readable_date="31-10-2015 18:25:26" contact_name="A T 782 Lv" />
  <sms protocol="0" address="01677281854" date="1446290734479" type="2" subject="null" body="Ngay:31/10/2015&#13;&#10;chau chuyen cho co&#13;&#10;De:13875,0=9990,0n&#13;&#10;Lo:2200,0=47740,0n&#13;&#10;Xien:20,0=126,0n&#13;&#10;Thuong lo:1695,0=135600,0n&#13;&#10;co bu cho chau:77744,0n&#13;&#10;" toa="null" sc_toa="null" service_center="null" read="1" status="32" locked="0" date_sent="0" readable_date="31-10-2015 18:25:34" contact_name="(Unknown)" />
  <sms protocol="0" address="0968193922" date="1446290738995" type="2" subject="null" body="Ngay:31/10/2015&#13;&#10;chị chuyen cho EM&#13;&#10;Xien:35,0=238,0n&#13;&#10;Th xien:300,0n&#13;&#10;EM bu cho chị:62,0n&#13;&#10;" toa="null" sc_toa="null" service_center="null" read="1" status="32" locked="0" date_sent="0" readable_date="31-10-2015 18:25:38" contact_name="(Unknown)" />
  <sms protocol="0" address="0974282195" date="1446290745000" type="2" subject="null" body="Ngay:31/10/2015&#13;&#10;BAC chuyen cho EM&#13;&#10;Lo:10,0=218,0n&#13;&#10;BAC bu cho EM:218,0n&#13;&#10;" toa="null" sc_toa="null" service_center="null" read="1" status="32" locked="0" date_sent="0" readable_date="31-10-2015 18:25:45" contact_name="(Unknown)" />
  <sms protocol="0" address="01678171621" date="1446290749479" type="2" subject="null" body="Ngay:31/10/2015&#13;&#10;cau chuyen cho to&#13;&#10;De:500,0=400,0n&#13;&#10;Lo:230,0=5175,0n&#13;&#10;Th lo:200,0=16000,0n&#13;&#10;to bu cho cau:10425,0n&#13;&#10;" toa="null" sc_toa="null" service_center="null" read="1" status="0" locked="0" date_sent="0" readable_date="31-10-2015 18:25:49" contact_name="Minh Huan" />
  <sms protocol="0" address="0983099345" date="1446290754002" type="2" subject="null" body="Ngay:31/10/2015&#13;&#10;Ban chuyen cho toi&#13;&#10;Lo:455,0=9919,0n&#13;&#10;Th lo:225,0=18000,0n&#13;&#10;toi bu cho Ban:8081,0n&#13;&#10;" toa="null" sc_toa="null" service_center="null" read="1" status="32" locked="0" date_sent="0" readable_date="31-10-2015 18:25:54" contact_name="Viet Bo" />
  <sms protocol="0" address="0979399373" date="1446290756977" type="2" subject="null" body="Ngay:31/10/2015&#13;&#10;Anh chuyen cho EM&#13;&#10;De:60,0=45,0n&#13;&#10;Lo:40,0=880,0n&#13;&#10;Th lo:10,0=800,0n&#13;&#10;Anh bu cho EM:125,0n&#13;&#10;" toa="null" sc_toa="null" service_center="null" read="1" status="0" locked="0" date_sent="0" readable_date="31-10-2015 18:25:56" contact_name="A Tung Thuy?" />
  <sms protocol="0" address="0977655973" date="1446290761481" type="2" subject="null" body="Ngay:31/10/2015&#13;&#10;BAC chuyen cho EM&#13;&#10;De:400,0=320,0n&#13;&#10;Lo:50,0=1125,0n&#13;&#10;Th lo:105,0=8400,0n&#13;&#10;EM bu cho BAC:6955,0n&#13;&#10;" toa="null" sc_toa="null" service_center="null" read="1" status="32" locked="0" date_sent="0" readable_date="31-10-2015 18:26:01" contact_name="A Su Cong Tinh Uy" />
  <sms protocol="0" address="0964386982" date="1446290765979" type="2" subject="null" body="Ngay:31/10/2015&#13;&#10;em chuyen cho anh&#13;&#10;De:19630,0=14035,4n&#13;&#10;Lo:1415,0=30705,5n&#13;&#10;Xien:19,0=114,0n&#13;&#10;Thuong lo:655,0=52400,0n&#13;&#10;Thuong xien:200,0n&#13;&#10;anh bu cho em:7745,0n&#13;&#10;" toa="null" sc_toa="null" service_center="null" read="1" status="32" locked="0" date_sent="0" readable_date="31-10-2015 18:26:05" contact_name="A Duc" />
  <sms protocol="0" address="01685897838" date="1446290768977" type="2" subject="null" body="Ngay:31/10/2015&#13;&#10;chi chuyen cho EM&#13;&#10;De:28545,0=20552,4n&#13;&#10;Lo:2930,0=63727,5n&#13;&#10;Xien:129,0=864,3n&#13;&#10;Th lo:1935,0=154800,0n&#13;&#10;Th xien:200,0n&#13;&#10;EM bu cho chi:69855,8n&#13;&#10;" toa="null" sc_toa="null" service_center="null" read="1" status="0" locked="0" date_sent="0" readable_date="31-10-2015 18:26:08" contact_name="Chi H. v. b" />
  <sms protocol="0" address="01632029067" date="1446290774976" type="2" subject="null" body="Ngay:31/10/2015&#13;&#10;Chị chuyen cho EM&#13;&#10;De:1000,0=720,0n&#13;&#10;Lo:100,0=2175,0n&#13;&#10;Chị bu cho EM:2895,0n&#13;&#10;" toa="null" sc_toa="null" service_center="null" read="1" status="0" locked="0" date_sent="0" readable_date="31-10-2015 18:26:14" contact_name="(Unknown)" />
  <sms protocol="0" address="0973836212" date="1446290779482" type="2" subject="null" body="Ngay:31/10/2015&#13;&#10;may chuyen cho tao&#13;&#10;De:3000,0=2250,0n&#13;&#10;Lo:60,0=1314,0n&#13;&#10;Th lo:20,0=1600,0n&#13;&#10;may bu cho tao:1964,0n&#13;&#10;" toa="null" sc_toa="null" service_center="null" read="1" status="0" locked="0" date_sent="0" readable_date="31-10-2015 18:26:19" contact_name="Tien Em" />
  <sms protocol="0" address="+84983650782" date="1446290852261" type="1" subject="null" body="Ngay:31/10/2015&#10;Em chuyen cho Anh&#10;Lo:260,0=5642,0n&#10;Xien:125,0=750,0n&#10;Th lo:145,0=11600,0n&#10;Th xien:300,0n&#10;Anh bu cho Em:5508,0n&#10;" toa="null" sc_toa="null" service_center="null" read="0" status="-1" locked="0" date_sent="0" readable_date="31-10-2015 18:27:32" contact_name="A T 782 Lv" />
  <sms protocol="0" address="01632029067" date="1446290874315" type="2" subject="null" body="Tinh den het ngay:30/10/15 EM thu 7579n&#13;&#10;Ngay:31/10/15 Chị+62n -2895n &#13;&#10;Tong cong: EM thu 10412" toa="null" sc_toa="null" service_center="null" read="1" status="0" locked="0" date_sent="0" readable_date="31-10-2015 18:27:54" contact_name="(Unknown)" />
  <sms protocol="0" address="+84964386982" date="1446290874525" type="1" subject="null" body="Ngay:31/10/2015&#10;bac chuyen cho em&#10;De:19630,0=14035,4n&#10;Lo:1415,0=30705,5n&#10;Xien:19,0=114,0n&#10;Th lo:655,0=52400,0n&#10;Th xien:200,0n&#10;em bu cho bac:7745,0n" toa="null" sc_toa="null" service_center="+84980200623" read="1" status="-1" locked="0" date_sent="1446290874000" readable_date="31-10-2015 18:27:54" contact_name="A Duc" />
  <sms protocol="0" address="0964386982" date="1446290888662" type="2" subject="null" body="Tinh den het ngay:30/10/15 em thu 34295n&#13;&#10;Ngay:31/10/15 anh+34295n -7745n &#13;&#10;Tong cong: em thu 7745" toa="null" sc_toa="null" service_center="null" read="1" status="32" locked="0" date_sent="0" readable_date="31-10-2015 18:28:08" contact_name="A Duc" />
  <sms protocol="0" address="01678171621" date="1446290894566" type="2" subject="null" body="Tinh den het ngay:30/10/15 to bu 5900n&#13;&#10;Ngay:31/10/15 cau+10425n &#13;&#10;Tong cong: to bu 16325" toa="null" sc_toa="null" service_center="null" read="1" status="32" locked="0" date_sent="0" readable_date="31-10-2015 18:28:14" contact_name="Minh Huan" />
  <sms protocol="0" address="0973836212" date="1446290907043" type="2" subject="null" body="Tinh den het ngay:30/10/15 tao thu 3152n&#13;&#10;Ngay:31/10/15 may+2500n -1964n &#13;&#10;Tong cong: tao thu 2616" toa="null" sc_toa="null" service_center="null" read="1" status="0" locked="0" date_sent="0" readable_date="31-10-2015 18:28:27" contact_name="Tien Em" />
  <sms protocol="0" address="0977655973" date="1446290913887" type="2" subject="null" body="Tinh den het ngay:30/10/15 EM thu 2358n&#13;&#10;Ngay:31/10/15 BAC+6955n &#13;&#10;Tong cong: EM bu 4597" toa="null" sc_toa="null" service_center="null" read="1" status="32" locked="0" date_sent="0" readable_date="31-10-2015 18:28:33" contact_name="A Su Cong Tinh Uy" />
  <sms protocol="0" address="0979399373" date="1446290924553" type="2" subject="null" body="Tinh den het ngay:30/10/15 EM bu 432n&#13;&#10;Ngay:31/10/15 Anh-125n &#13;&#10;Tong cong: EM bu 307" toa="null" sc_toa="null" service_center="null" read="1" status="0" locked="0" date_sent="0" readable_date="31-10-2015 18:28:44" contact_name="A Tung Thuy?" />
  <sms protocol="0" address="0983099345" date="1446290927438" type="2" subject="null" body="Tinh den het ngay:30/10/15 toi bu 105480n&#13;&#10;Ngay:31/10/15 Ban-122120n +5000n +8081n +69881n &#13;&#10;Tong cong: toi bu 66322" toa="null" sc_toa="null" service_center="null" read="1" status="0" locked="0" date_sent="0" readable_date="31-10-2015 18:28:47" contact_name="Viet Bo" />
  <sms protocol="0" address="+841677281854" date="1446291055781" type="1" subject="null" body="Ngay:31/10/2015&#10;chau chuyen cho co&#10;De:13875,0=9990,0n&#10;Lo:2200,0=47740,0n&#10;Xien:20,0=126,0n&#10;Th lo:1695,0=135600,0n&#10;co bu cho chau:77744,0n&#10;" toa="null" sc_toa="null" service_center="null" read="1" status="-1" locked="0" date_sent="0" readable_date="31-10-2015 18:30:55" contact_name="(Unknown)" />
  <sms protocol="0" address="0983099345" date="1446304489007" type="2" subject="null" body="EM bu cho chi:69855,8n&#13;&#10;T bu c 69881&#10;" toa="null" sc_toa="null" service_center="null" read="1" status="0" locked="0" date_sent="0" readable_date="31-10-2015 22:14:49" contact_name="Viet Bo" />
  <sms protocol="0" address="+84983099345" date="1446304514215" type="1" subject="null" body="ok cậu" toa="null" sc_toa="null" service_center="+84980200623" read="0" status="-1" locked="0" date_sent="1446304513000" readable_date="31-10-2015 22:15:14" contact_name="Viet Bo" />
</smses>