<?xml version='1.0' encoding='UTF-8' standalone='yes' ?>
<!--File Created By SMS Backup & Restore Pro v7.21 on 01/11/2015 20:21:30-->
<?xml-stylesheet type="text/xsl" href="sms.xsl"?>
<smses count="187">
  <sms protocol="0" address="0978475222" date="1446335437975" type="2" subject="null" body="Lãi ngày mung 1 . 180. +135+115 =-430 " toa="null" sc_toa="null" service_center="null" read="1" status="0" locked="0" date_sent="0" readable_date="01-11-2015 06:50:37" contact_name="Huy Ly 222" />
  <sms protocol="0" address="+84978475222" date="1446340844916" type="1" subject="null" body="Ok e êiii." toa="null" sc_toa="null" service_center="+84980200613" read="1" status="-1" locked="0" date_sent="1446340840000" readable_date="01-11-2015 08:20:44" contact_name="Huy Ly 222" />
  <sms protocol="0" address="VIETTEL" date="1446344856202" type="1" subject="null" body="[QC] Tu 1/11, Viettel KM: 2.500d/ngay co 200SMS noi mang, cuoc goi noi mang 200d/p tru tai khoan goc, su dung den 24h. De dang ky theo ngay (soan VT100N gui 109); gia han tu dong hang ngay (soan VT100 gui 109). Phi gui 109: 100d/tin. LH 198 (200d/p). Tu choi, soan TC gui 199." toa="null" sc_toa="null" service_center="null" read="1" status="-1" locked="0" date_sent="0" readable_date="01-11-2015 09:27:36" contact_name="(Unknown)" />
  <sms protocol="0" address="0974282195" date="1446359892479" type="2" subject="null" body="ngay 01/11/15:&#13;&#10;THU:&#13;&#10;chi lan hau:10412;&#13;&#10;boss:10000;&#13;&#10;a duc:7745;&#13;&#10;t e :2616;&#13;&#10;a t:5508&#13;&#10;BU&#13;&#10;a su:4597" toa="null" sc_toa="null" service_center="null" read="1" status="0" locked="0" date_sent="0" readable_date="01-11-2015 13:38:12" contact_name="(Unknown)" />
  <sms protocol="0" address="109" date="1446359930294" type="2" subject="null" body="Vt100" toa="null" sc_toa="null" service_center="null" read="1" status="0" locked="0" date_sent="0" readable_date="01-11-2015 13:38:50" contact_name="(Unknown)" />
  <sms protocol="0" address="109" date="1446359949533" type="1" subject="null" body="Dang ky thanh cong, Viettel tru 2500d phi tham gia KM va 100d phi dang ky vao TK goc. Quy khach co 200 tin nhan noi mang va cuoc goi noi mang giam con 200d/phut tru tai khoan goc. TKKM se tru theo quy dinh goi cuoc. Cuoc goi se tru tu TK goc den TK KM. KM ap dung den 24h ngay 01/11/2015. Kiem tra so tin nhan, soan KT100 gui 109. Sau 24h Viettel se tu dong gia han tu 0h-7h hom sau. So tin nhan con lai khong duoc bao luu khi gia han. Huy gia han, soan HUYVT gui 109. Phi gui tin 109: 100d/tin. Luu y: KM co hieu luc sau 1 phut ke tu khi Quy khach nhan duoc tin nhan nay" toa="null" sc_toa="null" service_center="+84980200604" read="1" status="-1" locked="0" date_sent="1446359931000" readable_date="01-11-2015 13:39:09" contact_name="(Unknown)" />
  <sms protocol="0" address="5155" date="1446362030269" type="2" subject="null" body="Kqmb" toa="null" sc_toa="null" service_center="null" read="1" status="0" locked="0" date_sent="0" readable_date="01-11-2015 14:13:50" contact_name="(Unknown)" />
  <sms protocol="0" address="5155" date="1446362044246" type="1" subject="null" body="Quy khach da dang ky thanh cong dich vu Thong tin Xo so Mien Bac hang ngay (15.000d/thang). De duoc huong dan, soan HD KQMB gui 5055 (0d). De ngung su dung dich vu, soan: HUY KQMB gui 5055 (0d). Chi tiet lien he 19008198 (200d/phut). Tran trong." toa="null" sc_toa="null" service_center="+84980200604" read="1" status="-1" locked="0" date_sent="1446362029000" readable_date="01-11-2015 14:14:04" contact_name="(Unknown)" />
  <sms protocol="0" address="+84983650782" date="1446370531655" type="1" subject="null" body="ngay 31/10/15:&#10;THU:&#10;C Ha 0974156668 :5140" toa="null" sc_toa="null" service_center="+84980200613" read="1" status="-1" locked="0" date_sent="1446370529000" readable_date="01-11-2015 16:35:31" contact_name="A T 782 Lv" />
  <sms protocol="0" address="0974282195" date="1446370591833" type="2" subject="null" body="ngay 31/10/15:&#10;THU:&#10;C Ha 0974156668 :5140" toa="null" sc_toa="null" service_center="null" read="1" status="0" locked="0" date_sent="0" readable_date="01-11-2015 16:36:31" contact_name="(Unknown)" />
  <sms protocol="0" address="+84968193922" date="1446370756268" type="1" subject="null" body="X2.44.32.=20 ; X2.66.32.=20 ; X2.44.23.=20 ; X2.66.23.=20 ; X2.87.78.=20 ; X2.69.75.=50." toa="null" sc_toa="null" service_center="+84980200623" read="1" status="-1" locked="0" date_sent="1446370753000" readable_date="01-11-2015 16:39:16" contact_name="(Unknown)" />
  <sms protocol="0" address="0968193922" date="1446370798874" type="2" subject="null" body="Nhan 3 tin." toa="null" sc_toa="null" service_center="null" read="1" status="0" locked="0" date_sent="0" readable_date="01-11-2015 16:39:58" contact_name="(Unknown)" />
  <sms protocol="0" address="0968193922" date="1446370846886" type="2" subject="null" body="Nhan 1 tin." toa="null" sc_toa="null" service_center="null" read="1" status="0" locked="0" date_sent="0" readable_date="01-11-2015 16:40:46" contact_name="(Unknown)" />
  <sms protocol="0" address="+84968193922" date="1446374028852" type="1" subject="null" body="X2.27.75.=50 ; X2.75.59=50 ; X2.13.95.=100 ; &#10;X2.75.13.=40 ;." toa="null" sc_toa="null" service_center="null" read="1" status="-1" locked="0" date_sent="0" readable_date="01-11-2015 17:33:48" contact_name="(Unknown)" />
  <sms protocol="0" address="0968193922" date="1446374059890" type="2" subject="null" body="Nhan 2 tin." toa="null" sc_toa="null" service_center="null" read="1" status="0" locked="0" date_sent="0" readable_date="01-11-2015 17:34:19" contact_name="(Unknown)" />
  <sms protocol="0" address="0983650782" date="1446374080882" type="2" subject="null" body="Tin 1: xi2:23,44*2d.,xi2:23,66*2d.,xi2:32,44*2d.,xi2:32,66*2d.,xi2:78,87*2d.xi2:27,75*5d.,xi2:59,75*5d.,xi2:69,75*5d.xi2:13,95*10d.xi2:13,75*4d." toa="null" sc_toa="null" service_center="null" read="1" status="0" locked="0" date_sent="0" readable_date="01-11-2015 17:34:40" contact_name="A T 782 Lv" />
  <sms protocol="0" address="+84983099345" date="1446374210557" type="1" subject="null" body="Lô 060 363  010 32 x5 d" toa="null" sc_toa="null" service_center="null" read="1" status="-1" locked="0" date_sent="0" readable_date="01-11-2015 17:36:50" contact_name="Viet Bo" />
  <sms protocol="0" address="0983099345" date="1446374221878" type="2" subject="null" body="Nhan 1 tin." toa="null" sc_toa="null" service_center="null" read="1" status="32" locked="0" date_sent="0" readable_date="01-11-2015 17:37:01" contact_name="Viet Bo" />
  <sms protocol="0" address="+84983099345" date="1446374302672" type="1" subject="null" body="lô 03x200d" toa="null" sc_toa="null" service_center="null" read="1" status="-1" locked="0" date_sent="0" readable_date="01-11-2015 17:38:22" contact_name="Viet Bo" />
  <sms protocol="0" address="0983099345" date="1446374338880" type="2" subject="null" body="Nhan 2 tin." toa="null" sc_toa="null" service_center="null" read="1" status="0" locked="0" date_sent="0" readable_date="01-11-2015 17:38:58" contact_name="Viet Bo" />
  <sms protocol="0" address="0983099345" date="1446374340376" type="2" subject="null" body="Nhan 2 tin." toa="null" sc_toa="null" service_center="null" read="1" status="0" locked="0" date_sent="0" readable_date="01-11-2015 17:39:00" contact_name="Viet Bo" />
  <sms protocol="0" address="0983650782" date="1446374365873" type="2" subject="null" body="Tin 2: lo:03x30d.01,06,10,32,36,60,63x5d." toa="null" sc_toa="null" service_center="null" read="1" status="0" locked="0" date_sent="0" readable_date="01-11-2015 17:39:25" contact_name="A T 782 Lv" />
  <sms protocol="0" address="01677281854" date="1446374386879" type="2" subject="null" body="Tin 1: lo:03x170d." toa="null" sc_toa="null" service_center="null" read="1" status="0" locked="0" date_sent="0" readable_date="01-11-2015 17:39:46" contact_name="(Unknown)" />
  <sms protocol="0" address="+841685897838" date="1446374428687" type="1" subject="null" body="Lo 38.646x20₫" toa="null" sc_toa="null" service_center="null" read="1" status="-1" locked="0" date_sent="0" readable_date="01-11-2015 17:40:28" contact_name="Chi H. v. b" />
  <sms protocol="0" address="01685897838" date="1446374436380" type="2" subject="null" body="Nhan 1 tin." toa="null" sc_toa="null" service_center="null" read="1" status="0" locked="0" date_sent="0" readable_date="01-11-2015 17:40:36" contact_name="Chi H. v. b" />
  <sms protocol="0" address="0983650782" date="1446374478381" type="2" subject="null" body="Tin 3: lo:38,46,64x20d." toa="null" sc_toa="null" service_center="null" read="1" status="0" locked="0" date_sent="0" readable_date="01-11-2015 17:41:18" contact_name="A T 782 Lv" />
  <sms protocol="0" address="+841677281854" date="1446374768624" type="1" subject="null" body="Nhan 1 tin.so tin cuoi:1." toa="null" sc_toa="null" service_center="null" read="1" status="-1" locked="0" date_sent="0" readable_date="01-11-2015 17:46:08" contact_name="(Unknown)" />
  <sms protocol="0" address="+84979399373" date="1446374774901" type="1" subject="null" body="Lo 36.37 x10" toa="null" sc_toa="null" service_center="null" read="1" status="-1" locked="0" date_sent="0" readable_date="01-11-2015 17:46:14" contact_name="A Tung Thuy?" />
  <sms protocol="0" address="+841685897838" date="1446374800165" type="1" subject="null" body="Lo 51 57x20D 52 59 59 2702x5D xien 51 57 02x20N 95 02 51 X20N 95 51X20N 02 47X20N47 51x20N 47 57x10N" toa="null" sc_toa="null" service_center="null" read="1" status="-1" locked="0" date_sent="0" readable_date="01-11-2015 17:46:40" contact_name="Chi H. v. b" />
  <sms protocol="0" address="01685897838" date="1446374806876" type="2" subject="null" body="Nhan 2 tin." toa="null" sc_toa="null" service_center="null" read="1" status="0" locked="0" date_sent="0" readable_date="01-11-2015 17:46:46" contact_name="Chi H. v. b" />
  <sms protocol="0" address="01685897838" date="1446374808374" type="2" subject="null" body="Nhan 2 tin." toa="null" sc_toa="null" service_center="null" read="1" status="0" locked="0" date_sent="0" readable_date="01-11-2015 17:46:48" contact_name="Chi H. v. b" />
  <sms protocol="0" address="0979399373" date="1446374820379" type="2" subject="null" body="Anh gui cho EM 1 tin" toa="null" sc_toa="null" service_center="null" read="1" status="0" locked="0" date_sent="0" readable_date="01-11-2015 17:47:00" contact_name="A Tung Thuy?" />
  <sms protocol="0" address="0983650782" date="1446374845879" type="2" subject="null" body="Tin 4: lo:51,57x20d.36,37,59x10d.02,27,52x5d..xi2:02,47*2d.,xi3:02,51,57*2d.,xi3:02,51,95*2d.,xi2:47,51*2d.,xi2:51,95*2d.xi2:47,57*1d." toa="null" sc_toa="null" service_center="null" read="1" status="0" locked="0" date_sent="0" readable_date="01-11-2015 17:47:25" contact_name="A T 782 Lv" />
  <sms protocol="0" address="+841685897838" date="1446374918470" type="1" subject="null" body="Lo 75.494.11.24.x20d.40.82.52.86.75.11.24.33.30.90.98.11.x10d.de 13.23.73.83.30.11.24.x100n." toa="null" sc_toa="null" service_center="null" read="1" status="-1" locked="0" date_sent="0" readable_date="01-11-2015 17:48:38" contact_name="Chi H. v. b" />
  <sms protocol="0" address="01685897838" date="1446374932880" type="2" subject="null" body="Nhan 3 tin." toa="null" sc_toa="null" service_center="null" read="1" status="0" locked="0" date_sent="0" readable_date="01-11-2015 17:48:52" contact_name="Chi H. v. b" />
  <sms protocol="0" address="01685897838" date="1446374935877" type="2" subject="null" body="Nhan 3 tin." toa="null" sc_toa="null" service_center="null" read="1" status="0" locked="0" date_sent="0" readable_date="01-11-2015 17:48:55" contact_name="Chi H. v. b" />
  <sms protocol="0" address="0964386982" date="1446374952387" type="2" subject="null" body="Tin 1: lo:11,24,75x30d.49,94x20d.30,33,40,52,82,86,90,98x10d." toa="null" sc_toa="null" service_center="null" read="1" status="0" locked="0" date_sent="0" readable_date="01-11-2015 17:49:12" contact_name="A Duc" />
  <sms protocol="0" address="0964386982" date="1446374967374" type="2" subject="null" body="Tin 2: lo:11x10d." toa="null" sc_toa="null" service_center="null" read="1" status="0" locked="0" date_sent="0" readable_date="01-11-2015 17:49:27" contact_name="A Duc" />
  <sms protocol="0" address="+84964386982" date="1446375025806" type="1" subject="null" body="bac gui cho em 2 tin" toa="null" sc_toa="null" service_center="null" read="1" status="-1" locked="0" date_sent="0" readable_date="01-11-2015 17:50:25" contact_name="A Duc" />
  <sms protocol="0" address="+841685897838" date="1446375087930" type="1" subject="null" body="Xien 75.11.94x5d.11.24x10d.75.73x5d." toa="null" sc_toa="null" service_center="null" read="1" status="-1" locked="0" date_sent="0" readable_date="01-11-2015 17:51:27" contact_name="Chi H. v. b" />
  <sms protocol="0" address="01685897838" date="1446375099378" type="2" subject="null" body="Nhan 4 tin." toa="null" sc_toa="null" service_center="null" read="1" status="0" locked="0" date_sent="0" readable_date="01-11-2015 17:51:39" contact_name="Chi H. v. b" />
  <sms protocol="0" address="01685897838" date="1446375102376" type="2" subject="null" body="Nhan 4 tin." toa="null" sc_toa="null" service_center="null" read="1" status="0" locked="0" date_sent="0" readable_date="01-11-2015 17:51:42" contact_name="Chi H. v. b" />
  <sms protocol="0" address="+84968193922" date="1446375458598" type="1" subject="null" body="X2.44.64.=50 ; X2.69.20.=20 ;." toa="null" sc_toa="null" service_center="null" read="1" status="-1" locked="0" date_sent="0" readable_date="01-11-2015 17:57:38" contact_name="(Unknown)" />
  <sms protocol="0" address="0968193922" date="1446375499877" type="2" subject="null" body="chị gui cho EM 3 tin" toa="null" sc_toa="null" service_center="null" read="1" status="32" locked="0" date_sent="0" readable_date="01-11-2015 17:58:19" contact_name="(Unknown)" />
  <sms protocol="0" address="0964386982" date="1446375516376" type="2" subject="null" body="Tin 3: xi2:20,69*2d.xi3:11,75,94*5d.,xi2:44,64*5d.,xi2:73,75*5d.xi2:11,24*10d." toa="null" sc_toa="null" service_center="null" read="1" status="0" locked="0" date_sent="0" readable_date="01-11-2015 17:58:36" contact_name="A Duc" />
  <sms protocol="0" address="+841685897838" date="1446375545567" type="1" subject="null" body="Xjen 45.83.62x10d.80.45x30d.17.13.45x15d.80.57.45x30d.11.17.94x10d.94.27.45x20d.51.03.45.80x20d." toa="null" sc_toa="null" service_center="null" read="1" status="-1" locked="0" date_sent="0" readable_date="01-11-2015 17:59:05" contact_name="Chi H. v. b" />
  <sms protocol="0" address="01685897838" date="1446375559887" type="2" subject="null" body="Nhan 5 tin." toa="null" sc_toa="null" service_center="null" read="1" status="0" locked="0" date_sent="0" readable_date="01-11-2015 17:59:19" contact_name="Chi H. v. b" />
  <sms protocol="0" address="01685897838" date="1446375561383" type="2" subject="null" body="Nhan 5 tin." toa="null" sc_toa="null" service_center="null" read="1" status="32" locked="0" date_sent="0" readable_date="01-11-2015 17:59:21" contact_name="Chi H. v. b" />
  <sms protocol="0" address="+84983650782" date="1446375569960" type="1" subject="null" body="Em gui cho Anh 4 tin" toa="null" sc_toa="null" service_center="null" read="1" status="-1" locked="0" date_sent="0" readable_date="01-11-2015 17:59:29" contact_name="A T 782 Lv" />
  <sms protocol="0" address="0983650782" date="1446375586878" type="2" subject="null" body="Tin 5: xi3:45,57,80*30d.,xi2:45,80*30d.xi4:03,45,51,80*20d.,xi3:27,45,94*20d.xi3:11,17,94*10d.,xi3:45,62,83*10d.xi3:13,17,45*15d." toa="null" sc_toa="null" service_center="null" read="1" status="0" locked="0" date_sent="0" readable_date="01-11-2015 17:59:46" contact_name="A T 782 Lv" />
  <sms protocol="0" address="01677281854" date="1446375603377" type="2" subject="null" body="Tin 2: De:11,13,23,24,30,73,83x100n." toa="null" sc_toa="null" service_center="null" read="1" status="0" locked="0" date_sent="0" readable_date="01-11-2015 18:00:03" contact_name="(Unknown)" />
  <sms protocol="0" address="+84983099345" date="1446375605776" type="1" subject="null" body="Lo 787 65x50d." toa="null" sc_toa="null" service_center="null" read="1" status="-1" locked="0" date_sent="0" readable_date="01-11-2015 18:00:05" contact_name="Viet Bo" />
  <sms protocol="0" address="0983099345" date="1446375609379" type="2" subject="null" body="Nhan 3 tin." toa="null" sc_toa="null" service_center="null" read="1" status="32" locked="0" date_sent="0" readable_date="01-11-2015 18:00:09" contact_name="Viet Bo" />
  <sms protocol="0" address="0983099345" date="1446375612382" type="2" subject="null" body="Nhan 3 tin." toa="null" sc_toa="null" service_center="null" read="1" status="32" locked="0" date_sent="0" readable_date="01-11-2015 18:00:12" contact_name="Viet Bo" />
  <sms protocol="0" address="01677281854" date="1446375616875" type="2" subject="null" body="Tin 3: lo:65,78,87x50d." toa="null" sc_toa="null" service_center="null" read="1" status="0" locked="0" date_sent="0" readable_date="01-11-2015 18:00:16" contact_name="(Unknown)" />
  <sms protocol="0" address="+841677281854" date="1446375648090" type="1" subject="null" body="Nhan 2 tin.so tin cuoi:3.Tin thieu:2" toa="null" sc_toa="null" service_center="null" read="1" status="-1" locked="0" date_sent="0" readable_date="01-11-2015 18:00:48" contact_name="(Unknown)" />
  <sms protocol="0" address="01677281854" date="1446375692539" type="2" subject="null" body="Tin 2: De:11,13,23,24,30,73,83x100n." toa="null" sc_toa="null" service_center="null" read="1" status="0" locked="0" date_sent="0" readable_date="01-11-2015 18:01:32" contact_name="(Unknown)" />
  <sms protocol="0" address="+841677281854" date="1446375695450" type="1" subject="null" body="Nhan 3 tin.so tin cuoi:3." toa="null" sc_toa="null" service_center="+84980200623" read="1" status="-1" locked="0" date_sent="1446375692000" readable_date="01-11-2015 18:01:35" contact_name="(Unknown)" />
  <sms protocol="0" address="+84964386982" date="1446375710090" type="1" subject="null" body="bac gui cho em 3 tin" toa="null" sc_toa="null" service_center="null" read="1" status="-1" locked="0" date_sent="0" readable_date="01-11-2015 18:01:50" contact_name="A Duc" />
  <sms protocol="0" address="+841685897838" date="1446375759340" type="1" subject="null" body="Xien .44.21.26x20d." toa="null" sc_toa="null" service_center="null" read="1" status="-1" locked="0" date_sent="0" readable_date="01-11-2015 18:02:39" contact_name="Chi H. v. b" />
  <sms protocol="0" address="+841685897838" date="1446375791471" type="1" subject="null" body="Xien 00.44.09x10d." toa="null" sc_toa="null" service_center="null" read="1" status="-1" locked="0" date_sent="0" readable_date="01-11-2015 18:03:11" contact_name="Chi H. v. b" />
  <sms protocol="0" address="01685897838" date="1446375798379" type="2" subject="null" body="Nhan 7 tin." toa="null" sc_toa="null" service_center="null" read="1" status="32" locked="0" date_sent="0" readable_date="01-11-2015 18:03:18" contact_name="Chi H. v. b" />
  <sms protocol="0" address="01685897838" date="1446375801375" type="2" subject="null" body="Nhan 7 tin." toa="null" sc_toa="null" service_center="null" read="1" status="32" locked="0" date_sent="0" readable_date="01-11-2015 18:03:21" contact_name="Chi H. v. b" />
  <sms protocol="0" address="0983650782" date="1446375813383" type="2" subject="null" body="Tin 6: xi3:21,26,44*20d.xi3:00,09,44*10d." toa="null" sc_toa="null" service_center="null" read="1" status="32" locked="0" date_sent="0" readable_date="01-11-2015 18:03:33" contact_name="A T 782 Lv" />
  <sms protocol="0" address="+84983650782" date="1446375818243" type="1" subject="null" body="Em gui cho Anh 5 tin" toa="null" sc_toa="null" service_center="null" read="1" status="-1" locked="0" date_sent="0" readable_date="01-11-2015 18:03:38" contact_name="A T 782 Lv" />
  <sms protocol="0" address="+84973836212" date="1446375841335" type="1" subject="null" body="T1 lô 05.95.70 .x20đ đê kbx200n" toa="null" sc_toa="null" service_center="null" read="1" status="-1" locked="0" date_sent="0" readable_date="01-11-2015 18:04:01" contact_name="Tien Em" />
  <sms protocol="0" address="+841678171621" date="1446375848291" type="1" subject="null" body="Lo 64 x10d 30 x10d" toa="null" sc_toa="null" service_center="null" read="1" status="-1" locked="0" date_sent="0" readable_date="01-11-2015 18:04:08" contact_name="Minh Huan" />
  <sms protocol="0" address="0973836212" date="1446375855379" type="2" subject="null" body="Nhan 1 tin.so tin cuoi:1." toa="null" sc_toa="null" service_center="null" read="1" status="0" locked="0" date_sent="0" readable_date="01-11-2015 18:04:15" contact_name="Tien Em" />
  <sms protocol="0" address="0973836212" date="1446375858375" type="2" subject="null" body="Nhan 1 tin.so tin cuoi:1." toa="null" sc_toa="null" service_center="null" read="1" status="0" locked="0" date_sent="0" readable_date="01-11-2015 18:04:18" contact_name="Tien Em" />
  <sms protocol="0" address="01677281854" date="1446375871878" type="2" subject="null" body="Tin 4: lo:05,70,95x20d.30,64x10d." toa="null" sc_toa="null" service_center="null" read="1" status="0" locked="0" date_sent="0" readable_date="01-11-2015 18:04:31" contact_name="(Unknown)" />
  <sms protocol="0" address="01677281854" date="1446375897381" type="2" subject="null" body="Tin 5: De:00,11,22,33,44,55,66,77,88,99x200n." toa="null" sc_toa="null" service_center="null" read="1" status="0" locked="0" date_sent="0" readable_date="01-11-2015 18:04:57" contact_name="(Unknown)" />
  <sms protocol="0" address="+841677281854" date="1446375898843" type="1" subject="null" body="Nhan 4 tin.so tin cuoi:4." toa="null" sc_toa="null" service_center="null" read="1" status="-1" locked="0" date_sent="0" readable_date="01-11-2015 18:04:58" contact_name="(Unknown)" />
  <sms protocol="0" address="+84973836212" date="1446375901282" type="1" subject="null" body="T2 70-5đ" toa="null" sc_toa="null" service_center="null" read="1" status="-1" locked="0" date_sent="0" readable_date="01-11-2015 18:05:01" contact_name="Tien Em" />
  <sms protocol="0" address="0973836212" date="1446375910883" type="2" subject="null" body="Nhan 2 tin.so tin cuoi:2." toa="null" sc_toa="null" service_center="null" read="1" status="0" locked="0" date_sent="0" readable_date="01-11-2015 18:05:10" contact_name="Tien Em" />
  <sms protocol="0" address="+841685897838" date="1446375919426" type="1" subject="null" body=".lo 72.61.16.27.47.59.41.94.57.x20" toa="null" sc_toa="null" service_center="null" read="1" status="-1" locked="0" date_sent="0" readable_date="01-11-2015 18:05:19" contact_name="Chi H. v. b" />
  <sms protocol="0" address="01685897838" date="1446375924380" type="2" subject="null" body="Nhan 8 tin." toa="null" sc_toa="null" service_center="null" read="1" status="0" locked="0" date_sent="0" readable_date="01-11-2015 18:05:24" contact_name="Chi H. v. b" />
  <sms protocol="0" address="01685897838" date="1446375927376" type="2" subject="null" body="Nhan 8 tin." toa="null" sc_toa="null" service_center="null" read="1" status="0" locked="0" date_sent="0" readable_date="01-11-2015 18:05:27" contact_name="Chi H. v. b" />
  <sms protocol="0" address="01677281854" date="1446375945388" type="2" subject="null" body="Tin 6: lo:16,27,41,47,57,59,61,72,94x20d.70x5d." toa="null" sc_toa="null" service_center="null" read="1" status="0" locked="0" date_sent="0" readable_date="01-11-2015 18:05:45" contact_name="(Unknown)" />
  <sms protocol="0" address="+841677281854" date="1446375960898" type="1" subject="null" body="Nhan 5 tin.so tin cuoi:5." toa="null" sc_toa="null" service_center="null" read="1" status="-1" locked="0" date_sent="0" readable_date="01-11-2015 18:06:00" contact_name="(Unknown)" />
  <sms protocol="0" address="+841685897838" date="1446375964182" type="1" subject="null" body="de: lo 44.,45 ,57,00x10d" toa="null" sc_toa="null" service_center="null" read="1" status="-1" locked="0" date_sent="0" readable_date="01-11-2015 18:06:04" contact_name="Chi H. v. b" />
  <sms protocol="0" address="+841685897838" date="1446375970041" type="1" subject="null" body="lo363.010.11.080.99.656.71.x50d" toa="null" sc_toa="null" service_center="null" read="1" status="-1" locked="0" date_sent="0" readable_date="01-11-2015 18:06:10" contact_name="Chi H. v. b" />
  <sms protocol="0" address="+841677281854" date="1446375973185" type="1" subject="null" body="Nhan 6 tin.so tin cuoi:6." toa="null" sc_toa="null" service_center="null" read="1" status="-1" locked="0" date_sent="0" readable_date="01-11-2015 18:06:13" contact_name="(Unknown)" />
  <sms protocol="0" address="+84977655973" date="1446376038644" type="1" subject="null" body="Lo 59 75x10d 11x2d dau 5x25n 55 59x50n 95 99 75 85 44 656 23 25 24x10n" toa="null" sc_toa="null" service_center="+84980200623" read="1" status="-1" locked="0" date_sent="1446376035000" readable_date="01-11-2015 18:07:18" contact_name="A Su Cong Tinh Uy" />
  <sms protocol="0" address="+841678171621" date="1446376054720" type="2" subject="null" body="Ok" toa="null" sc_toa="null" service_center="null" read="1" status="0" locked="0" date_sent="0" readable_date="01-11-2015 18:07:34" contact_name="Minh Huan" />
  <sms protocol="0" address="01685897838" date="1446376068393" type="2" subject="null" body="Nhan 9 tin." toa="null" sc_toa="null" service_center="null" read="1" status="0" locked="0" date_sent="0" readable_date="01-11-2015 18:07:48" contact_name="Chi H. v. b" />
  <sms protocol="0" address="01685897838" date="1446376077376" type="2" subject="null" body="Nhan 10 tin." toa="null" sc_toa="null" service_center="null" read="1" status="0" locked="0" date_sent="0" readable_date="01-11-2015 18:07:57" contact_name="Chi H. v. b" />
  <sms protocol="0" address="01685897838" date="1446376080395" type="2" subject="null" body="Nhan 10 tin." toa="null" sc_toa="null" service_center="null" read="1" status="0" locked="0" date_sent="0" readable_date="01-11-2015 18:08:00" contact_name="Chi H. v. b" />
  <sms protocol="0" address="+841677281854" date="1446376089605" type="1" subject="null" body="chau gui cho co 6 tin" toa="null" sc_toa="null" service_center="null" read="1" status="-1" locked="0" date_sent="0" readable_date="01-11-2015 18:08:09" contact_name="(Unknown)" />
  <sms protocol="0" address="+84983650782" date="1446376103284" type="1" subject="null" body="Em gui cho Anh 6 tin" toa="null" sc_toa="null" service_center="null" read="1" status="-1" locked="0" date_sent="0" readable_date="01-11-2015 18:08:23" contact_name="A T 782 Lv" />
  <sms protocol="0" address="01677281854" date="1446376113391" type="2" subject="null" body="Tin 7: lo:11x52d.01,08,10,36,56,63,65,71,80,99x50d.00,44,45,57,59,75x10d." toa="null" sc_toa="null" service_center="null" read="1" status="0" locked="0" date_sent="0" readable_date="01-11-2015 18:08:33" contact_name="(Unknown)" />
  <sms protocol="0" address="+84973836212" date="1446376131779" type="1" subject="null" body="T3 92 x 20đ " toa="null" sc_toa="null" service_center="null" read="1" status="-1" locked="0" date_sent="0" readable_date="01-11-2015 18:08:51" contact_name="Tien Em" />
  <sms protocol="0" address="+841685897838" date="1446376137526" type="1" subject="null" body="Lo 45.636x200d.17.131 20.51.94..11.353x50d" toa="null" sc_toa="null" service_center="null" read="1" status="-1" locked="0" date_sent="0" readable_date="01-11-2015 18:08:57" contact_name="Chi H. v. b" />
  <sms protocol="0" address="0973836212" date="1446376140380" type="2" subject="null" body="Nhan 3 tin.so tin cuoi:3." toa="null" sc_toa="null" service_center="null" read="1" status="0" locked="0" date_sent="0" readable_date="01-11-2015 18:09:00" contact_name="Tien Em" />
  <sms protocol="0" address="01685897838" date="1446376141875" type="2" subject="null" body="Nhan 11 tin." toa="null" sc_toa="null" service_center="null" read="1" status="32" locked="0" date_sent="0" readable_date="01-11-2015 18:09:01" contact_name="Chi H. v. b" />
  <sms protocol="0" address="01685897838" date="1446376144874" type="2" subject="null" body="Nhan 11 tin." toa="null" sc_toa="null" service_center="null" read="1" status="0" locked="0" date_sent="0" readable_date="01-11-2015 18:09:04" contact_name="Chi H. v. b" />
  <sms protocol="0" address="01677281854" date="1446376162877" type="2" subject="null" body="Tin 8: lo:36,45,63x200d.11,13,17,20,31,35,51,53,94x50d.92x20d." toa="null" sc_toa="null" service_center="null" read="1" status="32" locked="0" date_sent="0" readable_date="01-11-2015 18:09:22" contact_name="(Unknown)" />
  <sms protocol="0" address="+841677281854" date="1446376179740" type="1" subject="null" body="Nhan 7 tin.so tin cuoi:7." toa="null" sc_toa="null" service_center="null" read="1" status="-1" locked="0" date_sent="0" readable_date="01-11-2015 18:09:39" contact_name="(Unknown)" />
  <sms protocol="0" address="+841677281854" date="1446376184940" type="1" subject="null" body="Nhan 8 tin.so tin cuoi:8." toa="null" sc_toa="null" service_center="null" read="1" status="-1" locked="0" date_sent="0" readable_date="01-11-2015 18:09:44" contact_name="(Unknown)" />
  <sms protocol="0" address="+841685897838" date="1446376188914" type="1" subject="null" body="Lo 45.75x10d de 45.55.99.494.x50d." toa="null" sc_toa="null" service_center="null" read="1" status="-1" locked="0" date_sent="0" readable_date="01-11-2015 18:09:48" contact_name="Chi H. v. b" />
  <sms protocol="0" address="01685897838" date="1446376200374" type="2" subject="null" body="Nhan 12 tin." toa="null" sc_toa="null" service_center="null" read="1" status="0" locked="0" date_sent="0" readable_date="01-11-2015 18:10:00" contact_name="Chi H. v. b" />
  <sms protocol="0" address="01685897838" date="1446376203376" type="2" subject="null" body="Nhan 12 tin." toa="null" sc_toa="null" service_center="null" read="1" status="0" locked="0" date_sent="0" readable_date="01-11-2015 18:10:03" contact_name="Chi H. v. b" />
  <sms protocol="0" address="0964386982" date="1446376216876" type="2" subject="null" body="Tin 4: lo:45,75x10d." toa="null" sc_toa="null" service_center="null" read="1" status="0" locked="0" date_sent="0" readable_date="01-11-2015 18:10:16" contact_name="A Duc" />
  <sms protocol="0" address="+841685897838" date="1446376228427" type="1" subject="null" body="De He13 22 11x5N 797 818 25x5N lo 57 51X15D 02X5D(XIEN 57 52x20N 51 95 87 05x20N)" toa="null" sc_toa="null" service_center="null" read="1" status="-1" locked="0" date_sent="0" readable_date="01-11-2015 18:10:28" contact_name="Chi H. v. b" />
  <sms protocol="0" address="0977655973" date="1446376237878" type="2" subject="null" body="BAC gui cho EM 1 tin" toa="null" sc_toa="null" service_center="null" read="1" status="32" locked="0" date_sent="0" readable_date="01-11-2015 18:10:37" contact_name="A Su Cong Tinh Uy" />
  <sms protocol="0" address="+84964386982" date="1446376246272" type="1" subject="null" body="bac gui cho em 4 tin" toa="null" sc_toa="null" service_center="null" read="1" status="-1" locked="0" date_sent="0" readable_date="01-11-2015 18:10:46" contact_name="A Duc" />
  <sms protocol="0" address="01685897838" date="1446376260374" type="2" subject="null" body="Nhan 13 tin." toa="null" sc_toa="null" service_center="null" read="1" status="0" locked="0" date_sent="0" readable_date="01-11-2015 18:11:00" contact_name="Chi H. v. b" />
  <sms protocol="0" address="0964386982" date="1446376269377" type="2" subject="null" body="Tin 5: lo:51,57x15d.02x5d..xi4:05,51,87,95*2d.,xi2:52,57*2d." toa="null" sc_toa="null" service_center="null" read="1" status="0" locked="0" date_sent="0" readable_date="01-11-2015 18:11:09" contact_name="A Duc" />
  <sms protocol="0" address="+841677281854" date="1446376287467" type="1" subject="null" body="chau gui cho co 8 tin" toa="null" sc_toa="null" service_center="null" read="1" status="-1" locked="0" date_sent="0" readable_date="01-11-2015 18:11:27" contact_name="(Unknown)" />
  <sms protocol="0" address="+841685897838" date="1446376302090" type="1" subject="null" body="Ba cang.267.833.453.059.189.271.279.147.479.165.653.631.599.685.358.439.649.147.323.320.920.403.050.505.501.010.003.009.x100n." toa="null" sc_toa="null" service_center="null" read="1" status="-1" locked="0" date_sent="0" readable_date="01-11-2015 18:11:42" contact_name="Chi H. v. b" />
  <sms protocol="0" address="01685897838" date="1446376309873" type="2" subject="null" body="Nhan 14 tin." toa="null" sc_toa="null" service_center="null" read="1" status="0" locked="0" date_sent="0" readable_date="01-11-2015 18:11:49" contact_name="Chi H. v. b" />
  <sms protocol="0" address="01685897838" date="1446376311376" type="2" subject="null" body="Nhan 14 tin." toa="null" sc_toa="null" service_center="null" read="1" status="0" locked="0" date_sent="0" readable_date="01-11-2015 18:11:51" contact_name="Chi H. v. b" />
  <sms protocol="0" address="+841685897838" date="1446376336057" type="1" subject="null" body="Dau djt 2x600.de 020.212.616.66.11.454.414.292.050.00.55x200.he 24x500.dau djt 0.x200" toa="null" sc_toa="null" service_center="null" read="1" status="-1" locked="0" date_sent="0" readable_date="01-11-2015 18:12:16" contact_name="Chi H. v. b" />
  <sms protocol="0" address="0964386982" date="1446376338384" type="2" subject="null" body="Tin 6: Ba cang:003,009,010,050,059,165,189,267,271,279,320,323,358,403,439,453,479,501,505,599,631,649,653,685,833,920x30n.147x130n." toa="null" sc_toa="null" service_center="null" read="1" status="32" locked="0" date_sent="0" readable_date="01-11-2015 18:12:18" contact_name="A Duc" />
  <sms protocol="0" address="01685897838" date="1446376344376" type="2" subject="null" body="Nhan 15 tin." toa="null" sc_toa="null" service_center="null" read="1" status="0" locked="0" date_sent="0" readable_date="01-11-2015 18:12:24" contact_name="Chi H. v. b" />
  <sms protocol="0" address="01685897838" date="1446376347374" type="2" subject="null" body="Nhan 15 tin." toa="null" sc_toa="null" service_center="null" read="1" status="0" locked="0" date_sent="0" readable_date="01-11-2015 18:12:27" contact_name="Chi H. v. b" />
  <sms protocol="0" address="0983650782" date="1446376365382" type="2" subject="null" body="Tin 7: Ba cang:147,003,009,010,050,059,165,189,267,271,279,320,323,358,403,439,453,479,501,505,599,631,649,653,685,833,920x70n." toa="null" sc_toa="null" service_center="null" read="1" status="0" locked="0" date_sent="0" readable_date="01-11-2015 18:12:45" contact_name="A T 782 Lv" />
  <sms protocol="0" address="+84964386982" date="1446376399992" type="1" subject="null" body="bac gui cho em 6 tin" toa="null" sc_toa="null" service_center="null" read="1" status="-1" locked="0" date_sent="0" readable_date="01-11-2015 18:13:19" contact_name="A Duc" />
  <sms protocol="0" address="0983650782" date="1446376419381" type="2" subject="null" body="Tin 8: De:29,92,22,24,42,02,20,12,21,52,25,23,27,72,00,26,28,32,62,82,79,97,47,74,50,05x300n.55x225n.45x150n.54x125n.11,16,61,66x105n.01,03,04,06,07,08,09,10,14,30,40,41,60,70,80,90x100n." toa="null" sc_toa="null" service_center="null" read="1" status="0" locked="0" date_sent="0" readable_date="01-11-2015 18:13:39" contact_name="A T 782 Lv" />
  <sms protocol="0" address="01677281854" date="1446376446375" type="2" subject="null" body="Tin9: de:29,92x1000n.22x905n.24x810n.42x800n.02,20x700n.12,21x500n.52x325n.25x315n.23x310n.27,72x305n.00,26,28,32,62,82x300n.79,97x205n.47,74x200n.50x125n.01,03,04,05,06,07,08,09,10,11,14,16,30,40,41,45,54,55,60,61,66,70,80,90x100n.59x75n.99x60n.49,94x50n.56x35n.51,53,57,58x25n." toa="null" sc_toa="null" service_center="null" read="1" status="0" locked="0" date_sent="0" readable_date="01-11-2015 18:14:06" contact_name="(Unknown)" />
  <sms protocol="0" address="01677281854" date="1446376458373" type="2" subject="null" body="Tin10: de:18,44,65,75,81,85,95x10n.13,31,36,63,68,77,86x5n." toa="null" sc_toa="null" service_center="null" read="1" status="0" locked="0" date_sent="0" readable_date="01-11-2015 18:14:18" contact_name="(Unknown)" />
  <sms protocol="0" address="+841677281854" date="1446376473402" type="1" subject="null" body="Nhan 9 tin.so tin cuoi:9." toa="null" sc_toa="null" service_center="null" read="1" status="-1" locked="0" date_sent="0" readable_date="01-11-2015 18:14:33" contact_name="(Unknown)" />
  <sms protocol="0" address="+84983650782" date="1446376482519" type="1" subject="null" body="Em gui cho Anh 8 tin" toa="null" sc_toa="null" service_center="null" read="1" status="-1" locked="0" date_sent="0" readable_date="01-11-2015 18:14:42" contact_name="A T 782 Lv" />
  <sms protocol="0" address="+841677281854" date="1446376485704" type="1" subject="null" body="Nhan 10 tin.so tin cuoi:10." toa="null" sc_toa="null" service_center="null" read="1" status="-1" locked="0" date_sent="0" readable_date="01-11-2015 18:14:45" contact_name="(Unknown)" />
  <sms protocol="0" address="01678171621" date="1446376549880" type="2" subject="null" body="cau gui cho to 1 tin" toa="null" sc_toa="null" service_center="null" read="1" status="0" locked="0" date_sent="0" readable_date="01-11-2015 18:15:49" contact_name="Minh Huan" />
  <sms protocol="0" address="01685897838" date="1446376551376" type="2" subject="null" body="chi gui cho EM 15 tin" toa="null" sc_toa="null" service_center="null" read="1" status="0" locked="0" date_sent="0" readable_date="01-11-2015 18:15:51" contact_name="Chi H. v. b" />
  <sms protocol="0" address="0973836212" date="1446376552874" type="2" subject="null" body="may gui cho tao 3 tin" toa="null" sc_toa="null" service_center="null" read="1" status="0" locked="0" date_sent="0" readable_date="01-11-2015 18:15:52" contact_name="Tien Em" />
  <sms protocol="0" address="0983099345" date="1446376554377" type="2" subject="null" body="Ban gui cho toi 3 tin" toa="null" sc_toa="null" service_center="null" read="1" status="32" locked="0" date_sent="0" readable_date="01-11-2015 18:15:54" contact_name="Viet Bo" />
  <sms protocol="0" address="+841685897838" date="1446376576599" type="1" subject="null" body="De 040.090.080.030.353.85.545x200." toa="null" sc_toa="null" service_center="null" read="1" status="-1" locked="0" date_sent="0" readable_date="01-11-2015 18:16:16" contact_name="Chi H. v. b" />
  <sms protocol="0" address="01685897838" date="1446376581377" type="2" subject="null" body="Nhan 16 tin." toa="null" sc_toa="null" service_center="null" read="1" status="32" locked="0" date_sent="0" readable_date="01-11-2015 18:16:21" contact_name="Chi H. v. b" />
  <sms protocol="0" address="01685897838" date="1446376582881" type="2" subject="null" body="Nhan 16 tin." toa="null" sc_toa="null" service_center="null" read="1" status="32" locked="0" date_sent="0" readable_date="01-11-2015 18:16:22" contact_name="Chi H. v. b" />
  <sms protocol="0" address="01677281854" date="1446376602379" type="2" subject="null" body="Tin 11: De:03,04,08,09,30,35,40,45,53,54,80,85,90x200n." toa="null" sc_toa="null" service_center="null" read="1" status="0" locked="0" date_sent="0" readable_date="01-11-2015 18:16:42" contact_name="(Unknown)" />
  <sms protocol="0" address="+841677281854" date="1446376625912" type="1" subject="null" body="chau gui cho co 10 tin" toa="null" sc_toa="null" service_center="null" read="1" status="-1" locked="0" date_sent="0" readable_date="01-11-2015 18:17:05" contact_name="(Unknown)" />
  <sms protocol="0" address="+841677281854" date="1446376652798" type="1" subject="null" body="Nhan 11 tin.so tin cuoi:11." toa="null" sc_toa="null" service_center="null" read="1" status="-1" locked="0" date_sent="0" readable_date="01-11-2015 18:17:32" contact_name="(Unknown)" />
  <sms protocol="0" address="+841685897838" date="1446376713576" type="1" subject="null" body="Hai kep.x500n.33.838.434.898.59.40.171.767.969.727.949.00x300n" toa="null" sc_toa="null" service_center="null" read="1" status="-1" locked="0" date_sent="0" readable_date="01-11-2015 18:18:33" contact_name="Chi H. v. b" />
  <sms protocol="0" address="01685897838" date="1446376719475" type="2" subject="null" body="Nhan 17 tin." toa="null" sc_toa="null" service_center="null" read="1" status="0" locked="0" date_sent="0" readable_date="01-11-2015 18:18:39" contact_name="Chi H. v. b" />
  <sms protocol="0" address="01685897838" date="1446376722479" type="2" subject="null" body="Nhan 17 tin." toa="null" sc_toa="null" service_center="null" read="1" status="32" locked="0" date_sent="0" readable_date="01-11-2015 18:18:42" contact_name="Chi H. v. b" />
  <sms protocol="0" address="+841685897838" date="1446376747650" type="1" subject="null" body="De.090.989.434.535.00.505.060.101.525.626.71.414.969.454.595.040.73.82.949.99.232.565.20.52.42.47.797.x500n." toa="null" sc_toa="null" service_center="null" read="1" status="-1" locked="0" date_sent="0" readable_date="01-11-2015 18:19:07" contact_name="Chi H. v. b" />
  <sms protocol="0" address="0964386982" date="1446376747980" type="2" subject="null" body="Tin 7: De:00,27,33,38,49,72,83,94,05,11,16,22,44,50,55,61,66,77,88,99x500n.17,34,40,43,59,67,69,71,76,89,96,98x300n." toa="null" sc_toa="null" service_center="null" read="1" status="32" locked="0" date_sent="0" readable_date="01-11-2015 18:19:07" contact_name="A Duc" />
  <sms protocol="0" address="01685897838" date="1446376755478" type="2" subject="null" body="Nhan 18 tin." toa="null" sc_toa="null" service_center="null" read="1" status="32" locked="0" date_sent="0" readable_date="01-11-2015 18:19:15" contact_name="Chi H. v. b" />
  <sms protocol="0" address="01685897838" date="1446376758479" type="2" subject="null" body="Nhan 18 tin." toa="null" sc_toa="null" service_center="null" read="1" status="0" locked="0" date_sent="0" readable_date="01-11-2015 18:19:18" contact_name="Chi H. v. b" />
  <sms protocol="0" address="0964386982" date="1446376764480" type="2" subject="null" body="Tin 8: De:52,01,04,06,09,10,14,20,23,25,26,32,35,41,42,45,47,53,54,56,60,62,65,73,79,82,90,95,97x500n.34,40,43,59,69,71,89,96,98x200n." toa="null" sc_toa="null" service_center="null" read="1" status="0" locked="0" date_sent="0" readable_date="01-11-2015 18:19:24" contact_name="A Duc" />
  <sms protocol="0" address="+841685897838" date="1446376770779" type="1" subject="null" body="De.343.141.353.515.545.313.232.303.404.010.050.00.464.676.595.797.686.181.71.99.77.11.66.x800n" toa="null" sc_toa="null" service_center="null" read="1" status="-1" locked="0" date_sent="0" readable_date="01-11-2015 18:19:30" contact_name="Chi H. v. b" />
  <sms protocol="0" address="01685897838" date="1446376774978" type="2" subject="null" body="Nhan 19 tin." toa="null" sc_toa="null" service_center="null" read="1" status="0" locked="0" date_sent="0" readable_date="01-11-2015 18:19:34" contact_name="Chi H. v. b" />
  <sms protocol="0" address="01685897838" date="1446376776477" type="2" subject="null" body="Nhan 19 tin." toa="null" sc_toa="null" service_center="null" read="1" status="0" locked="0" date_sent="0" readable_date="01-11-2015 18:19:36" contact_name="Chi H. v. b" />
  <sms protocol="0" address="0964386982" date="1446376794479" type="2" subject="null" body="Tin 9: De:03,13,15,18,30,31,46,51,64,68,81,86x700n.67,76x400n.00,05,50,99,34,40,43,59,71,01,04,10,11,14,23,32,35,41,45,49,53,54,66,77,79,94,95,97,52,27,33,38,69,72,83,89,96,98x200n." toa="null" sc_toa="null" service_center="null" read="1" status="0" locked="0" date_sent="0" readable_date="01-11-2015 18:19:54" contact_name="A Duc" />
  <sms protocol="0" address="01677281854" date="1446376806479" type="2" subject="null" body="Tin 12: De:00x1400n.05,50,99x1100n.34,40,43,59,71x900n.01,04,10,11,14,23,32,35,41,45,49,53,54,66,77,79,94,95,97x600n.67,76x400n.52x300n.03,13,15,18,27,30,31,33,38,46,51,64,68,69,72,81,83,86,89,96,98x100n." toa="null" sc_toa="null" service_center="null" read="1" status="0" locked="0" date_sent="0" readable_date="01-11-2015 18:20:06" contact_name="(Unknown)" />
  <sms protocol="0" address="+84964386982" date="1446376895697" type="1" subject="null" body="bac gui cho em 9 tin" toa="null" sc_toa="null" service_center="null" read="1" status="-1" locked="0" date_sent="0" readable_date="01-11-2015 18:21:35" contact_name="A Duc" />
  <sms protocol="0" address="+841677281854" date="1446376939505" type="1" subject="null" body="Nhan 12 tin.so tin cuoi:12." toa="null" sc_toa="null" service_center="null" read="1" status="-1" locked="0" date_sent="0" readable_date="01-11-2015 18:22:19" contact_name="(Unknown)" />
  <sms protocol="0" address="0968193922" date="1446376951974" type="2" subject="null" body="Nhan 3 tin.. HET DE" toa="null" sc_toa="null" service_center="null" read="1" status="32" locked="0" date_sent="0" readable_date="01-11-2015 18:22:31" contact_name="(Unknown)" />
  <sms protocol="0" address="0983099345" date="1446376953475" type="2" subject="null" body="Nhan 3 tin.. HET DE" toa="null" sc_toa="null" service_center="null" read="1" status="32" locked="0" date_sent="0" readable_date="01-11-2015 18:22:33" contact_name="Viet Bo" />
  <sms protocol="0" address="01685897838" date="1446376954976" type="2" subject="null" body="Nhan 19 tin.. HET DE" toa="null" sc_toa="null" service_center="null" read="1" status="32" locked="0" date_sent="0" readable_date="01-11-2015 18:22:34" contact_name="Chi H. v. b" />
  <sms protocol="0" address="0979399373" date="1446376956475" type="2" subject="null" body="Nhan 1 tin.. HET DE" toa="null" sc_toa="null" service_center="null" read="1" status="0" locked="0" date_sent="0" readable_date="01-11-2015 18:22:36" contact_name="A Tung Thuy?" />
  <sms protocol="0" address="0973836212" date="1446376957978" type="2" subject="null" body="Nhan 3 tin.so tin cuoi:3.. HET DE" toa="null" sc_toa="null" service_center="null" read="1" status="32" locked="0" date_sent="0" readable_date="01-11-2015 18:22:37" contact_name="Tien Em" />
  <sms protocol="0" address="01678171621" date="1446376959480" type="2" subject="null" body="Nhan 1 tin.. HET DE" toa="null" sc_toa="null" service_center="null" read="1" status="32" locked="0" date_sent="0" readable_date="01-11-2015 18:22:39" contact_name="Minh Huan" />
  <sms protocol="0" address="0977655973" date="1446376960973" type="2" subject="null" body="Nhan 1 tin.. HET DE" toa="null" sc_toa="null" service_center="null" read="1" status="32" locked="0" date_sent="0" readable_date="01-11-2015 18:22:40" contact_name="A Su Cong Tinh Uy" />
  <sms protocol="0" address="+84983650782" date="1446377293666" type="1" subject="null" body="Ngay:01/11/2015&#10;Em chuyen cho Anh&#10;De:10320,0=7399,4n&#10;Lo:210,0=4557,0n&#10;3Cang:1890,0=1247,4n&#10;Xien:215,0=1290,0n&#10;Th lo:55,0=4400,0n&#10;Th xien:4200,0n&#10;Em bu cho Anh:5893,8n&#10;" toa="null" sc_toa="null" service_center="null" read="1" status="-1" locked="0" date_sent="0" readable_date="01-11-2015 18:28:13" contact_name="A T 782 Lv" />
  <sms protocol="0" address="0983650782" date="1446377302979" type="2" subject="null" body="Ngay:01/11/2015&#13;&#10;em chuyen cho anh&#13;&#10;De:10320,0=7399,4n&#13;&#10;Lo:210,0=4557,0n&#13;&#10;3Cang:1890,0=1247,4n&#13;&#10;Xien:215,0=1290,0n&#13;&#10;Thuong lo:55,0=4400,0n&#13;&#10;Thuong xien:4200,0n&#13;&#10;em bu cho anh:5893,8n&#13;&#10;" toa="null" sc_toa="null" service_center="null" read="1" status="0" locked="0" date_sent="0" readable_date="01-11-2015 18:28:22" contact_name="A T 782 Lv" />
  <sms protocol="0" address="01677281854" date="1446377307475" type="2" subject="null" body="Ngay:01/11/2015&#13;&#10;chau chuyen cho co&#13;&#10;De:43185,0=31093,2n&#13;&#10;Lo:2267,0=49193,9n&#13;&#10;Thuong de:400,0=28000,0n&#13;&#10;Thuong lo:780,0=62400,0n&#13;&#10;co bu cho chau:10112,9n&#13;&#10;" toa="null" sc_toa="null" service_center="null" read="1" status="32" locked="0" date_sent="0" readable_date="01-11-2015 18:28:27" contact_name="(Unknown)" />
  <sms protocol="0" address="0968193922" date="1446377311976" type="2" subject="null" body="Ngay:01/11/2015&#13;&#10;chị chuyen cho EM&#13;&#10;Xien:46,0=312,8n&#13;&#10;Th xien:1000,0n&#13;&#10;EM bu cho chị:687,2n&#13;&#10;" toa="null" sc_toa="null" service_center="null" read="1" status="32" locked="0" date_sent="0" readable_date="01-11-2015 18:28:31" contact_name="(Unknown)" />
  <sms protocol="0" address="01678171621" date="1446377316498" type="2" subject="null" body="Ngay:01/11/2015&#13;&#10;cau chuyen cho to&#13;&#10;Lo:20,0=450,0n&#13;&#10;cau bu cho to:450,0n&#13;&#10;" toa="null" sc_toa="null" service_center="null" read="1" status="32" locked="0" date_sent="0" readable_date="01-11-2015 18:28:36" contact_name="Minh Huan" />
  <sms protocol="0" address="0983099345" date="1446377319481" type="2" subject="null" body="Ngay:01/11/2015&#13;&#10;Ban chuyen cho toi&#13;&#10;Lo:385,0=8393,0n&#13;&#10;Th lo:65,0=5200,0n&#13;&#10;Ban bu cho toi:3193,0n&#13;&#10;" toa="null" sc_toa="null" service_center="null" read="1" status="32" locked="0" date_sent="0" readable_date="01-11-2015 18:28:39" contact_name="Viet Bo" />
  <sms protocol="0" address="0979399373" date="1446377323981" type="2" subject="null" body="Ngay:01/11/2015&#13;&#10;Anh chuyen cho EM&#13;&#10;Lo:20,0=440,0n&#13;&#10;Anh bu cho EM:440,0n&#13;&#10;" toa="null" sc_toa="null" service_center="null" read="1" status="32" locked="0" date_sent="0" readable_date="01-11-2015 18:28:43" contact_name="A Tung Thuy?" />
  <sms protocol="0" address="0977655973" date="1446377328474" type="2" subject="null" body="Ngay:01/11/2015&#13;&#10;BAC chuyen cho EM&#13;&#10;De:450,0=360,0n&#13;&#10;Lo:22,0=495,0n&#13;&#10;BAC bu cho EM:855,0n&#13;&#10;" toa="null" sc_toa="null" service_center="null" read="1" status="0" locked="0" date_sent="0" readable_date="01-11-2015 18:28:48" contact_name="A Su Cong Tinh Uy" />
  <sms protocol="0" address="0964386982" date="1446377332975" type="2" subject="null" body="Ngay:01/11/2015&#13;&#10;em chuyen cho anh&#13;&#10;De:46700,0=33390,5n&#13;&#10;Lo:275,0=5967,5n&#13;&#10;3Cang:910,0=655,2n&#13;&#10;Xien:31,0=186,0n&#13;&#10;Thuong de:700,0=49000,0n&#13;&#10;Thuong lo:55,0=4400,0n&#13;&#10;Thuong xien:2000,0n&#13;&#10;anh bu cho em:15200,8n&#13;&#10;" toa="null" sc_toa="null" service_center="null" read="1" status="32" locked="0" date_sent="0" readable_date="01-11-2015 18:28:52" contact_name="A Duc" />
  <sms protocol="0" address="01685897838" date="1446377340476" type="2" subject="null" body="Ngay:01/11/2015&#13;&#10;chi chuyen cho EM&#13;&#10;De:97755,0=70383,6n&#13;&#10;Lo:2220,0=48285,0n&#13;&#10;3Cang:2800,0=1988,0n&#13;&#10;Xien:200,0=1340,0n&#13;&#10;Th de:1100,0=77000,0n&#13;&#10;Th lo:785,0=62800,0n&#13;&#10;Th xien:5200,0n&#13;&#10;EM bu cho chi:23003,4n&#13;&#10;" toa="null" sc_toa="null" service_center="null" read="1" status="0" locked="0" date_sent="0" readable_date="01-11-2015 18:29:00" contact_name="Chi H. v. b" />
  <sms protocol="0" address="0973836212" date="1446377346473" type="2" subject="null" body="Ngay:01/11/2015&#13;&#10;may chuyen cho tao&#13;&#10;De:2000,0=1500,0n&#13;&#10;Lo:85,0=1861,5n&#13;&#10;Th lo:40,0=3200,0n&#13;&#10;may bu cho tao:161,5n&#13;&#10;" toa="null" sc_toa="null" service_center="null" read="1" status="0" locked="0" date_sent="0" readable_date="01-11-2015 18:29:06" contact_name="Tien Em" />
  <sms protocol="0" address="+84983650782" date="1446377366154" type="1" subject="null" body="Tinh den het ngay:31/10/15 Anh bu 5508n&#10;Ngay:01/11/15 Em-5000n -5893n &#10;Tong cong: Anh thu 5385" toa="null" sc_toa="null" service_center="null" read="1" status="-1" locked="0" date_sent="0" readable_date="01-11-2015 18:29:26" contact_name="A T 782 Lv" />
  <sms protocol="0" address="01685897838" date="1446377442478" type="2" subject="null" body="Ngay:01/11/2015&#13;&#10;chi chuyen cho EM&#13;&#10;De:97755,0=70383,6n&#13;&#10;Lo:2220,0=48285,0n&#13;&#10;3Cang:2800,0=1932,0n&#13;&#10;Xien:200,0=1300,0n&#13;&#10;Th de:1100,0=77000,0n&#13;&#10;Th lo:785,0=62800,0n&#13;&#10;Th xien:5200,0n&#13;&#10;EM bu cho chi:23099,4n&#13;&#10;" toa="null" sc_toa="null" service_center="null" read="1" status="0" locked="0" date_sent="0" readable_date="01-11-2015 18:30:42" contact_name="Chi H. v. b" />
  <sms protocol="0" address="+84983099345" date="1446377560191" type="2" subject="null" body="EM bu cho chi:23003,4n&#13;&#10;T bu 23099&#10;" toa="null" sc_toa="null" service_center="null" read="1" status="0" locked="0" date_sent="0" readable_date="01-11-2015 18:32:40" contact_name="Viet Bo" />
  <sms protocol="0" address="+84964386982" date="1446377566695" type="1" subject="null" body="Ngay:01/11/2015&#10;bac chuyen cho em&#10;De:46700,0=33390,5n&#10;Lo:275,0=5967,5n&#10;3Cang:910,0=655,2n&#10;Xien:31,0=186,0n&#10;Th de:700,0=49000,0n&#10;Th lo:55,0=4400,0n&#10;Th xien:2000,0n&#10;em bu cho bac:15200,8n" toa="null" sc_toa="null" service_center="+84980200623" read="1" status="-1" locked="0" date_sent="1446377562000" readable_date="01-11-2015 18:32:46" contact_name="A Duc" />
  <sms protocol="0" address="+841685897838" date="1446377570697" type="2" subject="null" body="Lay tin truoc chị nhe" toa="null" sc_toa="null" service_center="null" read="1" status="0" locked="0" date_sent="0" readable_date="01-11-2015 18:32:50" contact_name="Chi H. v. b" />
  <sms protocol="0" address="+841677281854" date="1446377599306" type="1" subject="null" body="Ngay:01/11/2015&#10;chau chuyen cho co&#10;De:43185,0=31093,2n&#10;Lo:2267,0=49193,9n&#10;Th de:400,0=28000,0n&#10;Th lo:780,0=62400,0n&#10;co bu cho chau:10112,9n&#10;" toa="null" sc_toa="null" service_center="null" read="1" status="-1" locked="0" date_sent="0" readable_date="01-11-2015 18:33:19" contact_name="(Unknown)" />
  <sms protocol="0" address="01632029067" date="1446377618257" type="2" subject="null" body="Tinh den het ngay:31/10/15 EM thu 10412n&#13;&#10;Ngay:01/11/15 Chị+10412n +687n &#13;&#10;Tong cong: EM bu 687" toa="null" sc_toa="null" service_center="null" read="1" status="0" locked="0" date_sent="0" readable_date="01-11-2015 18:33:38" contact_name="(Unknown)" />
  <sms protocol="0" address="01677281854" date="1446377628872" type="2" subject="null" body="Ngay:01/11/15 co-10000n -10112n " toa="null" sc_toa="null" service_center="null" read="1" status="32" locked="0" date_sent="0" readable_date="01-11-2015 18:33:48" contact_name="(Unknown)" />
  <sms protocol="0" address="01678171621" date="1446377631294" type="2" subject="null" body="Tinh den het ngay:31/10/15 to bu 16325n&#13;&#10;Ngay:01/11/15 cau-450n &#13;&#10;Tong cong: to bu 15875" toa="null" sc_toa="null" service_center="null" read="1" status="0" locked="0" date_sent="0" readable_date="01-11-2015 18:33:51" contact_name="Minh Huan" />
  <sms protocol="0" address="0973836212" date="1446377636459" type="2" subject="null" body="Tinh den het ngay:31/10/15 tao thu 2616n&#13;&#10;Ngay:01/11/15 may-161n &#13;&#10;Tong cong: tao thu 2777" toa="null" sc_toa="null" service_center="null" read="1" status="32" locked="0" date_sent="0" readable_date="01-11-2015 18:33:56" contact_name="Tien Em" />
  <sms protocol="0" address="0977655973" date="1446377638760" type="3" subject="null" body="Tinh den het ngay:31/10/15 EM bu 4597n&#13;&#10;Ngay:01/11/15 BAC-4597n -855n &#13;&#10;Tong cong: EM thu 855" toa="null" sc_toa="null" service_center="null" read="1" status="-1" locked="0" date_sent="0" readable_date="01-11-2015 18:33:58" contact_name="(Unknown)" />
  <sms protocol="0" address="0979399373" date="1446377649351" type="2" subject="null" body="Tinh den het ngay:31/10/15 EM bu 307n&#13;&#10;Ngay:01/11/15 Anh-440n &#13;&#10;Tong cong: EM thu 133" toa="null" sc_toa="null" service_center="null" read="1" status="0" locked="0" date_sent="0" readable_date="01-11-2015 18:34:09" contact_name="A Tung Thuy?" />
  <sms protocol="0" address="0983099345" date="1446377659775" type="2" subject="null" body="Tinh den het ngay:31/10/15 toi bu 66322n&#13;&#10;Ngay:01/11/15 Ban-77300n -3193n +23099n &#13;&#10;Tong cong: toi bu 8928" toa="null" sc_toa="null" service_center="null" read="1" status="32" locked="0" date_sent="0" readable_date="01-11-2015 18:34:19" contact_name="Viet Bo" />
  <sms protocol="0" address="0983650782" date="1446377670717" type="2" subject="null" body="Ngay:01/11/15 anh-508n +5893n " toa="null" sc_toa="null" service_center="null" read="1" status="0" locked="0" date_sent="0" readable_date="01-11-2015 18:34:30" contact_name="A T 782 Lv" />
  <sms protocol="0" address="+84974282195" date="1446383840109" type="1" subject="null" body="100 so bor dau 3 4 bor duoi 4.5.8 ghep( kep lech( tong 2 )(tong 8)( chan chan))x 1 n" toa="null" sc_toa="null" service_center="null" read="1" status="-1" locked="0" date_sent="0" readable_date="01-11-2015 20:17:20" contact_name="(Unknown)" />
  <sms protocol="0" address="5155" date="1446384029288" type="2" subject="null" body="Hd kqmb" toa="null" sc_toa="null" service_center="null" read="1" status="32" locked="0" date_sent="0" readable_date="01-11-2015 20:20:29" contact_name="(Unknown)" />
  <sms protocol="0" address="5155" date="1446384034508" type="1" subject="null" body="Dich vu Thong tin Xo so mien Bac cung cap Ket qua Xo so mien Bac hang ngay. De dang ky dich vu, soan: KQMB gui 5055 (15.000d/thang). De huy dich vu, soan: HUY KQMB gui 5055 (0d). Chi tiet lien he 19008198 (200d/phut). Tran trong. " toa="null" sc_toa="null" service_center="+84980200037" read="1" status="-1" locked="0" date_sent="1446384029000" readable_date="01-11-2015 20:20:34" contact_name="(Unknown)" />
  <sms protocol="0" address="5155" date="1446384060905" type="2" subject="null" body="Kqmb" toa="null" sc_toa="null" service_center="null" read="1" status="32" locked="0" date_sent="0" readable_date="01-11-2015 20:21:00" contact_name="(Unknown)" />
  <sms protocol="0" address="5155" date="1446384064358" type="1" subject="null" body="Quy khach da dang ky thanh cong dich vu Thong tin Xo so Mien Bac hang ngay truoc do. Chi tiet lien he 19008198 (200d/phut). Tran trong." toa="null" sc_toa="null" service_center="+84980200604" read="1" status="-1" locked="0" date_sent="1446384061000" readable_date="01-11-2015 20:21:04" contact_name="(Unknown)" />
  <sms protocol="0" address="997" date="1446384080790" type="2" subject="null" body="Xstd" toa="null" sc_toa="null" service_center="null" read="1" status="32" locked="0" date_sent="0" readable_date="01-11-2015 20:21:20" contact_name="(Unknown)" />
  <sms protocol="0" address="+997" date="1446384083886" type="1" subject="null" body="TB 01/11&#10;DB:93476&#10;1:59829&#10;2:51651-27795&#10;3:16787-31463-38150-65446-58619-32685&#10;4:3232-9262-0062-9585&#10;5:9322-9094-7580-1882-0019-8943&#10;6:532-591-705&#10;7:13-00-45-42" toa="null" sc_toa="null" service_center="+84980200604" read="0" status="-1" locked="0" date_sent="1446384080000" readable_date="01-11-2015 20:21:23" contact_name="(Unknown)" />
</smses>