<?xml version='1.0' encoding='UTF-8' standalone='yes' ?>
<!--File Created By SMS Backup & Restore Pro v7.21 on 02/11/2015 22:42:03-->
<?xml-stylesheet type="text/xsl" href="sms.xsl"?>
<smses count="129">
  <sms protocol="0" address="0973836212" date="1446439510799" type="2" subject="null" body="Tinh den het ngay:01/11/15 tao thu 2777n&#13;&#10;Ngay:02/11/15 may-180n &#13;lãi&#10;Tong cong: tao thu 2957" toa="null" sc_toa="null" service_center="null" read="1" status="32" locked="0" date_sent="0" readable_date="02-11-2015 11:45:10" contact_name="Tien Em" />
  <sms protocol="0" address="0977655973" date="1446439582792" type="2" subject="null" body="Tinh den het ngay:01/11/15 EM thu 855n&#13;&#10;Ngay:02/11/15 BAC-1770n &#13;bóng&#10;Tong cong: EM thu 2625" toa="null" sc_toa="null" service_center="null" read="1" status="0" locked="0" date_sent="0" readable_date="02-11-2015 11:46:22" contact_name="A Su Cong Tinh Uy" />
  <sms protocol="0" address="+84983650782" date="1446455584325" type="1" subject="null" body="ngay 01/11/15:&#10;THU:&#10;B K 733:5385;&#10;C Ha:5956&#10;BU&#10;C H 168:10000" toa="null" sc_toa="null" service_center="null" read="1" status="-1" locked="0" date_sent="0" readable_date="02-11-2015 16:13:04" contact_name="A T 782 Lv" />
  <sms protocol="0" address="+84979399373" date="1446456360855" type="1" subject="null" body="Lô 24.42 x 10" toa="null" sc_toa="null" service_center="+84980200623" read="1" status="-1" locked="0" date_sent="1446456359000" readable_date="02-11-2015 16:26:00" contact_name="A Tung Thuy?" />
  <sms protocol="0" address="+84979399373" date="1446456768817" type="1" subject="null" body="Lô: 16,20,73,56,79,99x10. Đề: 56,99x100" toa="null" sc_toa="null" service_center="+84980200623" read="1" status="-1" locked="0" date_sent="1446456767000" readable_date="02-11-2015 16:32:48" contact_name="A Tung Thuy?" />
  <sms protocol="0" address="+84979399373" date="1446456827360" type="2" subject="null" body="Ok2t" toa="null" sc_toa="null" service_center="null" read="1" status="0" locked="0" date_sent="0" readable_date="02-11-2015 16:33:47" contact_name="A Tung Thuy?" />
  <sms protocol="0" address="+84983099345" date="1446458552869" type="1" subject="null" body="Lo 03, 48 moi con 100d" toa="null" sc_toa="null" service_center="+84980200623" read="1" status="-1" locked="0" date_sent="1446458551000" readable_date="02-11-2015 17:02:32" contact_name="Viet Bo" />
  <sms protocol="0" address="+84968193922" date="1446459430872" type="1" subject="null" body="X2.09.58.=20 ; X2.21.58.=20 ; X2.68.86.=30 ;" toa="null" sc_toa="null" service_center="+84980200623" read="1" status="-1" locked="0" date_sent="1446459429000" readable_date="02-11-2015 17:17:10" contact_name="(Unknown)" />
  <sms protocol="0" address="0968193922" date="1446459709717" type="2" subject="null" body="Nhan 1 tin." toa="null" sc_toa="null" service_center="null" read="1" status="0" locked="0" date_sent="0" readable_date="02-11-2015 17:21:49" contact_name="(Unknown)" />
  <sms protocol="0" address="0983099345" date="1446459711215" type="2" subject="null" body="Nhan 1 tin." toa="null" sc_toa="null" service_center="null" read="1" status="32" locked="0" date_sent="0" readable_date="02-11-2015 17:21:51" contact_name="Viet Bo" />
  <sms protocol="0" address="+84983099345" date="1446459901865" type="1" subject="null" body="Lô 32 39 92 25 30 61 84x5d" toa="null" sc_toa="null" service_center="null" read="1" status="-1" locked="0" date_sent="0" readable_date="02-11-2015 17:25:01" contact_name="Viet Bo" />
  <sms protocol="0" address="0983099345" date="1446459970714" type="2" subject="null" body="Nhan 2 tin." toa="null" sc_toa="null" service_center="null" read="1" status="0" locked="0" date_sent="0" readable_date="02-11-2015 17:26:10" contact_name="Viet Bo" />
  <sms protocol="0" address="+841685897838" date="1446460183206" type="1" subject="null" body="Lo 38x30₫ 65.24.36.34.45.79.86x10₫" toa="null" sc_toa="null" service_center="null" read="1" status="-1" locked="0" date_sent="0" readable_date="02-11-2015 17:29:43" contact_name="Chi H. v. b" />
  <sms protocol="0" address="+84983099345" date="1446460456935" type="1" subject="null" body="Xiên 3nè .48 22 52 x 50n" toa="null" sc_toa="null" service_center="null" read="1" status="-1" locked="0" date_sent="0" readable_date="02-11-2015 17:34:16" contact_name="Viet Bo" />
  <sms protocol="0" address="+84967878820" date="1446460600395" type="1" subject="null" body="Xiên 10 06 x1tr5 ... 06 60 x300k" toa="null" sc_toa="null" service_center="null" read="1" status="-1" locked="0" date_sent="0" readable_date="02-11-2015 17:36:40" contact_name="E The" />
  <sms protocol="0" address="0983099345" date="1446460893220" type="2" subject="null" body="Nhan 3 tin." toa="null" sc_toa="null" service_center="null" read="1" status="0" locked="0" date_sent="0" readable_date="02-11-2015 17:41:33" contact_name="Viet Bo" />
  <sms protocol="0" address="01685897838" date="1446460894712" type="2" subject="null" body="Nhan 1 tin." toa="null" sc_toa="null" service_center="null" read="1" status="32" locked="0" date_sent="0" readable_date="02-11-2015 17:41:34" contact_name="Chi H. v. b" />
  <sms protocol="0" address="0983099345" date="1446460896215" type="2" subject="null" body="Nhan 3 tin." toa="null" sc_toa="null" service_center="null" read="1" status="0" locked="0" date_sent="0" readable_date="02-11-2015 17:41:36" contact_name="Viet Bo" />
  <sms protocol="0" address="+84983099345" date="1446461003589" type="1" subject="null" body="Lo 78 65x50d." toa="null" sc_toa="null" service_center="null" read="1" status="-1" locked="0" date_sent="0" readable_date="02-11-2015 17:43:23" contact_name="Viet Bo" />
  <sms protocol="0" address="+841685897838" date="1446461213248" type="1" subject="null" body="Đề 05.50.35.53.15.51x5n.kep bang x20.44x100n.22 66 x100.lo 42.97.64.57.71.79.91.61.13.59.x10d.00.44.56.62x50d." toa="null" sc_toa="null" service_center="null" read="1" status="-1" locked="0" date_sent="0" readable_date="02-11-2015 17:46:53" contact_name="Chi H. v. b" />
  <sms protocol="0" address="01685897838" date="1446461263714" type="2" subject="null" body="Nhan 2 tin." toa="null" sc_toa="null" service_center="null" read="1" status="0" locked="0" date_sent="0" readable_date="02-11-2015 17:47:43" contact_name="Chi H. v. b" />
  <sms protocol="0" address="0983099345" date="1446461265218" type="2" subject="null" body="Nhan 4 tin." toa="null" sc_toa="null" service_center="null" read="1" status="0" locked="0" date_sent="0" readable_date="02-11-2015 17:47:45" contact_name="Viet Bo" />
  <sms protocol="0" address="0983099345" date="1446461268213" type="2" subject="null" body="Nhan 4 tin." toa="null" sc_toa="null" service_center="null" read="1" status="0" locked="0" date_sent="0" readable_date="02-11-2015 17:47:48" contact_name="Viet Bo" />
  <sms protocol="0" address="+84973836212" date="1446461425179" type="1" subject="null" body="T1 lô 00,55x5d 64.06.x10đ đê kbx100n " toa="null" sc_toa="null" service_center="null" read="1" status="-1" locked="0" date_sent="0" readable_date="02-11-2015 17:50:25" contact_name="Tien Em" />
  <sms protocol="0" address="0973836212" date="1446461442215" type="2" subject="null" body="Nhan 1 tin.so tin cuoi:1." toa="null" sc_toa="null" service_center="null" read="1" status="0" locked="0" date_sent="0" readable_date="02-11-2015 17:50:42" contact_name="Tien Em" />
  <sms protocol="0" address="0973836212" date="1446461445212" type="2" subject="null" body="Nhan 1 tin.so tin cuoi:1." toa="null" sc_toa="null" service_center="null" read="1" status="0" locked="0" date_sent="0" readable_date="02-11-2015 17:50:45" contact_name="Tien Em" />
  <sms protocol="0" address="0983650782" date="1446461491717" type="2" subject="null" body="Tin 1: lo:03,48,44,62,78,38,79,24,42,64x20d.61x15d.06,13,16,20,34,36,45,57,59,71,73,86,91,97,99x5d.25,30,32,39,55,84,92x5d..xi2:68,86*3d.xi2:09,58*2d.,xi2:21,58*2d.xi3:22,48,52*5d." toa="null" sc_toa="null" service_center="null" read="1" status="0" locked="0" date_sent="0" readable_date="02-11-2015 17:51:31" contact_name="A T 782 Lv" />
  <sms protocol="0" address="01677281854" date="1446461526219" type="2" subject="null" body="Tin 1: lo:03,48x80d.56,65x60d.00x55d.44,62,78x30d.38,79x10d.06,13,16,20,34,36,45,57,59,71,73,86,91,97,99x5d." toa="null" sc_toa="null" service_center="null" read="1" status="0" locked="0" date_sent="0" readable_date="02-11-2015 17:52:06" contact_name="(Unknown)" />
  <sms protocol="0" address="+84968193922" date="1446461637080" type="1" subject="null" body="X2.27.83.=100 ; X2.75.09.=40 ; X2.75.27.=50 ; X2.15.27.=50 ; X2.83.75.=50 ; X2.85.58.=50 ; X2.56.65.=50 ; X2.69.25.=20 ;" toa="null" sc_toa="null" service_center="null" read="1" status="-1" locked="0" date_sent="0" readable_date="02-11-2015 17:53:57" contact_name="(Unknown)" />
  <sms protocol="0" address="0968193922" date="1446461689723" type="2" subject="null" body="Nhan 2 tin." toa="null" sc_toa="null" service_center="null" read="1" status="0" locked="0" date_sent="0" readable_date="02-11-2015 17:54:49" contact_name="(Unknown)" />
  <sms protocol="0" address="0983650782" date="1446461701716" type="2" subject="null" body="Tin 2: xi2:25,69*2d.xi2:15,27*5d.,xi2:27,75*5d.,xi2:56,65*5d.,xi2:58,85*5d.,xi2:75,83*5d.xi2:27,83*10d.xi2:09,75*4d." toa="null" sc_toa="null" service_center="null" read="1" status="0" locked="0" date_sent="0" readable_date="02-11-2015 17:55:01" contact_name="A T 782 Lv" />
  <sms protocol="0" address="+841685897838" date="1446461790806" type="1" subject="null" body="Xjen03.52.44x20d.27.52x20d.52.15.44.x30d.15.58.22x10d.51.33.05x10d.26.52.15x20d.15.33x20d.lo 15.58.03.525.33.292.656.090.20x50d.151.090x100d.33.15.52.x200d..44.47x120d..29x10d." toa="null" sc_toa="null" service_center="null" read="1" status="-1" locked="0" date_sent="0" readable_date="02-11-2015 17:56:30" contact_name="Chi H. v. b" />
  <sms protocol="0" address="01685897838" date="1446461802218" type="2" subject="null" body="Nhan 3 tin." toa="null" sc_toa="null" service_center="null" read="1" status="0" locked="0" date_sent="0" readable_date="02-11-2015 17:56:42" contact_name="Chi H. v. b" />
  <sms protocol="0" address="0983650782" date="1446461811225" type="2" subject="null" body="Tin 3: xi3:15,44,52*30d.xi3:03,44,52*20d.,xi3:15,26,52*20d.,xi2:15,33*20d.,xi2:27,52*20d.xi3:05,33,51*10d.,xi3:15,22,58*10d." toa="null" sc_toa="null" service_center="null" read="1" status="0" locked="0" date_sent="0" readable_date="02-11-2015 17:56:51" contact_name="A T 782 Lv" />
  <sms protocol="0" address="0964386982" date="1446461830713" type="2" subject="null" body="Tin 1: lo:15,33,52,09,90,44,47,51,29x60d.03,20,25,56,58,65,92x50d." toa="null" sc_toa="null" service_center="null" read="1" status="0" locked="0" date_sent="0" readable_date="02-11-2015 17:57:10" contact_name="A Duc" />
  <sms protocol="0" address="01677281854" date="1446461844220" type="2" subject="null" body="Tin 2: lo:15x290d.33,52x190d.09,90x90d.44,47x60d.51x40d." toa="null" sc_toa="null" service_center="null" read="1" status="0" locked="0" date_sent="0" readable_date="02-11-2015 17:57:24" contact_name="(Unknown)" />
  <sms protocol="0" address="+841685897838" date="1446461905856" type="1" subject="null" body="xien ,780644  ,596999,  414284,  768789  ,49 69 63 24x30n  lo: 06,44,88,33,55,66,x10d." toa="null" sc_toa="null" service_center="null" read="1" status="-1" locked="0" date_sent="0" readable_date="02-11-2015 17:58:25" contact_name="Chi H. v. b" />
  <sms protocol="0" address="+84983650782" date="1446461919235" type="1" subject="null" body="Em gui cho Anh 3 tin" toa="null" sc_toa="null" service_center="null" read="1" status="-1" locked="0" date_sent="0" readable_date="02-11-2015 17:58:39" contact_name="A T 782 Lv" />
  <sms protocol="0" address="+841677281854" date="1446461936525" type="1" subject="null" body="Nhan 1 tin.so tin cuoi:1." toa="null" sc_toa="null" service_center="null" read="1" status="-1" locked="0" date_sent="0" readable_date="02-11-2015 17:58:56" contact_name="(Unknown)" />
  <sms protocol="0" address="01685897838" date="1446461950717" type="2" subject="null" body="Nhan 4 tin." toa="null" sc_toa="null" service_center="null" read="1" status="0" locked="0" date_sent="0" readable_date="02-11-2015 17:59:10" contact_name="Chi H. v. b" />
  <sms protocol="0" address="01685897838" date="1446461952217" type="2" subject="null" body="Nhan 4 tin." toa="null" sc_toa="null" service_center="null" read="1" status="32" locked="0" date_sent="0" readable_date="02-11-2015 17:59:12" contact_name="Chi H. v. b" />
  <sms protocol="0" address="0964386982" date="1446461968720" type="2" subject="null" body="Tin 2: lo:06,55,66,88x10d..xi3:06,44,78*3d.,xi4:24,49,63,69*3d.,xi3:41,42,84*3d.,xi3:59,69,99*3d.,xi3:76,87,89*3d." toa="null" sc_toa="null" service_center="null" read="1" status="0" locked="0" date_sent="0" readable_date="02-11-2015 17:59:28" contact_name="A Duc" />
  <sms protocol="0" address="+841685897838" date="1446461980325" type="1" subject="null" body="Xien 29.16.42x5d. .lo.44.66.22.78.989.55.05.33.090.626.27.282.656.x50d66.686.272.22.55.252.939.x50d" toa="null" sc_toa="null" service_center="null" read="1" status="-1" locked="0" date_sent="0" readable_date="02-11-2015 17:59:40" contact_name="Chi H. v. b" />
  <sms protocol="0" address="01685897838" date="1446461985217" type="2" subject="null" body="Nhan 5 tin." toa="null" sc_toa="null" service_center="null" read="1" status="32" locked="0" date_sent="0" readable_date="02-11-2015 17:59:45" contact_name="Chi H. v. b" />
  <sms protocol="0" address="+841677281854" date="1446461987182" type="1" subject="null" body="Nhan 2 tin.so tin cuoi:2." toa="null" sc_toa="null" service_center="null" read="1" status="-1" locked="0" date_sent="0" readable_date="02-11-2015 17:59:47" contact_name="(Unknown)" />
  <sms protocol="0" address="01685897838" date="1446461988216" type="2" subject="null" body="Nhan 5 tin." toa="null" sc_toa="null" service_center="null" read="1" status="0" locked="0" date_sent="0" readable_date="02-11-2015 17:59:48" contact_name="Chi H. v. b" />
  <sms protocol="0" address="+84964386982" date="1446462003121" type="1" subject="null" body="bac gui cho em 2 tin" toa="null" sc_toa="null" service_center="null" read="1" status="-1" locked="0" date_sent="0" readable_date="02-11-2015 18:00:03" contact_name="A Duc" />
  <sms protocol="0" address="0964386982" date="1446462006219" type="2" subject="null" body="Tin 3: lo:22,27x60d.55,66,05,26,28,39,62,68,72,78,82,86,89,93,98x50d.25,56,65x10d..xi3:16,29,42*5d." toa="null" sc_toa="null" service_center="null" read="1" status="0" locked="0" date_sent="0" readable_date="02-11-2015 18:00:06" contact_name="A Duc" />
  <sms protocol="0" address="01677281854" date="1446462019716" type="2" subject="null" body="Tin 3: lo:33,44x60d.09,52,55,66,90x50d.22,25,27,56,65x40d." toa="null" sc_toa="null" service_center="null" read="1" status="0" locked="0" date_sent="0" readable_date="02-11-2015 18:00:19" contact_name="(Unknown)" />
  <sms protocol="0" address="+841677281854" date="1446462062653" type="1" subject="null" body="Nhan 3 tin.so tin cuoi:3." toa="null" sc_toa="null" service_center="null" read="1" status="-1" locked="0" date_sent="0" readable_date="02-11-2015 18:01:02" contact_name="(Unknown)" />
  <sms protocol="0" address="+841685897838" date="1446462115181" type="1" subject="null" body="Lo 52 44 X15D xien 44 52 x20N 69 59 44 52 x20N ) de Kep bang x10N kep lech x5N tong 2 .5X 5N" toa="null" sc_toa="null" service_center="null" read="1" status="-1" locked="0" date_sent="0" readable_date="02-11-2015 18:01:55" contact_name="Chi H. v. b" />
  <sms protocol="0" address="01685897838" date="1446462142738" type="2" subject="null" body="Nhan 6 tin." toa="null" sc_toa="null" service_center="null" read="1" status="0" locked="0" date_sent="0" readable_date="02-11-2015 18:02:22" contact_name="Chi H. v. b" />
  <sms protocol="0" address="01685897838" date="1446462145713" type="2" subject="null" body="Nhan 6 tin." toa="null" sc_toa="null" service_center="null" read="1" status="0" locked="0" date_sent="0" readable_date="02-11-2015 18:02:25" contact_name="Chi H. v. b" />
  <sms protocol="0" address="0964386982" date="1446462151713" type="2" subject="null" body="Tin 4: xi2:44,52*2d.,xi4:44,52,59,69*2d." toa="null" sc_toa="null" service_center="null" read="1" status="0" locked="0" date_sent="0" readable_date="02-11-2015 18:02:31" contact_name="A Duc" />
  <sms protocol="0" address="01677281854" date="1446462168213" type="2" subject="null" body="Tin 4: lo:44,52x15d." toa="null" sc_toa="null" service_center="null" read="1" status="32" locked="0" date_sent="0" readable_date="02-11-2015 18:02:48" contact_name="(Unknown)" />
  <sms protocol="0" address="+841677281854" date="1446462194437" type="1" subject="null" body="Nhan 4 tin.so tin cuoi:4." toa="null" sc_toa="null" service_center="null" read="1" status="-1" locked="0" date_sent="0" readable_date="02-11-2015 18:03:14" contact_name="(Unknown)" />
  <sms protocol="0" address="+841685897838" date="1446462274732" type="1" subject="null" body="Ba.cang.299.547.749.147.395.298.278.327.075.059.214.453.435.483.080.052.039.439.090.959.652.164.296.358.485.231.282.272.363.045.356.232.357.369.468.955.211.111.555.999.141.635.899.344.343.474.050.505.479.767..91.383.579.x50n.xien.53.41.67.x20d.55.49.59.x20d.43.75.78.x20d.52.09.44.x20d.56.66.27x20d.94.22.x20d.99.78.61x20d.22.99.32x20d.33.55.05x20d.81.61.44.x20d.58.44.55.32x20d23.22.77.x20d.57.09.63.x20d.95.68.69.x20d.29.92.00.x20d" toa="null" sc_toa="null" service_center="null" read="1" status="-1" locked="0" date_sent="0" readable_date="02-11-2015 18:04:34" contact_name="Chi H. v. b" />
  <sms protocol="0" address="01685897838" date="1446462333217" type="2" subject="null" body="Nhan 7 tin." toa="null" sc_toa="null" service_center="null" read="1" status="0" locked="0" date_sent="0" readable_date="02-11-2015 18:05:33" contact_name="Chi H. v. b" />
  <sms protocol="0" address="0983650782" date="1446462345214" type="2" subject="null" body="Tin 4: Ba cang:039,045,050,052,059,075,080,090,111,141,147,164,211,214,231,232,272,278,282,296,298,299,327,343,344,356,357,358,363,369,383,395,435,439,453,468,474,479,483,485,505,547,555,579,635,652,749,767,899,955,959,999x50n." toa="null" sc_toa="null" service_center="null" read="1" status="0" locked="0" date_sent="0" readable_date="02-11-2015 18:05:45" contact_name="A T 782 Lv" />
  <sms protocol="0" address="+841685897838" date="1446462346120" type="1" subject="null" body="De.171.161.969.262.676.272.979.66.060.292050.55.090.989.434.52.545.747.99.858.636.31.22.x 500n" toa="null" sc_toa="null" service_center="null" read="1" status="-1" locked="0" date_sent="0" readable_date="02-11-2015 18:05:46" contact_name="Chi H. v. b" />
  <sms protocol="0" address="01685897838" date="1446462357211" type="2" subject="null" body="Nhan 8 tin." toa="null" sc_toa="null" service_center="null" read="1" status="0" locked="0" date_sent="0" readable_date="02-11-2015 18:05:57" contact_name="Chi H. v. b" />
  <sms protocol="0" address="01685897838" date="1446462360213" type="2" subject="null" body="Nhan 8 tin." toa="null" sc_toa="null" service_center="null" read="1" status="0" locked="0" date_sent="0" readable_date="02-11-2015 18:06:00" contact_name="Chi H. v. b" />
  <sms protocol="0" address="+84964386982" date="1446462373203" type="1" subject="null" body="bac gui cho em 4 tin" toa="null" sc_toa="null" service_center="null" read="1" status="-1" locked="0" date_sent="0" readable_date="02-11-2015 18:06:13" contact_name="A Duc" />
  <sms protocol="0" address="0983650782" date="1446462375214" type="2" subject="null" body="Tin 5: xi3:00,29,92*20d.,xi3:05,33,55*20d.,xi3:09,44,52*20d.,xi3:09,57,63*20d.,xi3:22,23,77*20d.,xi3:22,32,99*20d.,xi2:22,94*20d.,xi3:27,56,66*20d.,xi4:32,44,55,58*20d.,xi3:41,53,67*20d.,xi3:43,75,78*20d.,xi3:44,61,81*20d.,xi3:49,55,59*20d.,xi3:61,78,99*20d.,xi3:68,69,95*20d." toa="null" sc_toa="null" service_center="null" read="1" status="0" locked="0" date_sent="0" readable_date="02-11-2015 18:06:15" contact_name="A T 782 Lv" />
  <sms protocol="0" address="0964386982" date="1446462417215" type="2" subject="null" body="Tin 5: De:66x535n.22,99x530n.55x430n.50x315n.16,20,27,61,69,72,96x305n.06,09,17,26,29,31,34,36,43,45,47,52,54,58,60,62,63,67,71,74,76,79,85,89,90,97,98x300n.44x30n." toa="null" sc_toa="null" service_center="null" read="1" status="0" locked="0" date_sent="0" readable_date="02-11-2015 18:06:57" contact_name="A Duc" />
  <sms protocol="0" address="+84983650782" date="1446462418788" type="1" subject="null" body="Em gui cho Anh 5 tin" toa="null" sc_toa="null" service_center="null" read="1" status="-1" locked="0" date_sent="0" readable_date="02-11-2015 18:06:58" contact_name="A T 782 Lv" />
  <sms protocol="0" address="01677281854" date="1446462436714" type="2" subject="null" body="Tin 5: De:06,09,16,17,20,22,26,27,29,31,34,36,43,44,45,47,50,52,54,55,58,60,61,62,63,66,67,69,71,72,74,76,79,85,89,90,96,97,98,99x200n.11x135n.00,33,77,88x130n.56x100n.05x15n.02,14,15,23,32,35,38,39,41,48,49,51,53,57,75,78,83,84,87,93,94x5n." toa="null" sc_toa="null" service_center="null" read="1" status="0" locked="0" date_sent="0" readable_date="02-11-2015 18:07:16" contact_name="(Unknown)" />
  <sms protocol="0" address="+84977655973" date="1446462439259" type="1" subject="null" body="Lo 54x5d 11x20d dau 5x25n 55 59x40n 35 62 95 99 44 21 25x10n" toa="null" sc_toa="null" service_center="null" read="1" status="-1" locked="0" date_sent="0" readable_date="02-11-2015 18:07:19" contact_name="A Su Cong Tinh Uy" />
  <sms protocol="0" address="0977655973" date="1446462454711" type="2" subject="null" body="BAC gui cho EM 1 tin" toa="null" sc_toa="null" service_center="null" read="1" status="0" locked="0" date_sent="0" readable_date="02-11-2015 18:07:34" contact_name="A Su Cong Tinh Uy" />
  <sms protocol="0" address="01677281854" date="1446462469715" type="2" subject="null" body="Tin 6: lo:11x20d.54x5d." toa="null" sc_toa="null" service_center="null" read="1" status="32" locked="0" date_sent="0" readable_date="02-11-2015 18:07:49" contact_name="(Unknown)" />
  <sms protocol="0" address="01677281854" date="1446462478713" type="2" subject="null" body="Tin 7: De:55,59x65n.50,51,52,53,54,56,57,58x25n.21,25,35,44,62,95,99x10n." toa="null" sc_toa="null" service_center="null" read="1" status="32" locked="0" date_sent="0" readable_date="02-11-2015 18:07:58" contact_name="(Unknown)" />
  <sms protocol="0" address="+841677281854" date="1446462506736" type="1" subject="null" body="Nhan 6 tin.so tin cuoi:7.Tin thieu:5" toa="null" sc_toa="null" service_center="null" read="1" status="-1" locked="0" date_sent="0" readable_date="02-11-2015 18:08:26" contact_name="(Unknown)" />
  <sms protocol="0" address="+841677281854" date="1446462516486" type="1" subject="null" body="Nhan 7 tin.so tin cuoi:7." toa="null" sc_toa="null" service_center="null" read="1" status="-1" locked="0" date_sent="0" readable_date="02-11-2015 18:08:36" contact_name="(Unknown)" />
  <sms protocol="0" address="+841685897838" date="1446462628979" type="1" subject="null" body="Dau djt 2x500.dau djt0.5x300." toa="null" sc_toa="null" service_center="null" read="1" status="-1" locked="0" date_sent="0" readable_date="02-11-2015 18:10:28" contact_name="Chi H. v. b" />
  <sms protocol="0" address="01685897838" date="1446462633214" type="2" subject="null" body="Nhan 9 tin." toa="null" sc_toa="null" service_center="null" read="1" status="0" locked="0" date_sent="0" readable_date="02-11-2015 18:10:33" contact_name="Chi H. v. b" />
  <sms protocol="0" address="01685897838" date="1446462636216" type="2" subject="null" body="Nhan 9 tin." toa="null" sc_toa="null" service_center="null" read="1" status="0" locked="0" date_sent="0" readable_date="02-11-2015 18:10:36" contact_name="Chi H. v. b" />
  <sms protocol="0" address="+84964386982" date="1446462644497" type="1" subject="null" body="bac gui cho em 5 tin" toa="null" sc_toa="null" service_center="null" read="1" status="-1" locked="0" date_sent="0" readable_date="02-11-2015 18:10:44" contact_name="A Duc" />
  <sms protocol="0" address="+841685897838" date="1446462647545" type="1" subject="null" body="Xien 22.00.72x10d." toa="null" sc_toa="null" service_center="null" read="1" status="-1" locked="0" date_sent="0" readable_date="02-11-2015 18:10:47" contact_name="Chi H. v. b" />
  <sms protocol="0" address="01685897838" date="1446462654212" type="2" subject="null" body="Nhan 10 tin." toa="null" sc_toa="null" service_center="null" read="1" status="0" locked="0" date_sent="0" readable_date="02-11-2015 18:10:54" contact_name="Chi H. v. b" />
  <sms protocol="0" address="01685897838" date="1446462658713" type="2" subject="null" body="Nhan 10 tin." toa="null" sc_toa="null" service_center="null" read="1" status="0" locked="0" date_sent="0" readable_date="02-11-2015 18:10:58" contact_name="Chi H. v. b" />
  <sms protocol="0" address="0964386982" date="1446462663215" type="2" subject="null" body="Tin 6: xi3:00,22,72*10d." toa="null" sc_toa="null" service_center="null" read="1" status="0" locked="0" date_sent="0" readable_date="02-11-2015 18:11:03" contact_name="A Duc" />
  <sms protocol="0" address="+841685897838" date="1446462717999" type="1" subject="null" body="Lo 57 5244X.10D59 32 69x5D xien 34 44 03 x20N89 79 51 x20N24 01 07x20N" toa="null" sc_toa="null" service_center="null" read="1" status="-1" locked="0" date_sent="0" readable_date="02-11-2015 18:11:57" contact_name="Chi H. v. b" />
  <sms protocol="0" address="01685897838" date="1446462729215" type="2" subject="null" body="Nhan 11 tin." toa="null" sc_toa="null" service_center="null" read="1" status="32" locked="0" date_sent="0" readable_date="02-11-2015 18:12:09" contact_name="Chi H. v. b" />
  <sms protocol="0" address="0964386982" date="1446462741212" type="2" subject="null" body="Tin 7: lo:44,52,57x10d.32,59,69x5d..xi3:01,07,24*2d.,xi3:03,34,44*2d.,xi3:51,79,89*2d." toa="null" sc_toa="null" service_center="null" read="1" status="32" locked="0" date_sent="0" readable_date="02-11-2015 18:12:21" contact_name="A Duc" />
  <sms protocol="0" address="+84964386982" date="1446462774099" type="1" subject="null" body="bac gui cho em 6 tin" toa="null" sc_toa="null" service_center="null" read="1" status="-1" locked="0" date_sent="0" readable_date="02-11-2015 18:12:54" contact_name="A Duc" />
  <sms protocol="0" address="0979399373" date="1446462822213" type="2" subject="null" body="Nhan 2 tin.. HET LO" toa="null" sc_toa="null" service_center="null" read="1" status="0" locked="0" date_sent="0" readable_date="02-11-2015 18:13:42" contact_name="A Tung Thuy?" />
  <sms protocol="0" address="0983099345" date="1446462823723" type="2" subject="null" body="Nhan 4 tin.. HET LO" toa="null" sc_toa="null" service_center="null" read="1" status="0" locked="0" date_sent="0" readable_date="02-11-2015 18:13:43" contact_name="Viet Bo" />
  <sms protocol="0" address="0968193922" date="1446462825223" type="2" subject="null" body="Nhan 2 tin.. HET LO" toa="null" sc_toa="null" service_center="null" read="1" status="32" locked="0" date_sent="0" readable_date="02-11-2015 18:13:45" contact_name="(Unknown)" />
  <sms protocol="0" address="01685897838" date="1446462826712" type="2" subject="null" body="Nhan 11 tin.. HET LO" toa="null" sc_toa="null" service_center="null" read="1" status="32" locked="0" date_sent="0" readable_date="02-11-2015 18:13:46" contact_name="Chi H. v. b" />
  <sms protocol="0" address="0973836212" date="1446462828216" type="2" subject="null" body="Nhan 1 tin.so tin cuoi:1.. HET LO" toa="null" sc_toa="null" service_center="null" read="1" status="32" locked="0" date_sent="0" readable_date="02-11-2015 18:13:48" contact_name="Tien Em" />
  <sms protocol="0" address="0977655973" date="1446462829712" type="2" subject="null" body="Nhan 1 tin.. HET LO" toa="null" sc_toa="null" service_center="null" read="1" status="0" locked="0" date_sent="0" readable_date="02-11-2015 18:13:49" contact_name="A Su Cong Tinh Uy" />
  <sms protocol="0" address="+841677281854" date="1446462857457" type="1" subject="null" body="chau gui cho co 7 tin" toa="null" sc_toa="null" service_center="null" read="1" status="-1" locked="0" date_sent="0" readable_date="02-11-2015 18:14:17" contact_name="(Unknown)" />
  <sms protocol="0" address="+84964386982" date="1446462949443" type="1" subject="null" body="bac gui cho em 7 tin" toa="null" sc_toa="null" service_center="null" read="1" status="-1" locked="0" date_sent="0" readable_date="02-11-2015 18:15:49" contact_name="A Duc" />
  <sms protocol="0" address="01677281854" date="1446462970724" type="2" subject="null" body="Tin 8: De:22x700n.02,20,25,52x500n.00,05,50,55x300n.12,21,23,24,26,27,28,29,32,42,62,72,82,92x200n." toa="null" sc_toa="null" service_center="null" read="1" status="0" locked="0" date_sent="0" readable_date="02-11-2015 18:16:10" contact_name="(Unknown)" />
  <sms protocol="0" address="01677281854" date="1446462993214" type="2" subject="null" body="Tin 9: De:00,01,02,03,04,05,06,07,08,09,10,12,15,20,21,22,23,24,25,26,27,28,29,30,32,35,40,42,45,50,51,52,53,54,55,56,57,58,59,60,62,65,70,72,75,80,82,85,90,92,95x100n." toa="null" sc_toa="null" service_center="null" read="1" status="0" locked="0" date_sent="0" readable_date="02-11-2015 18:16:33" contact_name="(Unknown)" />
  <sms protocol="0" address="+841677281854" date="1446463001399" type="1" subject="null" body="Nhan 8 tin.so tin cuoi:8." toa="null" sc_toa="null" service_center="null" read="1" status="-1" locked="0" date_sent="0" readable_date="02-11-2015 18:16:41" contact_name="(Unknown)" />
  <sms protocol="0" address="0964386982" date="1446463008216" type="2" subject="null" body="Tin 8: De:00,01,02,03,04,05,06,07,08,09,10,12,15,21,23,24,25,26,28,29,30,32,35,40,42,45,51,52,53,54,56,57,58,59,60,62,65,70,75,80,82,85,90,92,95x200n.20,27,72x195n.50x185n.55x70n." toa="null" sc_toa="null" service_center="null" read="1" status="0" locked="0" date_sent="0" readable_date="02-11-2015 18:16:48" contact_name="A Duc" />
  <sms protocol="0" address="+841677281854" date="1446463019194" type="1" subject="null" body="Nhan 9 tin.so tin cuoi:9." toa="null" sc_toa="null" service_center="null" read="1" status="-1" locked="0" date_sent="0" readable_date="02-11-2015 18:16:59" contact_name="(Unknown)" />
  <sms protocol="0" address="01677281854" date="1446463045714" type="2" subject="null" body="Tin 10: De:22x200n.55x130n.50x15n.20,27,72x5n." toa="null" sc_toa="null" service_center="null" read="1" status="0" locked="0" date_sent="0" readable_date="02-11-2015 18:17:25" contact_name="(Unknown)" />
  <sms protocol="0" address="+841677281854" date="1446463070382" type="1" subject="null" body="Nhan 10 tin.so tin cuoi:10." toa="null" sc_toa="null" service_center="null" read="1" status="-1" locked="0" date_sent="0" readable_date="02-11-2015 18:17:50" contact_name="(Unknown)" />
  <sms protocol="0" address="+841677281854" date="1446463127351" type="1" subject="null" body="chau gui cho co 10 tin" toa="null" sc_toa="null" service_center="null" read="1" status="-1" locked="0" date_sent="0" readable_date="02-11-2015 18:18:47" contact_name="(Unknown)" />
  <sms protocol="0" address="+84964386982" date="1446463231049" type="1" subject="null" body="bac gui cho em 8 tin" toa="null" sc_toa="null" service_center="null" read="1" status="-1" locked="0" date_sent="0" readable_date="02-11-2015 18:20:31" contact_name="A Duc" />
  <sms protocol="0" address="0979399373" date="1446463324724" type="2" subject="null" body="Nhan 2 tin.. HET DE" toa="null" sc_toa="null" service_center="null" read="1" status="0" locked="0" date_sent="0" readable_date="02-11-2015 18:22:04" contact_name="A Tung Thuy?" />
  <sms protocol="0" address="0983099345" date="1446463326216" type="2" subject="null" body="Nhan 4 tin.. HET DE" toa="null" sc_toa="null" service_center="null" read="1" status="0" locked="0" date_sent="0" readable_date="02-11-2015 18:22:06" contact_name="Viet Bo" />
  <sms protocol="0" address="0968193922" date="1446463327715" type="2" subject="null" body="Nhan 2 tin.. HET DE" toa="null" sc_toa="null" service_center="null" read="1" status="0" locked="0" date_sent="0" readable_date="02-11-2015 18:22:07" contact_name="(Unknown)" />
  <sms protocol="0" address="01685897838" date="1446463329217" type="2" subject="null" body="Nhan 11 tin.. HET DE" toa="null" sc_toa="null" service_center="null" read="1" status="0" locked="0" date_sent="0" readable_date="02-11-2015 18:22:09" contact_name="Chi H. v. b" />
  <sms protocol="0" address="0973836212" date="1446463330715" type="2" subject="null" body="Nhan 1 tin.so tin cuoi:1.. HET DE" toa="null" sc_toa="null" service_center="null" read="1" status="32" locked="0" date_sent="0" readable_date="02-11-2015 18:22:10" contact_name="Tien Em" />
  <sms protocol="0" address="0977655973" date="1446463332212" type="2" subject="null" body="Nhan 1 tin.. HET DE" toa="null" sc_toa="null" service_center="null" read="1" status="32" locked="0" date_sent="0" readable_date="02-11-2015 18:22:12" contact_name="A Su Cong Tinh Uy" />
  <sms protocol="0" address="+84983650782" date="1446463599805" type="1" subject="null" body="Ngay:02/11/2015&#10;Em chuyen cho Anh&#10;Lo:325,0=7052,5n&#10;3Cang:2600,0=1716,0n&#10;Xien:483,0=2898,0n&#10;Th lo:85,0=6800,0n&#10;Em bu cho Anh:4866,5n&#10;" toa="null" sc_toa="null" service_center="null" read="1" status="-1" locked="0" date_sent="0" readable_date="02-11-2015 18:26:39" contact_name="A T 782 Lv" />
  <sms protocol="0" address="+84964386982" date="1446463849108" type="1" subject="null" body="Ngay:02/11/2015&#10;bac chuyen cho em&#10;De:22445,0=16160,4n&#10;Lo:1875,0=40687,5n&#10;Xien:40,0=16,0n&#10;Th de:200,0=14000,0n&#10;Th lo:570,0=45600,0n&#10;em bu cho bac:2736,1n&#10;" toa="null" sc_toa="null" service_center="null" read="1" status="-1" locked="0" date_sent="0" readable_date="02-11-2015 18:30:49" contact_name="A Duc" />
  <sms protocol="0" address="+841677281854" date="1446463857803" type="1" subject="null" body="Ngay:02/11/2015&#10;chau chuyen cho co&#10;De:21435,0=15433,2n&#10;Lo:2155,0=46763,5n&#10;Th de:100,0=7000,0n&#10;Th lo:485,0=38800,0n&#10;chau bu cho co:16396,7n&#10;" toa="null" sc_toa="null" service_center="null" read="1" status="-1" locked="0" date_sent="0" readable_date="02-11-2015 18:30:57" contact_name="(Unknown)" />
  <sms protocol="0" address="997" date="1446463929749" type="2" subject="null" body="xsmb" toa="null" sc_toa="null" service_center="null" read="1" status="0" locked="0" date_sent="0" readable_date="02-11-2015 18:32:09" contact_name="(Unknown)" />
  <sms protocol="0" address="+997" date="1446463932165" type="1" subject="null" body="TD 02/11&#10;DB:52970&#10;1:98829&#10;2:46833-56042&#10;3:06892-11739-81498-71617-39160-41536&#10;4:7907-1283-8267-2532&#10;5:1931-7876-2598-1514-5603-0769&#10;6:629-561-118&#10;7:22-65-73-06" toa="null" sc_toa="null" service_center="+84980200604" read="1" status="-1" locked="0" date_sent="1446463929000" readable_date="02-11-2015 18:32:12" contact_name="(Unknown)" />
  <sms protocol="0" address="5055" date="1446463957481" type="1" subject="null" body="02/11:&#10;DB:52970&#10;1:98829&#10;2:46833-56042&#10;3:06892-11739-81498-71617-39160-41536&#10;4:7907-1283-8267-2532&#10;5:1931-7876-2598-1514-5603-0769&#10;6:629-561-118&#10;7:22-65-73-06 " toa="null" sc_toa="null" service_center="+84980200037" read="1" status="-1" locked="0" date_sent="1446463954000" readable_date="02-11-2015 18:32:37" contact_name="(Unknown)" />
  <sms protocol="0" address="0983650782" date="1446464046214" type="2" subject="null" body="Ngay:02/11/2015&#13;&#10;em chuyen cho anh&#13;&#10;Lo:325,0=7052,5n&#13;&#10;3Cang:2600,0=1716,0n&#13;&#10;Xien:483,0=2898,0n&#13;&#10;Thuong lo:85,0=6800,0n&#13;&#10;em bu cho anh:4866,5n&#13;&#10;" toa="null" sc_toa="null" service_center="null" read="1" status="32" locked="0" date_sent="0" readable_date="02-11-2015 18:34:06" contact_name="A T 782 Lv" />
  <sms protocol="0" address="01677281854" date="1446464050713" type="2" subject="null" body="Ngay:02/11/2015&#13;&#10;chau chuyen cho co&#13;&#10;De:21435,0=15433,2n&#13;&#10;Lo:2155,0=46763,5n&#13;&#10;Thuong de:100,0=7000,0n&#13;&#10;Thuong lo:485,0=38800,0n&#13;&#10;chau bu cho co:16396,7n&#13;&#10;" toa="null" sc_toa="null" service_center="null" read="1" status="0" locked="0" date_sent="0" readable_date="02-11-2015 18:34:10" contact_name="(Unknown)" />
  <sms protocol="0" address="0968193922" date="1446464056719" type="2" subject="null" body="Ngay:02/11/2015&#13;&#10;chị chuyen cho EM&#13;&#10;Xien:48,0=326,4n&#13;&#10;chị bu cho EM:326,4n&#13;&#10;" toa="null" sc_toa="null" service_center="null" read="1" status="0" locked="0" date_sent="0" readable_date="02-11-2015 18:34:16" contact_name="(Unknown)" />
  <sms protocol="0" address="0983099345" date="1446464059714" type="2" subject="null" body="Ngay:02/11/2015&#13;&#10;Ban chuyen cho toi&#13;&#10;Lo:335,0=7303,0n&#13;&#10;Xien:5,0=32,5n&#13;&#10;Th lo:170,0=13600,0n&#13;&#10;toi bu cho Ban:6264,5n&#13;&#10;" toa="null" sc_toa="null" service_center="null" read="1" status="32" locked="0" date_sent="0" readable_date="02-11-2015 18:34:19" contact_name="Viet Bo" />
  <sms protocol="0" address="0979399373" date="1446464073216" type="2" subject="null" body="Ngay:02/11/2015&#13;&#10;Anh chuyen cho EM&#13;&#10;De:200,0=150,0n&#13;&#10;Lo:80,0=1760,0n&#13;&#10;Th lo:20,0=1600,0n&#13;&#10;Anh bu cho EM:310,0n&#13;&#10;" toa="null" sc_toa="null" service_center="null" read="1" status="32" locked="0" date_sent="0" readable_date="02-11-2015 18:34:33" contact_name="A Tung Thuy?" />
  <sms protocol="0" address="0977655973" date="1446464076232" type="2" subject="null" body="Ngay:02/11/2015&#13;&#10;BAC chuyen cho EM&#13;&#10;De:400,0=320,0n&#13;&#10;Lo:25,0=562,5n&#13;&#10;BAC bu cho EM:882,5n&#13;&#10;" toa="null" sc_toa="null" service_center="null" read="1" status="0" locked="0" date_sent="0" readable_date="02-11-2015 18:34:36" contact_name="A Su Cong Tinh Uy" />
  <sms protocol="0" address="0964386982" date="1446464106217" type="2" subject="null" body="Ngay:02/11/2015&#13;&#10;em chuyen cho anh&#13;&#10;De:22445,0=16048,2n&#13;&#10;Lo:1875,0=40687,5n&#13;&#10;Xien:40,0=240,0n&#13;&#10;Thuong de:200,0=14000,0n&#13;&#10;Thuong lo:570,0=45600,0n&#13;&#10;anh bu cho em:2624,3n&#13;&#10;" toa="null" sc_toa="null" service_center="null" read="1" status="0" locked="0" date_sent="0" readable_date="02-11-2015 18:35:06" contact_name="A Duc" />
  <sms protocol="0" address="01685897838" date="1446464124223" type="2" subject="null" body="Ngay:02/11/2015&#13;&#10;chi chuyen cho EM&#13;&#10;De:42280,0=30441,6n&#13;&#10;Lo:3885,0=84498,8n&#13;&#10;3Cang:2600,0=1846,0n&#13;&#10;Xien:470,0=3149,0n&#13;&#10;Th de:300,0=21000,0n&#13;&#10;Th lo:940,0=75200,0n&#13;&#10;chi bu cho EM:23735,4n&#13;&#10;" toa="null" sc_toa="null" service_center="null" read="1" status="32" locked="0" date_sent="0" readable_date="02-11-2015 18:35:24" contact_name="Chi H. v. b" />
  <sms protocol="0" address="0973836212" date="1446464131716" type="2" subject="null" body="Ngay:02/11/2015&#13;&#10;may chuyen cho tao&#13;&#10;De:1000,0=750,0n&#13;&#10;Lo:30,0=654,0n&#13;&#10;Th lo:10,0=800,0n&#13;&#10;may bu cho tao:604,0n&#13;&#10;" toa="null" sc_toa="null" service_center="null" read="1" status="0" locked="0" date_sent="0" readable_date="02-11-2015 18:35:31" contact_name="Tien Em" />
  <sms protocol="0" address="01632029067" date="1446464615127" type="2" subject="null" body="Tinh den het ngay:01/11/15 EM bu 687n&#13;&#10;Ngay:02/11/15 Chị-326n &#13;&#10;Tong cong: EM bu 361" toa="null" sc_toa="null" service_center="null" read="1" status="0" locked="0" date_sent="0" readable_date="02-11-2015 18:43:35" contact_name="(Unknown)" />
  <sms protocol="0" address="0973836212" date="1446464625937" type="2" subject="null" body="Tinh den het ngay:01/11/15 tao thu 2777n&#13;&#10;Ngay:02/11/15 may-180n +2977n -604n &#13;&#10;Tong cong: tao thu 584" toa="null" sc_toa="null" service_center="null" read="1" status="0" locked="0" date_sent="0" readable_date="02-11-2015 18:43:45" contact_name="Tien Em" />
  <sms protocol="0" address="0977655973" date="1446464630092" type="2" subject="null" body="Tinh den het ngay:01/11/15 EM thu 855n&#13;&#10;Ngay:02/11/15 BAC-1770n -882n &#13;&#10;Tong cong: EM thu 3507" toa="null" sc_toa="null" service_center="null" read="1" status="0" locked="0" date_sent="0" readable_date="02-11-2015 18:43:50" contact_name="A Su Cong Tinh Uy" />
  <sms protocol="0" address="0983099345" date="1446464641916" type="2" subject="null" body="Tinh den het ngay:01/11/15 toi bu 8928n&#13;&#10;Ngay:02/11/15 Ban-23000n +6264n -23589n &#13;&#10;Tong cong: toi thu 31397" toa="null" sc_toa="null" service_center="null" read="1" status="0" locked="0" date_sent="0" readable_date="02-11-2015 18:44:01" contact_name="Viet Bo" />
  <sms protocol="0" address="0983650782" date="1446464648904" type="2" subject="null" body="Tinh den het ngay:01/11/15 em bu 5385n&#13;&#10;Ngay:02/11/15 anh-5385n +700n +4866n &#13;&#10;Tong cong: em bu 5566" toa="null" sc_toa="null" service_center="null" read="1" status="0" locked="0" date_sent="0" readable_date="02-11-2015 18:44:08" contact_name="A T 782 Lv" />
  <sms protocol="0" address="0983099345" date="1446464709838" type="2" subject="null" body="chi bu cho EM:23735,4n&#13;&#10;T thu 23589&#10;" toa="null" sc_toa="null" service_center="null" read="1" status="0" locked="0" date_sent="0" readable_date="02-11-2015 18:45:09" contact_name="Viet Bo" />
</smses>