<?xml version='1.0' encoding='UTF-8' standalone='yes' ?>
<!--File Created By SMS Backup & Restore Pro v7.21 on 03/11/2015 18:37:51-->
<?xml-stylesheet type="text/xsl" href="sms.xsl"?>
<smses count="156">
  <sms protocol="0" address="+84979399373" date="1446545327231" type="1" subject="null" body="Lo 88. 40 x 10. Đề 11 x 50" toa="null" sc_toa="null" service_center="null" read="1" status="-1" locked="0" date_sent="0" readable_date="03-11-2015 17:08:47" contact_name="A Tung Thuy?" />
  <sms protocol="0" address="+84983099345" date="1446545393910" type="1" subject="null" body="Lô 02 93  11 13 49  66 x5d" toa="null" sc_toa="null" service_center="null" read="1" status="-1" locked="0" date_sent="0" readable_date="03-11-2015 17:09:53" contact_name="Viet Bo" />
  <sms protocol="0" address="0983099345" date="1446545478640" type="2" subject="null" body="Nhan 1 tin." toa="null" sc_toa="null" service_center="null" read="1" status="0" locked="0" date_sent="0" readable_date="03-11-2015 17:11:18" contact_name="Viet Bo" />
  <sms protocol="0" address="0979399373" date="1446545501133" type="2" subject="null" body="Anh gui cho EM 1 tin" toa="null" sc_toa="null" service_center="null" read="1" status="32" locked="0" date_sent="0" readable_date="03-11-2015 17:11:41" contact_name="A Tung Thuy?" />
  <sms protocol="0" address="+84983099345" date="1446546304782" type="1" subject="null" body="Lo 58x50d. Lo 86 78x10d." toa="null" sc_toa="null" service_center="null" read="1" status="-1" locked="0" date_sent="0" readable_date="03-11-2015 17:25:04" contact_name="Viet Bo" />
  <sms protocol="0" address="0983099345" date="1446546336640" type="2" subject="null" body="Nhan 2 tin." toa="null" sc_toa="null" service_center="null" read="1" status="32" locked="0" date_sent="0" readable_date="03-11-2015 17:25:36" contact_name="Viet Bo" />
  <sms protocol="0" address="+84983099345" date="1446546402349" type="1" subject="null" body="Lô 07 x5d . Xiên 3 . 59 99 19 x 30n . 50 33 97 x30n" toa="null" sc_toa="null" service_center="null" read="1" status="-1" locked="0" date_sent="0" readable_date="03-11-2015 17:26:42" contact_name="Viet Bo" />
  <sms protocol="0" address="0983099345" date="1446546509134" type="2" subject="null" body="Nhan 3 tin." toa="null" sc_toa="null" service_center="null" read="1" status="32" locked="0" date_sent="0" readable_date="03-11-2015 17:28:29" contact_name="Viet Bo" />
  <sms protocol="0" address="+84979399373" date="1446546581059" type="1" subject="null" body="Lô:88.79x10. Đề:82x150" toa="null" sc_toa="null" service_center="null" read="1" status="-1" locked="0" date_sent="0" readable_date="03-11-2015 17:29:41" contact_name="A Tung Thuy?" />
  <sms protocol="0" address="+84983099345" date="1446546595109" type="1" subject="null" body="lo 585 x 20đ" toa="null" sc_toa="null" service_center="null" read="1" status="-1" locked="0" date_sent="0" readable_date="03-11-2015 17:29:55" contact_name="Viet Bo" />
  <sms protocol="0" address="+84983099345" date="1446546608491" type="1" subject="null" body=" lo 24 x 10đ" toa="null" sc_toa="null" service_center="null" read="1" status="-1" locked="0" date_sent="0" readable_date="03-11-2015 17:30:08" contact_name="Viet Bo" />
  <sms protocol="0" address="0983099345" date="1446546743142" type="2" subject="null" body="Nhan 5 tin." toa="null" sc_toa="null" service_center="null" read="1" status="0" locked="0" date_sent="0" readable_date="03-11-2015 17:32:23" contact_name="Viet Bo" />
  <sms protocol="0" address="+841685897838" date="1446547042914" type="1" subject="null" body="xien,21,11,88.160680,.610860x30n  lo,09,19,99,69, 08,06,21,11,88,55x10d" toa="null" sc_toa="null" service_center="null" read="1" status="-1" locked="0" date_sent="0" readable_date="03-11-2015 17:37:22" contact_name="Chi H. v. b" />
  <sms protocol="0" address="+84983099345" date="1446547080654" type="1" subject="null" body="lô 19,48x100d đề 19x500n đề đầu 1x100n" toa="null" sc_toa="null" service_center="null" read="1" status="-1" locked="0" date_sent="0" readable_date="03-11-2015 17:38:00" contact_name="Viet Bo" />
  <sms protocol="0" address="01685897838" date="1446547088140" type="2" subject="null" body="Nhan 1 tin." toa="null" sc_toa="null" service_center="null" read="1" status="0" locked="0" date_sent="0" readable_date="03-11-2015 17:38:08" contact_name="Chi H. v. b" />
  <sms protocol="0" address="0983099345" date="1446547091136" type="2" subject="null" body="Nhan 6 tin." toa="null" sc_toa="null" service_center="null" read="1" status="32" locked="0" date_sent="0" readable_date="03-11-2015 17:38:11" contact_name="Viet Bo" />
  <sms protocol="0" address="0983099345" date="1446547094139" type="2" subject="null" body="Nhan 6 tin." toa="null" sc_toa="null" service_center="null" read="1" status="0" locked="0" date_sent="0" readable_date="03-11-2015 17:38:14" contact_name="Viet Bo" />
  <sms protocol="0" address="+84983099345" date="1446547113977" type="1" subject="null" body="Đề 60,80x250n. 3c 180,860x150n. Xien2.89,70x500k. X2 52,53x500k" toa="null" sc_toa="null" service_center="null" read="1" status="-1" locked="0" date_sent="0" readable_date="03-11-2015 17:38:33" contact_name="Viet Bo" />
  <sms protocol="0" address="0983099345" date="1446547128641" type="2" subject="null" body="Nhan 7 tin." toa="null" sc_toa="null" service_center="null" read="1" status="32" locked="0" date_sent="0" readable_date="03-11-2015 17:38:48" contact_name="Viet Bo" />
  <sms protocol="0" address="0983099345" date="1446547131637" type="2" subject="null" body="Nhan 7 tin." toa="null" sc_toa="null" service_center="null" read="1" status="32" locked="0" date_sent="0" readable_date="03-11-2015 17:38:51" contact_name="Viet Bo" />
  <sms protocol="0" address="0983650782" date="1446547149635" type="2" subject="null" body="Tin 1: lo:19,48,58,88x30d.85x20d.11x15d.06,08,09,21,24,40,55,69,78,79,86,99x10d.02,07,13,49,66,93x5d..xi3:06,16,80*3d.,xi3:08,60,61*3d.,xi3:11,21,88*3d.,xi3:19,59,99*3d.,xi3:33,50,97*3d.xi2:52,53*50d.,xi2:70,89*50d." toa="null" sc_toa="null" service_center="null" read="1" status="0" locked="0" date_sent="0" readable_date="03-11-2015 17:39:09" contact_name="A T 782 Lv" />
  <sms protocol="0" address="+84983099345" date="1446547173348" type="1" subject="null" body="Lô 19 84 x5 đ" toa="null" sc_toa="null" service_center="null" read="1" status="-1" locked="0" date_sent="0" readable_date="03-11-2015 17:39:33" contact_name="Viet Bo" />
  <sms protocol="0" address="0983650782" date="1446547178144" type="2" subject="null" body="Tin 2: Ba cang:180,860x150n." toa="null" sc_toa="null" service_center="null" read="1" status="32" locked="0" date_sent="0" readable_date="03-11-2015 17:39:38" contact_name="A T 782 Lv" />
  <sms protocol="0" address="0983099345" date="1446547182639" type="2" subject="null" body="Nhan 8 tin." toa="null" sc_toa="null" service_center="null" read="1" status="0" locked="0" date_sent="0" readable_date="03-11-2015 17:39:42" contact_name="Viet Bo" />
  <sms protocol="0" address="0983099345" date="1446547185634" type="2" subject="null" body="Nhan 8 tin." toa="null" sc_toa="null" service_center="null" read="1" status="32" locked="0" date_sent="0" readable_date="03-11-2015 17:39:45" contact_name="Viet Bo" />
  <sms protocol="0" address="01677281854" date="1446547197654" type="2" subject="null" body="Tin 1: lo:19x85d.48x70d.58x40d.84x5d." toa="null" sc_toa="null" service_center="null" read="1" status="32" locked="0" date_sent="0" readable_date="03-11-2015 17:39:57" contact_name="(Unknown)" />
  <sms protocol="0" address="+841677281854" date="1446547380207" type="1" subject="null" body="Nhan 1 tin.so tin cuoi:1." toa="null" sc_toa="null" service_center="null" read="1" status="-1" locked="0" date_sent="0" readable_date="03-11-2015 17:43:00" contact_name="(Unknown)" />
  <sms protocol="0" address="+841685897838" date="1446547890932" type="1" subject="null" body="Lo 58.93.161.08.85.x20d.42.37 78 161 40 39 86 x10d." toa="null" sc_toa="null" service_center="null" read="1" status="-1" locked="0" date_sent="0" readable_date="03-11-2015 17:51:30" contact_name="Chi H. v. b" />
  <sms protocol="0" address="01685897838" date="1446547901143" type="2" subject="null" body="Nhan 2 tin." toa="null" sc_toa="null" service_center="null" read="1" status="0" locked="0" date_sent="0" readable_date="03-11-2015 17:51:41" contact_name="Chi H. v. b" />
  <sms protocol="0" address="01685897838" date="1446547902642" type="2" subject="null" body="Nhan 2 tin." toa="null" sc_toa="null" service_center="null" read="1" status="32" locked="0" date_sent="0" readable_date="03-11-2015 17:51:42" contact_name="Chi H. v. b" />
  <sms protocol="0" address="01677281854" date="1446547908640" type="2" subject="null" body="Tin 2: lo:16,61x30d.08,58,85,93x20d.37,39,40,42,78,86x10d." toa="null" sc_toa="null" service_center="null" read="1" status="32" locked="0" date_sent="0" readable_date="03-11-2015 17:51:48" contact_name="(Unknown)" />
  <sms protocol="0" address="+841677281854" date="1446547935163" type="1" subject="null" body="Nhan 2 tin.so tin cuoi:2." toa="null" sc_toa="null" service_center="null" read="1" status="-1" locked="0" date_sent="0" readable_date="03-11-2015 17:52:15" contact_name="(Unknown)" />
  <sms protocol="0" address="+84983650782" date="1446548168685" type="1" subject="null" body="Em gui cho Anh 2 tin" toa="null" sc_toa="null" service_center="null" read="1" status="-1" locked="0" date_sent="0" readable_date="03-11-2015 17:56:08" contact_name="A T 782 Lv" />
  <sms protocol="0" address="+841685897838" date="1446548232000" type="1" subject="null" body="Dau 5x30n.22x100n.lo 52.86.75.48.59.x50d." toa="null" sc_toa="null" service_center="null" read="1" status="-1" locked="0" date_sent="0" readable_date="03-11-2015 17:57:12" contact_name="Chi H. v. b" />
  <sms protocol="0" address="01685897838" date="1446548237135" type="2" subject="null" body="Nhan 3 tin." toa="null" sc_toa="null" service_center="null" read="1" status="0" locked="0" date_sent="0" readable_date="03-11-2015 17:57:17" contact_name="Chi H. v. b" />
  <sms protocol="0" address="0964386982" date="1446548253634" type="2" subject="null" body="Tin 1: lo:48,52,59,75,86x50d." toa="null" sc_toa="null" service_center="null" read="1" status="32" locked="0" date_sent="0" readable_date="03-11-2015 17:57:33" contact_name="A Duc" />
  <sms protocol="0" address="+84964386982" date="1446548336259" type="1" subject="null" body="em gui cho anh 1 tin" toa="null" sc_toa="null" service_center="null" read="1" status="-1" locked="0" date_sent="0" readable_date="03-11-2015 17:58:56" contact_name="A Duc" />
  <sms protocol="0" address="+84968193922" date="1446548352218" type="1" subject="null" body="X2.56.64.=50 ; X2.27.56.=50 ; X2.52.56.=50 ; X2.56.75.=50 ; X3.11.04.80.=50; X3.86.68.85.=10 ; X3.92.29.71.=50 ; X3.71.78.29.=50 ; X3.29.88.71.=50 ; X2.00.88.=50." toa="null" sc_toa="null" service_center="null" read="1" status="-1" locked="0" date_sent="0" readable_date="03-11-2015 17:59:12" contact_name="(Unknown)" />
  <sms protocol="0" address="0968193922" date="1446548396135" type="2" subject="null" body="Nhan 1 tin." toa="null" sc_toa="null" service_center="null" read="1" status="0" locked="0" date_sent="0" readable_date="03-11-2015 17:59:56" contact_name="(Unknown)" />
  <sms protocol="0" address="0968193922" date="1446548397635" type="2" subject="null" body="Nhan 1 tin." toa="null" sc_toa="null" service_center="null" read="1" status="0" locked="0" date_sent="0" readable_date="03-11-2015 17:59:57" contact_name="(Unknown)" />
  <sms protocol="0" address="0983650782" date="1446548409638" type="2" subject="null" body="Tin 3: xi3:68,85,86*1d.xi2:00,88*5d.,xi3:04,11,80*5d.,xi2:27,56*5d.,xi3:29,71,78*5d.,xi3:29,71,88*5d.,xi3:29,71,92*5d.,xi2:52,56*5d.,xi2:56,64*5d.,xi2:56,75*5d." toa="null" sc_toa="null" service_center="null" read="1" status="0" locked="0" date_sent="0" readable_date="03-11-2015 18:00:09" contact_name="A T 782 Lv" />
  <sms protocol="0" address="0979399373" date="1446548429133" type="2" subject="null" body="Anh gui cho EM 2 tin" toa="null" sc_toa="null" service_center="null" read="1" status="0" locked="0" date_sent="0" readable_date="03-11-2015 18:00:29" contact_name="A Tung Thuy?" />
  <sms protocol="0" address="+841685897838" date="1446548461171" type="1" subject="null" body="Lo 11x50d.xien 58.93.08x5d.161x5d.de 58.93.08.85.x200n.day 03.x100n.kep bang x200n.kep lech x100n..ba cang 719x200n.xien 21.90.19x20d." toa="null" sc_toa="null" service_center="null" read="1" status="-1" locked="0" date_sent="0" readable_date="03-11-2015 18:01:01" contact_name="Chi H. v. b" />
  <sms protocol="0" address="+84973836212" date="1446548473930" type="1" subject="null" body="T1 lo 575x15d 01.79.97.x20đ de kbx120n" toa="null" sc_toa="null" service_center="null" read="1" status="-1" locked="0" date_sent="0" readable_date="03-11-2015 18:01:13" contact_name="Tien Em" />
  <sms protocol="0" address="0973836212" date="1446548484640" type="2" subject="null" body="Nhan 1 tin.so tin cuoi:1." toa="null" sc_toa="null" service_center="null" read="1" status="32" locked="0" date_sent="0" readable_date="03-11-2015 18:01:24" contact_name="Tien Em" />
  <sms protocol="0" address="01685897838" date="1446548486137" type="2" subject="null" body="Nhan 4 tin." toa="null" sc_toa="null" service_center="null" read="1" status="0" locked="0" date_sent="0" readable_date="03-11-2015 18:01:26" contact_name="Chi H. v. b" />
  <sms protocol="0" address="+841685897838" date="1446548486253" type="1" subject="null" body="3 cang:906x100n 030,282,519,894x30n de? 06x200n,30,20,94,72,82,191,161 ,09, 08x40n 60,49,80x40n" toa="null" sc_toa="null" service_center="null" read="1" status="-1" locked="0" date_sent="0" readable_date="03-11-2015 18:01:26" contact_name="Chi H. v. b" />
  <sms protocol="0" address="0973836212" date="1446548487636" type="2" subject="null" body="Nhan 1 tin.so tin cuoi:1." toa="null" sc_toa="null" service_center="null" read="1" status="0" locked="0" date_sent="0" readable_date="03-11-2015 18:01:27" contact_name="Tien Em" />
  <sms protocol="0" address="01685897838" date="1446548492137" type="2" subject="null" body="Nhan 5 tin." toa="null" sc_toa="null" service_center="null" read="1" status="0" locked="0" date_sent="0" readable_date="03-11-2015 18:01:32" contact_name="Chi H. v. b" />
  <sms protocol="0" address="01685897838" date="1446548499636" type="2" subject="null" body="Nhan 5 tin." toa="null" sc_toa="null" service_center="null" read="1" status="32" locked="0" date_sent="0" readable_date="03-11-2015 18:01:39" contact_name="Chi H. v. b" />
  <sms protocol="0" address="0983650782" date="1446548511634" type="2" subject="null" body="Tin 4: xi3:19,21,90*20d.xi3:08,58,93*5d.,xi2:16,61*5d." toa="null" sc_toa="null" service_center="null" read="1" status="0" locked="0" date_sent="0" readable_date="03-11-2015 18:01:51" contact_name="A T 782 Lv" />
  <sms protocol="0" address="+841685897838" date="1446548528875" type="1" subject="null" body="Lô 11.66x100d.15.12.52x200d.99.727.51.535.58x50d.." toa="null" sc_toa="null" service_center="null" read="1" status="-1" locked="0" date_sent="0" readable_date="03-11-2015 18:02:08" contact_name="Chi H. v. b" />
  <sms protocol="0" address="0964386982" date="1446548546136" type="2" subject="null" body="Tin 2: Ba cang:906x30n.719x130n." toa="null" sc_toa="null" service_center="null" read="1" status="0" locked="0" date_sent="0" readable_date="03-11-2015 18:02:26" contact_name="A Duc" />
  <sms protocol="0" address="01685897838" date="1446548553637" type="2" subject="null" body="Nhan 6 tin." toa="null" sc_toa="null" service_center="null" read="1" status="0" locked="0" date_sent="0" readable_date="03-11-2015 18:02:33" contact_name="Chi H. v. b" />
  <sms protocol="0" address="01685897838" date="1446548555136" type="2" subject="null" body="Nhan 6 tin." toa="null" sc_toa="null" service_center="null" read="1" status="0" locked="0" date_sent="0" readable_date="03-11-2015 18:02:35" contact_name="Chi H. v. b" />
  <sms protocol="0" address="0983650782" date="1446548574642" type="2" subject="null" body="Tin 5: Ba cang:030,282,519,894x30n.719,906x70n." toa="null" sc_toa="null" service_center="null" read="1" status="0" locked="0" date_sent="0" readable_date="03-11-2015 18:02:54" contact_name="A T 782 Lv" />
  <sms protocol="0" address="0964386982" date="1446548591140" type="2" subject="null" body="Tin 3: lo:12,15,11,66x60d.27,35,51,53,58,72,99x50d.01,79,97x20d.57x15d.52,75x10d." toa="null" sc_toa="null" service_center="null" read="1" status="0" locked="0" date_sent="0" readable_date="03-11-2015 18:03:11" contact_name="A Duc" />
  <sms protocol="0" address="01677281854" date="1446548601645" type="2" subject="null" body="Tin 3: lo:52x190d.12,15x140d.11x90d.66x40d.75x5d." toa="null" sc_toa="null" service_center="null" read="1" status="0" locked="0" date_sent="0" readable_date="03-11-2015 18:03:21" contact_name="(Unknown)" />
  <sms protocol="0" address="+84983650782" date="1446548614657" type="1" subject="null" body="Em gui cho Anh 5 tin" toa="null" sc_toa="null" service_center="null" read="1" status="-1" locked="0" date_sent="0" readable_date="03-11-2015 18:03:34" contact_name="A T 782 Lv" />
  <sms protocol="0" address="+84964386982" date="1446548627428" type="1" subject="null" body="em gui cho anh 3 tin" toa="null" sc_toa="null" service_center="null" read="1" status="-1" locked="0" date_sent="0" readable_date="03-11-2015 18:03:47" contact_name="A Duc" />
  <sms protocol="0" address="+841677281854" date="1446548633887" type="1" subject="null" body="Nhan 3 tin.so tin cuoi:3." toa="null" sc_toa="null" service_center="null" read="1" status="-1" locked="0" date_sent="0" readable_date="03-11-2015 18:03:53" contact_name="(Unknown)" />
  <sms protocol="0" address="+841685897838" date="1446548682567" type="1" subject="null" body="Lo 84.22.29x30d.xjen 52.15x30d" toa="null" sc_toa="null" service_center="null" read="1" status="-1" locked="0" date_sent="0" readable_date="03-11-2015 18:04:42" contact_name="Chi H. v. b" />
  <sms protocol="0" address="01685897838" date="1446548687134" type="2" subject="null" body="Nhan 7 tin." toa="null" sc_toa="null" service_center="null" read="1" status="32" locked="0" date_sent="0" readable_date="03-11-2015 18:04:47" contact_name="Chi H. v. b" />
  <sms protocol="0" address="01685897838" date="1446548690134" type="2" subject="null" body="Nhan 7 tin." toa="null" sc_toa="null" service_center="null" read="1" status="0" locked="0" date_sent="0" readable_date="03-11-2015 18:04:50" contact_name="Chi H. v. b" />
  <sms protocol="0" address="0983650782" date="1446548700644" type="2" subject="null" body="Tin 6: xi2:15,52*30d." toa="null" sc_toa="null" service_center="null" read="1" status="0" locked="0" date_sent="0" readable_date="03-11-2015 18:05:00" contact_name="A T 782 Lv" />
  <sms protocol="0" address="01677281854" date="1446548711137" type="2" subject="null" body="Tin 4: lo:22,29,84x30d." toa="null" sc_toa="null" service_center="null" read="1" status="0" locked="0" date_sent="0" readable_date="03-11-2015 18:05:11" contact_name="(Unknown)" />
  <sms protocol="0" address="+841677281854" date="1446548738892" type="1" subject="null" body="Nhan 4 tin.so tin cuoi:4." toa="null" sc_toa="null" service_center="null" read="1" status="-1" locked="0" date_sent="0" readable_date="03-11-2015 18:05:38" contact_name="(Unknown)" />
  <sms protocol="0" address="+841685897838" date="1446548784218" type="1" subject="null" body="lo.52.727.11.808.010.616.171.75.949.60.565.62.383.34.40.x80d" toa="null" sc_toa="null" service_center="null" read="1" status="-1" locked="0" date_sent="0" readable_date="03-11-2015 18:06:24" contact_name="Chi H. v. b" />
  <sms protocol="0" address="01685897838" date="1446548789145" type="2" subject="null" body="Nhan 8 tin." toa="null" sc_toa="null" service_center="null" read="1" status="0" locked="0" date_sent="0" readable_date="03-11-2015 18:06:29" contact_name="Chi H. v. b" />
  <sms protocol="0" address="01685897838" date="1446548792137" type="2" subject="null" body="Nhan 8 tin." toa="null" sc_toa="null" service_center="null" read="1" status="0" locked="0" date_sent="0" readable_date="03-11-2015 18:06:32" contact_name="Chi H. v. b" />
  <sms protocol="0" address="0964386982" date="1446548808636" type="2" subject="null" body="Tin 4: lo:08,10,16,17,34,38,40,49,56,60,61,62,65,71,80,83,94x40d.01x20d." toa="null" sc_toa="null" service_center="null" read="1" status="32" locked="0" date_sent="0" readable_date="03-11-2015 18:06:48" contact_name="A Duc" />
  <sms protocol="0" address="+841685897838" date="1446548814043" type="1" subject="null" body="3 cang 906 865 894 994 806 x10N 04 06 05 07 37x10N lO 44 52x 20D77 59 55 55 57 11x5D Xien 06 21 23x10N  11 09 x10N 6919 99 x10N16 11 23x10N 55 99 52x20N 77 21 71 59 x20N 88 44 52x20N)2kX5N KbX10N " toa="null" sc_toa="null" service_center="null" read="1" status="-1" locked="0" date_sent="0" readable_date="03-11-2015 18:06:54" contact_name="Chi H. v. b" />
  <sms protocol="0" address="+84983650782" date="1446548823962" type="1" subject="null" body="Em gui cho Anh 6 tin" toa="null" sc_toa="null" service_center="null" read="1" status="-1" locked="0" date_sent="0" readable_date="03-11-2015 18:07:03" contact_name="A T 782 Lv" />
  <sms protocol="0" address="+84964386982" date="1446548831584" type="1" subject="null" body="em gui cho anh 4 tin" toa="null" sc_toa="null" service_center="null" read="1" status="-1" locked="0" date_sent="0" readable_date="03-11-2015 18:07:11" contact_name="A Duc" />
  <sms protocol="0" address="01685897838" date="1446548855139" type="2" subject="null" body="Nhan 9 tin." toa="null" sc_toa="null" service_center="null" read="1" status="0" locked="0" date_sent="0" readable_date="03-11-2015 18:07:35" contact_name="Chi H. v. b" />
  <sms protocol="0" address="01685897838" date="1446548858134" type="2" subject="null" body="Nhan 9 tin." toa="null" sc_toa="null" service_center="null" read="1" status="0" locked="0" date_sent="0" readable_date="03-11-2015 18:07:38" contact_name="Chi H. v. b" />
  <sms protocol="0" address="0964386982" date="1446548873135" type="2" subject="null" body="Tin 5: lo:44x20d.55x10d.57,77x5d..xi4:21,59,71,77*2d.,xi3:44,52,88*2d.,xi3:52,55,99*2d.xi3:06,21,23*1d.,xi2:09,11*1d.,xi3:11,16,23*1d.,xi3:19,69,99*1d." toa="null" sc_toa="null" service_center="null" read="1" status="0" locked="0" date_sent="0" readable_date="03-11-2015 18:07:53" contact_name="A Duc" />
  <sms protocol="0" address="+84968193922" date="1446548880961" type="1" subject="null" body="X3.58.45.07.=10." toa="null" sc_toa="null" service_center="null" read="1" status="-1" locked="0" date_sent="0" readable_date="03-11-2015 18:08:00" contact_name="(Unknown)" />
  <sms protocol="0" address="0968193922" date="1446548894137" type="2" subject="null" body="Nhan 2 tin." toa="null" sc_toa="null" service_center="null" read="1" status="32" locked="0" date_sent="0" readable_date="03-11-2015 18:08:14" contact_name="(Unknown)" />
  <sms protocol="0" address="0968193922" date="1446548897137" type="2" subject="null" body="Nhan 2 tin." toa="null" sc_toa="null" service_center="null" read="1" status="0" locked="0" date_sent="0" readable_date="03-11-2015 18:08:17" contact_name="(Unknown)" />
  <sms protocol="0" address="01677281854" date="1446548907636" type="2" subject="null" body="Tin 5: lo:52x100d.11x85d.27,72,75x80d.01x60d.08,10,16,17,34,38,40,49,56,60,61,62,65,71,80,83,94x40d.59x5d..xi3:07,45,58*1d." toa="null" sc_toa="null" service_center="null" read="1" status="0" locked="0" date_sent="0" readable_date="03-11-2015 18:08:27" contact_name="(Unknown)" />
  <sms protocol="0" address="+84964386982" date="1446548912124" type="1" subject="null" body="em gui cho anh 5 tin" toa="null" sc_toa="null" service_center="null" read="1" status="-1" locked="0" date_sent="0" readable_date="03-11-2015 18:08:32" contact_name="A Duc" />
  <sms protocol="0" address="0983650782" date="1446548925635" type="2" subject="null" body="Tin 7: Ba cang:906,894,806,865,994x10n." toa="null" sc_toa="null" service_center="null" read="1" status="0" locked="0" date_sent="0" readable_date="03-11-2015 18:08:45" contact_name="A T 782 Lv" />
  <sms protocol="0" address="+841677281854" date="1446548944951" type="1" subject="null" body="Nhan 5 tin.so tin cuoi:5." toa="null" sc_toa="null" service_center="null" read="1" status="-1" locked="0" date_sent="0" readable_date="03-11-2015 18:09:04" contact_name="(Unknown)" />
  <sms protocol="0" address="+841685897838" date="1446549006097" type="1" subject="null" body="Ba.cang.649.865.806.232.235.856.351.815.810.801.860.530.350.850.050.505.699.899.868.747.859.890.838.878.511.386.519.389.314.351.369.833.808.168.149.147.389.361.831.898.888.858.852.875.x100n" toa="null" sc_toa="null" service_center="null" read="1" status="-1" locked="0" date_sent="0" readable_date="03-11-2015 18:10:06" contact_name="Chi H. v. b" />
  <sms protocol="0" address="01685897838" date="1446549011156" type="2" subject="null" body="Nhan 10 tin." toa="null" sc_toa="null" service_center="null" read="1" status="0" locked="0" date_sent="0" readable_date="03-11-2015 18:10:11" contact_name="Chi H. v. b" />
  <sms protocol="0" address="01685897838" date="1446549014137" type="2" subject="null" body="Nhan 10 tin." toa="null" sc_toa="null" service_center="null" read="1" status="0" locked="0" date_sent="0" readable_date="03-11-2015 18:10:14" contact_name="Chi H. v. b" />
  <sms protocol="0" address="+841677281854" date="1446549026686" type="1" subject="null" body="chau gui cho co 5 tin" toa="null" sc_toa="null" service_center="null" read="1" status="-1" locked="0" date_sent="0" readable_date="03-11-2015 18:10:26" contact_name="(Unknown)" />
  <sms protocol="0" address="+84973836212" date="1446549045277" type="1" subject="null" body="Thêm 56 x 10đ." toa="null" sc_toa="null" service_center="null" read="1" status="-1" locked="0" date_sent="0" readable_date="03-11-2015 18:10:45" contact_name="Tien Em" />
  <sms protocol="0" address="0964386982" date="1446549047139" type="2" subject="null" body="Tin 6: Ba cang:860,519,806,865,050,147,149,168,232,235,314,350,361,369,386,505,511,530,649,699,747,801,808,810,815,831,833,838,850,852,856,858,859,868,875,878,888,890,898,899x30n.351,389x130n." toa="null" sc_toa="null" service_center="null" read="1" status="0" locked="0" date_sent="0" readable_date="03-11-2015 18:10:47" contact_name="A Duc" />
  <sms protocol="0" address="+84977655973" date="1446549064631" type="1" subject="null" body="Lo 08x5d 11x25d kep bang x25n 11 33x70n 595 55 99 00 232 02 x10n day 33x20n" toa="null" sc_toa="null" service_center="null" read="1" status="-1" locked="0" date_sent="0" readable_date="03-11-2015 18:11:04" contact_name="A Su Cong Tinh Uy" />
  <sms protocol="0" address="0973836212" date="1446549065139" type="2" subject="null" body="Nhan 2 tin.so tin cuoi:1." toa="null" sc_toa="null" service_center="null" read="1" status="0" locked="0" date_sent="0" readable_date="03-11-2015 18:11:05" contact_name="Tien Em" />
  <sms protocol="0" address="+84983650782" date="1446549072971" type="1" subject="null" body="Em gui cho Anh 7 tin" toa="null" sc_toa="null" service_center="null" read="1" status="-1" locked="0" date_sent="0" readable_date="03-11-2015 18:11:12" contact_name="A T 782 Lv" />
  <sms protocol="0" address="+84964386982" date="1446549078797" type="1" subject="null" body="em gui cho anh 6 tin" toa="null" sc_toa="null" service_center="null" read="1" status="-1" locked="0" date_sent="0" readable_date="03-11-2015 18:11:18" contact_name="A Duc" />
  <sms protocol="0" address="01677281854" date="1446549093635" type="2" subject="null" body="Tin 6: lo:11x25d.56x10d.08x5d." toa="null" sc_toa="null" service_center="null" read="1" status="0" locked="0" date_sent="0" readable_date="03-11-2015 18:11:33" contact_name="(Unknown)" />
  <sms protocol="0" address="0983650782" date="1446549114634" type="2" subject="null" body="Tin 8: Ba cang:860,351,389,519,806,865,050,147,149,168,232,235,314,350,361,369,386,505,511,530,649,699,747,801,808,810,815,831,833,838,850,852,856,858,859,868,875,878,888,890,898,899x70n." toa="null" sc_toa="null" service_center="null" read="1" status="0" locked="0" date_sent="0" readable_date="03-11-2015 18:11:54" contact_name="A T 782 Lv" />
  <sms protocol="0" address="+841677281854" date="1446549122948" type="1" subject="null" body="Nhan 6 tin.so tin cuoi:6." toa="null" sc_toa="null" service_center="null" read="1" status="-1" locked="0" date_sent="0" readable_date="03-11-2015 18:12:02" contact_name="(Unknown)" />
  <sms protocol="0" address="+841685897838" date="1446549137653" type="1" subject="null" body="Lo.72.77.010.67.56.51.53.33.878.38.989.99.54.88.11.77.59.47.52.x30d." toa="null" sc_toa="null" service_center="null" read="1" status="-1" locked="0" date_sent="0" readable_date="03-11-2015 18:12:17" contact_name="Chi H. v. b" />
  <sms protocol="0" address="0964386982" date="1446549156636" type="2" subject="null" body="Tin 7: lo:77x60d.01,10,11,33,38,47,51,52,53,54,56,59,67,72,78,87,88,89,98,99x30d." toa="null" sc_toa="null" service_center="null" read="1" status="0" locked="0" date_sent="0" readable_date="03-11-2015 18:12:36" contact_name="A Duc" />
  <sms protocol="0" address="01685897838" date="1446549159636" type="2" subject="null" body="Nhan 11 tin." toa="null" sc_toa="null" service_center="null" read="1" status="32" locked="0" date_sent="0" readable_date="03-11-2015 18:12:39" contact_name="Chi H. v. b" />
  <sms protocol="0" address="01685897838" date="1446549162636" type="2" subject="null" body="Nhan 11 tin." toa="null" sc_toa="null" service_center="null" read="1" status="32" locked="0" date_sent="0" readable_date="03-11-2015 18:12:42" contact_name="Chi H. v. b" />
  <sms protocol="0" address="+84964386982" date="1446549187081" type="1" subject="null" body="em gui cho anh 7 tin" toa="null" sc_toa="null" service_center="null" read="1" status="-1" locked="0" date_sent="0" readable_date="03-11-2015 18:13:07" contact_name="A Duc" />
  <sms protocol="0" address="0979399373" date="1446549197142" type="2" subject="null" body="Nhan 2 tin.. HET LO" toa="null" sc_toa="null" service_center="null" read="1" status="0" locked="0" date_sent="0" readable_date="03-11-2015 18:13:17" contact_name="A Tung Thuy?" />
  <sms protocol="0" address="0983099345" date="1446549198637" type="2" subject="null" body="Nhan 8 tin.. HET LO" toa="null" sc_toa="null" service_center="null" read="1" status="0" locked="0" date_sent="0" readable_date="03-11-2015 18:13:18" contact_name="Viet Bo" />
  <sms protocol="0" address="01685897838" date="1446549200136" type="2" subject="null" body="Nhan 11 tin.. HET LO" toa="null" sc_toa="null" service_center="null" read="1" status="32" locked="0" date_sent="0" readable_date="03-11-2015 18:13:20" contact_name="Chi H. v. b" />
  <sms protocol="0" address="0968193922" date="1446549201635" type="2" subject="null" body="Nhan 2 tin.. HET LO" toa="null" sc_toa="null" service_center="null" read="1" status="32" locked="0" date_sent="0" readable_date="03-11-2015 18:13:21" contact_name="(Unknown)" />
  <sms protocol="0" address="0973836212" date="1446549203137" type="2" subject="null" body="Nhan 2 tin.so tin cuoi:1.. HET LO" toa="null" sc_toa="null" service_center="null" read="1" status="32" locked="0" date_sent="0" readable_date="03-11-2015 18:13:23" contact_name="Tien Em" />
  <sms protocol="0" address="0977655973" date="1446549204635" type="2" subject="null" body="Nhan 1 tin.. HET LO" toa="null" sc_toa="null" service_center="null" read="1" status="32" locked="0" date_sent="0" readable_date="03-11-2015 18:13:24" contact_name="A Su Cong Tinh Uy" />
  <sms protocol="0" address="+84983650782" date="1446549254547" type="1" subject="null" body="Em gui cho Anh 8 tin" toa="null" sc_toa="null" service_center="null" read="1" status="-1" locked="0" date_sent="0" readable_date="03-11-2015 18:14:14" contact_name="A T 782 Lv" />
  <sms protocol="0" address="+841677281854" date="1446549267760" type="1" subject="null" body="chau gui cho co 6 tin" toa="null" sc_toa="null" service_center="null" read="1" status="-1" locked="0" date_sent="0" readable_date="03-11-2015 18:14:27" contact_name="(Unknown)" />
  <sms protocol="0" address="+84964386982" date="1446549337989" type="1" subject="null" body="Ko co de a e" toa="null" sc_toa="null" service_center="null" read="1" status="-1" locked="0" date_sent="0" readable_date="03-11-2015 18:15:37" contact_name="A Duc" />
  <sms protocol="0" address="+841685897838" date="1446549350673" type="1" subject="null" body="dau djt 2x700.he 24.x400.32.03x100.454.060.474.88.828x100" toa="null" sc_toa="null" service_center="null" read="1" status="-1" locked="0" date_sent="0" readable_date="03-11-2015 18:15:50" contact_name="Chi H. v. b" />
  <sms protocol="0" address="01685897838" date="1446549371138" type="2" subject="null" body="Nhan 12 tin." toa="null" sc_toa="null" service_center="null" read="1" status="0" locked="0" date_sent="0" readable_date="03-11-2015 18:16:11" contact_name="Chi H. v. b" />
  <sms protocol="0" address="+841685897838" date="1446549386641" type="1" subject="null" body="de.he.06.x1000n.hai.kepx2000n" toa="null" sc_toa="null" service_center="null" read="1" status="-1" locked="0" date_sent="0" readable_date="03-11-2015 18:16:26" contact_name="Chi H. v. b" />
  <sms protocol="0" address="01685897838" date="1446549390636" type="2" subject="null" body="Nhan 13 tin." toa="null" sc_toa="null" service_center="null" read="1" status="0" locked="0" date_sent="0" readable_date="03-11-2015 18:16:30" contact_name="Chi H. v. b" />
  <sms protocol="0" address="01685897838" date="1446549393639" type="2" subject="null" body="Nhan 13 tin." toa="null" sc_toa="null" service_center="null" read="1" status="0" locked="0" date_sent="0" readable_date="03-11-2015 18:16:33" contact_name="Chi H. v. b" />
  <sms protocol="0" address="+841685897838" date="1446549409652" type="1" subject="null" body="De 323.474.59.80.81.686.66.11.95.545.77.717.31.44.656.737.949.303.x300n" toa="null" sc_toa="null" service_center="null" read="1" status="-1" locked="0" date_sent="0" readable_date="03-11-2015 18:16:49" contact_name="Chi H. v. b" />
  <sms protocol="0" address="01685897838" date="1446549413136" type="2" subject="null" body="Nhan 14 tin." toa="null" sc_toa="null" service_center="null" read="1" status="0" locked="0" date_sent="0" readable_date="03-11-2015 18:16:53" contact_name="Chi H. v. b" />
  <sms protocol="0" address="0964386982" date="1446549429635" type="2" subject="null" body="Tin8: de:22,11,72,27,44,66,77,88,33,49,94,55,00,99,16,61,50,38,83,05,60,56,06,65,32,10,15,24,29,42,92,51,23,01,82x800n.12,28,47,74x670n.20x610n.52x600n.02x580n.21,25,26,62x570n.80x560n.19x510n.03x370n.30x310n.54x300n.17,45,79,97x270n.08,59x210n.58x200n.37,95x180n.31,68,71,73,81,85,86x170n." toa="null" sc_toa="null" service_center="null" read="1" status="0" locked="0" date_sent="0" readable_date="03-11-2015 18:17:09" contact_name="A Duc" />
  <sms protocol="0" address="0964386982" date="1446549441634" type="2" subject="null" body="Tin9: de:93x70n." toa="null" sc_toa="null" service_center="null" read="1" status="32" locked="0" date_sent="0" readable_date="03-11-2015 18:17:21" contact_name="A Duc" />
  <sms protocol="0" address="01677281854" date="1446549462637" type="2" subject="null" body="Tin7: de:22x3060n.11x2080n.72x2045n.27x2005n.44,66,77x1860n.88x1680n.33x1650n.49,94x1645n.55x1600n.00,99x1570n.16x1445n.61x1345n.50x1335n.38,83x1325n.05x1315n.60x590n.56x530n.06x510n.65x500n.32x310n.10,15,24,29,42,92x300n.51x230n.23x210n.01x200n.82x190n." toa="null" sc_toa="null" service_center="null" read="1" status="0" locked="0" date_sent="0" readable_date="03-11-2015 18:17:42" contact_name="(Unknown)" />
  <sms protocol="0" address="01677281854" date="1446549474635" type="2" subject="null" body="Tin8: de:02,03,08,12,17,19,20,21,25,26,28,30,31,37,45,47,52,53,54,58,59,62,68,71,73,74,79,80,81,85,86,93,95,97x130n.13,14,18,35x100n.09,91x40n.57x30n.04,07x10n." toa="null" sc_toa="null" service_center="null" read="1" status="0" locked="0" date_sent="0" readable_date="03-11-2015 18:17:54" contact_name="(Unknown)" />
  <sms protocol="0" address="+84964386982" date="1446549484329" type="1" subject="null" body="em gui cho anh 9 tin" toa="null" sc_toa="null" service_center="null" read="1" status="-1" locked="0" date_sent="0" readable_date="03-11-2015 18:18:04" contact_name="A Duc" />
  <sms protocol="0" address="+841677281854" date="1446549501362" type="1" subject="null" body="Nhan 8 tin.so tin cuoi:8." toa="null" sc_toa="null" service_center="null" read="1" status="-1" locked="0" date_sent="0" readable_date="03-11-2015 18:18:21" contact_name="(Unknown)" />
  <sms protocol="0" address="0979399373" date="1446549681638" type="2" subject="null" body="Nhan 2 tin.. HET DE" toa="null" sc_toa="null" service_center="null" read="1" status="0" locked="0" date_sent="0" readable_date="03-11-2015 18:21:21" contact_name="A Tung Thuy?" />
  <sms protocol="0" address="0983099345" date="1446549683136" type="2" subject="null" body="Nhan 8 tin.. HET DE" toa="null" sc_toa="null" service_center="null" read="1" status="0" locked="0" date_sent="0" readable_date="03-11-2015 18:21:23" contact_name="Viet Bo" />
  <sms protocol="0" address="01685897838" date="1446549684635" type="2" subject="null" body="Nhan 14 tin.. HET DE" toa="null" sc_toa="null" service_center="null" read="1" status="32" locked="0" date_sent="0" readable_date="03-11-2015 18:21:24" contact_name="Chi H. v. b" />
  <sms protocol="0" address="0968193922" date="1446549686140" type="2" subject="null" body="Nhan 2 tin.. HET DE" toa="null" sc_toa="null" service_center="null" read="1" status="32" locked="0" date_sent="0" readable_date="03-11-2015 18:21:26" contact_name="(Unknown)" />
  <sms protocol="0" address="0973836212" date="1446549687640" type="2" subject="null" body="Nhan 2 tin.so tin cuoi:1.. HET DE" toa="null" sc_toa="null" service_center="null" read="1" status="0" locked="0" date_sent="0" readable_date="03-11-2015 18:21:27" contact_name="Tien Em" />
  <sms protocol="0" address="0977655973" date="1446549689152" type="2" subject="null" body="Nhan 1 tin.. HET DE" toa="null" sc_toa="null" service_center="null" read="1" status="32" locked="0" date_sent="0" readable_date="03-11-2015 18:21:29" contact_name="A Su Cong Tinh Uy" />
  <sms protocol="0" address="+841685897838" date="1446549732169" type="1" subject="null" body="Dau.dit.0.5.4x300n.55.050.44.656.060.727.575.282.x200n" toa="null" sc_toa="null" service_center="null" read="1" status="-1" locked="0" date_sent="0" readable_date="03-11-2015 18:22:12" contact_name="Chi H. v. b" />
  <sms protocol="0" address="01685897838" date="1446549738641" type="2" subject="null" body="Nhan 15 tin." toa="null" sc_toa="null" service_center="null" read="1" status="0" locked="0" date_sent="0" readable_date="03-11-2015 18:22:18" contact_name="Chi H. v. b" />
  <sms protocol="0" address="01677281854" date="1446549750633" type="2" subject="null" body="Tin 9: De:05,44,50,55x800n.00,04,40,45,54x600n.06,56,57,60,65,75x500n.01,02,03,07,08,09,10,14,15,20,24,25,30,34,35,41,42,43,46,47,48,49,51,52,53,58,59,64,70,74,80,84,85,90,94,95x300n.27,28,72,82x200n." toa="null" sc_toa="null" service_center="null" read="1" status="0" locked="0" date_sent="0" readable_date="03-11-2015 18:22:30" contact_name="(Unknown)" />
  <sms protocol="0" address="+841677281854" date="1446549785726" type="1" subject="null" body="Nhan 9 tin.so tin cuoi:9." toa="null" sc_toa="null" service_center="null" read="1" status="-1" locked="0" date_sent="0" readable_date="03-11-2015 18:23:05" contact_name="(Unknown)" />
  <sms protocol="0" address="+841677281854" date="1446549850077" type="1" subject="null" body="chau gui cho co 9 tin" toa="null" sc_toa="null" service_center="null" read="1" status="-1" locked="0" date_sent="0" readable_date="03-11-2015 18:24:10" contact_name="(Unknown)" />
  <sms protocol="0" address="0983650782" date="1446550082134" type="2" subject="null" body="Ngay:03/11/2015&#13;&#10;em chuyen cho anh&#13;&#10;Lo:305,0=6618,5n&#13;&#10;3Cang:3550,0=2343,0n&#13;&#10;Xien:221,0=1326,0n&#13;&#10;Thuong lo:65,0=5200,0n&#13;&#10;em bu cho anh:5087,5n&#13;&#10;" toa="null" sc_toa="null" service_center="null" read="1" status="32" locked="0" date_sent="0" readable_date="03-11-2015 18:28:02" contact_name="A T 782 Lv" />
  <sms protocol="0" address="01677281854" date="1446550088134" type="2" subject="null" body="Ngay:03/11/2015&#13;&#10;chau chuyen cho co&#13;&#10;De:65040,0=46828,8n&#13;&#10;Lo:2305,0=50018,5n&#13;&#10;Xien:1,0=6,3n&#13;&#10;Thuong de:400,0=28000,0n&#13;&#10;Thuong lo:460,0=36800,0n&#13;&#10;chau bu cho co:32053,6n&#13;&#10;" toa="null" sc_toa="null" service_center="null" read="1" status="0" locked="0" date_sent="0" readable_date="03-11-2015 18:28:08" contact_name="(Unknown)" />
  <sms protocol="0" address="0968193922" date="1446550091133" type="2" subject="null" body="Ngay:03/11/2015&#13;&#10;chị chuyen cho EM&#13;&#10;Xien:47,0=319,6n&#13;&#10;chị bu cho EM:319,6n&#13;&#10;" toa="null" sc_toa="null" service_center="null" read="1" status="0" locked="0" date_sent="0" readable_date="03-11-2015 18:28:11" contact_name="(Unknown)" />
  <sms protocol="0" address="0983099345" date="1446550098636" type="2" subject="null" body="Ngay:03/11/2015&#13;&#10;Ban chuyen cho toi&#13;&#10;De:2000,0=1460,0n&#13;&#10;Lo:365,0=7957,0n&#13;&#10;3Cang:300,0=207,0n&#13;&#10;Xien:106,0=689,0n&#13;&#10;Th lo:110,0=8800,0n&#13;&#10;Ban bu cho toi:1513,0n&#13;&#10;" toa="null" sc_toa="null" service_center="null" read="1" status="32" locked="0" date_sent="0" readable_date="03-11-2015 18:28:18" contact_name="Viet Bo" />
  <sms protocol="0" address="0979399373" date="1446550101635" type="2" subject="null" body="Ngay:03/11/2015&#13;&#10;Anh chuyen cho EM&#13;&#10;De:200,0=150,0n&#13;&#10;Lo:40,0=880,0n&#13;&#10;Th lo:10,0=800,0n&#13;&#10;Anh bu cho EM:230,0n&#13;&#10;" toa="null" sc_toa="null" service_center="null" read="1" status="32" locked="0" date_sent="0" readable_date="03-11-2015 18:28:21" contact_name="A Tung Thuy?" />
  <sms protocol="0" address="0977655973" date="1446550106136" type="2" subject="null" body="Ngay:03/11/2015&#13;&#10;BAC chuyen cho EM&#13;&#10;De:550,0=440,0n&#13;&#10;Lo:30,0=675,0n&#13;&#10;Th lo:5,0=400,0n&#13;&#10;BAC bu cho EM:715,0n&#13;&#10;" toa="null" sc_toa="null" service_center="null" read="1" status="0" locked="0" date_sent="0" readable_date="03-11-2015 18:28:26" contact_name="A Su Cong Tinh Uy" />
  <sms protocol="0" address="0964386982" date="1446550110633" type="2" subject="null" body="Ngay:03/11/2015&#13;&#10;em chuyen cho anh&#13;&#10;De:40120,0=28685,8n&#13;&#10;Lo:2335,0=50669,5n&#13;&#10;3Cang:1620,0=1166,4n&#13;&#10;Xien:10,0=60,0n&#13;&#10;Thuong lo:605,0=48400,0n&#13;&#10;em bu cho anh:32181,7n&#13;&#10;" toa="null" sc_toa="null" service_center="null" read="1" status="0" locked="0" date_sent="0" readable_date="03-11-2015 18:28:30" contact_name="A Duc" />
  <sms protocol="0" address="01685897838" date="1446550115134" type="2" subject="null" body="Ngay:03/11/2015&#13;&#10;chi chuyen cho EM&#13;&#10;De:101210,0=72871,2n&#13;&#10;Lo:4410,0=95917,5n&#13;&#10;3Cang:4870,0=3457,7n&#13;&#10;Xien:79,0=529,3n&#13;&#10;Th de:400,0=28000,0n&#13;&#10;Th lo:985,0=78800,0n&#13;&#10;chi bu cho EM:65975,7n&#13;&#10;" toa="null" sc_toa="null" service_center="null" read="1" status="0" locked="0" date_sent="0" readable_date="03-11-2015 18:28:35" contact_name="Chi H. v. b" />
  <sms protocol="0" address="0973836212" date="1446550119634" type="2" subject="null" body="Ngay:03/11/2015&#13;&#10;may chuyen cho tao&#13;&#10;De:1200,0=900,0n&#13;&#10;Lo:100,0=2180,0n&#13;&#10;Th lo:20,0=1600,0n&#13;&#10;may bu cho tao:1480,0n&#13;&#10;" toa="null" sc_toa="null" service_center="null" read="1" status="32" locked="0" date_sent="0" readable_date="03-11-2015 18:28:39" contact_name="Tien Em" />
  <sms protocol="0" address="+841677281854" date="1446550131239" type="1" subject="null" body="Ngay:03/11/2015&#10;chau chuyen cho co&#10;De:65040,0=46828,8n&#10;Lo:2305,0=50018,5n&#10;Xien:1,0=6,3n&#10;Th de:400,0=28000,0n&#10;Th lo:460,0=36800,0n&#10;chau bu cho co:32053,6n&#10;" toa="null" sc_toa="null" service_center="null" read="1" status="-1" locked="0" date_sent="0" readable_date="03-11-2015 18:28:51" contact_name="(Unknown)" />
  <sms protocol="0" address="+84983650782" date="1446550143608" type="1" subject="null" body="Ngay:03/11/2015&#10;Em chuyen cho Anh&#10;Lo:305,0=6618,5n&#10;3Cang:3550,0=2343,0n&#10;Xien:221,0=1326,0n&#10;Th lo:65,0=5200,0n&#10;Em bu cho Anh:5087,5n&#10;" toa="null" sc_toa="null" service_center="null" read="1" status="-1" locked="0" date_sent="0" readable_date="03-11-2015 18:29:03" contact_name="A T 782 Lv" />
  <sms protocol="0" address="5055" date="1446550215424" type="1" subject="null" body="03/11:&#10;DB:39435&#10;1:67808&#10;2:66606-84425&#10;3:24926-34868-93301-41142-79925-93695&#10;4:9867-5977-0173-4459&#10;5:7990-4449-4396-5040-3059-6322&#10;6:381-091-919&#10;7:71-29-87-60 " toa="null" sc_toa="null" service_center="null" read="1" status="-1" locked="0" date_sent="0" readable_date="03-11-2015 18:30:15" contact_name="(Unknown)" />
  <sms protocol="0" address="+84964386982" date="1446550224022" type="1" subject="null" body="Ngay:03/11/2015&#10;em chuyen cho anh&#10;De:40120,0=28685,8n&#10;Lo:2335,0=50669,5n&#10;3Cang:1620,0=1166,4n&#10;Xien:10,0=60,0n&#10;Th lo:605,0=48400,0n&#10;em bu cho anh:32181,7n&#10;" toa="null" sc_toa="null" service_center="null" read="1" status="-1" locked="0" date_sent="0" readable_date="03-11-2015 18:30:24" contact_name="A Duc" />
  <sms protocol="0" address="01677281854" date="1446550231252" type="2" subject="null" body="Tinh den het ngay:02/11/15 chau bu 16396n&#13;&#10;Ngay:03/11/15 co+32053n &#13;&#10;Tong cong: chau bu 48449" toa="null" sc_toa="null" service_center="null" read="1" status="0" locked="0" date_sent="0" readable_date="03-11-2015 18:30:31" contact_name="(Unknown)" />
  <sms protocol="0" address="0964386982" date="1446550241586" type="2" subject="null" body="Tinh den het ngay:02/11/15 em thu 2624n&#13;&#10;Ngay:03/11/15 anh+32181n &#13;&#10;Tong cong: em bu 29557" toa="null" sc_toa="null" service_center="null" read="1" status="32" locked="0" date_sent="0" readable_date="03-11-2015 18:30:41" contact_name="A Duc" />
  <sms protocol="0" address="0977655973" date="1446550244062" type="2" subject="null" body="Tinh den het ngay:02/11/15 EM thu 2307n&#13;&#10;Ngay:03/11/15 BAC-715n &#13;&#10;Tong cong: EM thu 3022" toa="null" sc_toa="null" service_center="null" read="1" status="0" locked="0" date_sent="0" readable_date="03-11-2015 18:30:44" contact_name="A Su Cong Tinh Uy" />
  <sms protocol="0" address="0973836212" date="1446550249174" type="2" subject="null" body="Tinh den het ngay:02/11/15 tao thu 584n&#13;&#10;Ngay:03/11/15 may-1480n &#13;&#10;Tong cong: tao thu 2064" toa="null" sc_toa="null" service_center="null" read="1" status="0" locked="0" date_sent="0" readable_date="03-11-2015 18:30:49" contact_name="Tien Em" />
  <sms protocol="0" address="0979399373" date="1446550251556" type="2" subject="null" body="Tinh den het ngay:02/11/15 EM thu 443n&#13;&#10;Ngay:03/11/15 Anh-230n &#13;&#10;Tong cong: EM thu 673" toa="null" sc_toa="null" service_center="null" read="1" status="32" locked="0" date_sent="0" readable_date="03-11-2015 18:30:51" contact_name="A Tung Thuy?" />
  <sms protocol="0" address="0983099345" date="1446550255302" type="2" subject="null" body="Tinh den het ngay:02/11/15 toi thu 31397n&#13;&#10;Ngay:03/11/15 Ban-1513n -65911n &#13;&#10;Tong cong: toi thu 98821" toa="null" sc_toa="null" service_center="null" read="1" status="32" locked="0" date_sent="0" readable_date="03-11-2015 18:30:55" contact_name="Viet Bo" />
  <sms protocol="0" address="0983099345" date="1446550356113" type="2" subject="null" body="chi bu cho EM:65975,7n&#13;&#10;T thu c 65911&#10;" toa="null" sc_toa="null" service_center="null" read="1" status="32" locked="0" date_sent="0" readable_date="03-11-2015 18:32:36" contact_name="Viet Bo" />
  <sms protocol="0" address="0974282195" date="1446550529030" type="2" subject="null" body="ngay 03/11/15:&#13;&#10;THU:&#13;&#10;t e :2064;&#13;&#10;a su:3022;&#13;&#10;v b:98821&#13;&#10;BU&#13;&#10;boss:48449;&#13;&#10;a duc:29557;&#13;&#10;a t:5087" toa="null" sc_toa="null" service_center="null" read="1" status="0" locked="0" date_sent="0" readable_date="03-11-2015 18:35:29" contact_name="(Unknown)" />
</smses>