<?xml version='1.0' encoding='UTF-8' standalone='yes' ?>
<!--File Created By SMS Backup & Restore Pro v7.21 on 04/11/2015 20:14:43-->
<?xml-stylesheet type="text/xsl" href="sms.xsl"?>
<smses count="170">
  <sms protocol="0" address="+84983099345" date="1446595556842" type="1" subject="null" body="tổng thu chị hiền là79564" toa="null" sc_toa="null" service_center="null" read="1" status="-1" locked="0" date_sent="0" readable_date="04-11-2015 07:05:56" contact_name="Viet Bo" />
  <sms protocol="0" address="+84983099345" date="1446595877540" type="2" subject="null" body="Un hom nay t di hoc ve muon. Co j 5h30 c sang thu c hien giup t nhr" toa="null" sc_toa="null" service_center="null" read="1" status="0" locked="0" date_sent="0" readable_date="04-11-2015 07:11:17" contact_name="Viet Bo" />
  <sms protocol="0" address="+84983099345" date="1446595905935" type="1" subject="null" body="ok cậu" toa="null" sc_toa="null" service_center="+84980200623" read="1" status="-1" locked="0" date_sent="1446595904000" readable_date="04-11-2015 07:11:45" contact_name="Viet Bo" />
  <sms protocol="0" address="109" date="1446629152354" type="2" subject="null" body="Vt100" toa="null" sc_toa="null" service_center="null" read="1" status="32" locked="0" date_sent="0" readable_date="04-11-2015 16:25:52" contact_name="(Unknown)" />
  <sms protocol="0" address="109" date="1446629156232" type="1" subject="null" body="Tinh nang VT100 chi duoc dang ky 1 lan/ngay. Vui long goi 19008198 (200d/phut) de duoc ho tro. Xin cam on!" toa="null" sc_toa="null" service_center="+84980200604" read="1" status="-1" locked="0" date_sent="1446629154000" readable_date="04-11-2015 16:25:56" contact_name="(Unknown)" />
  <sms protocol="0" address="+84979399373" date="1446630300352" type="2" subject="null" body="ok huy tin kia" toa="null" sc_toa="null" service_center="null" read="1" status="32" locked="0" date_sent="0" readable_date="04-11-2015 16:45:00" contact_name="A Tung Thuy?" />
  <sms protocol="0" address="+84979399373" date="1446630415030" type="1" subject="null" body=" Đề: 03,30 x 100. Lô: 54x 15" toa="null" sc_toa="null" service_center="null" read="1" status="-1" locked="0" date_sent="0" readable_date="04-11-2015 16:46:55" contact_name="A Tung Thuy?" />
  <sms protocol="0" address="0979399373" date="1446630933362" type="2" subject="null" body="Anh gui cho EM 1 tin" toa="null" sc_toa="null" service_center="null" read="1" status="0" locked="0" date_sent="0" readable_date="04-11-2015 16:55:33" contact_name="A Tung Thuy?" />
  <sms protocol="0" address="+84979399373" date="1446632464424" type="1" subject="null" body="Đề 17, 60, 86,24x 50" toa="null" sc_toa="null" service_center="null" read="1" status="-1" locked="0" date_sent="0" readable_date="04-11-2015 17:21:04" contact_name="A Tung Thuy?" />
  <sms protocol="0" address="0979399373" date="1446632484348" type="2" subject="null" body="Anh gui cho EM 2 tin" toa="null" sc_toa="null" service_center="null" read="1" status="0" locked="0" date_sent="0" readable_date="04-11-2015 17:21:24" contact_name="A Tung Thuy?" />
  <sms protocol="0" address="+84983099345" date="1446632524630" type="1" subject="null" body="090 99 797 12 36x5d" toa="null" sc_toa="null" service_center="null" read="1" status="-1" locked="0" date_sent="0" readable_date="04-11-2015 17:22:04" contact_name="Viet Bo" />
  <sms protocol="0" address="0983099345" date="1446632695855" type="2" subject="null" body="Nhan 1 tin." toa="null" sc_toa="null" service_center="null" read="1" status="0" locked="0" date_sent="0" readable_date="04-11-2015 17:24:55" contact_name="Viet Bo" />
  <sms protocol="0" address="+84983099345" date="1446632753227" type="1" subject="null" body="Xiên 3 .07 58 89 x30n" toa="null" sc_toa="null" service_center="null" read="1" status="-1" locked="0" date_sent="0" readable_date="04-11-2015 17:25:53" contact_name="Viet Bo" />
  <sms protocol="0" address="0983099345" date="1446632764846" type="2" subject="null" body="Nhan 2 tin." toa="null" sc_toa="null" service_center="null" read="1" status="0" locked="0" date_sent="0" readable_date="04-11-2015 17:26:04" contact_name="Viet Bo" />
  <sms protocol="0" address="+84979399373" date="1446632765190" type="1" subject="null" body="Lo 48,84 x 10" toa="null" sc_toa="null" service_center="null" read="1" status="-1" locked="0" date_sent="0" readable_date="04-11-2015 17:26:05" contact_name="A Tung Thuy?" />
  <sms protocol="0" address="+841685897838" date="1446632993847" type="1" subject="null" body="ĐỀ 85x100n lo 19.29.42.97x10₫ 43.54.64x20₫ &#10;38x50₫. De Kep bang x90 " toa="null" sc_toa="null" service_center="null" read="1" status="-1" locked="0" date_sent="0" readable_date="04-11-2015 17:29:53" contact_name="Chi H. v. b" />
  <sms protocol="0" address="01685897838" date="1446633333350" type="2" subject="null" body="Nhan 1 tin." toa="null" sc_toa="null" service_center="null" read="1" status="0" locked="0" date_sent="0" readable_date="04-11-2015 17:35:33" contact_name="Chi H. v. b" />
  <sms protocol="0" address="+84983099345" date="1446633516519" type="1" subject="null" body="Lo 86 78x50d. Lo 767x10d. Lo 262x10d." toa="null" sc_toa="null" service_center="null" read="1" status="-1" locked="0" date_sent="0" readable_date="04-11-2015 17:38:36" contact_name="Viet Bo" />
  <sms protocol="0" address="0983099345" date="1446633538847" type="2" subject="null" body="Nhan 3 tin." toa="null" sc_toa="null" service_center="null" read="1" status="0" locked="0" date_sent="0" readable_date="04-11-2015 17:38:58" contact_name="Viet Bo" />
  <sms protocol="0" address="0983099345" date="1446633540345" type="2" subject="null" body="Nhan 3 tin." toa="null" sc_toa="null" service_center="null" read="1" status="0" locked="0" date_sent="0" readable_date="04-11-2015 17:39:00" contact_name="Viet Bo" />
  <sms protocol="0" address="+841685897838" date="1446633631178" type="1" subject="null" body="Lo 161.42x20d.494.44x10d.xien 05.42.49x50n.de 05.76.464x150n.43.17.32.41.21.61.72.54.63.x20n.kep bang x300n.kep lech x100n." toa="null" sc_toa="null" service_center="null" read="1" status="-1" locked="0" date_sent="0" readable_date="04-11-2015 17:40:31" contact_name="Chi H. v. b" />
  <sms protocol="0" address="01685897838" date="1446633661848" type="2" subject="null" body="Nhan 2 tin." toa="null" sc_toa="null" service_center="null" read="1" status="0" locked="0" date_sent="0" readable_date="04-11-2015 17:41:01" contact_name="Chi H. v. b" />
  <sms protocol="0" address="+841685897838" date="1446633666185" type="1" subject="null" body="De 181.060.363.393.797.434.424.585.575.474.484.959.171.151.040.080.737.282.262.787.292.191.141.454x200n." toa="null" sc_toa="null" service_center="null" read="1" status="-1" locked="0" date_sent="0" readable_date="04-11-2015 17:41:06" contact_name="Chi H. v. b" />
  <sms protocol="0" address="01685897838" date="1446633678355" type="2" subject="null" body="Nhan 3 tin." toa="null" sc_toa="null" service_center="null" read="1" status="0" locked="0" date_sent="0" readable_date="04-11-2015 17:41:18" contact_name="Chi H. v. b" />
  <sms protocol="0" address="+84973836212" date="1446633702649" type="1" subject="null" body="T1,50x15đ 05x10d 66x25d" toa="null" sc_toa="null" service_center="null" read="1" status="-1" locked="0" date_sent="0" readable_date="04-11-2015 17:41:42" contact_name="Tien Em" />
  <sms protocol="0" address="+841685897838" date="1446633711053" type="1" subject="null" body="Duoi 6x200n." toa="null" sc_toa="null" service_center="null" read="1" status="-1" locked="0" date_sent="0" readable_date="04-11-2015 17:41:51" contact_name="Chi H. v. b" />
  <sms protocol="0" address="0973836212" date="1446633718845" type="2" subject="null" body="Nhan 1 tin.so tin cuoi:1." toa="null" sc_toa="null" service_center="null" read="1" status="32" locked="0" date_sent="0" readable_date="04-11-2015 17:41:58" contact_name="Tien Em" />
  <sms protocol="0" address="01685897838" date="1446633721847" type="2" subject="null" body="Nhan 4 tin." toa="null" sc_toa="null" service_center="null" read="1" status="0" locked="0" date_sent="0" readable_date="04-11-2015 17:42:01" contact_name="Chi H. v. b" />
  <sms protocol="0" address="0964386982" date="1446633928852" type="2" subject="null" body="Tin 1: lo:38,78,86x50d.54x35d.42x30d.66x25d.16,43,61,64x20d.50,97x15d.05,19,26,29,44,48,49,62,67,76,84,94x10d.09,12,36,79,90,99x5d..xi3:07,58,89*3d.xi3:05,42,49*5d." toa="null" sc_toa="null" service_center="null" read="1" status="0" locked="0" date_sent="0" readable_date="04-11-2015 17:45:28" contact_name="A Duc" />
  <sms protocol="0" address="+841685897838" date="1446633969444" type="1" subject="null" body="Lo 393.161.44.80.86.x10d." toa="null" sc_toa="null" service_center="null" read="1" status="-1" locked="0" date_sent="0" readable_date="04-11-2015 17:46:09" contact_name="Chi H. v. b" />
  <sms protocol="0" address="01685897838" date="1446633973849" type="2" subject="null" body="Nhan 5 tin." toa="null" sc_toa="null" service_center="null" read="1" status="32" locked="0" date_sent="0" readable_date="04-11-2015 17:46:13" contact_name="Chi H. v. b" />
  <sms protocol="0" address="+84983099345" date="1446633993832" type="1" subject="null" body="lô 00,66,06,60x100d đề đầu 0x100n đầu 6x100n đít 0x100n đít 6x100n đề 00,66,06,60x500n" toa="null" sc_toa="null" service_center="null" read="1" status="-1" locked="0" date_sent="0" readable_date="04-11-2015 17:46:33" contact_name="Viet Bo" />
  <sms protocol="0" address="0983099345" date="1446634000849" type="2" subject="null" body="Nhan 4 tin." toa="null" sc_toa="null" service_center="null" read="1" status="32" locked="0" date_sent="0" readable_date="04-11-2015 17:46:40" contact_name="Viet Bo" />
  <sms protocol="0" address="01677281854" date="1446634069856" type="2" subject="null" body="Tin 1: lo:00,06,60,66x100d.16,39,44,61,80,86,93x10d." toa="null" sc_toa="null" service_center="null" read="1" status="32" locked="0" date_sent="0" readable_date="04-11-2015 17:47:49" contact_name="(Unknown)" />
  <sms protocol="0" address="+841677281854" date="1446634122390" type="1" subject="null" body="Nhan 1 tin.so tin cuoi:1." toa="null" sc_toa="null" service_center="null" read="1" status="-1" locked="0" date_sent="0" readable_date="04-11-2015 17:48:42" contact_name="(Unknown)" />
  <sms protocol="0" address="+84983099345" date="1446634137979" type="1" subject="null" body="De 08,80,17x250k. 3cag 117x250k.đề 46,64,67x250n" toa="null" sc_toa="null" service_center="null" read="1" status="-1" locked="0" date_sent="0" readable_date="04-11-2015 17:48:57" contact_name="Viet Bo" />
  <sms protocol="0" address="0983099345" date="1446634141850" type="2" subject="null" body="Nhan 5 tin." toa="null" sc_toa="null" service_center="null" read="1" status="0" locked="0" date_sent="0" readable_date="04-11-2015 17:49:01" contact_name="Viet Bo" />
  <sms protocol="0" address="+84983099345" date="1446634159526" type="1" subject="null" body="đề 76x250n" toa="null" sc_toa="null" service_center="null" read="1" status="-1" locked="0" date_sent="0" readable_date="04-11-2015 17:49:19" contact_name="Viet Bo" />
  <sms protocol="0" address="0983099345" date="1446634164345" type="2" subject="null" body="Nhan 6 tin." toa="null" sc_toa="null" service_center="null" read="1" status="32" locked="0" date_sent="0" readable_date="04-11-2015 17:49:24" contact_name="Viet Bo" />
  <sms protocol="0" address="0983099345" date="1446634165850" type="2" subject="null" body="Nhan 6 tin." toa="null" sc_toa="null" service_center="null" read="1" status="32" locked="0" date_sent="0" readable_date="04-11-2015 17:49:25" contact_name="Viet Bo" />
  <sms protocol="0" address="+84983099345" date="1446634178670" type="1" subject="null" body="kon lô 24x 50 lô 53x50 nhá" toa="null" sc_toa="null" service_center="null" read="1" status="-1" locked="0" date_sent="0" readable_date="04-11-2015 17:49:38" contact_name="Viet Bo" />
  <sms protocol="0" address="0983099345" date="1446634191351" type="2" subject="null" body="Nhan 7 tin." toa="null" sc_toa="null" service_center="null" read="1" status="32" locked="0" date_sent="0" readable_date="04-11-2015 17:49:51" contact_name="Viet Bo" />
  <sms protocol="0" address="0983099345" date="1446634192846" type="2" subject="null" body="Nhan 7 tin." toa="null" sc_toa="null" service_center="null" read="1" status="0" locked="0" date_sent="0" readable_date="04-11-2015 17:49:52" contact_name="Viet Bo" />
  <sms protocol="0" address="0983650782" date="1446634212350" type="2" subject="null" body="Tin 1: lo:24,53x30d." toa="null" sc_toa="null" service_center="null" read="1" status="32" locked="0" date_sent="0" readable_date="04-11-2015 17:50:12" contact_name="A T 782 Lv" />
  <sms protocol="0" address="0964386982" date="1446634237852" type="2" subject="null" body="Tin2: de:66,06,00,60x600n.46,76x550n.08,80x400n.17x370n.26,36,64x350n.16x250n.11,22,33,44,55,77,88,99x240n.05,67,86x200n.63x170n.04,40,56,62,85,96x150n.24x100n.41,43,54,61x70n.03,14,15,18,19,28,29,30,34,37,39,42,45,47,48,50,51,57,58,59,71,73,74,75,78,79,81,82,84,87,91,92,93,95,97x50n." toa="null" sc_toa="null" service_center="null" read="1" status="0" locked="0" date_sent="0" readable_date="04-11-2015 17:50:37" contact_name="A Duc" />
  <sms protocol="0" address="0964386982" date="1446634249850" type="2" subject="null" body="Tin3: ba cang:117x180n." toa="null" sc_toa="null" service_center="null" read="1" status="0" locked="0" date_sent="0" readable_date="04-11-2015 17:50:49" contact_name="A Duc" />
  <sms protocol="0" address="+841685897838" date="1446634260898" type="1" subject="null" body="De tong 1x20n.66x100n.lo 62x100d.57.26.63x50d." toa="null" sc_toa="null" service_center="null" read="1" status="-1" locked="0" date_sent="0" readable_date="04-11-2015 17:51:00" contact_name="Chi H. v. b" />
  <sms protocol="0" address="0983650782" date="1446634267847" type="2" subject="null" body="Tin 2: Ba cang:117x70n." toa="null" sc_toa="null" service_center="null" read="1" status="32" locked="0" date_sent="0" readable_date="04-11-2015 17:51:07" contact_name="A T 782 Lv" />
  <sms protocol="0" address="0979399373" date="1446634296346" type="2" subject="null" body="Anh gui cho EM 3 tin" toa="null" sc_toa="null" service_center="null" read="1" status="32" locked="0" date_sent="0" readable_date="04-11-2015 17:51:36" contact_name="A Tung Thuy?" />
  <sms protocol="0" address="+84964386982" date="1446634305258" type="1" subject="null" body="em gui cho anh 3 tin" toa="null" sc_toa="null" service_center="null" read="1" status="-1" locked="0" date_sent="0" readable_date="04-11-2015 17:51:45" contact_name="A Duc" />
  <sms protocol="0" address="01685897838" date="1446634305345" type="2" subject="null" body="Nhan 6 tin." toa="null" sc_toa="null" service_center="null" read="1" status="0" locked="0" date_sent="0" readable_date="04-11-2015 17:51:45" contact_name="Chi H. v. b" />
  <sms protocol="0" address="+841685897838" date="1446634317633" type="1" subject="null" body="Lo 66.11.62x20d." toa="null" sc_toa="null" service_center="null" read="1" status="-1" locked="0" date_sent="0" readable_date="04-11-2015 17:51:57" contact_name="Chi H. v. b" />
  <sms protocol="0" address="01685897838" date="1446634324848" type="2" subject="null" body="Nhan 7 tin." toa="null" sc_toa="null" service_center="null" read="1" status="32" locked="0" date_sent="0" readable_date="04-11-2015 17:52:04" contact_name="Chi H. v. b" />
  <sms protocol="0" address="01685897838" date="1446634327848" type="2" subject="null" body="Nhan 7 tin." toa="null" sc_toa="null" service_center="null" read="1" status="0" locked="0" date_sent="0" readable_date="04-11-2015 17:52:07" contact_name="Chi H. v. b" />
  <sms protocol="0" address="0983650782" date="1446634333849" type="2" subject="null" body="Tin 3: lo:62,26,57,63x30d.11,66x20d." toa="null" sc_toa="null" service_center="null" read="1" status="0" locked="0" date_sent="0" readable_date="04-11-2015 17:52:13" contact_name="A T 782 Lv" />
  <sms protocol="0" address="+84968193922" date="1446634350873" type="1" subject="null" body="X2.36.77.=50 ; X2.80.62.=50 ; X3.69.45.79.=40;" toa="null" sc_toa="null" service_center="null" read="1" status="-1" locked="0" date_sent="0" readable_date="04-11-2015 17:52:30" contact_name="(Unknown)" />
  <sms protocol="0" address="0968193922" date="1446634366862" type="2" subject="null" body="Nhan 1 tin." toa="null" sc_toa="null" service_center="null" read="1" status="32" locked="0" date_sent="0" readable_date="04-11-2015 17:52:46" contact_name="(Unknown)" />
  <sms protocol="0" address="0968193922" date="1446634369849" type="2" subject="null" body="Nhan 1 tin." toa="null" sc_toa="null" service_center="null" read="1" status="0" locked="0" date_sent="0" readable_date="04-11-2015 17:52:49" contact_name="(Unknown)" />
  <sms protocol="0" address="0983650782" date="1446634377356" type="2" subject="null" body="Tin 4: xi2:36,77*5d.,xi2:62,80*5d.xi3:45,69,79*4d." toa="null" sc_toa="null" service_center="null" read="1" status="0" locked="0" date_sent="0" readable_date="04-11-2015 17:52:57" contact_name="A T 782 Lv" />
  <sms protocol="0" address="0964386982" date="1446634398346" type="2" subject="null" body="Tin 4: lo:62x50d.24,26,53,57,63x20d." toa="null" sc_toa="null" service_center="null" read="1" status="0" locked="0" date_sent="0" readable_date="04-11-2015 17:53:18" contact_name="A Duc" />
  <sms protocol="0" address="01677281854" date="1446634408848" type="2" subject="null" body="Tin 2: lo:62x40d." toa="null" sc_toa="null" service_center="null" read="1" status="0" locked="0" date_sent="0" readable_date="04-11-2015 17:53:28" contact_name="(Unknown)" />
  <sms protocol="0" address="01677281854" date="1446634422349" type="2" subject="null" body="Tin3: de:66x790n.06x500n.00x490n.60x350n.29,47,56,74,92x170n.03,04,05,08,11,14,15,16,17,18,19,22,24,26,28,30,33,34,36,37,39,40,41,42,43,44,45,46,48,50,51,54,55,57,58,59,61,62,63,64,67,71,73,75,76,77,78,79,80,81,82,84,85,86,87,88,91,93,95,96,97,99x150n.01,10,38,65,72,83x120n." toa="null" sc_toa="null" service_center="null" read="1" status="0" locked="0" date_sent="0" readable_date="04-11-2015 17:53:42" contact_name="(Unknown)" />
  <sms protocol="0" address="01677281854" date="1446634434353" type="2" subject="null" body="Tin4: de:02,07,09,20,27,49,68,69,70,90,94x100n.21,32x20n." toa="null" sc_toa="null" service_center="null" read="1" status="32" locked="0" date_sent="0" readable_date="04-11-2015 17:53:54" contact_name="(Unknown)" />
  <sms protocol="0" address="+841685897838" date="1446634459232" type="1" subject="null" body="Lo 44x20d.52x10d.de kep bang x20n.kep lechx5n" toa="null" sc_toa="null" service_center="null" read="1" status="-1" locked="0" date_sent="0" readable_date="04-11-2015 17:54:19" contact_name="Chi H. v. b" />
  <sms protocol="0" address="+841677281854" date="1446634472165" type="1" subject="null" body="Nhan 4 tin.so tin cuoi:4." toa="null" sc_toa="null" service_center="null" read="1" status="-1" locked="0" date_sent="0" readable_date="04-11-2015 17:54:32" contact_name="(Unknown)" />
  <sms protocol="0" address="+841685897838" date="1446634483633" type="1" subject="null" body="de: 80x200n 08,06x50n lo, 80,66,88,35,44x10d" toa="null" sc_toa="null" service_center="null" read="1" status="-1" locked="0" date_sent="0" readable_date="04-11-2015 17:54:43" contact_name="Chi H. v. b" />
  <sms protocol="0" address="01685897838" date="1446634485350" type="2" subject="null" body="Nhan 8 tin." toa="null" sc_toa="null" service_center="null" read="1" status="0" locked="0" date_sent="0" readable_date="04-11-2015 17:54:45" contact_name="Chi H. v. b" />
  <sms protocol="0" address="01685897838" date="1446634489852" type="2" subject="null" body="Nhan 9 tin." toa="null" sc_toa="null" service_center="null" read="1" status="32" locked="0" date_sent="0" readable_date="04-11-2015 17:54:49" contact_name="Chi H. v. b" />
  <sms protocol="0" address="01685897838" date="1446634491348" type="2" subject="null" body="Nhan 9 tin." toa="null" sc_toa="null" service_center="null" read="1" status="0" locked="0" date_sent="0" readable_date="04-11-2015 17:54:51" contact_name="Chi H. v. b" />
  <sms protocol="0" address="01685897838" date="1446634492848" type="2" subject="null" body="Nhan 9 tin." toa="null" sc_toa="null" service_center="null" read="1" status="0" locked="0" date_sent="0" readable_date="04-11-2015 17:54:52" contact_name="Chi H. v. b" />
  <sms protocol="0" address="01677281854" date="1446634507847" type="2" subject="null" body="Tin 5: lo:44x30d.35,52,66,80,88x10d." toa="null" sc_toa="null" service_center="null" read="1" status="0" locked="0" date_sent="0" readable_date="04-11-2015 17:55:07" contact_name="(Unknown)" />
  <sms protocol="0" address="01677281854" date="1446634537845" type="2" subject="null" body="Tin 6: De:80x200n.06,08x50n.00,11,22,33,44,55,66,77,88,99x20n.05,16,27,38,49,50,61,72,83,94x5n." toa="null" sc_toa="null" service_center="null" read="1" status="32" locked="0" date_sent="0" readable_date="04-11-2015 17:55:37" contact_name="(Unknown)" />
  <sms protocol="0" address="+841677281854" date="1446634589734" type="1" subject="null" body="Nhan 6 tin.so tin cuoi:6." toa="null" sc_toa="null" service_center="null" read="1" status="-1" locked="0" date_sent="0" readable_date="04-11-2015 17:56:29" contact_name="(Unknown)" />
  <sms protocol="0" address="+84964386982" date="1446634600012" type="1" subject="null" body="em gui cho anh 4 tin" toa="null" sc_toa="null" service_center="null" read="1" status="-1" locked="0" date_sent="0" readable_date="04-11-2015 17:56:40" contact_name="A Duc" />
  <sms protocol="0" address="+841685897838" date="1446634646123" type="1" subject="null" body="Ba.cang.415.46 430.403.449.499.466.616.410.027.419.417.147.354.345.439.199.650.560.890.940.569.151.x100n lo.616.949.66.060.99.00.919.989.787.79.53.40.39.05.x30d" toa="null" sc_toa="null" service_center="null" read="1" status="-1" locked="0" date_sent="0" readable_date="04-11-2015 17:57:26" contact_name="Chi H. v. b" />
  <sms protocol="0" address="01685897838" date="1446634687851" type="2" subject="null" body="Nhan 10 tin." toa="null" sc_toa="null" service_center="null" read="1" status="0" locked="0" date_sent="0" readable_date="04-11-2015 17:58:07" contact_name="Chi H. v. b" />
  <sms protocol="0" address="0964386982" date="1446634701348" type="2" subject="null" body="Tin 5: Ba cang:027,147,151,199,345,354,403,410,415,417,419,430,439,449,466,499,560,569,616,650,890,940x30n." toa="null" sc_toa="null" service_center="null" read="1" status="0" locked="0" date_sent="0" readable_date="04-11-2015 17:58:21" contact_name="A Duc" />
  <sms protocol="0" address="0983650782" date="1446634714852" type="2" subject="null" body="Tin 5: Ba cang:027,147,151,199,345,354,403,410,415,417,419,430,439,449,466,499,560,569,616,650,890,940x70n." toa="null" sc_toa="null" service_center="null" read="1" status="0" locked="0" date_sent="0" readable_date="04-11-2015 17:58:34" contact_name="A T 782 Lv" />
  <sms protocol="0" address="+84964386982" date="1446634730326" type="1" subject="null" body="em gui cho anh 5 tin" toa="null" sc_toa="null" service_center="null" read="1" status="-1" locked="0" date_sent="0" readable_date="04-11-2015 17:58:50" contact_name="A Duc" />
  <sms protocol="0" address="0964386982" date="1446634782352" type="2" subject="null" body="Tin 6: lo:00,05,06,16,19,39,40,49,53,60,61,66,79,87,89,91,94,98,99x30d.78x10d." toa="null" sc_toa="null" service_center="null" read="1" status="0" locked="0" date_sent="0" readable_date="04-11-2015 17:59:42" contact_name="A Duc" />
  <sms protocol="0" address="01677281854" date="1446634797357" type="2" subject="null" body="Tin 7: lo:78x20d." toa="null" sc_toa="null" service_center="null" read="1" status="0" locked="0" date_sent="0" readable_date="04-11-2015 17:59:57" contact_name="(Unknown)" />
  <sms protocol="0" address="+841677281854" date="1446634825879" type="1" subject="null" body="Nhan 7 tin.so tin cuoi:7." toa="null" sc_toa="null" service_center="null" read="1" status="-1" locked="0" date_sent="0" readable_date="04-11-2015 18:00:25" contact_name="(Unknown)" />
  <sms protocol="0" address="+84964386982" date="1446634859669" type="1" subject="null" body="em gui cho anh 6 tin" toa="null" sc_toa="null" service_center="null" read="1" status="-1" locked="0" date_sent="0" readable_date="04-11-2015 18:00:59" contact_name="A Duc" />
  <sms protocol="0" address="+84983099345" date="1446634871340" type="1" subject="null" body="595 x 5đ" toa="null" sc_toa="null" service_center="null" read="1" status="-1" locked="0" date_sent="0" readable_date="04-11-2015 18:01:11" contact_name="Viet Bo" />
  <sms protocol="0" address="0983650782" date="1446634873847" type="2" subject="null" body="em gui cho anh 5 tin" toa="null" sc_toa="null" service_center="null" read="1" status="0" locked="0" date_sent="0" readable_date="04-11-2015 18:01:13" contact_name="A T 782 Lv" />
  <sms protocol="0" address="0983099345" date="1446634882852" type="2" subject="null" body="Nhan 8 tin." toa="null" sc_toa="null" service_center="null" read="1" status="32" locked="0" date_sent="0" readable_date="04-11-2015 18:01:22" contact_name="Viet Bo" />
  <sms protocol="0" address="+84973836212" date="1446634892448" type="1" subject="null" body="T2 Lô 93.72.64x50d 05.50x55đ" toa="null" sc_toa="null" service_center="null" read="1" status="-1" locked="0" date_sent="0" readable_date="04-11-2015 18:01:32" contact_name="Tien Em" />
  <sms protocol="0" address="+841685897838" date="1446634898782" type="1" subject="null" body="Xien 05.63.99x10d.38.44.79x10d.66.54.94x5d." toa="null" sc_toa="null" service_center="null" read="1" status="-1" locked="0" date_sent="0" readable_date="04-11-2015 18:01:38" contact_name="Chi H. v. b" />
  <sms protocol="0" address="01685897838" date="1446634944348" type="2" subject="null" body="Nhan 11 tin." toa="null" sc_toa="null" service_center="null" read="1" status="0" locked="0" date_sent="0" readable_date="04-11-2015 18:02:24" contact_name="Chi H. v. b" />
  <sms protocol="0" address="0973836212" date="1446634945846" type="2" subject="null" body="Nhan 2 tin.so tin cuoi:2." toa="null" sc_toa="null" service_center="null" read="1" status="0" locked="0" date_sent="0" readable_date="04-11-2015 18:02:25" contact_name="Tien Em" />
  <sms protocol="0" address="0973836212" date="1446634948848" type="2" subject="null" body="Nhan 2 tin.so tin cuoi:2." toa="null" sc_toa="null" service_center="null" read="1" status="0" locked="0" date_sent="0" readable_date="04-11-2015 18:02:28" contact_name="Tien Em" />
  <sms protocol="0" address="0983650782" date="1446634960853" type="2" subject="null" body="Tin 6: lo:05,50,64,72,93x30d.59,95x5d..xi3:54,66,94*5d.xi3:05,63,99*10d.,xi3:38,44,79*10d." toa="null" sc_toa="null" service_center="null" read="1" status="0" locked="0" date_sent="0" readable_date="04-11-2015 18:02:40" contact_name="A T 782 Lv" />
  <sms protocol="0" address="01677281854" date="1446634971349" type="2" subject="null" body="Tin 8: lo:05,50x25d.64,72,93x20d." toa="null" sc_toa="null" service_center="null" read="1" status="0" locked="0" date_sent="0" readable_date="04-11-2015 18:02:51" contact_name="(Unknown)" />
  <sms protocol="0" address="+841677281854" date="1446634997917" type="1" subject="null" body="Nhan 8 tin.so tin cuoi:8." toa="null" sc_toa="null" service_center="null" read="1" status="-1" locked="0" date_sent="0" readable_date="04-11-2015 18:03:17" contact_name="(Unknown)" />
  <sms protocol="0" address="+84983650782" date="1446635010279" type="1" subject="null" body="Em gui cho Anh 6 tin" toa="null" sc_toa="null" service_center="null" read="1" status="-1" locked="0" date_sent="0" readable_date="04-11-2015 18:03:30" contact_name="A T 782 Lv" />
  <sms protocol="0" address="+841685897838" date="1446635207802" type="1" subject="null" body="Lô 11 44x100d.52.66x200d.15.12.x100d.99.727.51.58x50d.." toa="null" sc_toa="null" service_center="null" read="1" status="-1" locked="0" date_sent="0" readable_date="04-11-2015 18:06:47" contact_name="Chi H. v. b" />
  <sms protocol="0" address="01685897838" date="1446635214349" type="2" subject="null" body="Nhan 12 tin." toa="null" sc_toa="null" service_center="null" read="1" status="0" locked="0" date_sent="0" readable_date="04-11-2015 18:06:54" contact_name="Chi H. v. b" />
  <sms protocol="0" address="01685897838" date="1446635215852" type="2" subject="null" body="Nhan 12 tin." toa="null" sc_toa="null" service_center="null" read="1" status="32" locked="0" date_sent="0" readable_date="04-11-2015 18:06:55" contact_name="Chi H. v. b" />
  <sms protocol="0" address="0964386982" date="1446635232356" type="2" subject="null" body="Tin 7: lo:52,11,15,27,51,58,72x40d.12x35d.44x30d.99x5d." toa="null" sc_toa="null" service_center="null" read="1" status="32" locked="0" date_sent="0" readable_date="04-11-2015 18:07:12" contact_name="A Duc" />
  <sms protocol="0" address="01677281854" date="1446635245845" type="2" subject="null" body="Tin 9: lo:66x200d.52x160d.44x70d.12x65d.11,15x60d.99x45d.27,51,58,72x10d." toa="null" sc_toa="null" service_center="null" read="1" status="0" locked="0" date_sent="0" readable_date="04-11-2015 18:07:25" contact_name="(Unknown)" />
  <sms protocol="0" address="+841677281854" date="1446635294346" type="1" subject="null" body="Nhan 9 tin.so tin cuoi:9." toa="null" sc_toa="null" service_center="null" read="1" status="-1" locked="0" date_sent="0" readable_date="04-11-2015 18:08:14" contact_name="(Unknown)" />
  <sms protocol="0" address="+84977655973" date="1446635353279" type="1" subject="null" body="Lo 11x30d dau 5x20n day 33x25n 99 21x70n 11 44 55  595 01x10n" toa="null" sc_toa="null" service_center="null" read="1" status="-1" locked="0" date_sent="0" readable_date="04-11-2015 18:09:13" contact_name="A Su Cong Tinh Uy" />
  <sms protocol="0" address="+84964386982" date="1446635366089" type="1" subject="null" body="em gui cho anh 7 tin" toa="null" sc_toa="null" service_center="null" read="1" status="-1" locked="0" date_sent="0" readable_date="04-11-2015 18:09:26" contact_name="A Duc" />
  <sms protocol="0" address="0977655973" date="1446635379347" type="2" subject="null" body="BAC gui cho EM 1 tin" toa="null" sc_toa="null" service_center="null" read="1" status="0" locked="0" date_sent="0" readable_date="04-11-2015 18:09:39" contact_name="A Su Cong Tinh Uy" />
  <sms protocol="0" address="01677281854" date="1446635394347" type="2" subject="null" body="Tin 10: lo:11x30d." toa="null" sc_toa="null" service_center="null" read="1" status="0" locked="0" date_sent="0" readable_date="04-11-2015 18:09:54" contact_name="(Unknown)" />
  <sms protocol="0" address="01677281854" date="1446635413847" type="2" subject="null" body="Tin 11: De:21,99x70n.55,59x30n.33,38,83,88x25n.50,51,52,53,54,56,57,58x20n.01,11,44,95x10n." toa="null" sc_toa="null" service_center="null" read="1" status="0" locked="0" date_sent="0" readable_date="04-11-2015 18:10:13" contact_name="(Unknown)" />
  <sms protocol="0" address="+841677281854" date="1446635432714" type="1" subject="null" body="Nhan 10 tin.so tin cuoi:10." toa="null" sc_toa="null" service_center="null" read="1" status="-1" locked="0" date_sent="0" readable_date="04-11-2015 18:10:32" contact_name="(Unknown)" />
  <sms protocol="0" address="+841677281854" date="1446635445564" type="1" subject="null" body="Nhan 11 tin.so tin cuoi:11." toa="null" sc_toa="null" service_center="null" read="1" status="-1" locked="0" date_sent="0" readable_date="04-11-2015 18:10:45" contact_name="(Unknown)" />
  <sms protocol="0" address="+84973836212" date="1446635473011" type="1" subject="null" body="Thêm.93.72.64.x10đ." toa="null" sc_toa="null" service_center="null" read="1" status="-1" locked="0" date_sent="0" readable_date="04-11-2015 18:11:13" contact_name="Tien Em" />
  <sms protocol="0" address="0973836212" date="1446635482852" type="2" subject="null" body="Nhan 3 tin.so tin cuoi:2." toa="null" sc_toa="null" service_center="null" read="1" status="0" locked="0" date_sent="0" readable_date="04-11-2015 18:11:22" contact_name="Tien Em" />
  <sms protocol="0" address="0973836212" date="1446635484354" type="2" subject="null" body="Nhan 3 tin.so tin cuoi:2." toa="null" sc_toa="null" service_center="null" read="1" status="32" locked="0" date_sent="0" readable_date="04-11-2015 18:11:24" contact_name="Tien Em" />
  <sms protocol="0" address="01677281854" date="1446635493351" type="2" subject="null" body="Tin 12: lo:64,72,93x10d." toa="null" sc_toa="null" service_center="null" read="1" status="0" locked="0" date_sent="0" readable_date="04-11-2015 18:11:33" contact_name="(Unknown)" />
  <sms protocol="0" address="+841685897838" date="1446635511096" type="1" subject="null" body="Xien.82.78.x20d.49.00.x10d.61.39.99.x10d.96.94x10d.67.85.65.x10d.17.49.54.31x10d67.85.49.12..x10d.lo.66.61.99.494.x30d.de.737.393.090.363.070.060.696.030.353.878.99.454.616.40.59.191.797.151.010.x100n.hai.kepx3000n" toa="null" sc_toa="null" service_center="null" read="1" status="-1" locked="0" date_sent="0" readable_date="04-11-2015 18:11:51" contact_name="Chi H. v. b" />
  <sms protocol="0" address="+841677281854" date="1446635522915" type="1" subject="null" body="Nhan 12 tin.so tin cuoi:12." toa="null" sc_toa="null" service_center="null" read="1" status="-1" locked="0" date_sent="0" readable_date="04-11-2015 18:12:02" contact_name="(Unknown)" />
  <sms protocol="0" address="01685897838" date="1446635524851" type="2" subject="null" body="Nhan 13 tin." toa="null" sc_toa="null" service_center="null" read="1" status="0" locked="0" date_sent="0" readable_date="04-11-2015 18:12:04" contact_name="Chi H. v. b" />
  <sms protocol="0" address="01685897838" date="1446635526351" type="2" subject="null" body="Nhan 13 tin." toa="null" sc_toa="null" service_center="null" read="1" status="0" locked="0" date_sent="0" readable_date="04-11-2015 18:12:06" contact_name="Chi H. v. b" />
  <sms protocol="0" address="0964386982" date="1446635545855" type="2" subject="null" body="Tin 8: lo:49,61,66,94,99x30d..xi2:78,82*20d.xi2:00,49*10d.,xi4:12,49,67,85*10d.,xi4:17,31,49,54*10d.,xi3:39,61,99*10d.,xi3:65,67,85*10d.,xi2:94,96*10d." toa="null" sc_toa="null" service_center="null" read="1" status="0" locked="0" date_sent="0" readable_date="04-11-2015 18:12:25" contact_name="A Duc" />
  <sms protocol="0" address="0964386982" date="1446635577351" type="2" subject="null" body="Tin 9: De:27,38,49,72,83,94x800n.50x750n.61x730n.05x600n.99,11,22,33,44,55,77,88x560n.16x550n.00,66x200n." toa="null" sc_toa="null" service_center="null" read="1" status="0" locked="0" date_sent="0" readable_date="04-11-2015 18:12:57" contact_name="A Duc" />
  <sms protocol="0" address="+84964386982" date="1446635607417" type="1" subject="null" body="em gui cho anh 9 tin" toa="null" sc_toa="null" service_center="null" read="1" status="-1" locked="0" date_sent="0" readable_date="04-11-2015 18:13:27" contact_name="A Duc" />
  <sms protocol="0" address="0964386982" date="1446635629850" type="2" subject="null" body="Tin 10: De:01,03,06,07,09,10,15,19,30,35,36,37,39,40,45,51,53,54,59,60,63,69,70,73,78,79,87,90,91,93,96,97x100n." toa="null" sc_toa="null" service_center="null" read="1" status="0" locked="0" date_sent="0" readable_date="04-11-2015 18:13:49" contact_name="A Duc" />
  <sms protocol="0" address="01677281854" date="1446635644849" type="2" subject="null" body="Tin 13: De:00,66x2800n.16x2550n.99x2540n.11,22,33,44,55,77,88x2440n.05x2400n.61x2370n.50x2250n.27,38,49,72,83,94x2200n." toa="null" sc_toa="null" service_center="null" read="1" status="0" locked="0" date_sent="0" readable_date="04-11-2015 18:14:04" contact_name="(Unknown)" />
  <sms protocol="0" address="+841677281854" date="1446635673038" type="1" subject="null" body="Nhan 13 tin.so tin cuoi:13." toa="null" sc_toa="null" service_center="null" read="1" status="-1" locked="0" date_sent="0" readable_date="04-11-2015 18:14:33" contact_name="(Unknown)" />
  <sms protocol="0" address="01685897838" date="1446635707851" type="2" subject="null" body="chi gui cho EM 13 tin" toa="null" sc_toa="null" service_center="null" read="1" status="0" locked="0" date_sent="0" readable_date="04-11-2015 18:15:07" contact_name="Chi H. v. b" />
  <sms protocol="0" address="0968193922" date="1446635709350" type="2" subject="null" body="chị gui cho EM 1 tin" toa="null" sc_toa="null" service_center="null" read="1" status="0" locked="0" date_sent="0" readable_date="04-11-2015 18:15:09" contact_name="(Unknown)" />
  <sms protocol="0" address="0973836212" date="1446635710849" type="2" subject="null" body="may gui cho tao 3 tin" toa="null" sc_toa="null" service_center="null" read="1" status="32" locked="0" date_sent="0" readable_date="04-11-2015 18:15:10" contact_name="Tien Em" />
  <sms protocol="0" address="0983099345" date="1446635712353" type="2" subject="null" body="Ban gui cho toi 8 tin" toa="null" sc_toa="null" service_center="null" read="1" status="32" locked="0" date_sent="0" readable_date="04-11-2015 18:15:12" contact_name="Viet Bo" />
  <sms protocol="0" address="0964386982" date="1446635748348" type="2" subject="null" body="em gui cho anh 10 tin" toa="null" sc_toa="null" service_center="null" read="1" status="32" locked="0" date_sent="0" readable_date="04-11-2015 18:15:48" contact_name="A Duc" />
  <sms protocol="0" address="+84964386982" date="1446635779892" type="1" subject="null" body="em gui cho anh 10 tin" toa="null" sc_toa="null" service_center="null" read="1" status="-1" locked="0" date_sent="0" readable_date="04-11-2015 18:16:19" contact_name="A Duc" />
  <sms protocol="0" address="+841685897838" date="1446635822432" type="1" subject="null" body="dau djt 2x700.he 24.x400.32.03x100.454.060..080.474.88.828x100.he dau djt 8x100.he 38.05x200 " toa="null" sc_toa="null" service_center="null" read="1" status="-1" locked="0" date_sent="0" readable_date="04-11-2015 18:17:02" contact_name="Chi H. v. b" />
  <sms protocol="0" address="01685897838" date="1446635836850" type="2" subject="null" body="Nhan 14 tin." toa="null" sc_toa="null" service_center="null" read="1" status="0" locked="0" date_sent="0" readable_date="04-11-2015 18:17:16" contact_name="Chi H. v. b" />
  <sms protocol="0" address="01685897838" date="1446635838346" type="2" subject="null" body="Nhan 14 tin." toa="null" sc_toa="null" service_center="null" read="1" status="0" locked="0" date_sent="0" readable_date="04-11-2015 18:17:18" contact_name="Chi H. v. b" />
  <sms protocol="0" address="0964386982" date="1446635862348" type="2" subject="null" body="Tin 11: De:32,02,12,20,21,23,25,52x600n.29,42,92,28,82x550n.24,47,74x500n.62x450n.79,97x400n.26x250n.08,80x200n.03,18,45,48,54,58,68,78,81,84,85,86,87,89,98x100n." toa="null" sc_toa="null" service_center="null" read="1" status="0" locked="0" date_sent="0" readable_date="04-11-2015 18:17:42" contact_name="A Duc" />
  <sms protocol="0" address="01677281854" date="1446635875847" type="2" subject="null" body="Tin 14: De:22x1400n.27,72x700n.24x600n.29,42,92x550n.88x500n.26x450n.28,82x350n.38,83x300n.62x250n.00,05,32,33,50,55x200n.02,06,12,20,21,23,25,52,60x100n." toa="null" sc_toa="null" service_center="null" read="1" status="0" locked="0" date_sent="0" readable_date="04-11-2015 18:17:55" contact_name="(Unknown)" />
  <sms protocol="0" address="+841677281854" date="1446635913968" type="1" subject="null" body="Nhan 14 tin.so tin cuoi:14." toa="null" sc_toa="null" service_center="null" read="1" status="-1" locked="0" date_sent="0" readable_date="04-11-2015 18:18:33" contact_name="(Unknown)" />
  <sms protocol="0" address="+84964386982" date="1446635957602" type="1" subject="null" body="em gui cho anh 11 tin" toa="null" sc_toa="null" service_center="null" read="1" status="-1" locked="0" date_sent="0" readable_date="04-11-2015 18:19:17" contact_name="A Duc" />
  <sms protocol="0" address="0979399373" date="1446636078352" type="2" subject="null" body="Nhan 3 tin.. HET DE" toa="null" sc_toa="null" service_center="null" read="1" status="0" locked="0" date_sent="0" readable_date="04-11-2015 18:21:18" contact_name="A Tung Thuy?" />
  <sms protocol="0" address="0983099345" date="1446636079865" type="2" subject="null" body="Nhan 8 tin.. HET DE" toa="null" sc_toa="null" service_center="null" read="1" status="32" locked="0" date_sent="0" readable_date="04-11-2015 18:21:19" contact_name="Viet Bo" />
  <sms protocol="0" address="01685897838" date="1446636081351" type="2" subject="null" body="Nhan 14 tin.. HET DE" toa="null" sc_toa="null" service_center="null" read="1" status="0" locked="0" date_sent="0" readable_date="04-11-2015 18:21:21" contact_name="Chi H. v. b" />
  <sms protocol="0" address="0973836212" date="1446636082848" type="2" subject="null" body="Nhan 3 tin.so tin cuoi:2.. HET DE" toa="null" sc_toa="null" service_center="null" read="1" status="0" locked="0" date_sent="0" readable_date="04-11-2015 18:21:22" contact_name="Tien Em" />
  <sms protocol="0" address="0968193922" date="1446636084352" type="2" subject="null" body="Nhan 1 tin.. HET DE" toa="null" sc_toa="null" service_center="null" read="1" status="0" locked="0" date_sent="0" readable_date="04-11-2015 18:21:24" contact_name="(Unknown)" />
  <sms protocol="0" address="0977655973" date="1446636085847" type="2" subject="null" body="Nhan 1 tin.. HET DE" toa="null" sc_toa="null" service_center="null" read="1" status="32" locked="0" date_sent="0" readable_date="04-11-2015 18:21:25" contact_name="A Su Cong Tinh Uy" />
  <sms protocol="0" address="+841685897838" date="1446636103264" type="1" subject="null" body="He.17.01.x1000n" toa="null" sc_toa="null" service_center="null" read="1" status="-1" locked="0" date_sent="0" readable_date="04-11-2015 18:21:43" contact_name="Chi H. v. b" />
  <sms protocol="0" address="01685897838" date="1446636115855" type="2" subject="null" body="Nhan 15 tin." toa="null" sc_toa="null" service_center="null" read="1" status="32" locked="0" date_sent="0" readable_date="04-11-2015 18:21:55" contact_name="Chi H. v. b" />
  <sms protocol="0" address="01677281854" date="1446636124846" type="2" subject="null" body="Tin 15: De:01,06,10,12,15,17,21,26,51,56,60,62,65,67,71,76x1000n." toa="null" sc_toa="null" service_center="null" read="1" status="0" locked="0" date_sent="0" readable_date="04-11-2015 18:22:04" contact_name="(Unknown)" />
  <sms protocol="0" address="+841677281854" date="1446636153742" type="1" subject="null" body="Nhan 15 tin.so tin cuoi:15." toa="null" sc_toa="null" service_center="null" read="1" status="-1" locked="0" date_sent="0" readable_date="04-11-2015 18:22:33" contact_name="(Unknown)" />
  <sms protocol="0" address="+841677281854" date="1446636306110" type="1" subject="null" body="chau gui cho co 15 tin" toa="null" sc_toa="null" service_center="null" read="1" status="-1" locked="0" date_sent="0" readable_date="04-11-2015 18:25:06" contact_name="(Unknown)" />
  <sms protocol="0" address="+84964386982" date="1446636558897" type="1" subject="null" body="Ngay:04/11/2015&#10;em chuyen cho anh&#10;De:39650,0=28468,7n&#10;Lo:1730,0=37506,4n&#10;3Cang:840,0=604,8n&#10;Xien:88,0=528,0n&#10;Th de:250,0=17500,0n&#10;Th lo:525,0=42000,0n&#10;em bu cho anh:7607,9n&#10;" toa="null" sc_toa="null" service_center="null" read="1" status="-1" locked="0" date_sent="0" readable_date="04-11-2015 18:29:18" contact_name="A Duc" />
  <sms protocol="0" address="5055" date="1446636588558" type="1" subject="null" body="04/11:&#10;DB:26978&#10;1:52617&#10;2:39338-20066&#10;3:28985-49684-10361-79600-06104-37753&#10;4:0531-8977-2843-2265&#10;5:3078-9533-6369-3884-7139-8741&#10;6:364-788-443&#10;7:92-93-02-95 " toa="null" sc_toa="null" service_center="null" read="0" status="-1" locked="0" date_sent="0" readable_date="04-11-2015 18:29:48" contact_name="(Unknown)" />
  <sms protocol="0" address="+84983650782" date="1446636641461" type="1" subject="null" body="Ngay:04/11/2015&#10;Em chuyen cho Anh&#10;Lo:380,0=8246,0n&#10;3Cang:1610,0=1062,6n&#10;Xien:39,0=234,0n&#10;Th lo:115,0=9200,0n&#10;Em bu cho Anh:342,6n&#10;" toa="null" sc_toa="null" service_center="null" read="1" status="-1" locked="0" date_sent="0" readable_date="04-11-2015 18:30:41" contact_name="A T 782 Lv" />
  <sms protocol="0" address="0983650782" date="1446636673845" type="2" subject="null" body="Ngay:04/11/2015&#13;&#10;em chuyen cho anh&#13;&#10;Lo:380,0=8246,0n&#13;&#10;3Cang:1610,0=1062,6n&#13;&#10;Xien:39,0=234,0n&#13;&#10;Thuong lo:115,0=9200,0n&#13;&#10;em bu cho anh:342,6n&#13;&#10;" toa="null" sc_toa="null" service_center="null" read="1" status="0" locked="0" date_sent="0" readable_date="04-11-2015 18:31:13" contact_name="A T 782 Lv" />
  <sms protocol="0" address="01677281854" date="1446636676854" type="2" subject="null" body="Ngay:04/11/2015&#13;&#10;chau chuyen cho co&#13;&#10;De:88830,0=63957,6n&#13;&#10;Lo:1480,0=32116,0n&#13;&#10;Thuong de:150,0=10500,0n&#13;&#10;Thuong lo:550,0=44000,0n&#13;&#10;chau bu cho co:41573,6n&#13;&#10;" toa="null" sc_toa="null" service_center="null" read="1" status="32" locked="0" date_sent="0" readable_date="04-11-2015 18:31:16" contact_name="(Unknown)" />
  <sms protocol="0" address="0968193922" date="1446636681348" type="2" subject="null" body="Ngay:04/11/2015&#13;&#10;chị chuyen cho EM&#13;&#10;Xien:14,0=95,2n&#13;&#10;chị bu cho EM:95,2n&#13;&#10;" toa="null" sc_toa="null" service_center="null" read="1" status="32" locked="0" date_sent="0" readable_date="04-11-2015 18:31:21" contact_name="(Unknown)" />
  <sms protocol="0" address="0983099345" date="1446636685874" type="2" subject="null" body="Ngay:04/11/2015&#13;&#10;Ban chuyen cho toi&#13;&#10;De:7750,0=5657,5n&#13;&#10;Lo:685,0=14933,0n&#13;&#10;3Cang:250,0=172,5n&#13;&#10;Xien:3,0=19,5n&#13;&#10;Th lo:355,0=28400,0n&#13;&#10;toi bu cho Ban:7617,5n&#13;&#10;" toa="null" sc_toa="null" service_center="null" read="1" status="0" locked="0" date_sent="0" readable_date="04-11-2015 18:31:25" contact_name="Viet Bo" />
  <sms protocol="0" address="0979399373" date="1446636690349" type="2" subject="null" body="Ngay:04/11/2015&#13;&#10;Anh chuyen cho EM&#13;&#10;De:400,0=300,0n&#13;&#10;Lo:35,0=770,0n&#13;&#10;Th lo:20,0=1600,0n&#13;&#10;EM bu cho Anh:530,0n&#13;&#10;" toa="null" sc_toa="null" service_center="null" read="1" status="0" locked="0" date_sent="0" readable_date="04-11-2015 18:31:30" contact_name="A Tung Thuy?" />
  <sms protocol="0" address="0977655973" date="1446636694849" type="2" subject="null" body="Ngay:04/11/2015&#13;&#10;BAC chuyen cho EM&#13;&#10;De:500,0=400,0n&#13;&#10;Lo:30,0=675,0n&#13;&#10;BAC bu cho EM:1075,0n&#13;&#10;" toa="null" sc_toa="null" service_center="null" read="1" status="32" locked="0" date_sent="0" readable_date="04-11-2015 18:31:34" contact_name="A Su Cong Tinh Uy" />
  <sms protocol="0" address="0964386982" date="1446636700853" type="2" subject="null" body="Ngay:04/11/2015&#13;&#10;em chuyen cho anh&#13;&#10;De:39650,0=28468,7n&#13;&#10;Lo:1730,0=37506,4n&#13;&#10;3Cang:840,0=604,8n&#13;&#10;Xien:88,0=528,0n&#13;&#10;Thuong de:250,0=17500,0n&#13;&#10;Thuong lo:525,0=42000,0n&#13;&#10;em bu cho anh:7607,9n&#13;&#10;" toa="null" sc_toa="null" service_center="null" read="1" status="0" locked="0" date_sent="0" readable_date="04-11-2015 18:31:40" contact_name="A Duc" />
  <sms protocol="0" address="01685897838" date="1446636703846" type="2" subject="null" body="Ngay:04/11/2015&#13;&#10;chi chuyen cho EM&#13;&#10;De:119830,0=86277,6n&#13;&#10;Lo:2500,0=54375,0n&#13;&#10;3Cang:2200,0=1562,0n&#13;&#10;Xien:110,0=737,0n&#13;&#10;Th de:400,0=28000,0n&#13;&#10;Th lo:670,0=53600,0n&#13;&#10;chi bu cho EM:61351,6n&#13;&#10;" toa="null" sc_toa="null" service_center="null" read="1" status="0" locked="0" date_sent="0" readable_date="04-11-2015 18:31:43" contact_name="Chi H. v. b" />
  <sms protocol="0" address="0973836212" date="1446636709880" type="2" subject="null" body="Ngay:04/11/2015&#13;&#10;may chuyen cho tao&#13;&#10;Lo:340,0=7412,0n&#13;&#10;Th lo:145,0=11600,0n&#13;&#10;tao bu cho may:4188,0n&#13;&#10;" toa="null" sc_toa="null" service_center="null" read="1" status="0" locked="0" date_sent="0" readable_date="04-11-2015 18:31:49" contact_name="Tien Em" />
  <sms protocol="0" address="+84983650782" date="1446636729085" type="1" subject="null" body="Tinh den het ngay:03/11/15 Anh thu 5087n&#10;Ngay:04/11/15 Em-342n &#10;Tong cong: Anh thu 5429" toa="null" sc_toa="null" service_center="null" read="1" status="-1" locked="0" date_sent="0" readable_date="04-11-2015 18:32:09" contact_name="A T 782 Lv" />
  <sms protocol="0" address="+841677281854" date="1446636833617" type="1" subject="null" body="TRA LAI:De,3Cang TIN NAY:Tin 15: De:01,06,10,12,15,17,21,26,51,56,60,62,65,67,71,76x1000n." toa="null" sc_toa="null" service_center="null" read="1" status="-1" locked="0" date_sent="0" readable_date="04-11-2015 18:33:53" contact_name="(Unknown)" />
  <sms protocol="0" address="0964386982" date="1446636953915" type="2" subject="null" body="Tinh den het ngay:03/11/15 em bu 29557n&#13;&#10;Ngay:04/11/15 anh-25000n +7607n &#13;&#10;Tong cong: em bu 12164" toa="null" sc_toa="null" service_center="null" read="1" status="0" locked="0" date_sent="0" readable_date="04-11-2015 18:35:53" contact_name="A Duc" />
  <sms protocol="0" address="0973836212" date="1446636970721" type="2" subject="null" body="Tinh den het ngay:03/11/15 tao thu 2064n&#13;&#10;Ngay:04/11/15 may+4188n &#13;&#10;Tong cong: tao bu 2124" toa="null" sc_toa="null" service_center="null" read="1" status="32" locked="0" date_sent="0" readable_date="04-11-2015 18:36:10" contact_name="Tien Em" />
  <sms protocol="0" address="0977655973" date="1446636975294" type="2" subject="null" body="Tinh den het ngay:03/11/15 EM thu 3022n&#13;&#10;Ngay:04/11/15 BAC+1000n -1075n &#13;&#10;Tong cong: EM thu 3097" toa="null" sc_toa="null" service_center="null" read="1" status="32" locked="0" date_sent="0" readable_date="04-11-2015 18:36:15" contact_name="A Su Cong Tinh Uy" />
  <sms protocol="0" address="0979399373" date="1446636981097" type="2" subject="null" body="Tinh den het ngay:03/11/15 EM thu 673n&#13;&#10;Ngay:04/11/15 Anh+530n &#13;&#10;Tong cong: EM thu 143" toa="null" sc_toa="null" service_center="null" read="1" status="32" locked="0" date_sent="0" readable_date="04-11-2015 18:36:21" contact_name="A Tung Thuy?" />
  <sms protocol="0" address="0983099345" date="1446636984267" type="2" subject="null" body="Tinh den het ngay:03/11/15 toi thu 91821n&#13;&#10;Ngay:04/11/15 Ban+60000n +7617n -61285n &#13;&#10;Tong cong: toi thu 85489" toa="null" sc_toa="null" service_center="null" read="1" status="32" locked="0" date_sent="0" readable_date="04-11-2015 18:36:24" contact_name="Viet Bo" />
  <sms protocol="0" address="0983650782" date="1446636988244" type="2" subject="null" body="Tinh den het ngay:03/11/15 em bu 5087n&#13;&#10;Ngay:04/11/15 anh+342n &#13;&#10;Tong cong: em bu 5429" toa="null" sc_toa="null" service_center="null" read="1" status="32" locked="0" date_sent="0" readable_date="04-11-2015 18:36:28" contact_name="A T 782 Lv" />
  <sms protocol="0" address="01632029067" date="1446636995499" type="2" subject="null" body="Tinh den het ngay:03/11/15 EM bu 42n&#13;&#10;Ngay:04/11/15 Chị-95n &#13;&#10;Tong cong: EM thu 53" toa="null" sc_toa="null" service_center="null" read="1" status="32" locked="0" date_sent="0" readable_date="04-11-2015 18:36:35" contact_name="(Unknown)" />
  <sms protocol="0" address="01677281854" date="1446637014450" type="2" subject="null" body="Tinh den het ngay:03/11/15 chau bu 15449n&#13;&#10;Ngay:04/11/15 co+41573n -45000n &#13;&#10;Tong cong: chau bu 12022" toa="null" sc_toa="null" service_center="null" read="1" status="0" locked="0" date_sent="0" readable_date="04-11-2015 18:36:54" contact_name="(Unknown)" />
  <sms protocol="0" address="0983099345" date="1446637084576" type="2" subject="null" body="Ngay:04/11/2015&#13;&#10;chi bu cho EM:61351,6n&#13;&#10;T thu 61285&#10;" toa="null" sc_toa="null" service_center="null" read="1" status="0" locked="0" date_sent="0" readable_date="04-11-2015 18:38:04" contact_name="Viet Bo" />
  <sms protocol="0" address="+841677281854" date="1446637151749" type="1" subject="null" body="Ngay:04/11/2015&#10;chau chuyen cho co&#10;De:72830,0=52437,6n&#10;Lo:1480,0=32116,0n&#10;Th de:150,0=10500,0n&#10;Th lo:550,0=44000,0n&#10;chau bu cho co:30053,6n" toa="null" sc_toa="null" service_center="+84980200623" read="1" status="-1" locked="0" date_sent="1446637149000" readable_date="04-11-2015 18:39:11" contact_name="(Unknown)" />
</smses>