<?xml version='1.0' encoding='UTF-8' standalone='yes' ?>
<!--File Created By SMS Backup & Restore Pro v7.21 on 05/11/2015 19:26:55-->
<?xml-stylesheet type="text/xsl" href="sms.xsl"?>
<smses count="181">
  <sms protocol="0" address="+841647235730" date="1446713614934" type="1" subject="null" body="Chuc Mung TB 0968239733&#10;Ban duoc CTy Xoso MIEN BAC&#10;Tang 2So Cuoi Giai DACBIET+1Lo Giai 3&#10;CamKet 6h30 TRUNG DE+Lox2Nhay&#10;Soan: TD gui 5589&#10;GIAU TO chi voi 1000d" toa="null" sc_toa="null" service_center="null" read="1" status="-1" locked="0" date_sent="0" readable_date="05-11-2015 15:53:34" contact_name="(Unknown)" />
  <sms protocol="0" address="+84979399373" date="1446715610453" type="1" subject="null" body="Lô: 54x 10" toa="null" sc_toa="null" service_center="null" read="1" status="-1" locked="0" date_sent="0" readable_date="05-11-2015 16:26:50" contact_name="A Tung Thuy?" />
  <sms protocol="0" address="+84983099345" date="1446718466005" type="1" subject="null" body="lo 89,98x100d đề đầu 5,9x100n đề 51,91x500n" toa="null" sc_toa="null" service_center="null" read="1" status="-1" locked="0" date_sent="0" readable_date="05-11-2015 17:14:26" contact_name="Viet Bo" />
  <sms protocol="0" address="+84973836212" date="1446718831287" type="1" subject="null" body="T1 lo 767x60d" toa="null" sc_toa="null" service_center="null" read="1" status="-1" locked="0" date_sent="0" readable_date="05-11-2015 17:20:31" contact_name="Tien Em" />
  <sms protocol="0" address="0973836212" date="1446719230856" type="2" subject="null" body="Nhan 1 tin.so tin cuoi:1." toa="null" sc_toa="null" service_center="null" read="1" status="0" locked="0" date_sent="0" readable_date="05-11-2015 17:27:10" contact_name="Tien Em" />
  <sms protocol="0" address="0983099345" date="1446719232348" type="2" subject="null" body="Nhan 1 tin." toa="null" sc_toa="null" service_center="null" read="1" status="0" locked="0" date_sent="0" readable_date="05-11-2015 17:27:12" contact_name="Viet Bo" />
  <sms protocol="0" address="0983099345" date="1446719235347" type="2" subject="null" body="Nhan 1 tin." toa="null" sc_toa="null" service_center="null" read="1" status="0" locked="0" date_sent="0" readable_date="05-11-2015 17:27:15" contact_name="Viet Bo" />
  <sms protocol="0" address="+84979399373" date="1446719843172" type="1" subject="null" body="Lo 67.76 x 10. De 49.50.05 x50" toa="null" sc_toa="null" service_center="null" read="1" status="-1" locked="0" date_sent="0" readable_date="05-11-2015 17:37:23" contact_name="A Tung Thuy?" />
  <sms protocol="0" address="+84983099345" date="1446719991903" type="1" subject="null" body="Lô 22 89 38 98x5d" toa="null" sc_toa="null" service_center="null" read="1" status="-1" locked="0" date_sent="0" readable_date="05-11-2015 17:39:51" contact_name="Viet Bo" />
  <sms protocol="0" address="0983099345" date="1446720034855" type="2" subject="null" body="Nhan 2 tin." toa="null" sc_toa="null" service_center="null" read="1" status="0" locked="0" date_sent="0" readable_date="05-11-2015 17:40:34" contact_name="Viet Bo" />
  <sms protocol="0" address="0983099345" date="1446720037853" type="2" subject="null" body="Nhan 2 tin." toa="null" sc_toa="null" service_center="null" read="1" status="32" locked="0" date_sent="0" readable_date="05-11-2015 17:40:37" contact_name="Viet Bo" />
  <sms protocol="0" address="+84979399373" date="1446720077530" type="1" subject="null" body="Lo 67.76 x 5" toa="null" sc_toa="null" service_center="null" read="1" status="-1" locked="0" date_sent="0" readable_date="05-11-2015 17:41:17" contact_name="A Tung Thuy?" />
  <sms protocol="0" address="+84983099345" date="1446720144816" type="1" subject="null" body="Lo 86 x50d lo 797x10d" toa="null" sc_toa="null" service_center="null" read="1" status="-1" locked="0" date_sent="0" readable_date="05-11-2015 17:42:24" contact_name="Viet Bo" />
  <sms protocol="0" address="0983099345" date="1446720171348" type="2" subject="null" body="Nhan 3 tin." toa="null" sc_toa="null" service_center="null" read="1" status="0" locked="0" date_sent="0" readable_date="05-11-2015 17:42:51" contact_name="Viet Bo" />
  <sms protocol="0" address="0983099345" date="1446720172851" type="2" subject="null" body="Nhan 3 tin." toa="null" sc_toa="null" service_center="null" read="1" status="0" locked="0" date_sent="0" readable_date="05-11-2015 17:42:52" contact_name="Viet Bo" />
  <sms protocol="0" address="+841685897838" date="1446720484153" type="1" subject="null" body="Đe 191x50n 07x100n&#10;Lo 54.26x30₫ 48x20₫ 79x10₫" toa="null" sc_toa="null" service_center="null" read="1" status="-1" locked="0" date_sent="0" readable_date="05-11-2015 17:48:04" contact_name="Chi H. v. b" />
  <sms protocol="0" address="01685897838" date="1446720492349" type="2" subject="null" body="Nhan 1 tin." toa="null" sc_toa="null" service_center="null" read="1" status="0" locked="0" date_sent="0" readable_date="05-11-2015 17:48:12" contact_name="Chi H. v. b" />
  <sms protocol="0" address="0964386982" date="1446720505847" type="2" subject="null" body="Tin 1: lo:89,98,67,76,86x50d.54x40d.26x30d.48,79x20d.97x10d" toa="null" sc_toa="null" service_center="null" read="1" status="32" locked="0" date_sent="0" readable_date="05-11-2015 17:48:25" contact_name="A Duc" />
  <sms protocol="0" address="0983650782" date="1446720519360" type="2" subject="null" body="Tin 1: lo:89,98x30d.67,76x25d.22,38x5d." toa="null" sc_toa="null" service_center="null" read="1" status="32" locked="0" date_sent="0" readable_date="05-11-2015 17:48:39" contact_name="A T 782 Lv" />
  <sms protocol="0" address="+84979399373" date="1446720544030" type="2" subject="null" body="Ok3 tin" toa="null" sc_toa="null" service_center="null" read="1" status="0" locked="0" date_sent="0" readable_date="05-11-2015 17:49:04" contact_name="A Tung Thuy?" />
  <sms protocol="0" address="+84964386982" date="1446720579780" type="1" subject="null" body="em gui cho anh 1 tin" toa="null" sc_toa="null" service_center="+84980200623" read="1" status="-1" locked="0" date_sent="1446720578000" readable_date="05-11-2015 17:49:39" contact_name="A Duc" />
  <sms protocol="0" address="+84974282195" date="1446720649564" type="1" subject="null" body="3 cang 872 782 mỗi con 500k. Đề 72 27 87 78 mỗi con 100k. Lô 87 72 mỗi con 50đ" toa="null" sc_toa="null" service_center="+84980200623" read="1" status="-1" locked="0" date_sent="1446720645000" readable_date="05-11-2015 17:50:49" contact_name="(Unknown)" />
  <sms protocol="0" address="+84968193922" date="1446720703422" type="1" subject="null" body="X2.86.97.=50 ; X3.31.69.93.=50 ; X2.27.52.=50 ; X2.52.75.=50 ; X4.89.75.62.79.=30 ; X3.00.04.05.=50 ; X3.92.39.24.=50 ; X3.39.96.92.=50;" toa="null" sc_toa="null" service_center="+84980200623" read="1" status="-1" locked="0" date_sent="1446720701000" readable_date="05-11-2015 17:51:43" contact_name="(Unknown)" />
  <sms protocol="0" address="0968193922" date="1446720793849" type="2" subject="null" body="Nhan 1 tin." toa="null" sc_toa="null" service_center="null" read="1" status="32" locked="0" date_sent="0" readable_date="05-11-2015 17:53:13" contact_name="(Unknown)" />
  <sms protocol="0" address="+84914967139" date="1446720802898" type="1" subject="null" body="de 010.424.363x50n.66.44.22 x100n.kep bang x70n.dau djt 4 x10n.lo 949 x30d.01.79.99.x20d.10.97424x10d.xien 01.79.94 x10d." toa="null" sc_toa="null" service_center="null" read="1" status="-1" locked="0" date_sent="0" readable_date="05-11-2015 17:53:22" contact_name="(Unknown)" />
  <sms protocol="0" address="0914967139" date="1446720814853" type="2" subject="null" body="Nhan 1 tin." toa="null" sc_toa="null" service_center="null" read="1" status="0" locked="0" date_sent="0" readable_date="05-11-2015 17:53:34" contact_name="(Unknown)" />
  <sms protocol="0" address="0914967139" date="1446720816351" type="2" subject="null" body="Nhan 1 tin." toa="null" sc_toa="null" service_center="null" read="1" status="0" locked="0" date_sent="0" readable_date="05-11-2015 17:53:36" contact_name="(Unknown)" />
  <sms protocol="0" address="+84973836212" date="1446720838573" type="1" subject="null" body="T2 Lo 797x23d. D kbx10n. " toa="null" sc_toa="null" service_center="null" read="1" status="-1" locked="0" date_sent="0" readable_date="05-11-2015 17:53:58" contact_name="Tien Em" />
  <sms protocol="0" address="0973836212" date="1446720849348" type="2" subject="null" body="Nhan 2 tin.so tin cuoi:2." toa="null" sc_toa="null" service_center="null" read="1" status="0" locked="0" date_sent="0" readable_date="05-11-2015 17:54:09" contact_name="Tien Em" />
  <sms protocol="0" address="0973836212" date="1446720850858" type="2" subject="null" body="Nhan 2 tin.so tin cuoi:2." toa="null" sc_toa="null" service_center="null" read="1" status="32" locked="0" date_sent="0" readable_date="05-11-2015 17:54:10" contact_name="Tien Em" />
  <sms protocol="0" address="0964386982" date="1446720916849" type="2" subject="null" body="Tin 2: Ba cang:782,872x150n." toa="null" sc_toa="null" service_center="null" read="1" status="32" locked="0" date_sent="0" readable_date="05-11-2015 17:55:16" contact_name="A Duc" />
  <sms protocol="0" address="+841685897838" date="1446720939076" type="1" subject="null" body="Lo 57.56.85.31.10.84.50.02x10d ..de dau 2x20n.lo 21.26.57.87.27.x40d.49x100d.62x50d." toa="null" sc_toa="null" service_center="null" read="1" status="-1" locked="0" date_sent="0" readable_date="05-11-2015 17:55:39" contact_name="Chi H. v. b" />
  <sms protocol="0" address="+84964386982" date="1446720942135" type="1" subject="null" body="em gui cho anh 2 tin" toa="null" sc_toa="null" service_center="null" read="1" status="-1" locked="0" date_sent="0" readable_date="05-11-2015 17:55:42" contact_name="A Duc" />
  <sms protocol="0" address="01685897838" date="1446720961848" type="2" subject="null" body="Nhan 2 tin." toa="null" sc_toa="null" service_center="null" read="1" status="0" locked="0" date_sent="0" readable_date="05-11-2015 17:56:01" contact_name="Chi H. v. b" />
  <sms protocol="0" address="01685897838" date="1446720964849" type="2" subject="null" body="Nhan 2 tin." toa="null" sc_toa="null" service_center="null" read="1" status="32" locked="0" date_sent="0" readable_date="05-11-2015 17:56:04" contact_name="Chi H. v. b" />
  <sms protocol="0" address="+84983099345" date="1446721033242" type="1" subject="null" body="Lo 626x20d" toa="null" sc_toa="null" service_center="null" read="1" status="-1" locked="0" date_sent="0" readable_date="05-11-2015 17:57:13" contact_name="Viet Bo" />
  <sms protocol="0" address="0983099345" date="1446721039846" type="2" subject="null" body="Nhan 4 tin." toa="null" sc_toa="null" service_center="null" read="1" status="32" locked="0" date_sent="0" readable_date="05-11-2015 17:57:19" contact_name="Viet Bo" />
  <sms protocol="0" address="0983099345" date="1446721042847" type="2" subject="null" body="Nhan 4 tin." toa="null" sc_toa="null" service_center="null" read="1" status="32" locked="0" date_sent="0" readable_date="05-11-2015 17:57:22" contact_name="Viet Bo" />
  <sms protocol="0" address="0983650782" date="1446721053349" type="2" subject="null" body="Tin 2: Ba cang:782,872x100n." toa="null" sc_toa="null" service_center="null" read="1" status="0" locked="0" date_sent="0" readable_date="05-11-2015 17:57:33" contact_name="A T 782 Lv" />
  <sms protocol="0" address="0983650782" date="1446721075851" type="2" subject="null" body="Tin 3: lo:49,87,62,26,57,72,79,21,27,97,94x30d.01,10,99x20d.02,24,31,42,50,56,84,85x10d..xi4:62,75,79,89*3d.xi3:00,04,05*5d.,xi3:24,39,92*5d.,xi2:27,52*5d.,xi3:31,69,93*5d.,xi3:39,92,96*5d.,xi2:52,75*5d.,xi2:86,97*5d.xi3:01,79,94*10d." toa="null" sc_toa="null" service_center="null" read="1" status="0" locked="0" date_sent="0" readable_date="05-11-2015 17:57:55" contact_name="A T 782 Lv" />
  <sms protocol="0" address="01677281854" date="1446721096848" type="2" subject="null" body="Tin 1: Ba cang:782,872x250n." toa="null" sc_toa="null" service_center="null" read="1" status="0" locked="0" date_sent="0" readable_date="05-11-2015 17:58:16" contact_name="(Unknown)" />
  <sms protocol="0" address="01677281854" date="1446721114852" type="2" subject="null" body="Tin 2: lo:49x100d.87x60d.62x40d.26x30d.89,98x25d.57,72x20d.79x13d.21,27x10d.97x3d." toa="null" sc_toa="null" service_center="null" read="1" status="0" locked="0" date_sent="0" readable_date="05-11-2015 17:58:34" contact_name="(Unknown)" />
  <sms protocol="0" address="+841677281854" date="1446721137391" type="1" subject="null" body="Nhan 2 tin.so tin cuoi:2." toa="null" sc_toa="null" service_center="null" read="1" status="-1" locked="0" date_sent="0" readable_date="05-11-2015 17:58:57" contact_name="(Unknown)" />
  <sms protocol="0" address="+841628909893" date="1446721141185" type="1" subject="null" body="Ghi a lô 22,24,25,26 môi con 10điêm. Đề 22x50ngin." toa="null" sc_toa="null" service_center="null" read="1" status="-1" locked="0" date_sent="0" readable_date="05-11-2015 17:59:01" contact_name="A M" />
  <sms protocol="0" address="01628909893" date="1446721174849" type="2" subject="null" body="anh gui cho EM 1 tin" toa="null" sc_toa="null" service_center="null" read="1" status="0" locked="0" date_sent="0" readable_date="05-11-2015 17:59:34" contact_name="A M" />
  <sms protocol="0" address="+841685897838" date="1446721208809" type="1" subject="null" body="Xien.72.83.x10d.33.31.56.x10d.56.36.40.x10d.63.78.82.x10d.20.56.05.x10d.63.82.77.x10d.66.31.41x10d.31.93.83.x10d.83.33.99.x10d.40.31.x10d.91.83.67.x10d.46.96.62.x10d.53.63.73.83.x10d.23.09.55.x10d.32.83.35.x10d.10.67.20.x10d.52.86.56.x10d.56.57.67.x10d.44.83.52.x10d68.32.50.x10d.82.23.56.x10d.lo.56.232.22.262.12.636.99.838.66.82.40.20.949.969.x30d.de.33.363.313.575.00.262.060.676.404.707.303.535.838.949.44.81.73.88.84.454.55.33.x100n" toa="null" sc_toa="null" service_center="null" read="1" status="-1" locked="0" date_sent="0" readable_date="05-11-2015 18:00:08" contact_name="Chi H. v. b" />
  <sms protocol="0" address="01685897838" date="1446721219848" type="2" subject="null" body="Nhan 3 tin." toa="null" sc_toa="null" service_center="null" read="1" status="0" locked="0" date_sent="0" readable_date="05-11-2015 18:00:19" contact_name="Chi H. v. b" />
  <sms protocol="0" address="+84983650782" date="1446721231000" type="1" subject="null" body="Em gui cho Anh 3 tin" toa="null" sc_toa="null" service_center="null" read="1" status="-1" locked="0" date_sent="0" readable_date="05-11-2015 18:00:31" contact_name="A T 782 Lv" />
  <sms protocol="0" address="0983650782" date="1446721233353" type="2" subject="null" body="Tin4: xi:05,20,56x10d.09,23,55x10d.10,20,67x10d.23,56,82x10d.31,33,56x10d.31,40x10d.31,41,66x10d.31,83,93x10d.32,35,83x10d.32,50,68x10d.33,83,99x10d.36,40,56x10d.44,52,83x10d.46,62,96x10d.52,56,86x10d.xi4:53,63,73,83x10d.56,57,67x10d.63,77,82x10d.63,78,82x10d.67,83,91x10d.72,83x10d." toa="null" sc_toa="null" service_center="null" read="1" status="0" locked="0" date_sent="0" readable_date="05-11-2015 18:00:33" contact_name="A T 782 Lv" />
  <sms protocol="0" address="01677281854" date="1446721255851" type="2" subject="null" body="Tin 3: lo:22,26x40d.12,20,23,32,36,38,40,49,56,62,63,66,69,82,83,94,96,99x30d.24,25x10d." toa="null" sc_toa="null" service_center="null" read="1" status="0" locked="0" date_sent="0" readable_date="05-11-2015 18:00:55" contact_name="(Unknown)" />
  <sms protocol="0" address="+841685897838" date="1446721264869" type="1" subject="null" body="Lo 47.48.56.57x10d.de 48x200n." toa="null" sc_toa="null" service_center="null" read="1" status="-1" locked="0" date_sent="0" readable_date="05-11-2015 18:01:04" contact_name="Chi H. v. b" />
  <sms protocol="0" address="01685897838" date="1446721269346" type="2" subject="null" body="Nhan 4 tin." toa="null" sc_toa="null" service_center="null" read="1" status="32" locked="0" date_sent="0" readable_date="05-11-2015 18:01:09" contact_name="Chi H. v. b" />
  <sms protocol="0" address="01677281854" date="1446721281349" type="2" subject="null" body="Tin 4: lo:47,48,56,57x10d." toa="null" sc_toa="null" service_center="null" read="1" status="32" locked="0" date_sent="0" readable_date="05-11-2015 18:01:21" contact_name="(Unknown)" />
  <sms protocol="0" address="+841677281854" date="1446721281479" type="1" subject="null" body="Nhan 3 tin.so tin cuoi:3." toa="null" sc_toa="null" service_center="null" read="1" status="-1" locked="0" date_sent="0" readable_date="05-11-2015 18:01:21" contact_name="(Unknown)" />
  <sms protocol="0" address="+84914967139" date="1446721287989" type="1" subject="null" body="De 42 48 12 21 92  x 50 n   Lo  84 48 93 39 42 62 x 10 d  27 44  00  x 20 d 01 10 99 x 10 d  Xeon  27 42 88 x 20 d  " toa="null" sc_toa="null" service_center="null" read="1" status="-1" locked="0" date_sent="0" readable_date="05-11-2015 18:01:27" contact_name="(Unknown)" />
  <sms protocol="0" address="+841685897838" date="1446721292874" type="1" subject="null" body=" Lo 51 52 57 44 11 27 06  x 10 d( xien 83 52 x 10 n 51 52 27 x 20 n 06 47 79x10n 09 76 29 x 10 n 2747 46 x10 n  78 33 16 x10n )" toa="null" sc_toa="null" service_center="null" read="1" status="-1" locked="0" date_sent="0" readable_date="05-11-2015 18:01:32" contact_name="Chi H. v. b" />
  <sms protocol="0" address="+84973836212" date="1446721309649" type="1" subject="null" body="T3 Lô.27.72.10 X10đ.&#10;56.99 x 5đ.&#10;30 x 20đ.&#10;20 x 150đ.&#10;Xiên3(10.30.72.).&#10;(27.10.30).(27.30.20)x100k&#10;Xiên2.(27.20).(20.30) x 100k.&#10;Đề.34.22 x 12k" toa="null" sc_toa="null" service_center="null" read="1" status="-1" locked="0" date_sent="0" readable_date="05-11-2015 18:01:49" contact_name="Tien Em" />
  <sms protocol="0" address="+841677281854" date="1446721327484" type="1" subject="null" body="Nhan 4 tin.so tin cuoi:4." toa="null" sc_toa="null" service_center="null" read="1" status="-1" locked="0" date_sent="0" readable_date="05-11-2015 18:02:07" contact_name="(Unknown)" />
  <sms protocol="0" address="0914967139" date="1446721351846" type="2" subject="null" body="Nhan 2 tin." toa="null" sc_toa="null" service_center="null" read="1" status="32" locked="0" date_sent="0" readable_date="05-11-2015 18:02:31" contact_name="(Unknown)" />
  <sms protocol="0" address="+84914967139" date="1446721407464" type="1" subject="null" body="lo 21.62.57 x10d" toa="null" sc_toa="null" service_center="null" read="1" status="-1" locked="0" date_sent="0" readable_date="05-11-2015 18:03:27" contact_name="(Unknown)" />
  <sms protocol="0" address="0973836212" date="1446721431349" type="2" subject="null" body="Nhan 3 tin.so tin cuoi:3." toa="null" sc_toa="null" service_center="null" read="1" status="32" locked="0" date_sent="0" readable_date="05-11-2015 18:03:51" contact_name="Tien Em" />
  <sms protocol="0" address="01685897838" date="1446721432847" type="2" subject="null" body="Nhan 5 tin." toa="null" sc_toa="null" service_center="null" read="1" status="0" locked="0" date_sent="0" readable_date="05-11-2015 18:03:52" contact_name="Chi H. v. b" />
  <sms protocol="0" address="0914967139" date="1446721434353" type="2" subject="null" body="Nhan 3 tin." toa="null" sc_toa="null" service_center="null" read="1" status="32" locked="0" date_sent="0" readable_date="05-11-2015 18:03:54" contact_name="(Unknown)" />
  <sms protocol="0" address="0914967139" date="1446721438848" type="2" subject="null" body="Nhan 3 tin." toa="null" sc_toa="null" service_center="null" read="1" status="0" locked="0" date_sent="0" readable_date="05-11-2015 18:03:58" contact_name="(Unknown)" />
  <sms protocol="0" address="0983650782" date="1446721452350" type="2" subject="null" body="Tin 5: xi3:27,51,52*2d.xi3:27,42,88*20d.xi3:06,47,79*1d.,xi3:09,29,76*1d.,xi3:16,33,78*1d.,xi2:52,83*1d.xi3:10,27,30*10d.,xi3:10,30,72*10d.,xi2:20,27*10d.,xi3:20,27,30*10d.,xi2:20,30*10d." toa="null" sc_toa="null" service_center="null" read="1" status="32" locked="0" date_sent="0" readable_date="05-11-2015 18:04:12" contact_name="A T 782 Lv" />
  <sms protocol="0" address="01677281854" date="1446721470346" type="2" subject="null" body="Tin 5: lo:20x150d.27x40d.44x30d.00,10,30,57,62x20d.99x15d.01,06,11,21,39,42,48,51,52,72,84,93x10d.56x5d." toa="null" sc_toa="null" service_center="null" read="1" status="32" locked="0" date_sent="0" readable_date="05-11-2015 18:04:30" contact_name="(Unknown)" />
  <sms protocol="0" address="+841685897838" date="1446721476735" type="1" subject="null" body="De 42.36x200n.41 43.72.49.77x50n.kep bang x300n.kep kech x100n." toa="null" sc_toa="null" service_center="null" read="1" status="-1" locked="0" date_sent="0" readable_date="05-11-2015 18:04:36" contact_name="Chi H. v. b" />
  <sms protocol="0" address="01685897838" date="1446721485352" type="2" subject="null" body="Nhan 6 tin." toa="null" sc_toa="null" service_center="null" read="1" status="0" locked="0" date_sent="0" readable_date="05-11-2015 18:04:45" contact_name="Chi H. v. b" />
  <sms protocol="0" address="+841677281854" date="1446721506388" type="1" subject="null" body="Nhan 5 tin.so tin cuoi:5." toa="null" sc_toa="null" service_center="null" read="1" status="-1" locked="0" date_sent="0" readable_date="05-11-2015 18:05:06" contact_name="(Unknown)" />
  <sms protocol="0" address="+84983650782" date="1446721536759" type="1" subject="null" body="Em gui cho Anh 5 tin" toa="null" sc_toa="null" service_center="null" read="1" status="-1" locked="0" date_sent="0" readable_date="05-11-2015 18:05:36" contact_name="A T 782 Lv" />
  <sms protocol="0" address="+841685897838" date="1446721576890" type="1" subject="null" body="Xien 27.47.46x10n. De 2kep x 10 n kep bang  x 10 n dit 9-6 x 10 n he 24 09 x 10 n lo 44 33 06 x5d  52 57 x5d xien 52 57 x 20 n xien 44 11 27 x20 n " toa="null" sc_toa="null" service_center="null" read="1" status="-1" locked="0" date_sent="0" readable_date="05-11-2015 18:06:16" contact_name="Chi H. v. b" />
  <sms protocol="0" address="+84983099345" date="1446721584609" type="1" subject="null" body="Lô 373 83 x5d" toa="null" sc_toa="null" service_center="null" read="1" status="-1" locked="0" date_sent="0" readable_date="05-11-2015 18:06:24" contact_name="Viet Bo" />
  <sms protocol="0" address="+841685897838" date="1446721590478" type="1" subject="null" body="Lo 99.x100d.212.363.x200d.383x150d..515.616.010.x70d.xjen 45.38.99x20d.77.12.51x30d.12.99x20d." toa="null" sc_toa="null" service_center="null" read="1" status="-1" locked="0" date_sent="0" readable_date="05-11-2015 18:06:30" contact_name="Chi H. v. b" />
  <sms protocol="0" address="01685897838" date="1446721596346" type="2" subject="null" body="Nhan 8 tin." toa="null" sc_toa="null" service_center="null" read="1" status="32" locked="0" date_sent="0" readable_date="05-11-2015 18:06:36" contact_name="Chi H. v. b" />
  <sms protocol="0" address="0983099345" date="1446721597853" type="2" subject="null" body="Nhan 5 tin." toa="null" sc_toa="null" service_center="null" read="1" status="0" locked="0" date_sent="0" readable_date="05-11-2015 18:06:37" contact_name="Viet Bo" />
  <sms protocol="0" address="+841685897838" date="1446721604619" type="1" subject="null" body="Xjen 57.12x10d.dau djt2x600. " toa="null" sc_toa="null" service_center="null" read="1" status="-1" locked="0" date_sent="0" readable_date="05-11-2015 18:06:44" contact_name="Chi H. v. b" />
  <sms protocol="0" address="01685897838" date="1446721612845" type="2" subject="null" body="Nhan 9 tin." toa="null" sc_toa="null" service_center="null" read="1" status="32" locked="0" date_sent="0" readable_date="05-11-2015 18:06:52" contact_name="Chi H. v. b" />
  <sms protocol="0" address="+841685897838" date="1446721644120" type="1" subject="null" body="lo,33,88,060,x5d 989,35,92x10d" toa="null" sc_toa="null" service_center="null" read="1" status="-1" locked="0" date_sent="0" readable_date="05-11-2015 18:07:24" contact_name="Chi H. v. b" />
  <sms protocol="0" address="0983650782" date="1446721645856" type="2" subject="null" body="Tin 6: xi3:11,27,44*2d.,xi2:52,57*2d.xi2:12,99*20d.,xi3:38,45,99*20d.xi3:27,46,47*1d.xi2:12,57*10d.xi3:12,51,77*30d." toa="null" sc_toa="null" service_center="null" read="1" status="32" locked="0" date_sent="0" readable_date="05-11-2015 18:07:25" contact_name="A T 782 Lv" />
  <sms protocol="0" address="01685897838" date="1446721651851" type="2" subject="null" body="Nhan 10 tin." toa="null" sc_toa="null" service_center="null" read="1" status="0" locked="0" date_sent="0" readable_date="05-11-2015 18:07:31" contact_name="Chi H. v. b" />
  <sms protocol="0" address="01677281854" date="1446721665351" type="2" subject="null" body="Tin 6: lo:12,21,36,63x200d.83x155d.38x150d.99x100d.01,10,15,16,51,61x70d.06,33,35,89,92,98x10d.37,44,52,57,60,73,88x5d." toa="null" sc_toa="null" service_center="null" read="1" status="32" locked="0" date_sent="0" readable_date="05-11-2015 18:07:45" contact_name="(Unknown)" />
  <sms protocol="0" address="+841677281854" date="1446721719261" type="1" subject="null" body="Nhan 6 tin.so tin cuoi:6." toa="null" sc_toa="null" service_center="null" read="1" status="-1" locked="0" date_sent="0" readable_date="05-11-2015 18:08:39" contact_name="(Unknown)" />
  <sms protocol="0" address="+84977655973" date="1446721733256" type="1" subject="null" body="Lo 11x35d tong 3x10n dau 5x15n 22 59x50n 95 21 00 99 62 x10n" toa="null" sc_toa="null" service_center="null" read="1" status="-1" locked="0" date_sent="0" readable_date="05-11-2015 18:08:53" contact_name="A Su Cong Tinh Uy" />
  <sms protocol="0" address="0977655973" date="1446721755349" type="2" subject="null" body="BAC gui cho EM 1 tin" toa="null" sc_toa="null" service_center="null" read="1" status="32" locked="0" date_sent="0" readable_date="05-11-2015 18:09:15" contact_name="A Su Cong Tinh Uy" />
  <sms protocol="0" address="+841685897838" date="1446721764596" type="1" subject="null" body="Xien.72.83.x5d.33.31.56.x5d.56.36.40.x5d.63.78.82.x5d.20.56.05.x5d.63.82.77.x5d.66.31.41x5d.31.93.83.x5d.83.33.99.x5d.40.31.x5d.91.83.67.x5d.46.96.62.x5d.53.63.73.83.x5d.23.09.55.x5d.32.83.35.x5d.10.67.20.x5d.52.86.56.x5d.56.57.67.x5d.44.83.52.x5d68.32.50.x5d.82.23.56.x5d." toa="null" sc_toa="null" service_center="null" read="1" status="-1" locked="0" date_sent="0" readable_date="05-11-2015 18:09:24" contact_name="Chi H. v. b" />
  <sms protocol="0" address="+841685897838" date="1446721769771" type="1" subject="null" body="Lo 262.484.414x30d.he 41x200." toa="null" sc_toa="null" service_center="null" read="1" status="-1" locked="0" date_sent="0" readable_date="05-11-2015 18:09:29" contact_name="Chi H. v. b" />
  <sms protocol="0" address="01685897838" date="1446721774846" type="2" subject="null" body="Nhan 11 tin." toa="null" sc_toa="null" service_center="null" read="1" status="0" locked="0" date_sent="0" readable_date="05-11-2015 18:09:34" contact_name="Chi H. v. b" />
  <sms protocol="0" address="01685897838" date="1446721779352" type="2" subject="null" body="Nhan 12 tin." toa="null" sc_toa="null" service_center="null" read="1" status="32" locked="0" date_sent="0" readable_date="05-11-2015 18:09:39" contact_name="Chi H. v. b" />
  <sms protocol="0" address="01685897838" date="1446721780849" type="2" subject="null" body="Nhan 12 tin." toa="null" sc_toa="null" service_center="null" read="1" status="0" locked="0" date_sent="0" readable_date="05-11-2015 18:09:40" contact_name="Chi H. v. b" />
  <sms protocol="0" address="+841685897838" date="1446721792764" type="1" subject="null" body="&#10;He 22  44 x 10 n xien 01 06 x 20 n " toa="null" sc_toa="null" service_center="null" read="1" status="-1" locked="0" date_sent="0" readable_date="05-11-2015 18:09:52" contact_name="Chi H. v. b" />
  <sms protocol="0" address="0964386982" date="1446721794349" type="2" subject="null" body="Tin 3: lo:11x35d.14,41,48,62,84x30d.26x20d." toa="null" sc_toa="null" service_center="null" read="1" status="0" locked="0" date_sent="0" readable_date="05-11-2015 18:09:54" contact_name="A Duc" />
  <sms protocol="0" address="01685897838" date="1446721800346" type="2" subject="null" body="Nhan 13 tin." toa="null" sc_toa="null" service_center="null" read="1" status="0" locked="0" date_sent="0" readable_date="05-11-2015 18:10:00" contact_name="Chi H. v. b" />
  <sms protocol="0" address="01685897838" date="1446721803354" type="2" subject="null" body="Nhan 13 tin." toa="null" sc_toa="null" service_center="null" read="1" status="0" locked="0" date_sent="0" readable_date="05-11-2015 18:10:03" contact_name="Chi H. v. b" />
  <sms protocol="0" address="01685897838" date="1446721804849" type="2" subject="null" body="Nhan 13 tin." toa="null" sc_toa="null" service_center="null" read="1" status="32" locked="0" date_sent="0" readable_date="05-11-2015 18:10:04" contact_name="Chi H. v. b" />
  <sms protocol="0" address="0983650782" date="1446721815348" type="2" subject="null" body="Tin7: xi:01,06x2d.05,20,56x5d.09,23,55x5d.10,20,67x5d.23,56,82x5d.31,33,56x5d.31,40x5d.31,41,66x5d.31,83,93x5d.32,35,83x5d.32,50,68x5d.33,83,99x5d.36,40,56x5d.44,52,83x5d.46,62,96x5d.52,56,86x5d.xi4:53,63,73,83x5d.56,57,67x5d.63,77,82x5d.63,78,82x5d.67,83,91x5d.72,83x5d." toa="null" sc_toa="null" service_center="null" read="1" status="0" locked="0" date_sent="0" readable_date="05-11-2015 18:10:15" contact_name="A T 782 Lv" />
  <sms protocol="0" address="01677281854" date="1446721833350" type="2" subject="null" body="Tin 7: lo:26x10d." toa="null" sc_toa="null" service_center="null" read="1" status="0" locked="0" date_sent="0" readable_date="05-11-2015 18:10:33" contact_name="(Unknown)" />
  <sms protocol="0" address="+84983099345" date="1446721840872" type="1" subject="null" body="Lo 87 x 10d" toa="null" sc_toa="null" service_center="null" read="1" status="-1" locked="0" date_sent="0" readable_date="05-11-2015 18:10:40" contact_name="Viet Bo" />
  <sms protocol="0" address="0983099345" date="1446721849846" type="2" subject="null" body="Nhan 6 tin." toa="null" sc_toa="null" service_center="null" read="1" status="32" locked="0" date_sent="0" readable_date="05-11-2015 18:10:49" contact_name="Viet Bo" />
  <sms protocol="0" address="+84964386982" date="1446721849850" type="1" subject="null" body="em gui cho anh 3 tin" toa="null" sc_toa="null" service_center="null" read="1" status="-1" locked="0" date_sent="0" readable_date="05-11-2015 18:10:49" contact_name="A Duc" />
  <sms protocol="0" address="+84983650782" date="1446721858579" type="1" subject="null" body="Em gui cho Anh 7 tin" toa="null" sc_toa="null" service_center="null" read="1" status="-1" locked="0" date_sent="0" readable_date="05-11-2015 18:10:58" contact_name="A T 782 Lv" />
  <sms protocol="0" address="01677281854" date="1446721867847" type="2" subject="null" body="Tin 8: lo:87x10d." toa="null" sc_toa="null" service_center="null" read="1" status="0" locked="0" date_sent="0" readable_date="05-11-2015 18:11:07" contact_name="(Unknown)" />
  <sms protocol="0" address="+841677281854" date="1446721885017" type="1" subject="null" body="Nhan 7 tin.so tin cuoi:7." toa="null" sc_toa="null" service_center="null" read="1" status="-1" locked="0" date_sent="0" readable_date="05-11-2015 18:11:25" contact_name="(Unknown)" />
  <sms protocol="0" address="+841677281854" date="1446721890441" type="1" subject="null" body="Nhan 8 tin.so tin cuoi:8." toa="null" sc_toa="null" service_center="null" read="1" status="-1" locked="0" date_sent="0" readable_date="05-11-2015 18:11:30" contact_name="(Unknown)" />
  <sms protocol="0" address="+841685897838" date="1446721918077" type="1" subject="null" body="Ba.cang.383.357.355.305.398.369.381.343.036.059.156.265.010.050.583.579.239.186.373.040.530.039.930.940.453.955.x100n.de.55.00.262.676.242.202.606.616.646.636.696.474.82.323.212.84.83.818.11.45.41.868.565.858.74.x100n" toa="null" sc_toa="null" service_center="null" read="1" status="-1" locked="0" date_sent="0" readable_date="05-11-2015 18:11:58" contact_name="Chi H. v. b" />
  <sms protocol="0" address="01685897838" date="1446721923366" type="2" subject="null" body="Nhan 14 tin." toa="null" sc_toa="null" service_center="null" read="1" status="0" locked="0" date_sent="0" readable_date="05-11-2015 18:12:03" contact_name="Chi H. v. b" />
  <sms protocol="0" address="0964386982" date="1446721938352" type="2" subject="null" body="Tin5: ba cang:010,036,039,040,050,059,156,186,239,265,305,343,355,357,369,373,381,383,398,453,530,579,583,930,940,955x30n." toa="null" sc_toa="null" service_center="null" read="1" status="0" locked="0" date_sent="0" readable_date="05-11-2015 18:12:18" contact_name="A Duc" />
  <sms protocol="0" address="0983650782" date="1446721951847" type="2" subject="null" body="Tin 8: Ba cang:010,036,039,040,050,059,156,186,239,265,305,343,355,357,369,373,381,383,398,453,530,579,583,930,940,955x70n." toa="null" sc_toa="null" service_center="null" read="1" status="0" locked="0" date_sent="0" readable_date="05-11-2015 18:12:31" contact_name="A T 782 Lv" />
  <sms protocol="0" address="0964386982" date="1446721978859" type="2" subject="null" body="Tin 5: De:22,42,72,91,27,26,62,21,24,12,92,20,23,52,55,02,32,82,29,44,25,28,51,00,33,99,66,11,88x300n.36,77x260n.96x210n.41x160n" toa="null" sc_toa="null" service_center="null" read="1" status="0" locked="0" date_sent="0" readable_date="05-11-2015 18:12:58" contact_name="A Duc" />
  <sms protocol="0" address="+84964386982" date="1446722007990" type="1" subject="null" body="em gui cho anh 5 tinThieu tin:4" toa="null" sc_toa="null" service_center="null" read="1" status="-1" locked="0" date_sent="0" readable_date="05-11-2015 18:13:27" contact_name="A Duc" />
  <sms protocol="0" address="0974929818" date="1446722074859" type="2" subject="null" body="Tin1: de:22x700n.42x520n.72x370n.91x350n.27x340n.26x330n.62x310n.21,24x290n.12,92x260n.20,23x220n.52,55x215n.02,32,82x200n.49x150n.29,94x140n.44x130n.25,28,46x120n.51x115n.00,64,69,83x110n" toa="null" sc_toa="null" service_center="null" read="1" status="0" locked="0" date_sent="0" readable_date="05-11-2015 18:14:34" contact_name="Chu Phuc Son Tay" />
  <sms protocol="0" address="+84974929818" date="1446722088394" type="1" subject="null" body="Nhan 1 tin.so tin cuoi:1." toa="null" sc_toa="null" service_center="null" read="1" status="-1" locked="0" date_sent="0" readable_date="05-11-2015 18:14:48" contact_name="Chu Phuc Son Tay" />
  <sms protocol="0" address="01677281854" date="1446722107861" type="2" subject="null" body="Tin9: de:22x842n.33x300n.50x275n.19,48x260n.63x250n.54x235n.99x230n.56,58x225n.16,45,74,76x220n.53,57x215n.06,14,38,61,66,67,84x210n.00,02,07,11,12,20,21,23,24,25,26,27,28,29,32,36,41,42,44,46,49,51,52,55,60,62,64,69,72,77,81,82,83,88,91,92,94,96x200n.59x185n.05x160n.04,40,47,95x120n." toa="null" sc_toa="null" service_center="null" read="1" status="0" locked="0" date_sent="0" readable_date="05-11-2015 18:15:07" contact_name="(Unknown)" />
  <sms protocol="0" address="01677281854" date="1446722119848" type="2" subject="null" body="Tin10: de:03,30,85,86,90,97x110n.13,18,31,35,65,68,70,73,75,78,87,93,98x100n.43x60n.01,10x50n.34x22n.09,79x20n.39,89x10n." toa="null" sc_toa="null" service_center="null" read="1" status="0" locked="0" date_sent="0" readable_date="05-11-2015 18:15:19" contact_name="(Unknown)" />
  <sms protocol="0" address="+84983650782" date="1446722125492" type="1" subject="null" body="Em gui cho Anh 8 tin" toa="null" sc_toa="null" service_center="null" read="1" status="-1" locked="0" date_sent="0" readable_date="05-11-2015 18:15:25" contact_name="A T 782 Lv" />
  <sms protocol="0" address="+841685897838" date="1446722168971" type="1" subject="null" body=".de.55.00.262.676.242.202.606.616.646.636.696.474.82.323.212.84.83.818.11.45.41.868.565.858.74.x400n" toa="null" sc_toa="null" service_center="null" read="1" status="-1" locked="0" date_sent="0" readable_date="05-11-2015 18:16:08" contact_name="Chi H. v. b" />
  <sms protocol="0" address="+841677281854" date="1446722173620" type="1" subject="null" body="Nhan 10 tin.so tin cuoi:10." toa="null" sc_toa="null" service_center="null" read="1" status="-1" locked="0" date_sent="0" readable_date="05-11-2015 18:16:13" contact_name="(Unknown)" />
  <sms protocol="0" address="01685897838" date="1446722173857" type="2" subject="null" body="Nhan 15 tin." toa="null" sc_toa="null" service_center="null" read="1" status="0" locked="0" date_sent="0" readable_date="05-11-2015 18:16:13" contact_name="Chi H. v. b" />
  <sms protocol="0" address="01685897838" date="1446722176846" type="2" subject="null" body="Nhan 15 tin." toa="null" sc_toa="null" service_center="null" read="1" status="0" locked="0" date_sent="0" readable_date="05-11-2015 18:16:16" contact_name="Chi H. v. b" />
  <sms protocol="0" address="+841685897838" date="1446722201770" type="1" subject="null" body="Hai.kep.x3500n." toa="null" sc_toa="null" service_center="null" read="1" status="-1" locked="0" date_sent="0" readable_date="05-11-2015 18:16:41" contact_name="Chi H. v. b" />
  <sms protocol="0" address="0974929818" date="1446722205349" type="2" subject="null" body="Tin 2: De:74x700n.00,02,06,11,12,16,18,20,21,23,24,32,36,41,45,46,47,55,56,58,60,61,63,64,65,67,68,69,76,81,82,83,84,85,86,96x400n.62x390n.26x370n.42x180n." toa="null" sc_toa="null" service_center="null" read="1" status="0" locked="0" date_sent="0" readable_date="05-11-2015 18:16:45" contact_name="Chu Phuc Son Tay" />
  <sms protocol="0" address="01685897838" date="1446722211347" type="2" subject="null" body="Nhan 16 tin." toa="null" sc_toa="null" service_center="null" read="1" status="32" locked="0" date_sent="0" readable_date="05-11-2015 18:16:51" contact_name="Chi H. v. b" />
  <sms protocol="0" address="01685897838" date="1446722214347" type="2" subject="null" body="Nhan 16 tin." toa="null" sc_toa="null" service_center="null" read="1" status="0" locked="0" date_sent="0" readable_date="05-11-2015 18:16:54" contact_name="Chi H. v. b" />
  <sms protocol="0" address="+84974929818" date="1446722219645" type="1" subject="null" body="Nhan 2 tin.so tin cuoi:2." toa="null" sc_toa="null" service_center="null" read="1" status="-1" locked="0" date_sent="0" readable_date="05-11-2015 18:16:59" contact_name="Chu Phuc Son Tay" />
  <sms protocol="0" address="0974929818" date="1446722223350" type="2" subject="null" body="Tin 3: De:05,33,38,50,66,77,88,99x700n.44x570n.94x560n.49x550n.27x360n.72x330n.11,16,61x300n.00,83x190n.55x85n." toa="null" sc_toa="null" service_center="null" read="1" status="0" locked="0" date_sent="0" readable_date="05-11-2015 18:17:03" contact_name="Chu Phuc Son Tay" />
  <sms protocol="0" address="+84974929818" date="1446722238863" type="1" subject="null" body="Nhan 3 tin.so tin cuoi:3." toa="null" sc_toa="null" service_center="null" read="1" status="-1" locked="0" date_sent="0" readable_date="05-11-2015 18:17:18" contact_name="Chu Phuc Son Tay" />
  <sms protocol="0" address="0964386982" date="1446722244347" type="2" subject="null" body="Tin 6: De:83,16,61,49,94,05,38,50x300n.74x100n.77x40n." toa="null" sc_toa="null" service_center="null" read="1" status="0" locked="0" date_sent="0" readable_date="05-11-2015 18:17:24" contact_name="A Duc" />
  <sms protocol="0" address="0964386982" date="1446722262348" type="2" subject="null" body="Tin 7: De:22,55,00,11,72,27,83,44,16,61,33,66,88,99,77,49,94,05,38,50,42x100n.26x30n.62x10n." toa="null" sc_toa="null" service_center="null" read="1" status="32" locked="0" date_sent="0" readable_date="05-11-2015 18:17:42" contact_name="A Duc" />
  <sms protocol="0" address="01677281854" date="1446722275855" type="2" subject="null" body="Tin 11: De:22x3400n.55x3315n.00x3210n.11x3100n.72x3070n.27x3040n.83x2910n.44x2830n.16,61x2800n.33,66,88,99x2700n.77x2660n.49x2550n.94x2540n.05,38,50x2400n.42x120n." toa="null" sc_toa="null" service_center="null" read="1" status="0" locked="0" date_sent="0" readable_date="05-11-2015 18:17:55" contact_name="(Unknown)" />
  <sms protocol="0" address="+84964386982" date="1446722297768" type="1" subject="null" body="em gui cho anh 7 tinThieu tin:4" toa="null" sc_toa="null" service_center="null" read="1" status="-1" locked="0" date_sent="0" readable_date="05-11-2015 18:18:17" contact_name="A Duc" />
  <sms protocol="0" address="+841677281854" date="1446722303152" type="1" subject="null" body="Nhan 11 tin.so tin cuoi:11." toa="null" sc_toa="null" service_center="null" read="1" status="-1" locked="0" date_sent="0" readable_date="05-11-2015 18:18:23" contact_name="(Unknown)" />
  <sms protocol="0" address="+841685897838" date="1446722326469" type="1" subject="null" body="De .88.838.262.767.565.717.616.66.636.060.96955.00313.040.949.44.848.989.686.050.x300n" toa="null" sc_toa="null" service_center="null" read="1" status="-1" locked="0" date_sent="0" readable_date="05-11-2015 18:18:46" contact_name="Chi H. v. b" />
  <sms protocol="0" address="01685897838" date="1446722374850" type="2" subject="null" body="Nhan 17 tin." toa="null" sc_toa="null" service_center="null" read="1" status="0" locked="0" date_sent="0" readable_date="05-11-2015 18:19:34" contact_name="Chi H. v. b" />
  <sms protocol="0" address="01685897838" date="1446722377850" type="2" subject="null" body="Nhan 17 tin." toa="null" sc_toa="null" service_center="null" read="1" status="0" locked="0" date_sent="0" readable_date="05-11-2015 18:19:37" contact_name="Chi H. v. b" />
  <sms protocol="0" address="0974929818" date="1446722391347" type="2" subject="null" body="Tin 4: De:04,06,13,17,31,36,40,48,56,60,63,65,67,68,71,76,84,86,89,96,98x300n.69x190n." toa="null" sc_toa="null" service_center="null" read="1" status="0" locked="0" date_sent="0" readable_date="05-11-2015 18:19:51" contact_name="Chu Phuc Son Tay" />
  <sms protocol="0" address="+84974929818" date="1446722403298" type="1" subject="null" body="Nhan 4 tin.so tin cuoi:4." toa="null" sc_toa="null" service_center="null" read="1" status="-1" locked="0" date_sent="0" readable_date="05-11-2015 18:20:03" contact_name="Chu Phuc Son Tay" />
  <sms protocol="0" address="01677281854" date="1446722404848" type="2" subject="null" body="Tin 12: De:00,05,16,26,38,44,49,50,55,61,62,66,83,88,94x300n.69x110n." toa="null" sc_toa="null" service_center="null" read="1" status="0" locked="0" date_sent="0" readable_date="05-11-2015 18:20:04" contact_name="(Unknown)" />
  <sms protocol="0" address="+841677281854" date="1446722542031" type="1" subject="null" body="Nhan 12 tin.so tin cuoi:12." toa="null" sc_toa="null" service_center="null" read="1" status="-1" locked="0" date_sent="0" readable_date="05-11-2015 18:22:22" contact_name="(Unknown)" />
  <sms protocol="0" address="0979399373" date="1446722552867" type="2" subject="null" body="Nhan 3 tin.. HET DE" toa="null" sc_toa="null" service_center="null" read="1" status="32" locked="0" date_sent="0" readable_date="05-11-2015 18:22:32" contact_name="A Tung Thuy?" />
  <sms protocol="0" address="0983099345" date="1446722554374" type="2" subject="null" body="Nhan 6 tin.. HET DE" toa="null" sc_toa="null" service_center="null" read="1" status="0" locked="0" date_sent="0" readable_date="05-11-2015 18:22:34" contact_name="Viet Bo" />
  <sms protocol="0" address="0973836212" date="1446722555874" type="2" subject="null" body="Nhan 3 tin.so tin cuoi:3.. HET DE" toa="null" sc_toa="null" service_center="null" read="1" status="0" locked="0" date_sent="0" readable_date="05-11-2015 18:22:35" contact_name="Tien Em" />
  <sms protocol="0" address="01685897838" date="1446722557367" type="2" subject="null" body="Nhan 17 tin.. HET DE" toa="null" sc_toa="null" service_center="null" read="1" status="32" locked="0" date_sent="0" readable_date="05-11-2015 18:22:37" contact_name="Chi H. v. b" />
  <sms protocol="0" address="0974282195" date="1446722558865" type="2" subject="null" body="Nhan 1 tin.. HET DE" toa="null" sc_toa="null" service_center="null" read="1" status="0" locked="0" date_sent="0" readable_date="05-11-2015 18:22:38" contact_name="(Unknown)" />
  <sms protocol="0" address="0968193922" date="1446722560367" type="2" subject="null" body="Nhan 1 tin.. HET DE" toa="null" sc_toa="null" service_center="null" read="1" status="0" locked="0" date_sent="0" readable_date="05-11-2015 18:22:40" contact_name="(Unknown)" />
  <sms protocol="0" address="0914967139" date="1446722561863" type="2" subject="null" body="Nhan 3 tin.. HET DE" toa="null" sc_toa="null" service_center="null" read="1" status="32" locked="0" date_sent="0" readable_date="05-11-2015 18:22:41" contact_name="(Unknown)" />
  <sms protocol="0" address="01628909893" date="1446722563362" type="2" subject="null" body="Nhan 1 tin.. HET DE" toa="null" sc_toa="null" service_center="null" read="1" status="32" locked="0" date_sent="0" readable_date="05-11-2015 18:22:43" contact_name="A M" />
  <sms protocol="0" address="0977655973" date="1446722564863" type="2" subject="null" body="Nhan 1 tin.. HET DE" toa="null" sc_toa="null" service_center="null" read="1" status="32" locked="0" date_sent="0" readable_date="05-11-2015 18:22:44" contact_name="A Su Cong Tinh Uy" />
  <sms protocol="0" address="+841677281854" date="1446722608852" type="1" subject="null" body="chau gui cho co 12 tin" toa="null" sc_toa="null" service_center="null" read="1" status="-1" locked="0" date_sent="0" readable_date="05-11-2015 18:23:28" contact_name="(Unknown)" />
  <sms protocol="0" address="0983650782" date="1446722857350" type="2" subject="null" body="Ngay:05/11/2015&#13;&#10;em chuyen cho anh&#13;&#10;Lo:590,0=12803,0n&#13;&#10;3Cang:2020,0=1333,2n&#13;&#10;Xien:526,0=3156,0n&#13;&#10;Thuong lo:70,0=5600,0n&#13;&#10;em bu cho anh:11692,2n&#13;&#10;" toa="null" sc_toa="null" service_center="null" read="1" status="32" locked="0" date_sent="0" readable_date="05-11-2015 18:27:37" contact_name="A T 782 Lv" />
  <sms protocol="0" address="01677281854" date="1446722863353" type="2" subject="null" body="Ngay:05/11/2015&#13;&#10;chau chuyen cho co&#13;&#10;De:77464,0=55774,1n&#13;&#10;Lo:3236,0=70221,2n&#13;&#10;3Cang:500,0=360,0n&#13;&#10;Thuong de:200,0=14000,0n&#13;&#10;Thuong lo:210,0=16800,0n&#13;&#10;chau bu cho co:95555,3n&#13;&#10;" toa="null" sc_toa="null" service_center="null" read="1" status="32" locked="0" date_sent="0" readable_date="05-11-2015 18:27:43" contact_name="(Unknown)" />
  <sms protocol="0" address="0968193922" date="1446722867849" type="2" subject="null" body="Ngay:05/11/2015&#13;&#10;chị chuyen cho EM&#13;&#10;Xien:38,0=258,4n&#13;&#10;chị bu cho EM:258,4n&#13;&#10;" toa="null" sc_toa="null" service_center="null" read="1" status="32" locked="0" date_sent="0" readable_date="05-11-2015 18:27:47" contact_name="(Unknown)" />
  <sms protocol="0" address="0974282195" date="1446722873849" type="2" subject="null" body="Ngay:05/11/2015&#13;&#10;BAC chuyen cho EM&#13;&#10;De:400,0=300,0n&#13;&#10;Lo:100,0=2180,0n&#13;&#10;3Cang:1000,0=720,0n&#13;&#10;BAC bu cho EM:3200,0n&#13;&#10;" toa="null" sc_toa="null" service_center="null" read="1" status="32" locked="0" date_sent="0" readable_date="05-11-2015 18:27:53" contact_name="(Unknown)" />
  <sms protocol="0" address="+84974929818" date="1446722898777" type="1" subject="null" body="Ngay:05/11/2015&#10;chau chuyen cho chu&#10;De:38830,0=27763,4n&#10;Th de:690,0=48300,0n&#10;chu bu cho chau:20536,6n&#10;" toa="null" sc_toa="null" service_center="null" read="1" status="-1" locked="0" date_sent="0" readable_date="05-11-2015 18:28:18" contact_name="Chu Phuc Son Tay" />
  <sms protocol="0" address="+84964386982" date="1446722920417" type="1" subject="null" body="Ngay:05/11/2015&#10;em chuyen cho anh&#10;De:14270,0=10217,3n&#10;Lo:575,0=12489,0n&#10;3Cang:1080,0=777,6n&#10;Th de:300,0=21000,0n&#10;Th lo:85,0=6800,0n&#10;anh bu cho em:4316,1n&#10;" toa="null" sc_toa="null" service_center="null" read="1" status="-1" locked="0" date_sent="0" readable_date="05-11-2015 18:28:40" contact_name="A Duc" />
  <sms protocol="0" address="5055" date="1446722932000" type="1" subject="null" body="05/11:&#10;DB:73424&#10;1:20191&#10;2:85005-99965&#10;3:20235-04509-25880-59791-55133-26571&#10;4:3493-3610-5358-7523&#10;5:1171-8889-8743-1013-7490-3765&#10;6:464-737-585&#10;7:34-18-11-08 " toa="null" sc_toa="null" service_center="null" read="1" status="-1" locked="0" date_sent="0" readable_date="05-11-2015 18:28:52" contact_name="(Unknown)" />
  <sms protocol="0" address="0974282195" date="1446722959360" type="2" subject="null" body="Ngay:05/11/2015&#13;&#10;BAC chuyen cho EM&#13;&#10;De:400,0=300,0n&#13;&#10;Lo:100,0=2180,0n&#13;&#10;3Cang:1000,0=750,0n&#13;&#10;BAC bu cho EM:3230,0n&#13;&#10;" toa="null" sc_toa="null" service_center="null" read="1" status="0" locked="0" date_sent="0" readable_date="05-11-2015 18:29:19" contact_name="(Unknown)" />
  <sms protocol="0" address="0983099345" date="1446722963855" type="2" subject="null" body="Ngay:05/11/2015&#13;&#10;Ban chuyen cho toi&#13;&#10;De:3000,0=2190,0n&#13;&#10;Lo:355,0=7739,0n&#13;&#10;Th lo:110,0=8800,0n&#13;&#10;Ban bu cho toi:1129,0n&#13;&#10;" toa="null" sc_toa="null" service_center="null" read="1" status="32" locked="0" date_sent="0" readable_date="05-11-2015 18:29:23" contact_name="Viet Bo" />
  <sms protocol="0" address="0979399373" date="1446722974360" type="2" subject="null" body="Ngay:05/11/2015&#13;&#10;Anh chuyen cho EM&#13;&#10;De:150,0=112,5n&#13;&#10;Lo:40,0=880,0n&#13;&#10;Anh bu cho EM:992,5n&#13;&#10;" toa="null" sc_toa="null" service_center="null" read="1" status="0" locked="0" date_sent="0" readable_date="05-11-2015 18:29:34" contact_name="A Tung Thuy?" />
  <sms protocol="0" address="0977655973" date="1446722978851" type="2" subject="null" body="Ngay:05/11/2015&#13;&#10;BAC chuyen cho EM&#13;&#10;De:400,0=320,0n&#13;&#10;Lo:35,0=787,5n&#13;&#10;Th lo:35,0=2800,0n&#13;&#10;EM bu cho BAC:1692,5n&#13;&#10;" toa="null" sc_toa="null" service_center="null" read="1" status="0" locked="0" date_sent="0" readable_date="05-11-2015 18:29:38" contact_name="A Su Cong Tinh Uy" />
  <sms protocol="0" address="0964386982" date="1446722986355" type="2" subject="null" body="Ngay:05/11/2015&#13;&#10;em chuyen cho anh&#13;&#10;De:14270,0=10245,9n&#13;&#10;Lo:575,0=12466,0n&#13;&#10;3Cang:1080,0=777,6n&#13;&#10;Thuong de:300,0=21000,0n&#13;&#10;Thuong lo:85,0=6800,0n&#13;&#10;anh bu cho em:4310,5n&#13;&#10;" toa="null" sc_toa="null" service_center="null" read="1" status="0" locked="0" date_sent="0" readable_date="05-11-2015 18:29:46" contact_name="A Duc" />
  <sms protocol="0" address="01685897838" date="1446722990853" type="5" subject="null" body="Ngay:05/11/2015&#13;&#10;chi chuyen cho EM&#13;&#10;De:124690,0=89776,8n&#13;&#10;Lo:3115,0=67751,2n&#13;&#10;3Cang:2600,0=1846,0n&#13;&#10;Xien:408,0=2733,6n&#13;&#10;Th de:1130,0=79100,0n&#13;&#10;Th lo:160,0=12800,0n&#13;&#10;chi bu cho EM:70207,6n&#13;&#10;" toa="null" sc_toa="null" service_center="null" read="1" status="32" locked="0" date_sent="0" readable_date="05-11-2015 18:29:50" contact_name="Chi H. v. b" />
  <sms protocol="0" address="0974929818" date="1446722995350" type="2" subject="null" body="Ngay:05/11/2015&#13;&#10;chau  chuyen cho chu&#13;&#10;De:38830,0=27763,4n&#13;&#10;Thuong de:690,0=48300,0n&#13;&#10;chu bu cho chau :20536,6n&#13;&#10;" toa="null" sc_toa="null" service_center="null" read="1" status="32" locked="0" date_sent="0" readable_date="05-11-2015 18:29:55" contact_name="Chu Phuc Son Tay" />
  <sms protocol="0" address="01628909893" date="1446723001350" type="2" subject="null" body="Ngay:05/11/2015&#13;&#10;anh chuyen cho EM&#13;&#10;De:50,0=40,0n&#13;&#10;Lo:40,0=900,0n&#13;&#10;Th lo:10,0=800,0n&#13;&#10;anh bu cho EM:140,0n&#13;&#10;" toa="null" sc_toa="null" service_center="null" read="1" status="32" locked="0" date_sent="0" readable_date="05-11-2015 18:30:01" contact_name="A M" />
  <sms protocol="0" address="01685897838" date="1446723007351" type="2" subject="null" body="Ngay:05/11/2015&#13;&#10;chi chuyen cho EM&#13;&#10;De:124690,0=89776,8n&#13;&#10;Lo:3115,0=67751,2n&#13;&#10;3Cang:2600,0=1846,0n&#13;&#10;Xien:408,0=2733,6n&#13;&#10;Th de:1130,0=79100,0n&#13;&#10;Th lo:160,0=12800,0n&#13;&#10;chi bu cho EM:70207,6n&#13;&#10;" toa="null" sc_toa="null" service_center="null" read="1" status="0" locked="0" date_sent="0" readable_date="05-11-2015 18:30:07" contact_name="Chi H. v. b" />
  <sms protocol="0" address="01628909893" date="1446723014852" type="2" subject="null" body="Ngay:05/11/2015&#13;&#10;anh chuyen cho EM&#13;&#10;De:50,0=40,0n&#13;&#10;Lo:40,0=900,0n&#13;&#10;Th lo:10,0=800,0n&#13;&#10;anh bu cho EM:140,0n&#13;&#10;" toa="null" sc_toa="null" service_center="null" read="1" status="32" locked="0" date_sent="0" readable_date="05-11-2015 18:30:14" contact_name="A M" />
  <sms protocol="0" address="0973836212" date="1446723023852" type="2" subject="null" body="Ngay:05/11/2015&#13;&#10;may chuyen cho tao&#13;&#10;De:124,0=93,0n&#13;&#10;Lo:376,0=8196,8n&#13;&#10;Xien:50,0=350,0n&#13;&#10;Th lo:10,0=800,0n&#13;&#10;may bu cho tao:7839,8n&#13;&#10;" toa="null" sc_toa="null" service_center="null" read="1" status="32" locked="0" date_sent="0" readable_date="05-11-2015 18:30:23" contact_name="Tien Em" />
  <sms protocol="0" address="0914967139" date="1446723029852" type="2" subject="null" body="Ngay:05/11/2015&#13;&#10;chi chuyen cho EM&#13;&#10;De:1750,0=1260,0n&#13;&#10;Lo:340,0=7378,0n&#13;&#10;Xien:30,0=210,0n&#13;&#10;Th de:60,0=4200,0n&#13;&#10;Th lo:40,0=3200,0n&#13;&#10;chi bu cho EM:1448,0n&#13;&#10;" toa="null" sc_toa="null" service_center="null" read="1" status="32" locked="0" date_sent="0" readable_date="05-11-2015 18:30:29" contact_name="(Unknown)" />
  <sms protocol="0" address="+84983650782" date="1446723069402" type="1" subject="null" body="Ngay:05/11/2015&#10;Em chuyen cho Anh&#10;Lo:590,0=12803,0n&#10;3Cang:2020,0=1333,2n&#10;Xien:526,0=3156,0n&#10;Th lo:70,0=5600,0n&#10;Em bu cho Anh:11692,2n&#10;" toa="null" sc_toa="null" service_center="null" read="1" status="-1" locked="0" date_sent="0" readable_date="05-11-2015 18:31:09" contact_name="A T 782 Lv" />
  <sms protocol="0" address="01677281854" date="1446723409005" type="2" subject="null" body="Tinh den het ngay:04/11/15 chau bu 12022n&#13;&#10;Ngay:05/11/15 co+95555n -40000n &#13;&#10;Tong cong: chau bu 67577" toa="null" sc_toa="null" service_center="null" read="1" status="0" locked="0" date_sent="0" readable_date="05-11-2015 18:36:49" contact_name="(Unknown)" />
  <sms protocol="0" address="0964386982" date="1446723415987" type="2" subject="null" body="Tinh den het ngay:04/11/15 em bu 12164n&#13;&#10;Ngay:05/11/15 anh-12000n -4310n &#13;&#10;Tong cong: em thu 4146" toa="null" sc_toa="null" service_center="null" read="1" status="32" locked="0" date_sent="0" readable_date="05-11-2015 18:36:55" contact_name="A Duc" />
  <sms protocol="0" address="01632029067" date="1446723438801" type="2" subject="null" body="Tinh den het ngay:04/11/15 EM thu 53n&#13;&#10;Ngay:05/11/15 Chị-258n &#13;&#10;Tong cong: EM thu 311" toa="null" sc_toa="null" service_center="null" read="1" status="32" locked="0" date_sent="0" readable_date="05-11-2015 18:37:18" contact_name="(Unknown)" />
  <sms protocol="0" address="0973836212" date="1446723446740" type="2" subject="null" body="Tinh den het ngay:04/11/15 tao bu 2124n&#13;&#10;Ngay:05/11/15 may-2000n -7839n &#13;&#10;Tong cong: tao thu 7715" toa="null" sc_toa="null" service_center="null" read="1" status="0" locked="0" date_sent="0" readable_date="05-11-2015 18:37:26" contact_name="Tien Em" />
  <sms protocol="0" address="0977655973" date="1446723455159" type="2" subject="null" body="Tinh den het ngay:04/11/15 EM thu 3097n&#13;&#10;Ngay:05/11/15 BAC+1097n +1692n &#13;&#10;Tong cong: EM thu 308" toa="null" sc_toa="null" service_center="null" read="1" status="32" locked="0" date_sent="0" readable_date="05-11-2015 18:37:35" contact_name="A Su Cong Tinh Uy" />
  <sms protocol="0" address="0979399373" date="1446723465918" type="2" subject="null" body="Tinh den het ngay:04/11/15 EM thu 143n&#13;&#10;Ngay:05/11/15 Anh-992n &#13;&#10;Tong cong: EM thu 1135" toa="null" sc_toa="null" service_center="null" read="1" status="0" locked="0" date_sent="0" readable_date="05-11-2015 18:37:45" contact_name="A Tung Thuy?" />
  <sms protocol="0" address="0983099345" date="1446723468481" type="2" subject="null" body="Tinh den het ngay:04/11/15 toi thu 85489n&#13;&#10;Ngay:05/11/15 Ban-6200n +50000n -1129n -70074n -1448n &#13;&#10;Tong cong: toi thu 114340" toa="null" sc_toa="null" service_center="null" read="1" status="0" locked="0" date_sent="0" readable_date="05-11-2015 18:37:48" contact_name="Viet Bo" />
  <sms protocol="0" address="0983650782" date="1446723481031" type="2" subject="null" body="Tinh den het ngay:04/11/15 em bu 5429n&#13;&#10;Ngay:05/11/15 anh-5429n +11692n &#13;&#10;Tong cong: em bu 11692" toa="null" sc_toa="null" service_center="null" read="1" status="0" locked="0" date_sent="0" readable_date="05-11-2015 18:38:01" contact_name="A T 782 Lv" />
  <sms protocol="0" address="01685897838" date="1446723692853" type="2" subject="null" body="Ngay:05/11/2015&#13;ghep 2 sim&#10;chi chuyen cho EM&#13;&#10;De:126440,0=91036,8n&#13;&#10;Lo:3455,0=75146,2n&#13;&#10;3Cang:2600,0=1846,0n&#13;&#10;Xien:438,0=2934,6n&#13;&#10;Th de:1190,0=83300,0n&#13;&#10;Th lo:200,0=16000,0n&#13;&#10;chi bu cho EM:71663,6n&#13;&#10;" toa="null" sc_toa="null" service_center="null" read="1" status="0" locked="0" date_sent="0" readable_date="05-11-2015 18:41:32" contact_name="Chi H. v. b" />
  <sms protocol="0" address="0983099345" date="1446723773101" type="2" subject="null" body="chi bu cho EM:71663,6n&#13;&#10;T thu c 71522" toa="null" sc_toa="null" service_center="null" read="1" status="32" locked="0" date_sent="0" readable_date="05-11-2015 18:42:53" contact_name="Viet Bo" />
  <sms protocol="0" address="+841677281854" date="1446724188827" type="1" subject="null" body="Ngay:05/11/2015&#10;chau chuyen cho co&#10;De:77464,0=55774,1n&#10;Lo:3236,0=70221,2n&#10;3Cang:500,0=360,0n&#10;Th de:200,0=14000,0n&#10;Th lo:210,0=16800,0n&#10;chau bu cho co:95555,3n&#10;" toa="null" sc_toa="null" service_center="null" read="1" status="-1" locked="0" date_sent="0" readable_date="05-11-2015 18:49:48" contact_name="(Unknown)" />
  <sms protocol="0" address="0964386982" date="1446725158350" type="2" subject="null" body="Ngay:05/11/2015&#13;&#10;em chuyen cho anh&#13;&#10;De:14270,0=10203,0n&#13;&#10;Lo:575,0=12489,0n&#13;&#10;3Cang:1080,0=777,6n&#13;&#10;Thuong de:300,0=21000,0n&#13;&#10;Thuong lo:85,0=6800,0n&#13;&#10;anh bu cho em:4330,4n&#13;&#10;" toa="null" sc_toa="null" service_center="null" read="1" status="0" locked="0" date_sent="0" readable_date="05-11-2015 19:05:58" contact_name="A Duc" />
  <sms protocol="0" address="01685897838" date="1446725189852" type="2" subject="null" body="Nhan 20 tin." toa="null" sc_toa="null" service_center="null" read="1" status="0" locked="0" date_sent="0" readable_date="05-11-2015 19:06:29" contact_name="Chi H. v. b" />
  <sms protocol="0" address="01628909893" date="1446726312510" type="2" subject="null" body="Ngay:05/11/15 anh-140n +810n " toa="null" sc_toa="null" service_center="null" read="1" status="32" locked="0" date_sent="0" readable_date="05-11-2015 19:25:12" contact_name="A M" />
</smses>