<?xml version='1.0' encoding='UTF-8' standalone='yes' ?>
<!--File Created By SMS Backup & Restore Pro v7.21 on 06/11/2015 21:38:16-->
<?xml-stylesheet type="text/xsl" href="sms.xsl"?>
<smses count="153">
  <sms protocol="0" address="0983099345" date="1446764749406" type="2" subject="null" body="Tinh den het ngay:05/11/15 toi thu 114340n&#13;&#10;Ngay:06/11/15 Ban-180(lãi ngay mung 5) &#10;Tong cong: toi thu 114520" toa="null" sc_toa="null" service_center="null" read="1" status="32" locked="0" date_sent="0" readable_date="06-11-2015 06:05:49" contact_name="Viet Bo" />
  <sms protocol="0" address="109" date="1446769283506" type="1" subject="null" body="Viettel da gia han thanh cong tinh nang VT100. Quy khach co 200 tin nhan noi mang va cuoc goi noi mang giam con 200d/phut tru tai khoan goc. TKKM se tru theo quy dinh goi cuoc. Cuoc goi se tru tu TK goc den TK KM. KM ap dung den 24h ngay dang ky. De kiem tra so tin nhan, soan KT100 gui 109 (100d/tin).  Huy gia han, soan HUYVT gui 109 (100d/tin). Chi tiet LH 198 (200d/phut)." toa="null" sc_toa="null" service_center="+84980200604" read="1" status="-1" locked="0" date_sent="1446769276000" readable_date="06-11-2015 07:21:23" contact_name="(Unknown)" />
  <sms protocol="0" address="01628909893" date="1446791547669" type="2" subject="null" body="Tinh den het ngay:05/11/15 EM bu 670n&#13;&#10;Tong cong: EM bu 670" toa="null" sc_toa="null" service_center="null" read="1" status="0" locked="0" date_sent="0" readable_date="06-11-2015 13:32:27" contact_name="A M" />
  <sms protocol="0" address="0974282195" date="1446791595008" type="2" subject="null" body="ngay 06/11/15:&#13;&#10;THU:&#13;&#10;t e :7715;&#13;&#10;lam:3230;&#13;&#10;a t t:1135;&#13;&#10;v b:114520&#13;&#10;BU&#13;&#10;boss:67577;&#13;&#10;a t:11692" toa="null" sc_toa="null" service_center="null" read="1" status="32" locked="0" date_sent="0" readable_date="06-11-2015 13:33:15" contact_name="(Unknown)" />
  <sms protocol="0" address="0983099345" date="1446793724058" type="2" subject="null" body="Nhan 6 tin." toa="null" sc_toa="null" service_center="null" read="1" status="0" locked="0" date_sent="0" readable_date="06-11-2015 14:08:44" contact_name="Viet Bo" />
  <sms protocol="0" address="+841654782908" date="1446797776675" type="1" subject="null" body="Chuc Mung TB 0968239733&#10;So Thue Bao cua Ban co DAY SO TRUNG voi Giai DAC BIET Mien Bac ngay 06/11&#10;Co Hoi GIAU TO DUY NHAT Hom nay&#10;Soan: BT gui 5589&#10;Chi 1000d" toa="null" sc_toa="null" service_center="null" read="1" status="-1" locked="0" date_sent="0" readable_date="06-11-2015 15:16:16" contact_name="(Unknown)" />
  <sms protocol="0" address="+841685897838" date="1446801467285" type="1" subject="null" body="Lo 50x50d.36.94.47.00.x10d.xien 50.00.36x5d.50.94.47x5d.de 36x300n.94.77.181.080.x50n..ba cang 770x50n." toa="null" sc_toa="null" service_center="null" read="1" status="-1" locked="0" date_sent="0" readable_date="06-11-2015 16:17:47" contact_name="Chi H. v. b" />
  <sms protocol="0" address="+84979399373" date="1446802533349" type="1" subject="null" body="Đề: 66x110" toa="null" sc_toa="null" service_center="null" read="1" status="-1" locked="0" date_sent="0" readable_date="06-11-2015 16:35:33" contact_name="A Tung Thuy?" />
  <sms protocol="0" address="01685897838" date="1446803753061" type="2" subject="null" body="Nhan 1 tin." toa="null" sc_toa="null" service_center="null" read="1" status="0" locked="0" date_sent="0" readable_date="06-11-2015 16:55:53" contact_name="Chi H. v. b" />
  <sms protocol="0" address="+84914967139" date="1446804075641" type="1" subject="null" body="De  95 59 85 58 96 69 94 99  x 50 n  &#10;Lo  05 50 00 99 x 30 d  01 10 21  x 20 d  55 02 33 09 90 x 10 d  xien  01. 09 55 x 20 d" toa="null" sc_toa="null" service_center="null" read="1" status="-1" locked="0" date_sent="0" readable_date="06-11-2015 17:01:15" contact_name="(Unknown)" />
  <sms protocol="0" address="+841685897838" date="1446804611845" type="1" subject="null" body="Lo 33.73.54.43.57.76.47.07.46.x30d.12.43.00.57.58x40d." toa="null" sc_toa="null" service_center="null" read="1" status="-1" locked="0" date_sent="0" readable_date="06-11-2015 17:10:11" contact_name="Chi H. v. b" />
  <sms protocol="0" address="+84914967139" date="1446804850655" type="1" subject="null" body="lo 494.50.21x40d.54.00.99.03x10d.de 66x200n.kep bang x90n." toa="null" sc_toa="null" service_center="null" read="1" status="-1" locked="0" date_sent="0" readable_date="06-11-2015 17:14:10" contact_name="(Unknown)" />
  <sms protocol="0" address="0914967139" date="1446804978564" type="2" subject="null" body="Nhan 2 tin." toa="null" sc_toa="null" service_center="null" read="1" status="32" locked="0" date_sent="0" readable_date="06-11-2015 17:16:18" contact_name="(Unknown)" />
  <sms protocol="0" address="01685897838" date="1446804980061" type="2" subject="null" body="Nhan 2 tin." toa="null" sc_toa="null" service_center="null" read="1" status="32" locked="0" date_sent="0" readable_date="06-11-2015 17:16:20" contact_name="Chi H. v. b" />
  <sms protocol="0" address="0914967139" date="1446804981567" type="2" subject="null" body="Nhan 2 tin." toa="null" sc_toa="null" service_center="null" read="1" status="32" locked="0" date_sent="0" readable_date="06-11-2015 17:16:21" contact_name="(Unknown)" />
  <sms protocol="0" address="01685897838" date="1446804983060" type="2" subject="null" body="Nhan 2 tin." toa="null" sc_toa="null" service_center="null" read="1" status="0" locked="0" date_sent="0" readable_date="06-11-2015 17:16:23" contact_name="Chi H. v. b" />
  <sms protocol="0" address="0979399373" date="1446805151073" type="2" subject="null" body="Anh gui cho EM 1 tin" toa="null" sc_toa="null" service_center="null" read="1" status="0" locked="0" date_sent="0" readable_date="06-11-2015 17:19:11" contact_name="A Tung Thuy?" />
  <sms protocol="0" address="0964386982" date="1446805262059" type="2" subject="null" body="Tin 1: lo:50,00,43,57,21,94,12,33,47,49,54,58,99x40d.05,07,46,73,76x30d.01,10x20d.02,03,09,36,55,90x10d." toa="null" sc_toa="null" service_center="null" read="1" status="32" locked="0" date_sent="0" readable_date="06-11-2015 17:21:02" contact_name="A Duc" />
  <sms protocol="0" address="01677281854" date="1446805281562" type="2" subject="null" body="Tin 1: lo:50x80d.00x50d.43,57x30d.21x20d.94x10d." toa="null" sc_toa="null" service_center="null" read="1" status="32" locked="0" date_sent="0" readable_date="06-11-2015 17:21:21" contact_name="(Unknown)" />
  <sms protocol="0" address="0983650782" date="1446805293564" type="2" subject="null" body="Tin 1: xi3:01,09,55*20d.xi3:00,36,50*5d.,xi3:47,50,94*5d." toa="null" sc_toa="null" service_center="null" read="1" status="32" locked="0" date_sent="0" readable_date="06-11-2015 17:21:33" contact_name="A T 782 Lv" />
  <sms protocol="0" address="0983650782" date="1446805302560" type="2" subject="null" body="Tin 2: Ba cang:770x50n." toa="null" sc_toa="null" service_center="null" read="1" status="0" locked="0" date_sent="0" readable_date="06-11-2015 17:21:42" contact_name="A T 782 Lv" />
  <sms protocol="0" address="+84968193922" date="1446805539448" type="1" subject="null" body="X2.97.86.=50 ; X3.32.01.00.=50 ; " toa="null" sc_toa="null" service_center="null" read="1" status="-1" locked="0" date_sent="0" readable_date="06-11-2015 17:25:39" contact_name="(Unknown)" />
  <sms protocol="0" address="0968193922" date="1446805560566" type="2" subject="null" body="Nhan 1 tin." toa="null" sc_toa="null" service_center="null" read="1" status="0" locked="0" date_sent="0" readable_date="06-11-2015 17:26:00" contact_name="(Unknown)" />
  <sms protocol="0" address="0983650782" date="1446805569563" type="2" subject="null" body="Tin 3: xi3:00,01,32*5d.,xi2:86,97*5d." toa="null" sc_toa="null" service_center="null" read="1" status="0" locked="0" date_sent="0" readable_date="06-11-2015 17:26:09" contact_name="A T 782 Lv" />
  <sms protocol="0" address="+84983099345" date="1446805993424" type="1" subject="null" body="Lô 27 66 81 11 17 71 83x5d" toa="null" sc_toa="null" service_center="null" read="1" status="-1" locked="0" date_sent="0" readable_date="06-11-2015 17:33:13" contact_name="Viet Bo" />
  <sms protocol="0" address="0983099345" date="1446806017559" type="2" subject="null" body="Nhan 1 tin." toa="null" sc_toa="null" service_center="null" read="1" status="0" locked="0" date_sent="0" readable_date="06-11-2015 17:33:37" contact_name="Viet Bo" />
  <sms protocol="0" address="0983099345" date="1446806019059" type="2" subject="null" body="Nhan 1 tin." toa="null" sc_toa="null" service_center="null" read="1" status="0" locked="0" date_sent="0" readable_date="06-11-2015 17:33:39" contact_name="Viet Bo" />
  <sms protocol="0" address="+841628909893" date="1446806298602" type="1" subject="null" body="Ghi a lô 46,64,76,28,82 môi con 10điêm. Đề 28,82,46 môi con 30ngin." toa="null" sc_toa="null" service_center="null" read="1" status="-1" locked="0" date_sent="0" readable_date="06-11-2015 17:38:18" contact_name="A M" />
  <sms protocol="0" address="01628909893" date="1446806320557" type="2" subject="null" body="anh gui cho EM 1 tin" toa="null" sc_toa="null" service_center="null" read="1" status="0" locked="0" date_sent="0" readable_date="06-11-2015 17:38:40" contact_name="A M" />
  <sms protocol="0" address="01677281854" date="1446806331056" type="2" subject="null" body="Tin 2: lo:28,46,64,76,82x10d.11,17,27,66,71,81,83x5d." toa="null" sc_toa="null" service_center="null" read="1" status="0" locked="0" date_sent="0" readable_date="06-11-2015 17:38:51" contact_name="(Unknown)" />
  <sms protocol="0" address="+84964386982" date="1446806382930" type="1" subject="null" body="em gui cho anh 1 tin" toa="null" sc_toa="null" service_center="null" read="1" status="-1" locked="0" date_sent="0" readable_date="06-11-2015 17:39:42" contact_name="A Duc" />
  <sms protocol="0" address="+84968193922" date="1446806732527" type="1" subject="null" body="X3.01.24.25.=20 ; X3.25.30.29.=50 ; X3.07.25.30.=50 ; " toa="null" sc_toa="null" service_center="null" read="1" status="-1" locked="0" date_sent="0" readable_date="06-11-2015 17:45:32" contact_name="(Unknown)" />
  <sms protocol="0" address="+841685897838" date="1446806735579" type="1" subject="null" body="lo:,.818x30d 99,88,55 05,83, 02,454x10d xien81 05,14 50,18 45,54 07..02 70,885599,8394x20n" toa="null" sc_toa="null" service_center="null" read="1" status="-1" locked="0" date_sent="0" readable_date="06-11-2015 17:45:35" contact_name="Chi H. v. b" />
  <sms protocol="0" address="+84979399373" date="1446806761880" type="1" subject="null" body="Lo 67.76 x 10" toa="null" sc_toa="null" service_center="null" read="1" status="-1" locked="0" date_sent="0" readable_date="06-11-2015 17:46:01" contact_name="A Tung Thuy?" />
  <sms protocol="0" address="01685897838" date="1446806802057" type="2" subject="null" body="Nhan 3 tin." toa="null" sc_toa="null" service_center="null" read="1" status="0" locked="0" date_sent="0" readable_date="06-11-2015 17:46:42" contact_name="Chi H. v. b" />
  <sms protocol="0" address="0968193922" date="1446806803547" type="2" subject="null" body="Nhan 2 tin." toa="null" sc_toa="null" service_center="null" read="1" status="32" locked="0" date_sent="0" readable_date="06-11-2015 17:46:43" contact_name="(Unknown)" />
  <sms protocol="0" address="0983650782" date="1446806839554" type="2" subject="null" body="Tin 4: xi3:01,24,25*2d.,xi2:02,70*2d.,xi2:05,81*2d.,xi2:07,54*2d.,xi2:14,50*2d.,xi2:18,45*2d.,xi3:55,88,99*2d.,xi2:83,94*2d.xi3:07,25,30*5d.,xi3:25,29,30*5d." toa="null" sc_toa="null" service_center="null" read="1" status="32" locked="0" date_sent="0" readable_date="06-11-2015 17:47:19" contact_name="A T 782 Lv" />
  <sms protocol="0" address="01677281854" date="1446806851552" type="2" subject="null" body="Tin 3: lo:18,81x30d.02,05,45,54,55,67,76,83,88,99x10d." toa="null" sc_toa="null" service_center="null" read="1" status="32" locked="0" date_sent="0" readable_date="06-11-2015 17:47:31" contact_name="(Unknown)" />
  <sms protocol="0" address="+841677281854" date="1446806998680" type="1" subject="null" body="Nhan 3 tin.so tin cuoi:3." toa="null" sc_toa="null" service_center="null" read="1" status="-1" locked="0" date_sent="0" readable_date="06-11-2015 17:49:58" contact_name="(Unknown)" />
  <sms protocol="0" address="+84983099345" date="1446807140746" type="1" subject="null" body="Lo 86x20d. Lo 626x10d." toa="null" sc_toa="null" service_center="null" read="1" status="-1" locked="0" date_sent="0" readable_date="06-11-2015 17:52:20" contact_name="Viet Bo" />
  <sms protocol="0" address="0983099345" date="1446807147054" type="2" subject="null" body="Nhan 2 tin." toa="null" sc_toa="null" service_center="null" read="1" status="0" locked="0" date_sent="0" readable_date="06-11-2015 17:52:27" contact_name="Viet Bo" />
  <sms protocol="0" address="+84968193922" date="1446807202210" type="1" subject="null" body="X3.11.14.44.=50 ; X3.64.79.73.=10 ; X3.97.14.56.=10 ; X3.14.24.44.=10 ; X3.11.14.73.=20 ; " toa="null" sc_toa="null" service_center="null" read="1" status="-1" locked="0" date_sent="0" readable_date="06-11-2015 17:53:22" contact_name="(Unknown)" />
  <sms protocol="0" address="0968193922" date="1446807223552" type="2" subject="null" body="Nhan 3 tin." toa="null" sc_toa="null" service_center="null" read="1" status="32" locked="0" date_sent="0" readable_date="06-11-2015 17:53:43" contact_name="(Unknown)" />
  <sms protocol="0" address="+84983650782" date="1446807232633" type="1" subject="null" body="Em gui cho Anh 4 tin" toa="null" sc_toa="null" service_center="null" read="1" status="-1" locked="0" date_sent="0" readable_date="06-11-2015 17:53:52" contact_name="A T 782 Lv" />
  <sms protocol="0" address="+84983099345" date="1446807346804" type="1" subject="null" body="Lo 252x20d" toa="null" sc_toa="null" service_center="null" read="1" status="-1" locked="0" date_sent="0" readable_date="06-11-2015 17:55:46" contact_name="Viet Bo" />
  <sms protocol="0" address="+841677281854" date="1446807366549" type="1" subject="null" body="chau gui cho co 3 tin" toa="null" sc_toa="null" service_center="null" read="1" status="-1" locked="0" date_sent="0" readable_date="06-11-2015 17:56:06" contact_name="(Unknown)" />
  <sms protocol="0" address="0983099345" date="1446807367549" type="2" subject="null" body="Nhan 3 tin." toa="null" sc_toa="null" service_center="null" read="1" status="32" locked="0" date_sent="0" readable_date="06-11-2015 17:56:07" contact_name="Viet Bo" />
  <sms protocol="0" address="01677281854" date="1446807415550" type="2" subject="null" body="Tin 4: lo:25,52,86x20d.26,62x10d." toa="null" sc_toa="null" service_center="null" read="1" status="32" locked="0" date_sent="0" readable_date="06-11-2015 17:56:55" contact_name="(Unknown)" />
  <sms protocol="0" address="0983650782" date="1446807426050" type="2" subject="null" body="Tin 5: xi3:11,14,73*2d.xi3:14,24,44*1d.,xi3:14,56,97*1d.,xi3:64,73,79*1d.xi3:11,14,44*5d." toa="null" sc_toa="null" service_center="null" read="1" status="0" locked="0" date_sent="0" readable_date="06-11-2015 17:57:06" contact_name="A T 782 Lv" />
  <sms protocol="0" address="+841677281854" date="1446807450528" type="1" subject="null" body="Nhan 4 tin.so tin cuoi:4." toa="null" sc_toa="null" service_center="null" read="1" status="-1" locked="0" date_sent="0" readable_date="06-11-2015 17:57:30" contact_name="(Unknown)" />
  <sms protocol="0" address="+841685897838" date="1446807634636" type="1" subject="null" body="De kep bang x200.kep lechx100." toa="null" sc_toa="null" service_center="null" read="1" status="-1" locked="0" date_sent="0" readable_date="06-11-2015 18:00:34" contact_name="Chi H. v. b" />
  <sms protocol="0" address="+84983099345" date="1446807642936" type="1" subject="null" body="lô 69,96x100d" toa="null" sc_toa="null" service_center="null" read="1" status="-1" locked="0" date_sent="0" readable_date="06-11-2015 18:00:42" contact_name="Viet Bo" />
  <sms protocol="0" address="0983099345" date="1446807645049" type="2" subject="null" body="Nhan 4 tin." toa="null" sc_toa="null" service_center="null" read="1" status="32" locked="0" date_sent="0" readable_date="06-11-2015 18:00:45" contact_name="Viet Bo" />
  <sms protocol="0" address="01685897838" date="1446807646547" type="2" subject="null" body="Nhan 4 tin." toa="null" sc_toa="null" service_center="null" read="1" status="32" locked="0" date_sent="0" readable_date="06-11-2015 18:00:46" contact_name="Chi H. v. b" />
  <sms protocol="0" address="01685897838" date="1446807649552" type="2" subject="null" body="Nhan 4 tin." toa="null" sc_toa="null" service_center="null" read="1" status="32" locked="0" date_sent="0" readable_date="06-11-2015 18:00:49" contact_name="Chi H. v. b" />
  <sms protocol="0" address="01677281854" date="1446807708047" type="2" subject="null" body="Tin 5: lo:69,96x100d." toa="null" sc_toa="null" service_center="null" read="1" status="32" locked="0" date_sent="0" readable_date="06-11-2015 18:01:48" contact_name="(Unknown)" />
  <sms protocol="0" address="+84973836212" date="1446807753648" type="1" subject="null" body="T1 lo 59x60d 29x30d" toa="null" sc_toa="null" service_center="null" read="1" status="-1" locked="0" date_sent="0" readable_date="06-11-2015 18:02:33" contact_name="Tien Em" />
  <sms protocol="0" address="+841677281854" date="1446807757450" type="1" subject="null" body="Nhan 5 tin.so tin cuoi:5." toa="null" sc_toa="null" service_center="null" read="1" status="-1" locked="0" date_sent="0" readable_date="06-11-2015 18:02:37" contact_name="(Unknown)" />
  <sms protocol="0" address="0973836212" date="1446807762064" type="2" subject="null" body="Nhan 1 tin.so tin cuoi:1." toa="null" sc_toa="null" service_center="null" read="1" status="32" locked="0" date_sent="0" readable_date="06-11-2015 18:02:42" contact_name="Tien Em" />
  <sms protocol="0" address="0973836212" date="1446807765049" type="2" subject="null" body="Nhan 1 tin.so tin cuoi:1." toa="null" sc_toa="null" service_center="null" read="1" status="32" locked="0" date_sent="0" readable_date="06-11-2015 18:02:45" contact_name="Tien Em" />
  <sms protocol="0" address="+84977655973" date="1446807792335" type="1" subject="null" body="Lo 99x15d 63x5d dau 8x15n duoi 1x10n 81x 150n 595 55 99x25n 050 32 18 11 69 33 62 96 51x10n" toa="null" sc_toa="null" service_center="null" read="1" status="-1" locked="0" date_sent="0" readable_date="06-11-2015 18:03:12" contact_name="A Su Cong Tinh Uy" />
  <sms protocol="0" address="0977655973" date="1446807825048" type="2" subject="null" body="BAC gui cho EM 1 tin" toa="null" sc_toa="null" service_center="null" read="1" status="32" locked="0" date_sent="0" readable_date="06-11-2015 18:03:45" contact_name="A Su Cong Tinh Uy" />
  <sms protocol="0" address="+84983099345" date="1446807846671" type="1" subject="null" body="Lo 676x10d" toa="null" sc_toa="null" service_center="null" read="1" status="-1" locked="0" date_sent="0" readable_date="06-11-2015 18:04:06" contact_name="Viet Bo" />
  <sms protocol="0" address="0983099345" date="1446807850552" type="2" subject="null" body="Nhan 5 tin." toa="null" sc_toa="null" service_center="null" read="1" status="0" locked="0" date_sent="0" readable_date="06-11-2015 18:04:10" contact_name="Viet Bo" />
  <sms protocol="0" address="0983099345" date="1446807852058" type="2" subject="null" body="Nhan 5 tin." toa="null" sc_toa="null" service_center="null" read="1" status="32" locked="0" date_sent="0" readable_date="06-11-2015 18:04:12" contact_name="Viet Bo" />
  <sms protocol="0" address="01677281854" date="1446807864050" type="2" subject="null" body="Tin 6: lo:59x60d.29x30d.99x15d.67,76x10d.63x5d." toa="null" sc_toa="null" service_center="null" read="1" status="32" locked="0" date_sent="0" readable_date="06-11-2015 18:04:24" contact_name="(Unknown)" />
  <sms protocol="0" address="+841677281854" date="1446807908301" type="1" subject="null" body="chau gui cho co 5 tin" toa="null" sc_toa="null" service_center="null" read="1" status="-1" locked="0" date_sent="0" readable_date="06-11-2015 18:05:08" contact_name="(Unknown)" />
  <sms protocol="0" address="+841677281854" date="1446807913965" type="1" subject="null" body="Nhan 6 tin.so tin cuoi:6." toa="null" sc_toa="null" service_center="null" read="1" status="-1" locked="0" date_sent="0" readable_date="06-11-2015 18:05:13" contact_name="(Unknown)" />
  <sms protocol="0" address="+84973836212" date="1446808070403" type="1" subject="null" body="29 X 80Đ&#10;59 X30Đ&#10;65 X 60Đ&#10;49̣73 X15Đ&#10;99̣20 X 5Đ&#10;XÊṆ(59̣29 )̣(29̣20)̣(20̣59)X 50K" toa="null" sc_toa="null" service_center="null" read="1" status="-1" locked="0" date_sent="0" readable_date="06-11-2015 18:07:50" contact_name="Tien Em" />
  <sms protocol="0" address="+84983099345" date="1446808085342" type="1" subject="null" body="De 33x20n" toa="null" sc_toa="null" service_center="null" read="1" status="-1" locked="0" date_sent="0" readable_date="06-11-2015 18:08:05" contact_name="Viet Bo" />
  <sms protocol="0" address="0973836212" date="1446808119052" type="2" subject="null" body="Nhan 2 tin.so tin cuoi:1." toa="null" sc_toa="null" service_center="null" read="1" status="0" locked="0" date_sent="0" readable_date="06-11-2015 18:08:39" contact_name="Tien Em" />
  <sms protocol="0" address="01677281854" date="1446808135556" type="2" subject="null" body="Tin 7: lo:29x80d.65x60d.59x30d.49,73x15d.20,99x5d." toa="null" sc_toa="null" service_center="null" read="1" status="32" locked="0" date_sent="0" readable_date="06-11-2015 18:08:55" contact_name="(Unknown)" />
  <sms protocol="0" address="0983650782" date="1446808149053" type="2" subject="null" body="Tin 6: xi2:20,29*5d.,xi2:20,59*5d.,xi2:29,59*5d." toa="null" sc_toa="null" service_center="null" read="1" status="0" locked="0" date_sent="0" readable_date="06-11-2015 18:09:09" contact_name="A T 782 Lv" />
  <sms protocol="0" address="+84964386982" date="1446808150515" type="1" subject="null" body="it the" toa="null" sc_toa="null" service_center="null" read="1" status="-1" locked="0" date_sent="0" readable_date="06-11-2015 18:09:10" contact_name="A Duc" />
  <sms protocol="0" address="+841677281854" date="1446808164520" type="1" subject="null" body="Nhan 7 tin.so tin cuoi:7." toa="null" sc_toa="null" service_center="null" read="1" status="-1" locked="0" date_sent="0" readable_date="06-11-2015 18:09:24" contact_name="(Unknown)" />
  <sms protocol="0" address="+841685897838" date="1446808203506" type="1" subject="null" body="Lo 99.00.x150d.212.373.x200d.383.363x150d..515.616.010.474.x70d.xjen 45.38.99x20d.77.12.51x30d.12.99x20d." toa="null" sc_toa="null" service_center="null" read="1" status="-1" locked="0" date_sent="0" readable_date="06-11-2015 18:10:03" contact_name="Chi H. v. b" />
  <sms protocol="0" address="01685897838" date="1446808225548" type="2" subject="null" body="Nhan 5 tin." toa="null" sc_toa="null" service_center="null" read="1" status="0" locked="0" date_sent="0" readable_date="06-11-2015 18:10:25" contact_name="Chi H. v. b" />
  <sms protocol="0" address="+84983099345" date="1446808260747" type="1" subject="null" body="Xjen 2 86 62x 100n" toa="null" sc_toa="null" service_center="null" read="1" status="-1" locked="0" date_sent="0" readable_date="06-11-2015 18:11:00" contact_name="Viet Bo" />
  <sms protocol="0" address="0983099345" date="1446808264554" type="2" subject="null" body="Nhan 7 tin." toa="null" sc_toa="null" service_center="null" read="1" status="32" locked="0" date_sent="0" readable_date="06-11-2015 18:11:04" contact_name="Viet Bo" />
  <sms protocol="0" address="+84983650782" date="1446808266732" type="1" subject="null" body="Em gui cho Anh 6 tin" toa="null" sc_toa="null" service_center="null" read="1" status="-1" locked="0" date_sent="0" readable_date="06-11-2015 18:11:06" contact_name="A T 782 Lv" />
  <sms protocol="0" address="0983099345" date="1446808267546" type="2" subject="null" body="Nhan 7 tin." toa="null" sc_toa="null" service_center="null" read="1" status="0" locked="0" date_sent="0" readable_date="06-11-2015 18:11:07" contact_name="Viet Bo" />
  <sms protocol="0" address="01677281854" date="1446808284051" type="2" subject="null" body="Tin 8: lo:12,21,37,73x200d.00,36,38,63,83,99x150d.01,10,15,16,47,51,61,74x70d..xi3:12,51,77*30d.xi2:12,99*20d.,xi3:38,45,99*20d.xi2:62,86*10d." toa="null" sc_toa="null" service_center="null" read="1" status="0" locked="0" date_sent="0" readable_date="06-11-2015 18:11:24" contact_name="(Unknown)" />
  <sms protocol="0" address="+841677281854" date="1446808309195" type="1" subject="null" body="Nhan 8 tin.so tin cuoi:8." toa="null" sc_toa="null" service_center="null" read="1" status="-1" locked="0" date_sent="0" readable_date="06-11-2015 18:11:49" contact_name="(Unknown)" />
  <sms protocol="0" address="+841685897838" date="1446808348124" type="1" subject="null" body="Xien 44 99x20 n44 52 79x20N 01 25 79 x10n 97 79 36x20n 55 99 44 x20 n9944 22x10n 7949 09x10N 27 01 40x10N) he 01 09x5N he 00 44x10N 05 27 49 61 83x5N lo 27 52 88 55 454 818 44 99181 797 00X 5D 949X20N" toa="null" sc_toa="null" service_center="null" read="1" status="-1" locked="0" date_sent="0" readable_date="06-11-2015 18:12:28" contact_name="Chi H. v. b" />
  <sms protocol="0" address="01685897838" date="1446808374053" type="2" subject="null" body="Nhan 6 tin." toa="null" sc_toa="null" service_center="null" read="1" status="0" locked="0" date_sent="0" readable_date="06-11-2015 18:12:54" contact_name="Chi H. v. b" />
  <sms protocol="0" address="0964386982" date="1446808395048" type="2" subject="null" body="Tin 2: lo:18,81x10d.00,27,44,45,52,54,55,79,88,97,99x5d..xi3:36,79,97*2d.,xi3:44,52,79*2d.,xi3:44,55,99*2d.,xi2:44,99*2d.xi3:01,25,79*1d.,xi3:01,27,40*1d.,xi3:09,49,79*1d.,xi3:22,44,99*1d." toa="null" sc_toa="null" service_center="null" read="1" status="0" locked="0" date_sent="0" readable_date="06-11-2015 18:13:15" contact_name="A Duc" />
  <sms protocol="0" address="+841677281854" date="1446808417649" type="1" subject="null" body="chau gui cho co 8 tin" toa="null" sc_toa="null" service_center="null" read="1" status="-1" locked="0" date_sent="0" readable_date="06-11-2015 18:13:37" contact_name="(Unknown)" />
  <sms protocol="0" address="+84964386982" date="1446808468740" type="1" subject="null" body="em gui cho anh 2 tin" toa="null" sc_toa="null" service_center="null" read="1" status="-1" locked="0" date_sent="0" readable_date="06-11-2015 18:14:28" contact_name="A Duc" />
  <sms protocol="0" address="+841685897838" date="1446808531708" type="1" subject="null" body="Xien.05.45.63.x10d.59.46.00.x10d.99.86.x10d.61.36.49.x10d.05.00.01x10d.91.99.x10d.56.87.46.x10d.59.46.63.x10d.45.55.73.x10d.47.80.40.x10d.21.31.99.x10d.94.95.x10d.71.00.68.x10d.05.94.27.x10d.10.40.80.x10d.51.49.86.x10d.81.58.63.x10d.90.80.x10d.83.33.99.x10d.29.49.59.x10d.00.44.01x10d.55.97.99.x10d.51.17.68.x10d.15.51.00.x10d.61.49.88.x10d.lo.00.99.050.454.44.31.171.88.373.x30d" toa="null" sc_toa="null" service_center="null" read="1" status="-1" locked="0" date_sent="0" readable_date="06-11-2015 18:15:31" contact_name="Chi H. v. b" />
  <sms protocol="0" address="01685897838" date="1446808540547" type="2" subject="null" body="Nhan 7 tin." toa="null" sc_toa="null" service_center="null" read="1" status="0" locked="0" date_sent="0" readable_date="06-11-2015 18:15:40" contact_name="Chi H. v. b" />
  <sms protocol="0" address="+841685897838" date="1446808546549" type="2" subject="null" body="TRA LAI:Lo,Xi,GNhat TIN NAY:Xien.05.45.63.x10d.59.46.00.x10d.99.86.x10d.61.36.49.x10d.05.00.01x10d.91.99.x10d.56.87.46.x10d.59.46.63.x10d.45.55.73.x10d.47.80.40.x10d.21.31.99.x10d.94.95.x10d.71.00.68.x10d.05.94.27.x10d.10.40.80.x10d.51.49.86.x10d.81.58.63.x10d.90.80.x10d.83.33.99.x10d.29.49.59.x10d.00.44.01x10d.55.97.99.x10d.51.17.68.x10d.15.51.00.x10d.61.49.88.x10d.lo.00.99.050.454.44.31.171.88.373.x30d" toa="null" sc_toa="null" service_center="null" read="1" status="0" locked="0" date_sent="0" readable_date="06-11-2015 18:15:46" contact_name="Chi H. v. b" />
  <sms protocol="0" address="+841685897838" date="1446808615359" type="1" subject="null" body="Dau djt 6.1x100.he 34.44.68x200.he.61.05.01.x400." toa="null" sc_toa="null" service_center="null" read="1" status="-1" locked="0" date_sent="0" readable_date="06-11-2015 18:16:55" contact_name="Chi H. v. b" />
  <sms protocol="0" address="+841685897838" date="1446808630689" type="1" subject="null" body="De.hai.kep.x3500n.373.575.050.595.535.55.454.070.979.676.474.424.565.x1000n" toa="null" sc_toa="null" service_center="null" read="1" status="-1" locked="0" date_sent="0" readable_date="06-11-2015 18:17:10" contact_name="Chi H. v. b" />
  <sms protocol="0" address="01685897838" date="1446808637474" type="2" subject="null" body="Nhan 8 tin." toa="null" sc_toa="null" service_center="null" read="1" status="0" locked="0" date_sent="0" readable_date="06-11-2015 18:17:17" contact_name="Chi H. v. b" />
  <sms protocol="0" address="01685897838" date="1446808640475" type="2" subject="null" body="Nhan 8 tin." toa="null" sc_toa="null" service_center="null" read="1" status="32" locked="0" date_sent="0" readable_date="06-11-2015 18:17:20" contact_name="Chi H. v. b" />
  <sms protocol="0" address="0974929818" date="1446808658478" type="2" subject="null" body="Tin 1: De:55,05,50,66,11,61,00,16,99,44,94,77,49,33,88,22,83,27,38,72,56,65,67,76,59,95,45,54,07,24,35,37,42,47,53,57,70,73,74,75,79,97,36,51,81,01,06,10,15,60x400n.18x260n.86x215n.31x210n.13,63,68x200n.84,89x115n.34,39,43,48,93,98x100n.69,96x60n.46x30n.21,41,62,71,91x10n." toa="null" sc_toa="null" service_center="null" read="1" status="32" locked="0" date_sent="0" readable_date="06-11-2015 18:17:38" contact_name="Chu Phuc Son Tay" />
  <sms protocol="0" address="+84974929818" date="1446808671621" type="1" subject="null" body="Nhan 1 tin.so tin cuoi:1." toa="null" sc_toa="null" service_center="null" read="1" status="-1" locked="0" date_sent="0" readable_date="06-11-2015 18:17:51" contact_name="Chu Phuc Son Tay" />
  <sms protocol="0" address="0964386982" date="1446808679476" type="2" subject="null" body="Tin 3: De:55,05,50,66,11,61,00,16,99,44,94,77,49,33,88,22,83,27,38,72,56,65,67,76,59,95,45,54,07,24,35,37,42,47,53,57,70,73,74,75,79,97x400n.36x100n.51,81x25n.01x15n.06,10,15,60x5n." toa="null" sc_toa="null" service_center="null" read="1" status="0" locked="0" date_sent="0" readable_date="06-11-2015 18:17:59" contact_name="A Duc" />
  <sms protocol="0" address="01677281854" date="1446808692978" type="2" subject="null" body="Tin9: de:55x4425n.05x4225n.50x4220n.66x3900n.11x3610n.61x3415n.00,16x3400n.99x3275n.44x3200n.94x3130n.77x3040n.49x3035n.33x3020n.88x3005n.22x2990n.83x2820n.27x2805n.38,72x2800n.56,65x705n.67,76x300n.59,95x280n.45,54x205n.07,24,35,37,42,47,53,57,70,73,74,75,79,97x200n." toa="null" sc_toa="null" service_center="null" read="1" status="0" locked="0" date_sent="0" readable_date="06-11-2015 18:18:12" contact_name="(Unknown)" />
  <sms protocol="0" address="01677281854" date="1446808704973" type="2" subject="null" body="Tin10: de:01,06,10,12,13,14,15,17,18,19,21,26,31,34,36,39,41,43,46,48,51,60,62,63,64,68,69,71,81,84,86,89,91,93,96,98x100n.80,85x65n.08,58x50n.82x45n.28x30n.87x15n.32x10n.04,09,40,90x5n." toa="null" sc_toa="null" service_center="null" read="1" status="0" locked="0" date_sent="0" readable_date="06-11-2015 18:18:24" contact_name="(Unknown)" />
  <sms protocol="0" address="+841677281854" date="1446808720182" type="1" subject="null" body="Nhan 9 tin.so tin cuoi:9." toa="null" sc_toa="null" service_center="null" read="1" status="-1" locked="0" date_sent="0" readable_date="06-11-2015 18:18:40" contact_name="(Unknown)" />
  <sms protocol="0" address="+841677281854" date="1446808731411" type="1" subject="null" body="Nhan 10 tin.so tin cuoi:10." toa="null" sc_toa="null" service_center="null" read="1" status="-1" locked="0" date_sent="0" readable_date="06-11-2015 18:18:51" contact_name="(Unknown)" />
  <sms protocol="0" address="+84964386982" date="1446808745784" type="1" subject="null" body="em gui cho anh 3 tin" toa="null" sc_toa="null" service_center="null" read="1" status="-1" locked="0" date_sent="0" readable_date="06-11-2015 18:19:05" contact_name="A Duc" />
  <sms protocol="0" address="+841685897838" date="1446808748906" type="1" subject="null" body="Dau dt 9X.10 n 3883 55 06 66 60X10nhe 09.01x5N" toa="null" sc_toa="null" service_center="null" read="1" status="-1" locked="0" date_sent="0" readable_date="06-11-2015 18:19:08" contact_name="Chi H. v. b" />
  <sms protocol="0" address="+841685897838" date="1446808761749" type="1" subject="null" body="He 04x100" toa="null" sc_toa="null" service_center="null" read="1" status="-1" locked="0" date_sent="0" readable_date="06-11-2015 18:19:21" contact_name="Chi H. v. b" />
  <sms protocol="0" address="01685897838" date="1446808767974" type="2" subject="null" body="Nhan 9 tin." toa="null" sc_toa="null" service_center="null" read="1" status="32" locked="0" date_sent="0" readable_date="06-11-2015 18:19:27" contact_name="Chi H. v. b" />
  <sms protocol="0" address="01685897838" date="1446808769475" type="2" subject="null" body="Nhan 10 tin." toa="null" sc_toa="null" service_center="null" read="1" status="0" locked="0" date_sent="0" readable_date="06-11-2015 18:19:29" contact_name="Chi H. v. b" />
  <sms protocol="0" address="01685897838" date="1446808770982" type="2" subject="null" body="Nhan 10 tin." toa="null" sc_toa="null" service_center="null" read="1" status="0" locked="0" date_sent="0" readable_date="06-11-2015 18:19:30" contact_name="Chi H. v. b" />
  <sms protocol="0" address="01685897838" date="1446808772474" type="2" subject="null" body="Nhan 10 tin." toa="null" sc_toa="null" service_center="null" read="1" status="0" locked="0" date_sent="0" readable_date="06-11-2015 18:19:32" contact_name="Chi H. v. b" />
  <sms protocol="0" address="01677281854" date="1446808794975" type="2" subject="null" body="Tin 11: De:09,59,90,95x115n.04,40,45,54x105n.99x20n.06,60x15n.19,29,38,39,49,55,66,69,79,83,89,91,92,93,94,96,97,98x10n.01,10,15,51,56,65x5n." toa="null" sc_toa="null" service_center="null" read="1" status="32" locked="0" date_sent="0" readable_date="06-11-2015 18:19:54" contact_name="(Unknown)" />
  <sms protocol="0" address="+841677281854" date="1446808818818" type="1" subject="null" body="Nhan 11 tin.so tin cuoi:11." toa="null" sc_toa="null" service_center="null" read="1" status="-1" locked="0" date_sent="0" readable_date="06-11-2015 18:20:18" contact_name="(Unknown)" />
  <sms protocol="0" address="+841685897838" date="1446808821342" type="1" subject="null" body="De.99.949.21.313.323.878.464.404.909.686.363.434.474.585.696.616.88.33.050.898.393.070.575.x500n." toa="null" sc_toa="null" service_center="null" read="1" status="-1" locked="0" date_sent="0" readable_date="06-11-2015 18:20:21" contact_name="Chi H. v. b" />
  <sms protocol="0" address="01677281854" date="1446808839987" type="2" subject="null" body="Tin 12: De:04,05,07,09,13,16,21,23,31,32,33,34,36,39,40,43,46,47,49,50,57,58,61,63,64,68,69,70,74,75,78,85,86,87,88,89,90,93,94,96,98,99x500n." toa="null" sc_toa="null" service_center="null" read="1" status="0" locked="0" date_sent="0" readable_date="06-11-2015 18:20:39" contact_name="(Unknown)" />
  <sms protocol="0" address="01685897838" date="1446808842975" type="2" subject="null" body="Nhan 11 tin." toa="null" sc_toa="null" service_center="null" read="1" status="0" locked="0" date_sent="0" readable_date="06-11-2015 18:20:42" contact_name="Chi H. v. b" />
  <sms protocol="0" address="+841677281854" date="1446808866912" type="1" subject="null" body="Nhan 12 tin.so tin cuoi:12." toa="null" sc_toa="null" service_center="null" read="1" status="-1" locked="0" date_sent="0" readable_date="06-11-2015 18:21:06" contact_name="(Unknown)" />
  <sms protocol="0" address="01685897838" date="1446808875977" type="2" subject="null" body="Nhan 11 tin.. HET DE" toa="null" sc_toa="null" service_center="null" read="1" status="32" locked="0" date_sent="0" readable_date="06-11-2015 18:21:15" contact_name="Chi H. v. b" />
  <sms protocol="0" address="0979399373" date="1446808877476" type="2" subject="null" body="Nhan 2 tin.. HET DE" toa="null" sc_toa="null" service_center="null" read="1" status="32" locked="0" date_sent="0" readable_date="06-11-2015 18:21:17" contact_name="A Tung Thuy?" />
  <sms protocol="0" address="0914967139" date="1446808878973" type="2" subject="null" body="Nhan 2 tin.. HET DE" toa="null" sc_toa="null" service_center="null" read="1" status="0" locked="0" date_sent="0" readable_date="06-11-2015 18:21:18" contact_name="(Unknown)" />
  <sms protocol="0" address="0968193922" date="1446808880481" type="2" subject="null" body="Nhan 3 tin.. HET DE" toa="null" sc_toa="null" service_center="null" read="1" status="32" locked="0" date_sent="0" readable_date="06-11-2015 18:21:20" contact_name="(Unknown)" />
  <sms protocol="0" address="0983099345" date="1446808881977" type="2" subject="null" body="Nhan 7 tin.. HET DE" toa="null" sc_toa="null" service_center="null" read="1" status="32" locked="0" date_sent="0" readable_date="06-11-2015 18:21:21" contact_name="Viet Bo" />
  <sms protocol="0" address="01628909893" date="1446808883479" type="2" subject="null" body="Nhan 1 tin.. HET DE" toa="null" sc_toa="null" service_center="null" read="1" status="0" locked="0" date_sent="0" readable_date="06-11-2015 18:21:23" contact_name="A M" />
  <sms protocol="0" address="0973836212" date="1446808884981" type="2" subject="null" body="Nhan 2 tin.so tin cuoi:1.. HET DE" toa="null" sc_toa="null" service_center="null" read="1" status="0" locked="0" date_sent="0" readable_date="06-11-2015 18:21:24" contact_name="Tien Em" />
  <sms protocol="0" address="0977655973" date="1446808886473" type="2" subject="null" body="Nhan 1 tin.. HET DE" toa="null" sc_toa="null" service_center="null" read="1" status="32" locked="0" date_sent="0" readable_date="06-11-2015 18:21:26" contact_name="A Su Cong Tinh Uy" />
  <sms protocol="0" address="+841677281854" date="1446809065174" type="1" subject="null" body="chau gui cho co 12 tin" toa="null" sc_toa="null" service_center="null" read="1" status="-1" locked="0" date_sent="0" readable_date="06-11-2015 18:24:25" contact_name="(Unknown)" />
  <sms protocol="0" address="+84974929818" date="1446809214230" type="1" subject="null" body="Ngay:06/11/2015&#10;chau chuyen cho chu&#10;De:22315,0=15955,2n&#10;chau bu cho chu:15955,2n&#10;" toa="null" sc_toa="null" service_center="null" read="1" status="-1" locked="0" date_sent="0" readable_date="06-11-2015 18:26:54" contact_name="Chu Phuc Son Tay" />
  <sms protocol="0" address="+84983650782" date="1446809257241" type="1" subject="null" body="Ngay:06/11/2015&#10;Em chuyen cho Anh&#10;3Cang:50,0=33,0n&#10;Xien:91,0=546,0n&#10;Em bu cho Anh:579,0n&#10;" toa="null" sc_toa="null" service_center="null" read="1" status="-1" locked="0" date_sent="0" readable_date="06-11-2015 18:27:37" contact_name="A T 782 Lv" />
  <sms protocol="0" address="01685897838" date="1446809300479" type="2" subject="null" body="Ngay:06/11/2015&#13;&#10;chi chuyen cho EM&#13;ghep 2 sim&#10;De:136865,0=98542,8n&#13;&#10;Lo:3465,0=75363,8n&#13;&#10;3Cang:50,0=35,5n&#13;&#10;Xien:126,0=844,2n&#13;&#10;Th lo:385,0=30800,0n&#13;&#10;chi bu cho EM:143986,2n&#13;&#10;" toa="null" sc_toa="null" service_center="null" read="1" status="0" locked="0" date_sent="0" readable_date="06-11-2015 18:28:20" contact_name="Chi H. v. b" />
  <sms protocol="0" address="0983650782" date="1446809309473" type="2" subject="null" body="Ngay:06/11/2015&#13;&#10;em chuyen cho anh&#13;&#10;3Cang:50,0=33,0n&#13;&#10;Xien:91,0=546,0n&#13;&#10;em bu cho anh:579,0n&#13;&#10;" toa="null" sc_toa="null" service_center="null" read="1" status="32" locked="0" date_sent="0" readable_date="06-11-2015 18:28:29" contact_name="A T 782 Lv" />
  <sms protocol="0" address="01677281854" date="1446809316975" type="2" subject="null" body="Ngay:06/11/2015&#13;&#10;chau chuyen cho co&#13;&#10;De:98385,0=70837,2n&#13;&#10;Lo:3345,0=72586,5n&#13;&#10;Xien:80,0=504,0n&#13;&#10;Thuong de:30,0=2100,0n&#13;&#10;Thuong lo:725,0=58000,0n&#13;&#10;chau bu cho co:83827,7n&#13;&#10;" toa="null" sc_toa="null" service_center="null" read="1" status="32" locked="0" date_sent="0" readable_date="06-11-2015 18:28:36" contact_name="(Unknown)" />
  <sms protocol="0" address="5055" date="1446809320472" type="1" subject="null" body="06/11:&#10;DB:30628&#10;1:66359&#10;2:07056-16954&#10;3:03169-11240-96767-68969-23489-96361&#10;4:3686-0396-8964-2524&#10;5:6692-3309-8150-1466-9278-2980&#10;6:564-986-054&#10;7:44-22-40-51 " toa="null" sc_toa="null" service_center="null" read="1" status="-1" locked="0" date_sent="0" readable_date="06-11-2015 18:28:40" contact_name="(Unknown)" />
  <sms protocol="0" address="0968193922" date="1446809321475" type="2" subject="null" body="Ngay:06/11/2015&#13;&#10;chị chuyen cho EM&#13;&#10;Xien:32,0=217,6n&#13;&#10;chị bu cho EM:217,6n&#13;&#10;" toa="null" sc_toa="null" service_center="null" read="1" status="32" locked="0" date_sent="0" readable_date="06-11-2015 18:28:41" contact_name="(Unknown)" />
  <sms protocol="0" address="0983099345" date="1446809325975" type="2" subject="null" body="Ngay:06/11/2015&#13;&#10;Ban chuyen cho toi&#13;&#10;De:20,0=14,6n&#13;&#10;Lo:335,0=7303,0n&#13;&#10;Xien:10,0=65,0n&#13;&#10;Th lo:355,0=28400,0n&#13;&#10;toi bu cho Ban:21017,4n&#13;&#10;" toa="null" sc_toa="null" service_center="null" read="1" status="32" locked="0" date_sent="0" readable_date="06-11-2015 18:28:45" contact_name="Viet Bo" />
  <sms protocol="0" address="0979399373" date="1446809330476" type="2" subject="null" body="Ngay:06/11/2015&#13;&#10;Anh chuyen cho EM&#13;&#10;De:110,0=82,5n&#13;&#10;Lo:20,0=440,0n&#13;&#10;Th lo:10,0=800,0n&#13;&#10;EM bu cho Anh:277,5n&#13;&#10;" toa="null" sc_toa="null" service_center="null" read="1" status="32" locked="0" date_sent="0" readable_date="06-11-2015 18:28:50" contact_name="A Tung Thuy?" />
  <sms protocol="0" address="0977655973" date="1446809334977" type="2" subject="null" body="Ngay:06/11/2015&#13;&#10;BAC chuyen cho EM&#13;&#10;De:600,0=480,0n&#13;&#10;Lo:20,0=450,0n&#13;&#10;BAC bu cho EM:930,0n&#13;&#10;" toa="null" sc_toa="null" service_center="null" read="1" status="32" locked="0" date_sent="0" readable_date="06-11-2015 18:28:54" contact_name="A Su Cong Tinh Uy" />
  <sms protocol="0" address="0964386982" date="1446809337974" type="2" subject="null" body="Ngay:06/11/2015&#13;&#10;em chuyen cho anh&#13;&#10;De:16985,0=12161,3n&#13;&#10;Lo:845,0=18353,4n&#13;&#10;Xien:12,0=72,0n&#13;&#10;Thuong lo:145,0=11600,0n&#13;&#10;em bu cho anh:18986,7n&#13;&#10;" toa="null" sc_toa="null" service_center="null" read="1" status="32" locked="0" date_sent="0" readable_date="06-11-2015 18:28:57" contact_name="A Duc" />
  <sms protocol="0" address="01685897838" date="1446809343976" type="2" subject="null" body="Ngay:06/11/2015&#13;&#10;chi chuyen cho EM&#13;&#10;De:136865,0=98542,8n&#13;&#10;Lo:3465,0=75363,8n&#13;&#10;3Cang:50,0=35,5n&#13;&#10;Xien:126,0=844,2n&#13;&#10;Th lo:385,0=30800,0n&#13;&#10;chi bu cho EM:143986,2n&#13;&#10;" toa="null" sc_toa="null" service_center="null" read="1" status="0" locked="0" date_sent="0" readable_date="06-11-2015 18:29:03" contact_name="Chi H. v. b" />
  <sms protocol="0" address="01685897838" date="1446809348474" type="2" subject="null" body="Ngay:06/11/2015&#13;&#10;chi chuyen cho EM&#13;&#10;De:136865,0=98542,8n&#13;&#10;Lo:3465,0=75363,8n&#13;&#10;3Cang:50,0=35,5n&#13;&#10;Xien:126,0=844,2n&#13;&#10;Th lo:385,0=30800,0n&#13;&#10;chi bu cho EM:143986,2n&#13;&#10;" toa="null" sc_toa="null" service_center="null" read="1" status="0" locked="0" date_sent="0" readable_date="06-11-2015 18:29:08" contact_name="Chi H. v. b" />
  <sms protocol="0" address="0974929818" date="1446809355975" type="2" subject="null" body="Ngay:06/11/2015&#13;&#10;chau  chuyen cho chu&#13;&#10;De:22315,0=15955,2n&#13;&#10;chau  bu cho chu:15955,2n&#13;&#10;" toa="null" sc_toa="null" service_center="null" read="1" status="0" locked="0" date_sent="0" readable_date="06-11-2015 18:29:15" contact_name="Chu Phuc Son Tay" />
  <sms protocol="0" address="01628909893" date="1446809360473" type="2" subject="null" body="Ngay:06/11/2015&#13;&#10;anh chuyen cho EM&#13;&#10;De:90,0=72,0n&#13;&#10;Lo:50,0=1125,0n&#13;&#10;Th de:30,0=2100,0n&#13;&#10;Th lo:30,0=2400,0n&#13;&#10;EM bu cho anh:3303,0n&#13;&#10;" toa="null" sc_toa="null" service_center="null" read="1" status="32" locked="0" date_sent="0" readable_date="06-11-2015 18:29:20" contact_name="A M" />
  <sms protocol="0" address="0973836212" date="1446809364972" type="2" subject="null" body="Ngay:06/11/2015&#13;&#10;may chuyen cho tao&#13;&#10;Lo:300,0=6540,0n&#13;&#10;Xien:15,0=105,0n&#13;&#10;Th lo:90,0=7200,0n&#13;&#10;tao bu cho may:555,0n&#13;&#10;" toa="null" sc_toa="null" service_center="null" read="1" status="32" locked="0" date_sent="0" readable_date="06-11-2015 18:29:24" contact_name="Tien Em" />
  <sms protocol="0" address="+841677281854" date="1446809411940" type="1" subject="null" body="Ngay:06/11/2015&#10;chau chuyen cho co&#10;De:98385,0=70837,2n&#10;Lo:3345,0=72586,5n&#10;Xien:80,0=504,0n&#10;Th de:30,0=2100,0n&#10;Th lo:725,0=58000,0n&#10;chau bu cho co:83827,7n&#10;" toa="null" sc_toa="null" service_center="null" read="1" status="-1" locked="0" date_sent="0" readable_date="06-11-2015 18:30:11" contact_name="(Unknown)" />
  <sms protocol="0" address="01628909893" date="1446809505353" type="2" subject="null" body="Tinh den het ngay:05/11/15 EM bu 670n&#13;&#10;Ngay:06/11/15 anh+3303n &#13;&#10;Tong cong: EM bu 3973" toa="null" sc_toa="null" service_center="null" read="1" status="32" locked="0" date_sent="0" readable_date="06-11-2015 18:31:45" contact_name="A M" />
  <sms protocol="0" address="01677281854" date="1446809511130" type="2" subject="null" body="Tinh den het ngay:05/11/15 chau bu 67577n&#13;&#10;Ngay:06/11/15 co-60000n +83827n &#13;&#10;Tong cong: chau bu 91404" toa="null" sc_toa="null" service_center="null" read="1" status="32" locked="0" date_sent="0" readable_date="06-11-2015 18:31:51" contact_name="(Unknown)" />
  <sms protocol="0" address="0964386982" date="1446809517436" type="2" subject="null" body="Tinh den het ngay:05/11/15 em thu 4146n&#13;&#10;Ngay:06/11/15 anh+18986n &#13;&#10;Tong cong: em bu 14840" toa="null" sc_toa="null" service_center="null" read="1" status="0" locked="0" date_sent="0" readable_date="06-11-2015 18:31:57" contact_name="A Duc" />
  <sms protocol="0" address="0974929818" date="1446809526467" type="2" subject="null" body="Tinh den het ngay:05/11/15 chau  thu 20536n&#13;&#10;Ngay:06/11/15 chu+20000n +15955n &#13;&#10;Tong cong: chau  bu 15419" toa="null" sc_toa="null" service_center="null" read="1" status="0" locked="0" date_sent="0" readable_date="06-11-2015 18:32:06" contact_name="Chu Phuc Son Tay" />
  <sms protocol="0" address="0977655973" date="1446809536489" type="2" subject="null" body="Tinh den het ngay:05/11/15 EM thu 308n&#13;&#10;Ngay:06/11/15 BAC-930n &#13;&#10;Tong cong: EM thu 1238" toa="null" sc_toa="null" service_center="null" read="1" status="32" locked="0" date_sent="0" readable_date="06-11-2015 18:32:16" contact_name="A Su Cong Tinh Uy" />
  <sms protocol="0" address="0979399373" date="1446809538616" type="2" subject="null" body="Tinh den het ngay:05/11/15 EM thu 1135n&#13;&#10;Ngay:06/11/15 Anh+277n &#13;&#10;Tong cong: EM thu 858" toa="null" sc_toa="null" service_center="null" read="1" status="32" locked="0" date_sent="0" readable_date="06-11-2015 18:32:18" contact_name="A Tung Thuy?" />
  <sms protocol="0" address="0983099345" date="1446809542030" type="2" subject="null" body="Tinh den het ngay:05/11/15 toi thu 114340n&#13;&#10;Ngay:06/11/15 Ban-180n +80000n +21017n -143960n &#13;&#10;Tong cong: toi thu 157463" toa="null" sc_toa="null" service_center="null" read="1" status="0" locked="0" date_sent="0" readable_date="06-11-2015 18:32:22" contact_name="Viet Bo" />
  <sms protocol="0" address="+84974929818" date="1446809583711" type="1" subject="null" body="Ok" toa="null" sc_toa="null" service_center="+84980200623" read="1" status="-1" locked="0" date_sent="1446809581000" readable_date="06-11-2015 18:33:03" contact_name="Chu Phuc Son Tay" />
  <sms protocol="0" address="+84964386982" date="1446809599639" type="1" subject="null" body="Ngay:06/11/2015&#10;em chuyen cho anh&#10;De:16985,0=12161,3n&#10;Lo:845,0=18353,4n&#10;Xien:12,0=72,0n&#10;Th lo:145,0=11600,0n&#10;em bu cho anh:18986,7n" toa="null" sc_toa="null" service_center="+84980200623" read="1" status="-1" locked="0" date_sent="1446809597000" readable_date="06-11-2015 18:33:19" contact_name="A Duc" />
  <sms protocol="0" address="0983099345" date="1446809602963" type="2" subject="null" body="chi bu cho EM:143986,2n&#13;&#10;T thu 143960&#10;" toa="null" sc_toa="null" service_center="null" read="1" status="0" locked="0" date_sent="0" readable_date="06-11-2015 18:33:22" contact_name="Viet Bo" />
  <sms protocol="0" address="01635270222" date="1446813688589" type="2" subject="null" body="06/11:&#10;DB:30628&#10;1:66359&#10;2:07056-16954&#10;3:03169-11240-96767-68969-23489-96361&#10;4:3686-0396-8964-2524&#10;5:6692-3309-8150-1466-9278-2980&#10;6:564-986-054&#10;7:44-22-40-51 01" toa="null" sc_toa="null" service_center="null" read="1" status="32" locked="0" date_sent="0" readable_date="06-11-2015 19:41:28" contact_name="(Unknown)" />
  <sms protocol="0" address="VIETTEL" date="1446816540897" type="1" subject="null" body="[TB] Dang ky cac CTKM dac biet goi, nhan tin va truy cap data RAT DON GIAN, Quy khach chi can bam *109# de biet khuyen mai va lam theo huong dan. Tran trong." toa="null" sc_toa="null" service_center="null" read="0" status="-1" locked="0" date_sent="0" readable_date="06-11-2015 20:29:00" contact_name="(Unknown)" />
</smses>