<?xml version='1.0' encoding='UTF-8' standalone='yes' ?>
<!--File Created By SMS Backup & Restore Pro v7.21 on 07/11/2015 18:35:31-->
<?xml-stylesheet type="text/xsl" href="sms.xsl"?>
<smses count="164">
  <sms protocol="0" address="0974282195" date="1446878826735" type="2" subject="null" body="ngay 07/11/15:&#13;&#10;THU:&#13;&#10;a su:1238;&#13;&#10;v b:177463&#13;&#10;BU&#13;&#10;boss:91404;&#13;&#10;a duc:14840" toa="null" sc_toa="null" service_center="null" read="1" status="0" locked="0" date_sent="0" readable_date="07-11-2015 13:47:06" contact_name="(Unknown)" />
  <sms protocol="0" address="+84979399373" date="1446890989788" type="1" subject="null" body="Lo 76,42,29x10. De 74x50k" toa="null" sc_toa="null" service_center="null" read="1" status="-1" locked="0" date_sent="0" readable_date="07-11-2015 17:09:49" contact_name="A Tung Thuy?" />
  <sms protocol="0" address="+84973836212" date="1446891859163" type="1" subject="null" body="T1 68x25d 01x3d 10x5d" toa="null" sc_toa="null" service_center="null" read="1" status="-1" locked="0" date_sent="0" readable_date="07-11-2015 17:24:19" contact_name="Tien Em" />
  <sms protocol="0" address="0973836212" date="1446891882026" type="2" subject="null" body="Nhan 1 tin.so tin cuoi:1." toa="null" sc_toa="null" service_center="null" read="1" status="0" locked="0" date_sent="0" readable_date="07-11-2015 17:24:42" contact_name="Tien Em" />
  <sms protocol="0" address="0979399373" date="1446892011005" type="2" subject="null" body="Anh gui cho EM 1 tin" toa="null" sc_toa="null" service_center="null" read="1" status="0" locked="0" date_sent="0" readable_date="07-11-2015 17:26:51" contact_name="A Tung Thuy?" />
  <sms protocol="0" address="+84983099345" date="1446892255098" type="1" subject="null" body="Lo 030x5d lo 33x10d. Lo 626 575x10d.lo 98x10d. De dau 1x20n de 33x20n" toa="null" sc_toa="null" service_center="null" read="1" status="-1" locked="0" date_sent="0" readable_date="07-11-2015 17:30:55" contact_name="Viet Bo" />
  <sms protocol="0" address="0983099345" date="1446892266007" type="2" subject="null" body="Nhan 1 tin." toa="null" sc_toa="null" service_center="null" read="1" status="0" locked="0" date_sent="0" readable_date="07-11-2015 17:31:06" contact_name="Viet Bo" />
  <sms protocol="0" address="0983099345" date="1446892269011" type="2" subject="null" body="Nhan 1 tin." toa="null" sc_toa="null" service_center="null" read="1" status="0" locked="0" date_sent="0" readable_date="07-11-2015 17:31:09" contact_name="Viet Bo" />
  <sms protocol="0" address="+84983099345" date="1446892339409" type="1" subject="null" body="Lo 52x20d" toa="null" sc_toa="null" service_center="null" read="1" status="-1" locked="0" date_sent="0" readable_date="07-11-2015 17:32:19" contact_name="Viet Bo" />
  <sms protocol="0" address="0983099345" date="1446892347008" type="2" subject="null" body="Nhan 2 tin." toa="null" sc_toa="null" service_center="null" read="1" status="0" locked="0" date_sent="0" readable_date="07-11-2015 17:32:27" contact_name="Viet Bo" />
  <sms protocol="0" address="0983099345" date="1446892350004" type="2" subject="null" body="Nhan 2 tin." toa="null" sc_toa="null" service_center="null" read="1" status="0" locked="0" date_sent="0" readable_date="07-11-2015 17:32:30" contact_name="Viet Bo" />
  <sms protocol="0" address="01677281854" date="1446892369508" type="2" subject="null" body="Tin 1: lo:68x25d.52x20d.26,29,33,42,57,62,75,76,98x10d.03,10,30x5d.01x3d." toa="null" sc_toa="null" service_center="null" read="1" status="0" locked="0" date_sent="0" readable_date="07-11-2015 17:32:49" contact_name="(Unknown)" />
  <sms protocol="0" address="+841628909893" date="1446892617229" type="1" subject="null" body="Ghi a lô 84,36,22 môi con 10điêm. Đề 84, 22 môi con 50ngjn." toa="null" sc_toa="null" service_center="null" read="1" status="-1" locked="0" date_sent="0" readable_date="07-11-2015 17:36:57" contact_name="A M" />
  <sms protocol="0" address="01628909893" date="1446892642511" type="2" subject="null" body="anh gui cho EM 1 tin" toa="null" sc_toa="null" service_center="null" read="1" status="0" locked="0" date_sent="0" readable_date="07-11-2015 17:37:22" contact_name="A M" />
  <sms protocol="0" address="+84983099345" date="1446892719265" type="1" subject="null" body="Lô 66 262 53 68 x5d" toa="null" sc_toa="null" service_center="null" read="1" status="-1" locked="0" date_sent="0" readable_date="07-11-2015 17:38:39" contact_name="Viet Bo" />
  <sms protocol="0" address="0983099345" date="1446892728007" type="2" subject="null" body="Nhan 3 tin." toa="null" sc_toa="null" service_center="null" read="1" status="0" locked="0" date_sent="0" readable_date="07-11-2015 17:38:48" contact_name="Viet Bo" />
  <sms protocol="0" address="+84979399373" date="1446893020686" type="1" subject="null" body="Lo 25 52 x 10" toa="null" sc_toa="null" service_center="null" read="1" status="-1" locked="0" date_sent="0" readable_date="07-11-2015 17:43:40" contact_name="A Tung Thuy?" />
  <sms protocol="0" address="0979399373" date="1446893037822" type="2" subject="null" body="Anh gui cho EM 2 tin" toa="null" sc_toa="null" service_center="null" read="1" status="0" locked="0" date_sent="0" readable_date="07-11-2015 17:43:57" contact_name="A Tung Thuy?" />
  <sms protocol="0" address="+841685897838" date="1446893177794" type="1" subject="null" body="Kep bang x110 92 x10 93 98 89 x5 dau 9 x10" toa="null" sc_toa="null" service_center="null" read="1" status="-1" locked="0" date_sent="0" readable_date="07-11-2015 17:46:17" contact_name="Chi H. v. b" />
  <sms protocol="0" address="+84968193922" date="1446893288958" type="1" subject="null" body="X2.45.99.=50 ; X2.68.28.=50 ; X2.79.68.=50 ; X2.29.79.=50 ; X3.79.68.45.=50 ; X3.45.29.68.=30 ; X4.45.29.68.79.=20 ;" toa="null" sc_toa="null" service_center="null" read="1" status="-1" locked="0" date_sent="0" readable_date="07-11-2015 17:48:08" contact_name="(Unknown)" />
  <sms protocol="0" address="+84974282195" date="1446893301387" type="1" subject="null" body="dúv alo div" toa="null" sc_toa="null" service_center="null" read="1" status="-1" locked="0" date_sent="0" readable_date="07-11-2015 17:48:21" contact_name="(Unknown)" />
  <sms protocol="0" address="0968193922" date="1446893320197" type="2" subject="null" body="Nhan 1 tin." toa="null" sc_toa="null" service_center="null" read="1" status="0" locked="0" date_sent="0" readable_date="07-11-2015 17:48:40" contact_name="(Unknown)" />
  <sms protocol="0" address="01685897838" date="1446893321698" type="2" subject="null" body="Nhan 1 tin." toa="null" sc_toa="null" service_center="null" read="1" status="0" locked="0" date_sent="0" readable_date="07-11-2015 17:48:41" contact_name="Chi H. v. b" />
  <sms protocol="0" address="+84983099345" date="1446893403718" type="1" subject="null" body="14,41,36,63x50d đề 66x500n 77x100n" toa="null" sc_toa="null" service_center="null" read="1" status="-1" locked="0" date_sent="0" readable_date="07-11-2015 17:50:03" contact_name="Viet Bo" />
  <sms protocol="0" address="0983099345" date="1446893419199" type="2" subject="null" body="Nhan 4 tin." toa="null" sc_toa="null" service_center="null" read="1" status="0" locked="0" date_sent="0" readable_date="07-11-2015 17:50:19" contact_name="Viet Bo" />
  <sms protocol="0" address="0983099345" date="1446893420692" type="2" subject="null" body="Nhan 4 tin." toa="null" sc_toa="null" service_center="null" read="1" status="0" locked="0" date_sent="0" readable_date="07-11-2015 17:50:20" contact_name="Viet Bo" />
  <sms protocol="0" address="+841685897838" date="1446893430139" type="1" subject="null" body="De 30x1trieu.03x500n.59 x200n.95 x50n.he 03.04 x100.kep bang x50n&#10;Lo 77.83x170d.494 .21 x50d." toa="null" sc_toa="null" service_center="null" read="1" status="-1" locked="0" date_sent="0" readable_date="07-11-2015 17:50:30" contact_name="Chi H. v. b" />
  <sms protocol="0" address="01685897838" date="1446893441693" type="2" subject="null" body="Nhan 2 tin." toa="null" sc_toa="null" service_center="null" read="1" status="0" locked="0" date_sent="0" readable_date="07-11-2015 17:50:41" contact_name="Chi H. v. b" />
  <sms protocol="0" address="+841677281854" date="1446893466424" type="1" subject="null" body="Nhan 1 tin.so tin cuoi:1." toa="null" sc_toa="null" service_center="null" read="1" status="-1" locked="0" date_sent="0" readable_date="07-11-2015 17:51:06" contact_name="(Unknown)" />
  <sms protocol="0" address="01677281854" date="1446893510697" type="2" subject="null" body="Tin 2: lo:77,83x170d.36x60d.14,21,41,49,63,94x50d.22,25,52,84x10d.26,53,62,66,68x5d." toa="null" sc_toa="null" service_center="null" read="1" status="0" locked="0" date_sent="0" readable_date="07-11-2015 17:51:50" contact_name="(Unknown)" />
  <sms protocol="0" address="0983650782" date="1446893522692" type="2" subject="null" body="Tin 1: xi2:28,68*5d.,xi2:29,79*5d.,xi3:45,68,79*5d.,xi2:45,99*5d.,xi2:68,79*5d.xi4:29,45,68,79*2d.xi3:29,45,68*3d." toa="null" sc_toa="null" service_center="null" read="1" status="0" locked="0" date_sent="0" readable_date="07-11-2015 17:52:02" contact_name="A T 782 Lv" />
  <sms protocol="0" address="+841677281854" date="1446893545801" type="1" subject="null" body="chau gui cho co 1 tin" toa="null" sc_toa="null" service_center="null" read="1" status="-1" locked="0" date_sent="0" readable_date="07-11-2015 17:52:25" contact_name="(Unknown)" />
  <sms protocol="0" address="+841677281854" date="1446893584221" type="1" subject="null" body="Nhan 2 tin.so tin cuoi:2." toa="null" sc_toa="null" service_center="null" read="1" status="-1" locked="0" date_sent="0" readable_date="07-11-2015 17:53:04" contact_name="(Unknown)" />
  <sms protocol="0" address="+84983099345" date="1446893595651" type="1" subject="null" body="Lô 141 x5d" toa="null" sc_toa="null" service_center="null" read="1" status="-1" locked="0" date_sent="0" readable_date="07-11-2015 17:53:15" contact_name="Viet Bo" />
  <sms protocol="0" address="0983099345" date="1446893599206" type="2" subject="null" body="Nhan 5 tin." toa="null" sc_toa="null" service_center="null" read="1" status="0" locked="0" date_sent="0" readable_date="07-11-2015 17:53:19" contact_name="Viet Bo" />
  <sms protocol="0" address="+84983650782" date="1446893714335" type="1" subject="null" body="Em gui cho Anh 1 tin" toa="null" sc_toa="null" service_center="null" read="1" status="-1" locked="0" date_sent="0" readable_date="07-11-2015 17:55:14" contact_name="A T 782 Lv" />
  <sms protocol="0" address="+841685897838" date="1446893835041" type="1" subject="null" body="lo: 88,66,00,363,x20d xien 675666,767968,978605,504146,901490x15n" toa="null" sc_toa="null" service_center="null" read="1" status="-1" locked="0" date_sent="0" readable_date="07-11-2015 17:57:15" contact_name="Chi H. v. b" />
  <sms protocol="0" address="01685897838" date="1446893855695" type="2" subject="null" body="Nhan 3 tin." toa="null" sc_toa="null" service_center="null" read="1" status="0" locked="0" date_sent="0" readable_date="07-11-2015 17:57:35" contact_name="Chi H. v. b" />
  <sms protocol="0" address="+841685897838" date="1446893935436" type="1" subject="null" body="Lo 70.96.x50d.64.44.27.12.46.47.04.20.45.x10d 56.36x10d.030x10d." toa="null" sc_toa="null" service_center="null" read="1" status="-1" locked="0" date_sent="0" readable_date="07-11-2015 17:58:55" contact_name="Chi H. v. b" />
  <sms protocol="0" address="01685897838" date="1446893939694" type="2" subject="null" body="Nhan 4 tin." toa="null" sc_toa="null" service_center="null" read="1" status="0" locked="0" date_sent="0" readable_date="07-11-2015 17:58:59" contact_name="Chi H. v. b" />
  <sms protocol="0" address="01685897838" date="1446893941193" type="2" subject="null" body="Nhan 4 tin." toa="null" sc_toa="null" service_center="null" read="1" status="0" locked="0" date_sent="0" readable_date="07-11-2015 17:59:01" contact_name="Chi H. v. b" />
  <sms protocol="0" address="0964386982" date="1446893969694" type="2" subject="null" body="Tin 1: lo:70,96x50d.36x30d.00,63,66,88x20d.03,04,12,20,27,30,44,45,46,47,56,64x10d.14,41x5d..xi3:05,86,97*1d.,xi3:14,90,90*1d.,xi3:41,46,50*1d.,xi3:56,66,67*1d.,xi3:68,76,79*1d." toa="null" sc_toa="null" service_center="null" read="1" status="0" locked="0" date_sent="0" readable_date="07-11-2015 17:59:29" contact_name="A Duc" />
  <sms protocol="0" address="+84983099345" date="1446893989051" type="1" subject="null" body="Dau 0x300n" toa="null" sc_toa="null" service_center="null" read="1" status="-1" locked="0" date_sent="0" readable_date="07-11-2015 17:59:49" contact_name="Viet Bo" />
  <sms protocol="0" address="0983099345" date="1446893993703" type="2" subject="null" body="Nhan 6 tin." toa="null" sc_toa="null" service_center="null" read="1" status="0" locked="0" date_sent="0" readable_date="07-11-2015 17:59:53" contact_name="Viet Bo" />
  <sms protocol="0" address="0983099345" date="1446893995195" type="2" subject="null" body="Nhan 6 tin." toa="null" sc_toa="null" service_center="null" read="1" status="0" locked="0" date_sent="0" readable_date="07-11-2015 17:59:55" contact_name="Viet Bo" />
  <sms protocol="0" address="+84964386982" date="1446894014259" type="1" subject="null" body="em gui cho anh 1 tin" toa="null" sc_toa="null" service_center="null" read="1" status="-1" locked="0" date_sent="0" readable_date="07-11-2015 18:00:14" contact_name="A Duc" />
  <sms protocol="0" address="+84983099345" date="1446894024866" type="1" subject="null" body="De 060 161x100n xien 2 41 44x300n" toa="null" sc_toa="null" service_center="null" read="1" status="-1" locked="0" date_sent="0" readable_date="07-11-2015 18:00:24" contact_name="Viet Bo" />
  <sms protocol="0" address="+841685897838" date="1446894027434" type="1" subject="null" body="Xien 96.70x10d.64.44.x5d.56.70x5d.36.96x5d" toa="null" sc_toa="null" service_center="null" read="1" status="-1" locked="0" date_sent="0" readable_date="07-11-2015 18:00:27" contact_name="Chi H. v. b" />
  <sms protocol="0" address="01685897838" date="1446894031195" type="2" subject="null" body="Nhan 5 tin." toa="null" sc_toa="null" service_center="null" read="1" status="0" locked="0" date_sent="0" readable_date="07-11-2015 18:00:31" contact_name="Chi H. v. b" />
  <sms protocol="0" address="0983099345" date="1446894032692" type="2" subject="null" body="Nhan 7 tin." toa="null" sc_toa="null" service_center="null" read="1" status="0" locked="0" date_sent="0" readable_date="07-11-2015 18:00:32" contact_name="Viet Bo" />
  <sms protocol="0" address="0983650782" date="1446894050693" type="2" subject="null" body="Tin 2: xi2:36,96*5d.,xi2:44,64*5d.,xi2:56,70*5d.xi2:41,44*30d.xi2:70,96*10d." toa="null" sc_toa="null" service_center="null" read="1" status="0" locked="0" date_sent="0" readable_date="07-11-2015 18:00:50" contact_name="A T 782 Lv" />
  <sms protocol="0" address="+841685897838" date="1446894077642" type="1" subject="null" body=" lô.30.05.50.63.x 30d." toa="null" sc_toa="null" service_center="null" read="1" status="-1" locked="0" date_sent="0" readable_date="07-11-2015 18:01:17" contact_name="Chi H. v. b" />
  <sms protocol="0" address="01685897838" date="1446894083695" type="2" subject="null" body="Nhan 6 tin." toa="null" sc_toa="null" service_center="null" read="1" status="0" locked="0" date_sent="0" readable_date="07-11-2015 18:01:23" contact_name="Chi H. v. b" />
  <sms protocol="0" address="01677281854" date="1446894095692" type="2" subject="null" body="Tin 3: lo:05,30,50,63x30d." toa="null" sc_toa="null" service_center="null" read="1" status="0" locked="0" date_sent="0" readable_date="07-11-2015 18:01:35" contact_name="(Unknown)" />
  <sms protocol="0" address="+84983099345" date="1446894096086" type="1" subject="null" body="De 60x100n" toa="null" sc_toa="null" service_center="null" read="1" status="-1" locked="0" date_sent="0" readable_date="07-11-2015 18:01:36" contact_name="Viet Bo" />
  <sms protocol="0" address="0983099345" date="1446894101692" type="2" subject="null" body="Nhan 8 tin." toa="null" sc_toa="null" service_center="null" read="1" status="32" locked="0" date_sent="0" readable_date="07-11-2015 18:01:41" contact_name="Viet Bo" />
  <sms protocol="0" address="0983099345" date="1446894103196" type="2" subject="null" body="Nhan 8 tin." toa="null" sc_toa="null" service_center="null" read="1" status="0" locked="0" date_sent="0" readable_date="07-11-2015 18:01:43" contact_name="Viet Bo" />
  <sms protocol="0" address="0983099345" date="1446894104698" type="2" subject="null" body="Nhan 8 tin." toa="null" sc_toa="null" service_center="null" read="1" status="0" locked="0" date_sent="0" readable_date="07-11-2015 18:01:44" contact_name="Viet Bo" />
  <sms protocol="0" address="+841685897838" date="1446894210072" type="1" subject="null" body="Chan le x10N05 27 49 49 61 99 0923 87 36 2510N93 95 96 12 78 32 34 10 36 40 21x5N 2k X15NLO 52 57 79 97.x10D xien 79 97 66x10N 52 57 99x20N" toa="null" sc_toa="null" service_center="null" read="1" status="-1" locked="0" date_sent="0" readable_date="07-11-2015 18:03:30" contact_name="Chi H. v. b" />
  <sms protocol="0" address="01685897838" date="1446894221693" type="2" subject="null" body="Nhan 7 tin." toa="null" sc_toa="null" service_center="null" read="1" status="0" locked="0" date_sent="0" readable_date="07-11-2015 18:03:41" contact_name="Chi H. v. b" />
  <sms protocol="0" address="+841677281854" date="1446894222963" type="1" subject="null" body="Nhan 3 tin.so tin cuoi:3." toa="null" sc_toa="null" service_center="null" read="1" status="-1" locked="0" date_sent="0" readable_date="07-11-2015 18:03:42" contact_name="(Unknown)" />
  <sms protocol="0" address="01685897838" date="1446894226197" type="2" subject="null" body="Nhan 7 tin." toa="null" sc_toa="null" service_center="null" read="1" status="0" locked="0" date_sent="0" readable_date="07-11-2015 18:03:46" contact_name="Chi H. v. b" />
  <sms protocol="0" address="01685897838" date="1446894229202" type="2" subject="null" body="Nhan 7 tin." toa="null" sc_toa="null" service_center="null" read="1" status="0" locked="0" date_sent="0" readable_date="07-11-2015 18:03:49" contact_name="Chi H. v. b" />
  <sms protocol="0" address="+84973836212" date="1446894249753" type="1" subject="null" body="T2 lô 79 x 100đ&#10;xiên 55̣36 x 500k" toa="null" sc_toa="null" service_center="null" read="1" status="-1" locked="0" date_sent="0" readable_date="07-11-2015 18:04:09" contact_name="Tien Em" />
  <sms protocol="0" address="+841685897838" date="1446894304331" type="1" subject="null" body="Lo 99.00.x100d.12.373.x50d.383.363.x30d.242x50d..515.616.474.x30d.xjen 45.38.99x20d.72.12.15x30d.12.99x20d." toa="null" sc_toa="null" service_center="null" read="1" status="-1" locked="0" date_sent="0" readable_date="07-11-2015 18:05:04" contact_name="Chi H. v. b" />
  <sms protocol="0" address="01685897838" date="1446894412197" type="2" subject="null" body="Nhan 8 tin." toa="null" sc_toa="null" service_center="null" read="1" status="0" locked="0" date_sent="0" readable_date="07-11-2015 18:06:52" contact_name="Chi H. v. b" />
  <sms protocol="0" address="0973836212" date="1446894413691" type="2" subject="null" body="Nhan 2 tin.so tin cuoi:2." toa="null" sc_toa="null" service_center="null" read="1" status="0" locked="0" date_sent="0" readable_date="07-11-2015 18:06:53" contact_name="Tien Em" />
  <sms protocol="0" address="01685897838" date="1446894415195" type="2" subject="null" body="Nhan 8 tin." toa="null" sc_toa="null" service_center="null" read="1" status="0" locked="0" date_sent="0" readable_date="07-11-2015 18:06:55" contact_name="Chi H. v. b" />
  <sms protocol="0" address="01677281854" date="1446894431692" type="2" subject="null" body="Tin 4: lo:79x110d.00,99x100d.12,24,37,42,73x50d.15,16,36,38,47,51,61,63,74,83x30d.52,57,97x10d." toa="null" sc_toa="null" service_center="null" read="1" status="0" locked="0" date_sent="0" readable_date="07-11-2015 18:07:11" contact_name="(Unknown)" />
  <sms protocol="0" address="0983650782" date="1446894443692" type="2" subject="null" body="Tin 3: xi3:66,79,97*1d.xi2:12,99*20d.,xi3:38,45,99*20d.xi3:12,15,72*30d.xi2:36,55*50d.xi3:52,57,99*2d." toa="null" sc_toa="null" service_center="null" read="1" status="0" locked="0" date_sent="0" readable_date="07-11-2015 18:07:23" contact_name="A T 782 Lv" />
  <sms protocol="0" address="+841685897838" date="1446894464147" type="1" subject="null" body="Xien21 27x20N 52 97x20N)" toa="null" sc_toa="null" service_center="null" read="1" status="-1" locked="0" date_sent="0" readable_date="07-11-2015 18:07:44" contact_name="Chi H. v. b" />
  <sms protocol="0" address="01685897838" date="1446894479696" type="2" subject="null" body="Nhan 9 tin." toa="null" sc_toa="null" service_center="null" read="1" status="0" locked="0" date_sent="0" readable_date="07-11-2015 18:07:59" contact_name="Chi H. v. b" />
  <sms protocol="0" address="0983650782" date="1446894490192" type="2" subject="null" body="Tin 4: xi2:21,27*2d.,xi2:52,97*2d." toa="null" sc_toa="null" service_center="null" read="1" status="0" locked="0" date_sent="0" readable_date="07-11-2015 18:08:10" contact_name="A T 782 Lv" />
  <sms protocol="0" address="+841677281854" date="1446894496670" type="1" subject="null" body="Nhan 4 tin.so tin cuoi:4." toa="null" sc_toa="null" service_center="null" read="1" status="-1" locked="0" date_sent="0" readable_date="07-11-2015 18:08:16" contact_name="(Unknown)" />
  <sms protocol="0" address="+84983650782" date="1446894574082" type="1" subject="null" body="Em gui cho Anh 4 tin" toa="null" sc_toa="null" service_center="null" read="1" status="-1" locked="0" date_sent="0" readable_date="07-11-2015 18:09:34" contact_name="A T 782 Lv" />
  <sms protocol="0" address="+841685897838" date="1446894592038" type="1" subject="null" body="Lo.66.99.969.565.242.x200d" toa="null" sc_toa="null" service_center="null" read="1" status="-1" locked="0" date_sent="0" readable_date="07-11-2015 18:09:52" contact_name="Chi H. v. b" />
  <sms protocol="0" address="01685897838" date="1446894596701" type="2" subject="null" body="Nhan 10 tin." toa="null" sc_toa="null" service_center="null" read="1" status="0" locked="0" date_sent="0" readable_date="07-11-2015 18:09:56" contact_name="Chi H. v. b" />
  <sms protocol="0" address="01685897838" date="1446894598199" type="2" subject="null" body="Nhan 10 tin." toa="null" sc_toa="null" service_center="null" read="1" status="0" locked="0" date_sent="0" readable_date="07-11-2015 18:09:58" contact_name="Chi H. v. b" />
  <sms protocol="0" address="01677281854" date="1446894614694" type="2" subject="null" body="Tin 5: lo:24,42,56,65,66,69,96,99x200d." toa="null" sc_toa="null" service_center="null" read="1" status="0" locked="0" date_sent="0" readable_date="07-11-2015 18:10:14" contact_name="(Unknown)" />
  <sms protocol="0" address="+84914967139" date="1446894626833" type="1" subject="null" body="kep bang x400n.kep lech x 100n.36 x400n.04.030.56 x200n.95.85.979.66x100n." toa="null" sc_toa="null" service_center="null" read="1" status="-1" locked="0" date_sent="0" readable_date="07-11-2015 18:10:26" contact_name="(Unknown)" />
  <sms protocol="0" address="0914967139" date="1446894634194" type="2" subject="null" body="Nhan 1 tin." toa="null" sc_toa="null" service_center="null" read="1" status="0" locked="0" date_sent="0" readable_date="07-11-2015 18:10:34" contact_name="(Unknown)" />
  <sms protocol="0" address="0914967139" date="1446894635693" type="2" subject="null" body="Nhan 1 tin." toa="null" sc_toa="null" service_center="null" read="1" status="0" locked="0" date_sent="0" readable_date="07-11-2015 18:10:35" contact_name="(Unknown)" />
  <sms protocol="0" address="+841677281854" date="1446894645135" type="1" subject="null" body="Nhan 5 tin.so tin cuoi:5." toa="null" sc_toa="null" service_center="null" read="1" status="-1" locked="0" date_sent="0" readable_date="07-11-2015 18:10:45" contact_name="(Unknown)" />
  <sms protocol="0" address="+84977655973" date="1446894686744" type="1" subject="null" body="Lo 06 45x10d duoi 1x15n dau 0x10n 00 81x75n 11 33 656 60 595 55 99 66x10n" toa="null" sc_toa="null" service_center="null" read="1" status="-1" locked="0" date_sent="0" readable_date="07-11-2015 18:11:26" contact_name="A Su Cong Tinh Uy" />
  <sms protocol="0" address="0977655973" date="1446894703194" type="2" subject="null" body="BAC gui cho EM 1 tin" toa="null" sc_toa="null" service_center="null" read="1" status="0" locked="0" date_sent="0" readable_date="07-11-2015 18:11:43" contact_name="A Su Cong Tinh Uy" />
  <sms protocol="0" address="01677281854" date="1446894713693" type="2" subject="null" body="Tin 6: lo:06,45x10d." toa="null" sc_toa="null" service_center="null" read="1" status="0" locked="0" date_sent="0" readable_date="07-11-2015 18:11:53" contact_name="(Unknown)" />
  <sms protocol="0" address="+841677281854" date="1446894736367" type="1" subject="null" body="Nhan 6 tin.so tin cuoi:6." toa="null" sc_toa="null" service_center="null" read="1" status="-1" locked="0" date_sent="0" readable_date="07-11-2015 18:12:16" contact_name="(Unknown)" />
  <sms protocol="0" address="+841685897838" date="1446894742906" type="1" subject="null" body="De,hai kép x4000n020.252.090626'060.010.727.242.66.77.757.050.55.838.96.464.44.x800n" toa="null" sc_toa="null" service_center="null" read="1" status="-1" locked="0" date_sent="0" readable_date="07-11-2015 18:12:22" contact_name="Chi H. v. b" />
  <sms protocol="0" address="01685897838" date="1446894767696" type="2" subject="null" body="Nhan 11 tin." toa="null" sc_toa="null" service_center="null" read="1" status="0" locked="0" date_sent="0" readable_date="07-11-2015 18:12:47" contact_name="Chi H. v. b" />
  <sms protocol="0" address="0979399373" date="1446894790195" type="2" subject="null" body="Nhan 2 tin.. HET LO" toa="null" sc_toa="null" service_center="null" read="1" status="32" locked="0" date_sent="0" readable_date="07-11-2015 18:13:10" contact_name="A Tung Thuy?" />
  <sms protocol="0" address="0973836212" date="1446894791705" type="2" subject="null" body="Nhan 2 tin.so tin cuoi:2.. HET LO" toa="null" sc_toa="null" service_center="null" read="1" status="32" locked="0" date_sent="0" readable_date="07-11-2015 18:13:11" contact_name="Tien Em" />
  <sms protocol="0" address="0983099345" date="1446894793196" type="2" subject="null" body="Nhan 8 tin.. HET LO" toa="null" sc_toa="null" service_center="null" read="1" status="32" locked="0" date_sent="0" readable_date="07-11-2015 18:13:13" contact_name="Viet Bo" />
  <sms protocol="0" address="01628909893" date="1446894794693" type="2" subject="null" body="Nhan 1 tin.. HET LO" toa="null" sc_toa="null" service_center="null" read="1" status="0" locked="0" date_sent="0" readable_date="07-11-2015 18:13:14" contact_name="A M" />
  <sms protocol="0" address="01685897838" date="1446894796199" type="2" subject="null" body="Nhan 11 tin.. HET LO" toa="null" sc_toa="null" service_center="null" read="1" status="0" locked="0" date_sent="0" readable_date="07-11-2015 18:13:16" contact_name="Chi H. v. b" />
  <sms protocol="0" address="0968193922" date="1446894797693" type="2" subject="null" body="Nhan 1 tin.. HET LO" toa="null" sc_toa="null" service_center="null" read="1" status="0" locked="0" date_sent="0" readable_date="07-11-2015 18:13:17" contact_name="(Unknown)" />
  <sms protocol="0" address="0914967139" date="1446894799192" type="2" subject="null" body="Nhan 1 tin.. HET LO" toa="null" sc_toa="null" service_center="null" read="1" status="0" locked="0" date_sent="0" readable_date="07-11-2015 18:13:19" contact_name="(Unknown)" />
  <sms protocol="0" address="0977655973" date="1446894800703" type="2" subject="null" body="Nhan 1 tin.. HET LO" toa="null" sc_toa="null" service_center="null" read="1" status="0" locked="0" date_sent="0" readable_date="07-11-2015 18:13:20" contact_name="A Su Cong Tinh Uy" />
  <sms protocol="0" address="0974929818" date="1446894854707" type="2" subject="null" body="Tin 1: De:66,77,55,44,05,27,83,38,50,72,00,22,11,33,99,88,61,16,49,94,06,30,60,09,01,03,02,10,25,96,20,24,26,42,46,52,57,64,75x400n.36x315n.04x240n.59x210n.95x175n.56,85x110n." toa="null" sc_toa="null" service_center="null" read="1" status="0" locked="0" date_sent="0" readable_date="07-11-2015 18:14:14" contact_name="Chu Phuc Son Tay" />
  <sms protocol="0" address="+84974929818" date="1446894867380" type="1" subject="null" body="Nhan 1 tin.so tin cuoi:1." toa="null" sc_toa="null" service_center="null" read="1" status="-1" locked="0" date_sent="0" readable_date="07-11-2015 18:14:27" contact_name="Chu Phuc Son Tay" />
  <sms protocol="0" address="+84914967139" date="1446894873870" type="1" subject="null" body="De   dau dit   6 x  20 n   06  60 16 61 66  x 30 n  &#10;Lo  96 69 06 60 x 20 d  07 70 01 10 16 61 66 62 99 x 10 d  Xien  96 39 99 x 20  d " toa="null" sc_toa="null" service_center="null" read="1" status="-1" locked="0" date_sent="0" readable_date="07-11-2015 18:14:33" contact_name="(Unknown)" />
  <sms protocol="0" address="0914967139" date="1446894877198" type="2" subject="null" body="Nhan 2 tin." toa="null" sc_toa="null" service_center="null" read="1" status="0" locked="0" date_sent="0" readable_date="07-11-2015 18:14:37" contact_name="(Unknown)" />
  <sms protocol="0" address="0983650782" date="1446894895193" type="2" subject="null" body="Tin 5: xi3:39,96,99*20d." toa="null" sc_toa="null" service_center="null" read="1" status="0" locked="0" date_sent="0" readable_date="07-11-2015 18:14:55" contact_name="A T 782 Lv" />
  <sms protocol="0" address="+84914967139" date="1446894909604" type="1" subject="null" body="de dau 9 x200n.898x100. " toa="null" sc_toa="null" service_center="null" read="1" status="-1" locked="0" date_sent="0" readable_date="07-11-2015 18:15:09" contact_name="(Unknown)" />
  <sms protocol="0" address="0914967139" date="1446894913194" type="2" subject="null" body="Nhan 3 tin." toa="null" sc_toa="null" service_center="null" read="1" status="0" locked="0" date_sent="0" readable_date="07-11-2015 18:15:13" contact_name="(Unknown)" />
  <sms protocol="0" address="0914967139" date="1446894914699" type="2" subject="null" body="Nhan 3 tin." toa="null" sc_toa="null" service_center="null" read="1" status="0" locked="0" date_sent="0" readable_date="07-11-2015 18:15:14" contact_name="(Unknown)" />
  <sms protocol="0" address="0974929818" date="1446894932692" type="2" subject="null" body="Tin 2: De:98x215n.90,97x210n.95x200n.91x125n.92,93x120n.08x40n.36,56x20n.89x15n.45x10n.40x5n." toa="null" sc_toa="null" service_center="null" read="1" status="0" locked="0" date_sent="0" readable_date="07-11-2015 18:15:32" contact_name="Chu Phuc Son Tay" />
  <sms protocol="0" address="+84974929818" date="1446894945316" type="1" subject="null" body="Nhan 2 tin.so tin cuoi:2." toa="null" sc_toa="null" service_center="null" read="1" status="-1" locked="0" date_sent="0" readable_date="07-11-2015 18:15:45" contact_name="Chu Phuc Son Tay" />
  <sms protocol="0" address="0964386982" date="1446894949194" type="2" subject="null" body="Tin 2: De:66,77,55,44,05,27,83,38,50,72,99,00,22,11,33,88,94,61,16,49,06,30x600n.60x560n.96x535n.09x460n.01x365n.03x350n.02x340n.10x325n.25,26,46,64x320n.20,24,42,52,57,75x300n." toa="null" sc_toa="null" service_center="null" read="1" status="0" locked="0" date_sent="0" readable_date="07-11-2015 18:15:49" contact_name="A Duc" />
  <sms protocol="0" address="+841685897838" date="1446894956939" type="1" subject="null" body="De.070.08,76.14.31.545.686.71.949.747.60.565.121.15.17.13.23.24.252.27.35.33.34.41.46.48.55.61.63.696.77.797.595.99.898.x300n" toa="null" sc_toa="null" service_center="null" read="1" status="-1" locked="0" date_sent="0" readable_date="07-11-2015 18:15:56" contact_name="Chi H. v. b" />
  <sms protocol="0" address="01685897838" date="1446894961193" type="2" subject="null" body="Nhan 12 tin." toa="null" sc_toa="null" service_center="null" read="1" status="0" locked="0" date_sent="0" readable_date="07-11-2015 18:16:01" contact_name="Chi H. v. b" />
  <sms protocol="0" address="0974929818" date="1446894973194" type="2" subject="null" body="Tin 3: De:08,35,45,54,79,89x300n.56x270n.07,74x250n.65x240n.21,63,69x230n.12,41x225n.13,14,15,17,23,68,76,86x220n.31,71x215n.47x210n.34x205n.48,70x200n.59,97x190n.98x185n.95x25n." toa="null" sc_toa="null" service_center="null" read="1" status="0" locked="0" date_sent="0" readable_date="07-11-2015 18:16:13" contact_name="Chu Phuc Son Tay" />
  <sms protocol="0" address="0964386982" date="1446894985195" type="2" subject="null" body="Tin 3: De:24,52x300n.25,46x280n.95x275n.98x115n.59,97x110n.96x65n.60x40n.56x30n." toa="null" sc_toa="null" service_center="null" read="1" status="0" locked="0" date_sent="0" readable_date="07-11-2015 18:16:25" contact_name="A Duc" />
  <sms protocol="0" address="+84964386982" date="1446894986337" type="1" subject="null" body="em gui cho anh 2 tin" toa="null" sc_toa="null" service_center="null" read="1" status="-1" locked="0" date_sent="0" readable_date="07-11-2015 18:16:26" contact_name="A Duc" />
  <sms protocol="0" address="+84974929818" date="1446894998887" type="1" subject="null" body="Nhan 3 tin.so tin cuoi:3." toa="null" sc_toa="null" service_center="null" read="1" status="-1" locked="0" date_sent="0" readable_date="07-11-2015 18:16:38" contact_name="Chu Phuc Son Tay" />
  <sms protocol="0" address="01677281854" date="1446895057195" type="2" subject="null" body="Tin7: de:66x4955n.77x4675n.55x4585n.44x4275n.27x4135n.99x4005n.05x3875n.83x3825n.38,50,72x3815n.33x3805n.00x3590n.22,94x3525n.11x3520n.61x3500n.88x3475n.49x3345n.16x3185n.06x790n.60x360n.96x335n.30x300n.25,46x120n." toa="null" sc_toa="null" service_center="null" read="1" status="0" locked="0" date_sent="0" readable_date="07-11-2015 18:17:37" contact_name="(Unknown)" />
  <sms protocol="0" address="01677281854" date="1446895069196" type="2" subject="null" body="Tin8: de:01,02,03,04,07,08,09,10,12,13,14,15,17,20,21,23,24,26,31,34,35,36,40,41,42,45,47,48,52,53,54,56,57,58,59,63,64,65,68,69,70,71,74,75,76,79,80,81,85,86,89,90,91,92,93,95,97,98x100n.84x50n.67x30n.18,19,62,87x20n.51x15n.29,43x10n.32,78x5n." toa="null" sc_toa="null" service_center="null" read="1" status="0" locked="0" date_sent="0" readable_date="07-11-2015 18:17:49" contact_name="(Unknown)" />
  <sms protocol="0" address="+841677281854" date="1446895100774" type="1" subject="null" body="Nhan 7 tin.so tin cuoi:7." toa="null" sc_toa="null" service_center="null" read="1" status="-1" locked="0" date_sent="0" readable_date="07-11-2015 18:18:20" contact_name="(Unknown)" />
  <sms protocol="0" address="+841677281854" date="1446895106034" type="1" subject="null" body="Nhan 8 tin.so tin cuoi:8." toa="null" sc_toa="null" service_center="null" read="1" status="-1" locked="0" date_sent="0" readable_date="07-11-2015 18:18:26" contact_name="(Unknown)" />
  <sms protocol="0" address="+841685897838" date="1446895145836" type="1" subject="null" body="Ba.cang.181.175.257.517.651.569.564.296.547.530.160.960.485.512.262.252.752.238.555.444.949.999..x100n.he00 33x500n" toa="null" sc_toa="null" service_center="null" read="1" status="-1" locked="0" date_sent="0" readable_date="07-11-2015 18:19:05" contact_name="Chi H. v. b" />
  <sms protocol="0" address="+84964386982" date="1446895152260" type="1" subject="null" body="em gui cho anh 3 tin" toa="null" sc_toa="null" service_center="null" read="1" status="-1" locked="0" date_sent="0" readable_date="07-11-2015 18:19:12" contact_name="A Duc" />
  <sms protocol="0" address="01685897838" date="1446895156197" type="2" subject="null" body="Nhan 13 tin." toa="null" sc_toa="null" service_center="null" read="1" status="0" locked="0" date_sent="0" readable_date="07-11-2015 18:19:16" contact_name="Chi H. v. b" />
  <sms protocol="0" address="01685897838" date="1446895159193" type="2" subject="null" body="Nhan 13 tin." toa="null" sc_toa="null" service_center="null" read="1" status="0" locked="0" date_sent="0" readable_date="07-11-2015 18:19:19" contact_name="Chi H. v. b" />
  <sms protocol="0" address="0983650782" date="1446895169694" type="2" subject="null" body="Tin 6: Ba cang:160,175,181,238,252,257,262,296,444,485,512,517,530,547,555,564,569,651,752,949,960,999x100n." toa="null" sc_toa="null" service_center="null" read="1" status="0" locked="0" date_sent="0" readable_date="07-11-2015 18:19:29" contact_name="A T 782 Lv" />
  <sms protocol="0" address="01677281854" date="1446895184698" type="2" subject="null" body="Tin 9: De:00,05,33,38,50,55,83,88x500n." toa="null" sc_toa="null" service_center="null" read="1" status="0" locked="0" date_sent="0" readable_date="07-11-2015 18:19:44" contact_name="(Unknown)" />
  <sms protocol="0" address="+841677281854" date="1446895209697" type="1" subject="null" body="Nhan 9 tin.so tin cuoi:9." toa="null" sc_toa="null" service_center="null" read="1" status="-1" locked="0" date_sent="0" readable_date="07-11-2015 18:20:09" contact_name="(Unknown)" />
  <sms protocol="0" address="0979399373" date="1446895234194" type="2" subject="null" body="Nhan 2 tin.. HET DE" toa="null" sc_toa="null" service_center="null" read="1" status="32" locked="0" date_sent="0" readable_date="07-11-2015 18:20:34" contact_name="A Tung Thuy?" />
  <sms protocol="0" address="0973836212" date="1446895235697" type="2" subject="null" body="Nhan 2 tin.so tin cuoi:2.. HET DE" toa="null" sc_toa="null" service_center="null" read="1" status="0" locked="0" date_sent="0" readable_date="07-11-2015 18:20:35" contact_name="Tien Em" />
  <sms protocol="0" address="0983099345" date="1446895237194" type="2" subject="null" body="Nhan 8 tin.. HET DE" toa="null" sc_toa="null" service_center="null" read="1" status="32" locked="0" date_sent="0" readable_date="07-11-2015 18:20:37" contact_name="Viet Bo" />
  <sms protocol="0" address="01628909893" date="1446895238699" type="2" subject="null" body="Nhan 1 tin.. HET DE" toa="null" sc_toa="null" service_center="null" read="1" status="32" locked="0" date_sent="0" readable_date="07-11-2015 18:20:38" contact_name="A M" />
  <sms protocol="0" address="01685897838" date="1446895240195" type="2" subject="null" body="Nhan 13 tin.. HET DE" toa="null" sc_toa="null" service_center="null" read="1" status="0" locked="0" date_sent="0" readable_date="07-11-2015 18:20:40" contact_name="Chi H. v. b" />
  <sms protocol="0" address="0968193922" date="1446895241692" type="2" subject="null" body="Nhan 1 tin.. HET DE" toa="null" sc_toa="null" service_center="null" read="1" status="32" locked="0" date_sent="0" readable_date="07-11-2015 18:20:41" contact_name="(Unknown)" />
  <sms protocol="0" address="0914967139" date="1446895243193" type="2" subject="null" body="Nhan 3 tin.. HET DE" toa="null" sc_toa="null" service_center="null" read="1" status="0" locked="0" date_sent="0" readable_date="07-11-2015 18:20:43" contact_name="(Unknown)" />
  <sms protocol="0" address="0977655973" date="1446895244694" type="2" subject="null" body="Nhan 1 tin.. HET DE" toa="null" sc_toa="null" service_center="null" read="1" status="32" locked="0" date_sent="0" readable_date="07-11-2015 18:20:44" contact_name="A Su Cong Tinh Uy" />
  <sms protocol="0" address="+84983650782" date="1446895282134" type="1" subject="null" body="Em gui cho Anh 6 tin" toa="null" sc_toa="null" service_center="null" read="1" status="-1" locked="0" date_sent="0" readable_date="07-11-2015 18:21:22" contact_name="A T 782 Lv" />
  <sms protocol="0" address="+841677281854" date="1446895461398" type="1" subject="null" body="chau gui cho co 9 tin" toa="null" sc_toa="null" service_center="null" read="1" status="-1" locked="0" date_sent="0" readable_date="07-11-2015 18:24:21" contact_name="(Unknown)" />
  <sms protocol="0" address="0968193922" date="1446895714198" type="2" subject="null" body="Ngay:07/11/2015&#13;&#10;chị chuyen cho EM&#13;&#10;Xien:30,0=204,0n&#13;&#10;chị bu cho EM:204,0n&#13;&#10;" toa="null" sc_toa="null" service_center="null" read="1" status="0" locked="0" date_sent="0" readable_date="07-11-2015 18:28:34" contact_name="(Unknown)" />
  <sms protocol="0" address="+84974929818" date="1446895714652" type="1" subject="null" body="Ngay:07/11/2015&#10;chau chuyen cho chu&#10;De:25615,0=18314,7n&#10;Th de:220,0=15400,0n&#10;chau bu cho chu:2914,7n&#10;" toa="null" sc_toa="null" service_center="null" read="1" status="-1" locked="0" date_sent="0" readable_date="07-11-2015 18:28:34" contact_name="Chu Phuc Son Tay" />
  <sms protocol="0" address="0983099345" date="1446895717195" type="2" subject="null" body="Ngay:07/11/2015&#13;&#10;Ban chuyen cho toi&#13;&#10;De:1620,0=1182,6n&#13;&#10;Lo:325,0=7085,0n&#13;&#10;Xien:30,0=195,0n&#13;&#10;Th de:20,0=1400,0n&#13;&#10;Th lo:180,0=14400,0n&#13;&#10;toi bu cho Ban:7337,4n&#13;&#10;" toa="null" sc_toa="null" service_center="null" read="1" status="32" locked="0" date_sent="0" readable_date="07-11-2015 18:28:37" contact_name="Viet Bo" />
  <sms protocol="0" address="01685897838" date="1446895723197" type="2" subject="null" body="Ngay:07/11/2015&#13;&#10;chi chuyen cho EM&#13;&#10;De:126290,0=90928,8n&#13;&#10;Lo:3330,0=72427,5n&#13;&#10;3Cang:2200,0=1518,0n&#13;&#10;Xien:109,5=711,8n&#13;&#10;Th de:300,0=21000,0n&#13;&#10;Th lo:600,0=48000,0n&#13;&#10;chi bu cho EM:96586,0n&#13;&#10;" toa="null" sc_toa="null" service_center="null" read="1" status="0" locked="0" date_sent="0" readable_date="07-11-2015 18:28:43" contact_name="Chi H. v. b" />
  <sms protocol="0" address="0983650782" date="1446895726197" type="2" subject="null" body="Ngay:07/11/2015&#13;&#10;em chuyen cho anh&#13;&#10;3Cang:2200,0=1452,0n&#13;&#10;Xien:232,0=1392,0n&#13;&#10;em bu cho anh:2844,0n&#13;&#10;" toa="null" sc_toa="null" service_center="null" read="1" status="0" locked="0" date_sent="0" readable_date="07-11-2015 18:28:46" contact_name="A T 782 Lv" />
  <sms protocol="0" address="01677281854" date="1446895730704" type="2" subject="null" body="Ngay:07/11/2015&#13;&#10;chau chuyen cho co&#13;&#10;De:89275,0=64278,0n&#13;&#10;Lo:3548,0=76991,6n&#13;&#10;Thuong de:100,0=7000,0n&#13;&#10;Thuong lo:660,0=52800,0n&#13;&#10;chau bu cho co:81469,6n&#13;&#10;" toa="null" sc_toa="null" service_center="null" read="1" status="32" locked="0" date_sent="0" readable_date="07-11-2015 18:28:50" contact_name="(Unknown)" />
  <sms protocol="0" address="0964386982" date="1446895735197" type="2" subject="null" body="Ngay:07/11/2015&#13;&#10;em chuyen cho anh&#13;&#10;De:21120,0=15121,9n&#13;&#10;Lo:340,0=7384,8n&#13;&#10;Xien:5,0=30,0n&#13;&#10;Thuong lo:130,0=10400,0n&#13;&#10;em bu cho anh:12136,7n&#13;&#10;" toa="null" sc_toa="null" service_center="null" read="1" status="32" locked="0" date_sent="0" readable_date="07-11-2015 18:28:55" contact_name="A Duc" />
  <sms protocol="0" address="0977655973" date="1446895738197" type="2" subject="null" body="Ngay:07/11/2015&#13;&#10;BAC chuyen cho EM&#13;&#10;De:500,0=400,0n&#13;&#10;Lo:20,0=450,0n&#13;&#10;BAC bu cho EM:850,0n&#13;&#10;" toa="null" sc_toa="null" service_center="null" read="1" status="0" locked="0" date_sent="0" readable_date="07-11-2015 18:28:58" contact_name="A Su Cong Tinh Uy" />
  <sms protocol="0" address="0974929818" date="1446895742692" type="2" subject="null" body="Ngay:07/11/2015&#13;&#10;chau  chuyen cho chu&#13;&#10;De:25615,0=18314,7n&#13;&#10;Thuong de:220,0=15400,0n&#13;&#10;chau  bu cho chu:2914,7n&#13;&#10;" toa="null" sc_toa="null" service_center="null" read="1" status="32" locked="0" date_sent="0" readable_date="07-11-2015 18:29:02" contact_name="Chu Phuc Son Tay" />
  <sms protocol="0" address="0914967139" date="1446895747192" type="2" subject="null" body="Ngay:07/11/2015&#13;&#10;chi chuyen cho EM&#13;&#10;De:9450,0=6804,0n&#13;&#10;Lo:170,0=3697,5n&#13;&#10;Xien:20,0=140,0n&#13;&#10;Th lo:20,0=1600,0n&#13;&#10;chi bu cho EM:9041,5n&#13;&#10;" toa="null" sc_toa="null" service_center="null" read="1" status="32" locked="0" date_sent="0" readable_date="07-11-2015 18:29:07" contact_name="(Unknown)" />
  <sms protocol="0" address="0973836212" date="1446895753195" type="2" subject="null" body="Ngay:07/11/2015&#13;&#10;may chuyen cho tao&#13;&#10;Lo:133,0=2899,4n&#13;&#10;Xien:50,0=350,0n&#13;&#10;may bu cho tao:3249,4n&#13;&#10;" toa="null" sc_toa="null" service_center="null" read="1" status="0" locked="0" date_sent="0" readable_date="07-11-2015 18:29:13" contact_name="Tien Em" />
  <sms protocol="0" address="01628909893" date="1446895756194" type="2" subject="null" body="Ngay:07/11/2015&#13;&#10;anh chuyen cho EM&#13;&#10;De:100,0=80,0n&#13;&#10;Lo:30,0=675,0n&#13;&#10;anh bu cho EM:755,0n&#13;&#10;" toa="null" sc_toa="null" service_center="null" read="1" status="0" locked="0" date_sent="0" readable_date="07-11-2015 18:29:16" contact_name="A M" />
  <sms protocol="0" address="0979399373" date="1446895760693" type="2" subject="null" body="Ngay:07/11/2015&#13;&#10;Anh chuyen cho EM&#13;&#10;De:50,0=37,5n&#13;&#10;Lo:50,0=1100,0n&#13;&#10;Th lo:10,0=800,0n&#13;&#10;Anh bu cho EM:337,5n&#13;&#10;" toa="null" sc_toa="null" service_center="null" read="1" status="32" locked="0" date_sent="0" readable_date="07-11-2015 18:29:20" contact_name="A Tung Thuy?" />
  <sms protocol="0" address="+84983650782" date="1446895786223" type="1" subject="null" body="Ngay:07/11/2015&#10;Em chuyen cho Anh&#10;3Cang:2200,0=1452,0n&#10;Xien:232,0=1392,0n&#10;Em bu cho Anh:2844,0n&#10;" toa="null" sc_toa="null" service_center="null" read="1" status="-1" locked="0" date_sent="0" readable_date="07-11-2015 18:29:46" contact_name="A T 782 Lv" />
  <sms protocol="0" address="5055" date="1446895818591" type="1" subject="null" body="07/11:&#10;DB:77915&#10;1:93688&#10;2:44312-27514&#10;3:16543-53657-75712-34977-29328-71663&#10;4:7882-0623-6412-0407&#10;5:0576-0951-2532-3241-9439-2415&#10;6:890-980-135&#10;7:54-98-80-70 " toa="null" sc_toa="null" service_center="null" read="1" status="-1" locked="0" date_sent="0" readable_date="07-11-2015 18:30:18" contact_name="(Unknown)" />
  <sms protocol="0" address="01685897838" date="1446895835695" type="2" subject="null" body="Ngay:07/11/2015&#13;&#10;chi chuyen cho EM&#13;so lieu 2 sim&#10;De:133540,0=96148,8n&#13;&#10;Lo:3500,0=76125,0n&#13;&#10;3Cang:2200,0=1518,0n&#13;&#10;Xien:129,5=841,8n&#13;&#10;Th de:300,0=21000,0n&#13;&#10;Th lo:620,0=49600,0n&#13;&#10;chi bu cho EM:104033,6n&#13;&#10;" toa="null" sc_toa="null" service_center="null" read="1" status="0" locked="0" date_sent="0" readable_date="07-11-2015 18:30:35" contact_name="Chi H. v. b" />
  <sms protocol="0" address="+84983650782" date="1446895856229" type="1" subject="null" body="Tinh den het ngay:06/11/15 Anh thu 579n&#10;Ngay:07/11/15 Em-2844n &#10;Tong cong: Anh thu 3423" toa="null" sc_toa="null" service_center="null" read="1" status="-1" locked="0" date_sent="0" readable_date="07-11-2015 18:30:56" contact_name="A T 782 Lv" />
  <sms protocol="0" address="01685897838" date="1446895874722" type="2" subject="null" body="Ngay:07/11/2015&#13;lay tin nay&#10;chi chuyen cho EM&#13;&#10;De:133540,0=96148,8n&#13;&#10;Lo:3500,0=76125,0n&#13;&#10;3Cang:2200,0=1562,0n&#13;&#10;Xien:129,5=867,6n&#13;&#10;Th de:300,0=21000,0n&#13;&#10;Th lo:620,0=49600,0n&#13;&#10;chi bu cho EM:104103,4n&#13;&#10;" toa="null" sc_toa="null" service_center="null" read="1" status="0" locked="0" date_sent="0" readable_date="07-11-2015 18:31:14" contact_name="Chi H. v. b" />
  <sms protocol="0" address="+841677281854" date="1446895883146" type="1" subject="null" body="Ngay:07/11/2015&#10;chau chuyen cho co&#10;De:89275,0=64278,0n&#10;Lo:3548,0=76991,6n&#10;Th de:100,0=7000,0n&#10;Th lo:660,0=52800,0n&#10;chau bu cho co:81469,6n&#10;" toa="null" sc_toa="null" service_center="null" read="0" status="-1" locked="0" date_sent="0" readable_date="07-11-2015 18:31:23" contact_name="(Unknown)" />
  <sms protocol="0" address="+84964386982" date="1446895922240" type="1" subject="null" body="Ngay:07/11/2015&#10;em chuyen cho anh&#10;De:21120,0=15121,9n&#10;Lo:340,0=7384,8n&#10;Xien:5,0=30,0n&#10;Th lo:130,0=10400,0n&#10;em bu cho anh:12136,7n&#10;" toa="null" sc_toa="null" service_center="null" read="1" status="-1" locked="0" date_sent="0" readable_date="07-11-2015 18:32:02" contact_name="A Duc" />
  <sms protocol="0" address="0973836212" date="1446895981574" type="2" subject="null" body="Tinh den het ngay:06/11/15 tao thu 7160n&#13;&#10;Ngay:07/11/15 may+4600n -3249n &#13;&#10;Tong cong: tao thu 5809" toa="null" sc_toa="null" service_center="null" read="1" status="0" locked="0" date_sent="0" readable_date="07-11-2015 18:33:01" contact_name="Tien Em" />
  <sms protocol="0" address="0974929818" date="1446895992709" type="2" subject="null" body="Tinh den het ngay:06/11/15 chau  bu 15419n&#13;&#10;Ngay:07/11/15 chu+2914n &#13;&#10;Tong cong: chau  bu 18333" toa="null" sc_toa="null" service_center="null" read="1" status="0" locked="0" date_sent="0" readable_date="07-11-2015 18:33:12" contact_name="Chu Phuc Son Tay" />
  <sms protocol="0" address="01628909893" date="1446896004078" type="2" subject="null" body="Tinh den het ngay:06/11/15 EM bu 3973n&#13;&#10;Ngay:07/11/15 anh-755n -1000n &#13;&#10;Tong cong: EM bu 2218" toa="null" sc_toa="null" service_center="null" read="1" status="0" locked="0" date_sent="0" readable_date="07-11-2015 18:33:24" contact_name="A M" />
  <sms protocol="0" address="01632029067" date="1446896036918" type="2" subject="null" body="Tinh den het ngay:06/11/15 EM thu 528n&#13;&#10;Ngay:07/11/15 Chị-204n &#13;&#10;Tong cong: EM thu 732" toa="null" sc_toa="null" service_center="null" read="1" status="0" locked="0" date_sent="0" readable_date="07-11-2015 18:33:56" contact_name="(Unknown)" />
  <sms protocol="0" address="0977655973" date="1446896051389" type="2" subject="null" body="Tinh den het ngay:06/11/15 EM thu 1238n&#13;&#10;Ngay:07/11/15 BAC-850n &#13;&#10;Tong cong: EM thu 2088" toa="null" sc_toa="null" service_center="null" read="1" status="0" locked="0" date_sent="0" readable_date="07-11-2015 18:34:11" contact_name="A Su Cong Tinh Uy" />
  <sms protocol="0" address="0979399373" date="1446896061321" type="2" subject="null" body="Tinh den het ngay:06/11/15 EM thu 858n&#13;&#10;Ngay:07/11/15 Anh-337n &#13;&#10;Tong cong: EM thu 1195" toa="null" sc_toa="null" service_center="null" read="1" status="0" locked="0" date_sent="0" readable_date="07-11-2015 18:34:21" contact_name="A Tung Thuy?" />
  <sms protocol="0" address="0983099345" date="1446896063389" type="2" subject="null" body="Tinh den het ngay:06/11/15 toi thu 177463n&#13;&#10;Ngay:07/11/15 Ban+130000n -104033n +7337n &#13;&#10;Tong cong: toi thu 144159" toa="null" sc_toa="null" service_center="null" read="1" status="32" locked="0" date_sent="0" readable_date="07-11-2015 18:34:23" contact_name="Viet Bo" />
  <sms protocol="0" address="0983650782" date="1446896068103" type="2" subject="null" body="Tinh den het ngay:06/11/15 em bu 579n&#13;&#10;Ngay:07/11/15 anh+2844n &#13;&#10;Tong cong: em bu 3423" toa="null" sc_toa="null" service_center="null" read="1" status="0" locked="0" date_sent="0" readable_date="07-11-2015 18:34:28" contact_name="A T 782 Lv" />
  <sms protocol="0" address="+84974929818" date="1446896078644" type="1" subject="null" body="Ok chau" toa="null" sc_toa="null" service_center="null" read="1" status="-1" locked="0" date_sent="0" readable_date="07-11-2015 18:34:38" contact_name="Chu Phuc Son Tay" />
</smses>