<?xml version='1.0' encoding='UTF-8' standalone='yes' ?>
<!--File Created By SMS Backup & Restore Pro v7.21 on 10/11/2015 21:10:23-->
<?xml-stylesheet type="text/xsl" href="sms.xsl"?>
<smses count="141">
  <sms protocol="0" address="0978475222" date="1447113864535" type="2" subject="null" body="Lai ngay mung 10 ka 225 tat ca la 315" toa="null" sc_toa="null" service_center="null" read="1" status="0" locked="0" date_sent="0" readable_date="10-11-2015 07:04:24" contact_name="Huy Ly 222" />
  <sms protocol="0" address="01632468512" date="1447113864843" type="2" subject="null" body="Lai ngay mung 10 ka 225 tat ca la 315" toa="null" sc_toa="null" service_center="null" read="1" status="0" locked="0" date_sent="0" readable_date="10-11-2015 07:04:24" contact_name="Huy ly2" />
  <sms protocol="0" address="109" date="1447115440635" type="1" subject="null" body="Viettel da gia han thanh cong tinh nang VT100. Quy khach co 200 tin nhan noi mang va cuoc goi noi mang giam con 200d/phut tru tai khoan goc. TKKM se tru theo quy dinh goi cuoc. Cuoc goi se tru tu TK goc den TK KM. KM ap dung den 24h ngay dang ky. De kiem tra so tin nhan, soan KT100 gui 109 (100d/tin).  Huy gia han, soan HUYVT gui 109 (100d/tin). Chi tiet LH 198 (200d/phut)." toa="null" sc_toa="null" service_center="+84980200037" read="1" status="-1" locked="0" date_sent="1447115431000" readable_date="10-11-2015 07:30:40" contact_name="(Unknown)" />
  <sms protocol="0" address="+84978475222" date="1447117692737" type="1" subject="null" body="Ok. Chiêu t đua nhe" toa="null" sc_toa="null" service_center="+84980200613" read="1" status="-1" locked="0" date_sent="1447117691000" readable_date="10-11-2015 08:08:12" contact_name="Huy Ly 222" />
  <sms protocol="0" address="+84974086142" date="1447134962176" type="1" subject="null" body="M có sẵn tiền đấy k t vay 1tr tiền lãi mùng 9 ngày 19 t đưa 1 thể nhé" toa="null" sc_toa="null" service_center="null" read="1" status="-1" locked="0" date_sent="0" readable_date="10-11-2015 12:56:02" contact_name="Haj Dang" />
  <sms protocol="0" address="+841644689335" date="1447136298410" type="1" subject="null" body="Thong bao:&#10;Tai khoan het tien (0 dong) van xem duoc TU VI.&#10;Biet truoc So Menh, Tuong Lai de luon MAY MAN va THANH CONG&#10;Soan: DK gui 5789&#10;Mien Phi Gui Tin" toa="null" sc_toa="null" service_center="null" read="1" status="-1" locked="0" date_sent="0" readable_date="10-11-2015 13:18:18" contact_name="(Unknown)" />
  <sms protocol="0" address="+841644689335" date="1447137058753" type="2" subject="null" body="Cut dm mat ngu" toa="null" sc_toa="null" service_center="null" read="1" status="32" locked="0" date_sent="0" readable_date="10-11-2015 13:30:58" contact_name="(Unknown)" />
  <sms protocol="0" address="+84973836212" date="1447148710513" type="1" subject="null" body="T1 Đề 78 87 75x60k" toa="null" sc_toa="null" service_center="null" read="1" status="-1" locked="0" date_sent="0" readable_date="10-11-2015 16:45:10" contact_name="Tien Em" />
  <sms protocol="0" address="+84983099345" date="1447149784443" type="1" subject="null" body="lô 96x100d" toa="null" sc_toa="null" service_center="null" read="1" status="-1" locked="0" date_sent="0" readable_date="10-11-2015 17:03:04" contact_name="Viet Bo" />
  <sms protocol="0" address="+84983099345" date="1447150068285" type="1" subject="null" body="lo 96 31 82 68 53 11 96 x5d" toa="null" sc_toa="null" service_center="null" read="1" status="-1" locked="0" date_sent="0" readable_date="10-11-2015 17:07:48" contact_name="Viet Bo" />
  <sms protocol="0" address="0983099345" date="1447150219821" type="2" subject="null" body="Nhan 4 tin." toa="null" sc_toa="null" service_center="null" read="1" status="0" locked="0" date_sent="0" readable_date="10-11-2015 17:10:19" contact_name="Viet Bo" />
  <sms protocol="0" address="0973836212" date="1447150221316" type="2" subject="null" body="Nhan 2 tin.so tin cuoi:1." toa="null" sc_toa="null" service_center="null" read="1" status="0" locked="0" date_sent="0" readable_date="10-11-2015 17:10:21" contact_name="Tien Em" />
  <sms protocol="0" address="0983099345" date="1447150315817" type="2" subject="null" body="Nhan 2 tin." toa="null" sc_toa="null" service_center="null" read="1" status="0" locked="0" date_sent="0" readable_date="10-11-2015 17:11:55" contact_name="Viet Bo" />
  <sms protocol="0" address="0973836212" date="1447150317314" type="2" subject="null" body="Nhan 1 tin.so tin cuoi:1." toa="null" sc_toa="null" service_center="null" read="1" status="0" locked="0" date_sent="0" readable_date="10-11-2015 17:11:57" contact_name="Tien Em" />
  <sms protocol="0" address="+84979399373" date="1447150599335" type="1" subject="null" body="Lo 39.93 x10" toa="null" sc_toa="null" service_center="null" read="1" status="-1" locked="0" date_sent="0" readable_date="10-11-2015 17:16:39" contact_name="A Tung Thuy?" />
  <sms protocol="0" address="0979399373" date="1447151142315" type="2" subject="null" body="Anh gui cho EM 1 tin" toa="null" sc_toa="null" service_center="null" read="1" status="0" locked="0" date_sent="0" readable_date="10-11-2015 17:25:42" contact_name="A Tung Thuy?" />
  <sms protocol="0" address="+84979399373" date="1447151383926" type="1" subject="null" body="Lô: 05,91x10. Xiên 3: 10,85,59 x60" toa="null" sc_toa="null" service_center="null" read="1" status="-1" locked="0" date_sent="0" readable_date="10-11-2015 17:29:43" contact_name="A Tung Thuy?" />
  <sms protocol="0" address="+84973836212" date="1447151992777" type="1" subject="null" body="T2 lô 36x10d. D dau dit 9x10n " toa="null" sc_toa="null" service_center="null" read="1" status="-1" locked="0" date_sent="0" readable_date="10-11-2015 17:39:52" contact_name="Tien Em" />
  <sms protocol="0" address="0973836212" date="1447152022816" type="2" subject="null" body="Nhan 2 tin.so tin cuoi:2." toa="null" sc_toa="null" service_center="null" read="1" status="0" locked="0" date_sent="0" readable_date="10-11-2015 17:40:22" contact_name="Tien Em" />
  <sms protocol="0" address="+841685897838" date="1447152214949" type="1" subject="null" body="Lo 99.41.14.97.30.00.55.x10d.xien 14 .97 30x5d.17.97.30x5d. 55.99.41x5d.00.40.20x5d..de 55.x1000n.40.x200n.020x50n..kep bang x50n." toa="null" sc_toa="null" service_center="null" read="1" status="-1" locked="0" date_sent="0" readable_date="10-11-2015 17:43:34" contact_name="Chi H. v. b" />
  <sms protocol="0" address="01685897838" date="1447152250828" type="2" subject="null" body="Nhan 1 tin." toa="null" sc_toa="null" service_center="null" read="1" status="0" locked="0" date_sent="0" readable_date="10-11-2015 17:44:10" contact_name="Chi H. v. b" />
  <sms protocol="0" address="01685897838" date="1447152253819" type="2" subject="null" body="Nhan 1 tin." toa="null" sc_toa="null" service_center="null" read="1" status="0" locked="0" date_sent="0" readable_date="10-11-2015 17:44:13" contact_name="Chi H. v. b" />
  <sms protocol="0" address="+84968193922" date="1447152420010" type="1" subject="null" body="X3.06.12.57.=50." toa="null" sc_toa="null" service_center="null" read="1" status="-1" locked="0" date_sent="0" readable_date="10-11-2015 17:47:00" contact_name="(Unknown)" />
  <sms protocol="0" address="0968193922" date="1447152433818" type="2" subject="null" body="Nhan 1 tin." toa="null" sc_toa="null" service_center="null" read="1" status="0" locked="0" date_sent="0" readable_date="10-11-2015 17:47:13" contact_name="(Unknown)" />
  <sms protocol="0" address="0968193922" date="1447152435314" type="2" subject="null" body="Nhan 1 tin." toa="null" sc_toa="null" service_center="null" read="1" status="0" locked="0" date_sent="0" readable_date="10-11-2015 17:47:15" contact_name="(Unknown)" />
  <sms protocol="0" address="+841685897838" date="1447152600139" type="1" subject="null" body="Lo 626 68 83 79x10d" toa="null" sc_toa="null" service_center="null" read="1" status="-1" locked="0" date_sent="0" readable_date="10-11-2015 17:50:00" contact_name="Chi H. v. b" />
  <sms protocol="0" address="01685897838" date="1447152616825" type="2" subject="null" body="Nhan 2 tin." toa="null" sc_toa="null" service_center="null" read="1" status="0" locked="0" date_sent="0" readable_date="10-11-2015 17:50:16" contact_name="Chi H. v. b" />
  <sms protocol="0" address="01685897838" date="1447152618319" type="2" subject="null" body="Nhan 2 tin." toa="null" sc_toa="null" service_center="null" read="1" status="0" locked="0" date_sent="0" readable_date="10-11-2015 17:50:18" contact_name="Chi H. v. b" />
  <sms protocol="0" address="01677281854" date="1447152688816" type="2" subject="null" body="Tin 1: lo:96x110d.68x15d.00,05,14,26,30,36,39,41,55,62,79,83,91,93,97,99x10d.11,31,53,82x5d." toa="null" sc_toa="null" service_center="null" read="1" status="0" locked="0" date_sent="0" readable_date="10-11-2015 17:51:28" contact_name="(Unknown)" />
  <sms protocol="0" address="+841677281854" date="1447152722315" type="1" subject="null" body="Nhan 1 tin.so tin cuoi:1." toa="null" sc_toa="null" service_center="null" read="1" status="-1" locked="0" date_sent="0" readable_date="10-11-2015 17:52:02" contact_name="(Unknown)" />
  <sms protocol="0" address="01643882826" date="1447152736816" type="2" subject="null" body="Tin 1: xi3:00,20,40*5d.,xi3:06,12,57*5d.,xi3:14,30,97*5d.,xi3:17,30,97*5d.,xi3:41,55,99*5d.xi3:10,59,85*6d." toa="null" sc_toa="null" service_center="null" read="1" status="0" locked="0" date_sent="0" readable_date="10-11-2015 17:52:16" contact_name="(Unknown)" />
  <sms protocol="0" address="+841685897838" date="1447153142405" type="1" subject="null" body=".xien.51.55.99.x15d.48.84.77.x15d.33.83.94.x15d.79.89.x15d.39.49.44.x15d.36.88.77.x15d.94.49.x15d.99.44.x15d.77.33.55.x15d.71.42.56x15d.31.18.75.x15d85.67.32.x15d.20.40.60x15d.83.27.01x15d.76.59.34.x15d.22.41.77x15d99.55.x15d21.51.31x15d01 .94.55x15d51.67.95.11x15d65.09.84x15d.92.77.16x15d.lo.626.787.949.77.56.010.080.20.40.60.050.00.33.323.x50d" toa="null" sc_toa="null" service_center="null" read="1" status="-1" locked="0" date_sent="0" readable_date="10-11-2015 17:59:02" contact_name="Chi H. v. b" />
  <sms protocol="0" address="+841685897838" date="1447153176870" type="1" subject="null" body="Ba.cang.148.323.848.393.161.444.333.555.777.111.000.999.636.120.147.314.272.479.747.299.255.766.811.110.454.149.171.439.438.430.953.141.727.787419.x100n." toa="null" sc_toa="null" service_center="null" read="1" status="-1" locked="0" date_sent="0" readable_date="10-11-2015 17:59:36" contact_name="Chi H. v. b" />
  <sms protocol="0" address="01685897838" date="1447153179314" type="2" subject="null" body="Nhan 3 tin." toa="null" sc_toa="null" service_center="null" read="1" status="0" locked="0" date_sent="0" readable_date="10-11-2015 17:59:39" contact_name="Chi H. v. b" />
  <sms protocol="0" address="01685897838" date="1447153188314" type="2" subject="null" body="Nhan 4 tin." toa="null" sc_toa="null" service_center="null" read="1" status="0" locked="0" date_sent="0" readable_date="10-11-2015 17:59:48" contact_name="Chi H. v. b" />
  <sms protocol="0" address="01685897838" date="1447153189816" type="2" subject="null" body="Nhan 4 tin." toa="null" sc_toa="null" service_center="null" read="1" status="0" locked="0" date_sent="0" readable_date="10-11-2015 17:59:49" contact_name="Chi H. v. b" />
  <sms protocol="0" address="+841685897838" date="1447153200360" type="1" subject="null" body="Lo 94 97x10d" toa="null" sc_toa="null" service_center="null" read="1" status="-1" locked="0" date_sent="0" readable_date="10-11-2015 18:00:00" contact_name="Chi H. v. b" />
  <sms protocol="0" address="01685897838" date="1447153204815" type="2" subject="null" body="Nhan 5 tin." toa="null" sc_toa="null" service_center="null" read="1" status="0" locked="0" date_sent="0" readable_date="10-11-2015 18:00:04" contact_name="Chi H. v. b" />
  <sms protocol="0" address="01685897838" date="1447153206319" type="2" subject="null" body="Nhan 5 tin." toa="null" sc_toa="null" service_center="null" read="1" status="0" locked="0" date_sent="0" readable_date="10-11-2015 18:00:06" contact_name="Chi H. v. b" />
  <sms protocol="0" address="0964386982" date="1447153248317" type="2" subject="null" body="Tin 1: lo:94,00,01,05,08,10,20,23,26,32,33,40,49,50,56,60,62,77,78,80,87x25d.97x10d." toa="null" sc_toa="null" service_center="null" read="1" status="32" locked="0" date_sent="0" readable_date="10-11-2015 18:00:48" contact_name="A Duc" />
  <sms protocol="0" address="0983650782" date="1447153278318" type="2" subject="null" body="Tin1: lo:94,00,01,05,08,10,20,23,26,32,33,40,49,50,56,60,62,77,78,80,87x25d.xi:01,27,83x5d.01,55,94x5d.09,65,84x5d.xi4:11,51,67,95x5d.16,77,92x5d.18,31,75x5d.20,40,60x5d.21,31,51x5d.22,41,77x5d.32,67,85x5d.33,55,77x5d.33,83,94x5d.34,59,76x5d.36,77,88x5d.39,44,49x5d.42,56,71x5d.44,99x5d." toa="null" sc_toa="null" service_center="null" read="1" status="0" locked="0" date_sent="0" readable_date="10-11-2015 18:01:18" contact_name="A T 782 Lv" />
  <sms protocol="0" address="0983650782" date="1447153290316" type="2" subject="null" body="Tin2: xi:48,77,84x5d.49,94x5d.51,55,99x5d.55,99x5d.79,89x5d." toa="null" sc_toa="null" service_center="null" read="1" status="32" locked="0" date_sent="0" readable_date="10-11-2015 18:01:30" contact_name="A T 782 Lv" />
  <sms protocol="0" address="0983650782" date="1447153303820" type="2" subject="null" body="Tin 3: Ba cang:000,110,111,120,141,147,148,149,161,171,255,272,299,314,323,333,393,419,430,438,439,444,454,479,555,636,727,747,766,777,787,811,848,953,999x50n." toa="null" sc_toa="null" service_center="null" read="1" status="0" locked="0" date_sent="0" readable_date="10-11-2015 18:01:43" contact_name="A T 782 Lv" />
  <sms protocol="0" address="01643882826" date="1447153315815" type="2" subject="null" body="Tin2: xi:01,27,83x10d.01,55,94x10d.09,65,84x10d.xi4:11,51,67,95x10d.16,77,92x10d.18,31,75x10d.20,40,60x10d.21,31,51x10d.22,41,77x10d.32,67,85x10d.33,55,77x10d.33,83,94x10d.34,59,76x10d.36,77,88x10d.39,44,49x10d.42,56,71x10d.44,99x10d.48,77,84x10d.49,94x10d.51,55,99x10d.55,99x10d.79,89x10d." toa="null" sc_toa="null" service_center="null" read="1" status="0" locked="0" date_sent="0" readable_date="10-11-2015 18:01:55" contact_name="(Unknown)" />
  <sms protocol="0" address="01643882826" date="1447153327814" type="2" subject="null" body="Tin 3: Ba cang:000,110,111,120,141,147,148,149,161,171,255,272,299,314,323,333,393,419,430,438,439,444,454,479,555,636,727,747,766,777,787,811,848,953,999x25n." toa="null" sc_toa="null" service_center="null" read="1" status="32" locked="0" date_sent="0" readable_date="10-11-2015 18:02:07" contact_name="(Unknown)" />
  <sms protocol="0" address="01677281854" date="1447153338318" type="2" subject="null" body="Tin 2: lo:94x10d." toa="null" sc_toa="null" service_center="null" read="1" status="0" locked="0" date_sent="0" readable_date="10-11-2015 18:02:18" contact_name="(Unknown)" />
  <sms protocol="0" address="+841685897838" date="1447153347780" type="1" subject="null" body="lo: 626,88 ,31x20d  xien 8822,2327,3132,3062,6168,4884, 0116x10n" toa="null" sc_toa="null" service_center="null" read="1" status="-1" locked="0" date_sent="0" readable_date="10-11-2015 18:02:27" contact_name="Chi H. v. b" />
  <sms protocol="0" address="+841657226474" date="1447153356065" type="1" subject="null" body="T3 lo 42.x80đ .60x10đ.&#10; 65 x 100đ.&#10;xiên2..(42.65).(65.60) x 50k" toa="null" sc_toa="null" service_center="null" read="1" status="-1" locked="0" date_sent="0" readable_date="10-11-2015 18:02:36" contact_name="(Unknown)" />
  <sms protocol="0" address="+841643882826" date="1447153359632" type="1" subject="null" body="Ok 3t" toa="null" sc_toa="null" service_center="null" read="1" status="-1" locked="0" date_sent="0" readable_date="10-11-2015 18:02:39" contact_name="(Unknown)" />
  <sms protocol="0" address="+84973836212" date="1447153369396" type="1" subject="null" body="T3 lo 42.x80đ .60x10đ.&#10; 65 x 100đ.&#10;xiên2..(42.65).(65.60) x 50k" toa="null" sc_toa="null" service_center="null" read="1" status="-1" locked="0" date_sent="0" readable_date="10-11-2015 18:02:49" contact_name="Tien Em" />
  <sms protocol="0" address="+841677281854" date="1447153372448" type="1" subject="null" body="Nhan 2 tin.so tin cuoi:2." toa="null" sc_toa="null" service_center="null" read="1" status="-1" locked="0" date_sent="0" readable_date="10-11-2015 18:02:52" contact_name="(Unknown)" />
  <sms protocol="0" address="+84964386982" date="1447153391255" type="1" subject="null" body="em gui cho anh 1 tin" toa="null" sc_toa="null" service_center="null" read="1" status="-1" locked="0" date_sent="0" readable_date="10-11-2015 18:03:11" contact_name="A Duc" />
  <sms protocol="0" address="0973836212" date="1447153417820" type="2" subject="null" body="Nhan 3 tin.so tin cuoi:3." toa="null" sc_toa="null" service_center="null" read="1" status="0" locked="0" date_sent="0" readable_date="10-11-2015 18:03:37" contact_name="Tien Em" />
  <sms protocol="0" address="01685897838" date="1447153419317" type="2" subject="null" body="Nhan 6 tin." toa="null" sc_toa="null" service_center="null" read="1" status="32" locked="0" date_sent="0" readable_date="10-11-2015 18:03:39" contact_name="Chi H. v. b" />
  <sms protocol="0" address="01677281854" date="1447153443315" type="2" subject="null" body="Tin 3: lo:65x100d.42x80d.26,31,62,88x20d.60x10d." toa="null" sc_toa="null" service_center="null" read="1" status="32" locked="0" date_sent="0" readable_date="10-11-2015 18:04:03" contact_name="(Unknown)" />
  <sms protocol="0" address="+841677281854" date="1447153469265" type="1" subject="null" body="Nhan 3 tin.so tin cuoi:3." toa="null" sc_toa="null" service_center="null" read="1" status="-1" locked="0" date_sent="0" readable_date="10-11-2015 18:04:29" contact_name="(Unknown)" />
  <sms protocol="0" address="+841685897838" date="1447153483741" type="1" subject="null" body="De.313.030.010.343.141.838.818.363.484.404.44.00.55.050.20.40.59.545.575.51.414.x500n.ba.cang820.140.013.636.168. 505.050.001.009.055.059.039.062.075.010.100.x100n.lo949.636.66.838.27.22.00.77.080.848.43.20.x30d" toa="null" sc_toa="null" service_center="null" read="1" status="-1" locked="0" date_sent="0" readable_date="10-11-2015 18:04:43" contact_name="Chi H. v. b" />
  <sms protocol="0" address="01685897838" date="1447153488317" type="2" subject="null" body="Nhan 7 tin." toa="null" sc_toa="null" service_center="null" read="1" status="0" locked="0" date_sent="0" readable_date="10-11-2015 18:04:48" contact_name="Chi H. v. b" />
  <sms protocol="0" address="01677281854" date="1447153533319" type="2" subject="null" body="Tin 4: lo:65x100d.42x80d.00,08,20,22,27,36,38,43,48,49,63,66,77,80,83,84,94x30d.60x10d." toa="null" sc_toa="null" service_center="null" read="1" status="0" locked="0" date_sent="0" readable_date="10-11-2015 18:05:33" contact_name="(Unknown)" />
  <sms protocol="0" address="01643882826" date="1447153561813" type="2" subject="null" body="Tin 4: xi2:01,16*1d.,xi2:22,88*1d.,xi2:23,27*1d.,xi2:30,62*1d.,xi2:31,32*1d.,xi2:48,84*1d.,xi2:61,68*1d.xi2:42,65*10d.,xi2:60,65*10d." toa="null" sc_toa="null" service_center="null" read="1" status="32" locked="0" date_sent="0" readable_date="10-11-2015 18:06:01" contact_name="(Unknown)" />
  <sms protocol="0" address="+841677281854" date="1447153597262" type="1" subject="null" body="Nhan 4 tin.so tin cuoi:4." toa="null" sc_toa="null" service_center="null" read="1" status="-1" locked="0" date_sent="0" readable_date="10-11-2015 18:06:37" contact_name="(Unknown)" />
  <sms protocol="0" address="+841685897838" date="1447153624654" type="1" subject="null" body="He 61.33.x200.day con 2x50" toa="null" sc_toa="null" service_center="null" read="1" status="-1" locked="0" date_sent="0" readable_date="10-11-2015 18:07:04" contact_name="Chi H. v. b" />
  <sms protocol="0" address="01685897838" date="1447153627818" type="2" subject="null" body="Nhan 8 tin." toa="null" sc_toa="null" service_center="null" read="1" status="0" locked="0" date_sent="0" readable_date="10-11-2015 18:07:07" contact_name="Chi H. v. b" />
  <sms protocol="0" address="01685897838" date="1447153629317" type="2" subject="null" body="Nhan 8 tin." toa="null" sc_toa="null" service_center="null" read="1" status="0" locked="0" date_sent="0" readable_date="10-11-2015 18:07:09" contact_name="Chi H. v. b" />
  <sms protocol="0" address="0983650782" date="1447153645814" type="2" subject="null" body="Tin 4: Ba cang:001,009,010,013,039,050,055,059,062,075,100,140,168,505,820x50n.636x75n." toa="null" sc_toa="null" service_center="null" read="1" status="32" locked="0" date_sent="0" readable_date="10-11-2015 18:07:25" contact_name="A T 782 Lv" />
  <sms protocol="0" address="01643882826" date="1447153662317" type="2" subject="null" body="Tin 5: Ba cang:636,001,009,010,013,039,050,055,059,062,075,100,140,168,505,820x25n." toa="null" sc_toa="null" service_center="null" read="1" status="0" locked="0" date_sent="0" readable_date="10-11-2015 18:07:42" contact_name="(Unknown)" />
  <sms protocol="0" address="+841643882826" date="1447153694488" type="1" subject="null" body="Ok 5t" toa="null" sc_toa="null" service_center="null" read="1" status="-1" locked="0" date_sent="0" readable_date="10-11-2015 18:08:14" contact_name="(Unknown)" />
  <sms protocol="0" address="+841685897838" date="1447153706685" type="1" subject="null" body="De.25.87.97.99.23.33.424.434.00.010.030.040.060.67.17.18.26.29.31.32.44.505.61.62.64.65.66.72.71.83.87.90.91.92.99.5.55.x300n.dau.dit.8.4.x100n" toa="null" sc_toa="null" service_center="null" read="1" status="-1" locked="0" date_sent="0" readable_date="10-11-2015 18:08:26" contact_name="Chi H. v. b" />
  <sms protocol="0" address="+84983650782" date="1447153719417" type="1" subject="null" body="Em gui cho Anh 4 tin" toa="null" sc_toa="null" service_center="null" read="1" status="-1" locked="0" date_sent="0" readable_date="10-11-2015 18:08:39" contact_name="A T 782 Lv" />
  <sms protocol="0" address="01685897838" date="1447153720823" type="2" subject="null" body="Nhan 9 tin." toa="null" sc_toa="null" service_center="null" read="1" status="0" locked="0" date_sent="0" readable_date="10-11-2015 18:08:40" contact_name="Chi H. v. b" />
  <sms protocol="0" address="0979399373" date="1447153743317" type="2" subject="null" body="Anh gui cho EM 2 tin" toa="null" sc_toa="null" service_center="null" read="1" status="32" locked="0" date_sent="0" readable_date="10-11-2015 18:09:03" contact_name="A Tung Thuy?" />
  <sms protocol="0" address="+841685897838" date="1447153810390" type="1" subject="null" body="de: 09,08, 03,18x50n 26x100n,62x1trieu,3cang 462,362x100n 262x50n" toa="null" sc_toa="null" service_center="null" read="1" status="-1" locked="0" date_sent="0" readable_date="10-11-2015 18:10:10" contact_name="Chi H. v. b" />
  <sms protocol="0" address="01685897838" date="1447153837820" type="2" subject="null" body="Nhan 10 tin." toa="null" sc_toa="null" service_center="null" read="1" status="0" locked="0" date_sent="0" readable_date="10-11-2015 18:10:37" contact_name="Chi H. v. b" />
  <sms protocol="0" address="01685897838" date="1447153840817" type="2" subject="null" body="Nhan 10 tin." toa="null" sc_toa="null" service_center="null" read="1" status="0" locked="0" date_sent="0" readable_date="10-11-2015 18:10:40" contact_name="Chi H. v. b" />
  <sms protocol="0" address="0983650782" date="1447153869314" type="2" subject="null" body="Tin 5: Ba cang:362,462x50n." toa="null" sc_toa="null" service_center="null" read="1" status="0" locked="0" date_sent="0" readable_date="10-11-2015 18:11:09" contact_name="A T 782 Lv" />
  <sms protocol="0" address="+84977655973" date="1447153878834" type="1" subject="null" body="Lo 06x30d 11x5d dau 8x25n duoi 1x10n 81 51x80n 696 32 09 x10n" toa="null" sc_toa="null" service_center="null" read="1" status="-1" locked="0" date_sent="0" readable_date="10-11-2015 18:11:18" contact_name="A Su Cong Tinh Uy" />
  <sms protocol="0" address="+84983650782" date="1447153899886" type="1" subject="null" body="Em gui cho Anh 5 tin" toa="null" sc_toa="null" service_center="null" read="1" status="-1" locked="0" date_sent="0" readable_date="10-11-2015 18:11:39" contact_name="A T 782 Lv" />
  <sms protocol="0" address="0977655973" date="1447153900828" type="2" subject="null" body="BAC gui cho EM 1 tin" toa="null" sc_toa="null" service_center="null" read="1" status="0" locked="0" date_sent="0" readable_date="10-11-2015 18:11:40" contact_name="A Su Cong Tinh Uy" />
  <sms protocol="0" address="01677281854" date="1447153912814" type="2" subject="null" body="Tin 5: lo:06x30d.11x5d." toa="null" sc_toa="null" service_center="null" read="1" status="0" locked="0" date_sent="0" readable_date="10-11-2015 18:11:52" contact_name="(Unknown)" />
  <sms protocol="0" address="01643882826" date="1447153926316" type="2" subject="null" body="Tin 6: Ba cang:362,462,262x25n." toa="null" sc_toa="null" service_center="null" read="1" status="0" locked="0" date_sent="0" readable_date="10-11-2015 18:12:06" contact_name="(Unknown)" />
  <sms protocol="0" address="+841677281854" date="1447153940199" type="1" subject="null" body="Nhan 5 tin.so tin cuoi:5." toa="null" sc_toa="null" service_center="null" read="1" status="-1" locked="0" date_sent="0" readable_date="10-11-2015 18:12:20" contact_name="(Unknown)" />
  <sms protocol="0" address="0973836212" date="1447153986317" type="2" subject="null" body="Nhan 3 tin.so tin cuoi:3.. HET LO" toa="null" sc_toa="null" service_center="null" read="1" status="32" locked="0" date_sent="0" readable_date="10-11-2015 18:13:06" contact_name="Tien Em" />
  <sms protocol="0" address="0983099345" date="1447153987818" type="2" subject="null" body="Nhan 2 tin.. HET LO" toa="null" sc_toa="null" service_center="null" read="1" status="0" locked="0" date_sent="0" readable_date="10-11-2015 18:13:07" contact_name="Viet Bo" />
  <sms protocol="0" address="0979399373" date="1447153989317" type="2" subject="null" body="Nhan 2 tin.. HET LO" toa="null" sc_toa="null" service_center="null" read="1" status="0" locked="0" date_sent="0" readable_date="10-11-2015 18:13:09" contact_name="A Tung Thuy?" />
  <sms protocol="0" address="01685897838" date="1447153990817" type="2" subject="null" body="Nhan 10 tin.. HET LO" toa="null" sc_toa="null" service_center="null" read="1" status="0" locked="0" date_sent="0" readable_date="10-11-2015 18:13:10" contact_name="Chi H. v. b" />
  <sms protocol="0" address="0968193922" date="1447153992317" type="2" subject="null" body="Nhan 1 tin.. HET LO" toa="null" sc_toa="null" service_center="null" read="1" status="32" locked="0" date_sent="0" readable_date="10-11-2015 18:13:12" contact_name="(Unknown)" />
  <sms protocol="0" address="01657226474" date="1447153993814" type="2" subject="null" body="Nhan 1 tin.so tin cuoi:3.Tin thieu:1,2. HET LO" toa="null" sc_toa="null" service_center="null" read="1" status="32" locked="0" date_sent="0" readable_date="10-11-2015 18:13:13" contact_name="(Unknown)" />
  <sms protocol="0" address="0977655973" date="1447153995319" type="2" subject="null" body="Nhan 1 tin.. HET LO" toa="null" sc_toa="null" service_center="null" read="1" status="32" locked="0" date_sent="0" readable_date="10-11-2015 18:13:15" contact_name="A Su Cong Tinh Uy" />
  <sms protocol="0" address="0974929818" date="1447154032814" type="2" subject="null" body="Tin1: de:55,40,62,83,41,14,44,18,04,34,43,00,03,87,01,31,05,10,30,38,50,84,81,48,99,75,20,45,54x500n.51x490n.33,57,66x450n.59,61x410n.13,36,63x400n.88x375n.24,26,42x350n.64x300n.29,32,71,92,97x260n.17,23,25,67,72x250n.91x220n.90x210n.06,60,65x200n.11x160n.78x110n.16x100n.82x75n." toa="null" sc_toa="null" service_center="null" read="1" status="0" locked="0" date_sent="0" readable_date="10-11-2015 18:13:52" contact_name="Chu Phuc Son Tay" />
  <sms protocol="0" address="+84974929818" date="1447154047067" type="1" subject="null" body="Nhan 1 tin.so tin cuoi:1." toa="null" sc_toa="null" service_center="null" read="1" status="-1" locked="0" date_sent="0" readable_date="10-11-2015 18:14:07" contact_name="Chu Phuc Son Tay" />
  <sms protocol="0" address="01677281854" date="1447154053817" type="2" subject="null" body="Tin6: de:55x1350n.40x1100n.62x850n.83x625n.41x610n.14x600n.44x550n.18x450n.04,34,43x400n.00,03x350n.87x335n.01,31x310n.05,10,30,38,50x300n.84x225n.81x215n.48x200n.99x170n.08,28,47,74x150n.89x135n.80,85,86x125n.49,75,94,98x110n." toa="null" sc_toa="null" service_center="null" read="1" status="0" locked="0" date_sent="0" readable_date="10-11-2015 18:14:13" contact_name="(Unknown)" />
  <sms protocol="0" address="+841677281854" date="1447154059275" type="1" subject="null" body="chau gui cho co 5 tin" toa="null" sc_toa="null" service_center="null" read="1" status="-1" locked="0" date_sent="0" readable_date="10-11-2015 18:14:19" contact_name="(Unknown)" />
  <sms protocol="0" address="01677281854" date="1447154065816" type="2" subject="null" body="Tin7: de:02,06,11,13,16,17,20,22,23,24,25,26,29,32,33,36,42,45,46,51,54,57,58,59,60,61,63,64,65,66,67,68,71,72,77,78,82,88,90,91,92,97x100n.09x70n.21,79x60n.07,12,27,37,52,70,73,76x50n.69,96x20n.19,39,93,95x10n." toa="null" sc_toa="null" service_center="null" read="1" status="0" locked="0" date_sent="0" readable_date="10-11-2015 18:14:25" contact_name="(Unknown)" />
  <sms protocol="0" address="+841677281854" date="1447154080425" type="1" subject="null" body="Nhan 6 tin.so tin cuoi:6." toa="null" sc_toa="null" service_center="null" read="1" status="-1" locked="0" date_sent="0" readable_date="10-11-2015 18:14:40" contact_name="(Unknown)" />
  <sms protocol="0" address="+841677281854" date="1447154105383" type="1" subject="null" body="Nhan 7 tin.so tin cuoi:7." toa="null" sc_toa="null" service_center="null" read="1" status="-1" locked="0" date_sent="0" readable_date="10-11-2015 18:15:05" contact_name="(Unknown)" />
  <sms protocol="0" address="01643882826" date="1447154229321" type="2" subject="null" body=" gui cho  6 tin" toa="null" sc_toa="null" service_center="null" read="1" status="32" locked="0" date_sent="0" readable_date="10-11-2015 18:17:09" contact_name="(Unknown)" />
  <sms protocol="0" address="01677281854" date="1447154230818" type="2" subject="null" body="chau gui cho co 7 tin" toa="null" sc_toa="null" service_center="null" read="1" status="32" locked="0" date_sent="0" readable_date="10-11-2015 18:17:10" contact_name="(Unknown)" />
  <sms protocol="0" address="01685897838" date="1447154232325" type="2" subject="null" body="chi gui cho EM 10 tin" toa="null" sc_toa="null" service_center="null" read="1" status="32" locked="0" date_sent="0" readable_date="10-11-2015 18:17:12" contact_name="Chi H. v. b" />
  <sms protocol="0" address="0964386982" date="1447154233814" type="2" subject="null" body="em gui cho anh 1 tin" toa="null" sc_toa="null" service_center="null" read="1" status="0" locked="0" date_sent="0" readable_date="10-11-2015 18:17:13" contact_name="A Duc" />
  <sms protocol="0" address="0968193922" date="1447154235326" type="2" subject="null" body="chị gui cho EM 1 tin" toa="null" sc_toa="null" service_center="null" read="1" status="32" locked="0" date_sent="0" readable_date="10-11-2015 18:17:15" contact_name="(Unknown)" />
  <sms protocol="0" address="0973836212" date="1447154236816" type="2" subject="null" body="may gui cho tao 3 tin" toa="null" sc_toa="null" service_center="null" read="1" status="0" locked="0" date_sent="0" readable_date="10-11-2015 18:17:16" contact_name="Tien Em" />
  <sms protocol="0" address="0974929818" date="1447154238318" type="2" subject="null" body="chau  gui cho chu 1 tin" toa="null" sc_toa="null" service_center="null" read="1" status="32" locked="0" date_sent="0" readable_date="10-11-2015 18:17:18" contact_name="Chu Phuc Son Tay" />
  <sms protocol="0" address="0983099345" date="1447154239815" type="2" subject="null" body="Ban gui cho toi 2 tin" toa="null" sc_toa="null" service_center="null" read="1" status="0" locked="0" date_sent="0" readable_date="10-11-2015 18:17:19" contact_name="Viet Bo" />
  <sms protocol="0" address="0983650782" date="1447154241315" type="2" subject="null" body="em gui cho anh 5 tin" toa="null" sc_toa="null" service_center="null" read="1" status="0" locked="0" date_sent="0" readable_date="10-11-2015 18:17:21" contact_name="A T 782 Lv" />
  <sms protocol="0" address="0973836212" date="1447154476820" type="2" subject="null" body="Nhan 3 tin.so tin cuoi:3.. HET DE" toa="null" sc_toa="null" service_center="null" read="1" status="0" locked="0" date_sent="0" readable_date="10-11-2015 18:21:16" contact_name="Tien Em" />
  <sms protocol="0" address="0983099345" date="1447154478316" type="2" subject="null" body="Nhan 2 tin.. HET DE" toa="null" sc_toa="null" service_center="null" read="1" status="32" locked="0" date_sent="0" readable_date="10-11-2015 18:21:18" contact_name="Viet Bo" />
  <sms protocol="0" address="0979399373" date="1447154479816" type="2" subject="null" body="Nhan 2 tin.. HET DE" toa="null" sc_toa="null" service_center="null" read="1" status="0" locked="0" date_sent="0" readable_date="10-11-2015 18:21:19" contact_name="A Tung Thuy?" />
  <sms protocol="0" address="01685897838" date="1447154481316" type="2" subject="null" body="Nhan 10 tin.. HET DE" toa="null" sc_toa="null" service_center="null" read="1" status="0" locked="0" date_sent="0" readable_date="10-11-2015 18:21:21" contact_name="Chi H. v. b" />
  <sms protocol="0" address="0968193922" date="1447154482820" type="2" subject="null" body="Nhan 1 tin.. HET DE" toa="null" sc_toa="null" service_center="null" read="1" status="0" locked="0" date_sent="0" readable_date="10-11-2015 18:21:22" contact_name="(Unknown)" />
  <sms protocol="0" address="01657226474" date="1447154484319" type="2" subject="null" body="Nhan 1 tin.so tin cuoi:3.Tin thieu:1,2. HET DE" toa="null" sc_toa="null" service_center="null" read="1" status="0" locked="0" date_sent="0" readable_date="10-11-2015 18:21:24" contact_name="(Unknown)" />
  <sms protocol="0" address="0977655973" date="1447154485814" type="2" subject="null" body="Nhan 1 tin.. HET DE" toa="null" sc_toa="null" service_center="null" read="1" status="32" locked="0" date_sent="0" readable_date="10-11-2015 18:21:25" contact_name="A Su Cong Tinh Uy" />
  <sms protocol="0" address="+841677281854" date="1447154681430" type="1" subject="null" body="chau gui cho co 7 tin" toa="null" sc_toa="null" service_center="null" read="1" status="-1" locked="0" date_sent="0" readable_date="10-11-2015 18:24:41" contact_name="(Unknown)" />
  <sms protocol="0" address="0968193922" date="1447154838304" type="2" subject="null" body="Ngay:10/11/2015&#13;&#10;chị chuyen cho EM&#13;&#10;Xien:5,0=34,0n&#13;&#10;chị bu cho EM:34,0n&#13;&#10;" toa="null" sc_toa="null" service_center="null" read="1" status="0" locked="0" date_sent="0" readable_date="10-11-2015 18:27:18" contact_name="(Unknown)" />
  <sms protocol="0" address="0983099345" date="1447154841304" type="2" subject="null" body="Ngay:10/11/2015&#13;&#10;Ban chuyen cho toi&#13;&#10;Lo:135,0=2943,0n&#13;&#10;Th lo:10,0=800,0n&#13;&#10;Ban bu cho toi:2143,0n&#13;&#10;" toa="null" sc_toa="null" service_center="null" read="1" status="0" locked="0" date_sent="0" readable_date="10-11-2015 18:27:21" contact_name="Viet Bo" />
  <sms protocol="0" address="01685897838" date="1447154850304" type="2" subject="null" body="Ngay:10/11/2015&#13;&#10;chi chuyen cho EM&#13;&#10;De:40900,0=29448,0n&#13;&#10;Lo:1780,0=38715,0n&#13;&#10;3Cang:5350,0=3798,5n&#13;&#10;Xien:357,0=2391,9n&#13;&#10;Th de:50,0=3500,0n&#13;&#10;Th lo:370,0=29600,0n&#13;&#10;chi bu cho EM:41253,4n&#13;&#10;" toa="null" sc_toa="null" service_center="null" read="1" status="0" locked="0" date_sent="0" readable_date="10-11-2015 18:27:30" contact_name="Chi H. v. b" />
  <sms protocol="0" address="0983650782" date="1447154856302" type="2" subject="null" body="Ngay:10/11/2015&#13;&#10;em chuyen cho anh&#13;&#10;Lo:525,0=11392,5n&#13;&#10;3Cang:2675,0=1765,5n&#13;&#10;Xien:110,0=660,0n&#13;&#10;Thuong lo:125,0=10000,0n&#13;&#10;em bu cho anh:3818,0n&#13;&#10;" toa="null" sc_toa="null" service_center="null" read="1" status="32" locked="0" date_sent="0" readable_date="10-11-2015 18:27:36" contact_name="A T 782 Lv" />
  <sms protocol="0" address="01677281854" date="1447154862305" type="2" subject="null" body="Ngay:10/11/2015&#13;&#10;chau chuyen cho co&#13;&#10;De:17720,0=12758,4n&#13;&#10;Lo:1320,0=28644,0n&#13;&#10;Thuong de:50,0=3500,0n&#13;&#10;Thuong lo:160,0=12800,0n&#13;&#10;chau bu cho co:25102,4n&#13;&#10;" toa="null" sc_toa="null" service_center="null" read="1" status="32" locked="0" date_sent="0" readable_date="10-11-2015 18:27:42" contact_name="(Unknown)" />
  <sms protocol="0" address="0964386982" date="1447154866812" type="2" subject="null" body="Ngay:10/11/2015&#13;&#10;em chuyen cho anh&#13;&#10;Lo:535,0=11620,2n&#13;&#10;Thuong lo:125,0=10000,0n&#13;&#10;em bu cho anh:1620,2n&#13;&#10;" toa="null" sc_toa="null" service_center="null" read="1" status="0" locked="0" date_sent="0" readable_date="10-11-2015 18:27:46" contact_name="A Duc" />
  <sms protocol="0" address="0977655973" date="1447154871302" type="2" subject="null" body="Ngay:10/11/2015&#13;&#10;BAC chuyen cho EM&#13;&#10;De:550,0=440,0n&#13;&#10;Lo:35,0=787,5n&#13;&#10;Th lo:30,0=2400,0n&#13;&#10;EM bu cho BAC:1172,5n&#13;&#10;" toa="null" sc_toa="null" service_center="null" read="1" status="0" locked="0" date_sent="0" readable_date="10-11-2015 18:27:51" contact_name="A Su Cong Tinh Uy" />
  <sms protocol="0" address="0974929818" date="1447154878806" type="2" subject="null" body="Ngay:10/11/2015&#13;&#10;chau  chuyen cho chu&#13;&#10;De:24110,0=17238,6n&#13;&#10;chau  bu cho chu:17238,6n&#13;&#10;" toa="null" sc_toa="null" service_center="null" read="1" status="0" locked="0" date_sent="0" readable_date="10-11-2015 18:27:58" contact_name="Chu Phuc Son Tay" />
  <sms protocol="0" address="01643882826" date="1447154887819" type="2" subject="null" body="Ngay:10/11/2015&#13;&#10; chuyen cho &#13;&#10;3Cang:1350,0=972,0n&#13;&#10;Xien:278,0=1668,0n&#13;&#10; bu cho :2640,0n&#13;&#10;" toa="null" sc_toa="null" service_center="null" read="1" status="32" locked="0" date_sent="0" readable_date="10-11-2015 18:28:07" contact_name="(Unknown)" />
  <sms protocol="0" address="01657226474" date="1447154892307" type="2" subject="null" body="Ngay:10/11/2015&#13;&#10;BAC chuyen cho EM&#13;&#10;Lo:190,0=4123,0n&#13;&#10;Xien:10,0=75,0n&#13;&#10;BAC bu cho EM:4198,0n&#13;&#10;" toa="null" sc_toa="null" service_center="null" read="1" status="0" locked="0" date_sent="0" readable_date="10-11-2015 18:28:12" contact_name="(Unknown)" />
  <sms protocol="0" address="0973836212" date="1447154896802" type="2" subject="null" body="Ngay:10/11/2015&#13;&#10;may chuyen cho tao&#13;&#10;De:380,0=285,0n&#13;&#10;Lo:200,0=4360,0n&#13;&#10;Xien:10,0=70,0n&#13;&#10;may bu cho tao:4715,0n&#13;&#10;" toa="null" sc_toa="null" service_center="null" read="1" status="0" locked="0" date_sent="0" readable_date="10-11-2015 18:28:16" contact_name="Tien Em" />
  <sms protocol="0" address="0979399373" date="1447154904302" type="2" subject="null" body="Ngay:10/11/2015&#13;&#10;Anh chuyen cho EM&#13;&#10;Lo:40,0=880,0n&#13;&#10;Xien:6,0=45,0n&#13;&#10;Anh bu cho EM:925,0n&#13;&#10;" toa="null" sc_toa="null" service_center="null" read="1" status="0" locked="0" date_sent="0" readable_date="10-11-2015 18:28:24" contact_name="A Tung Thuy?" />
  <sms protocol="0" address="+84974929818" date="1447154916439" type="1" subject="null" body="Ngay:10/11/2015&#10;chau chuyen cho chu&#10;De:24110,0=17238,6n&#10;chau bu cho chu:17238,6n&#10;" toa="null" sc_toa="null" service_center="null" read="1" status="-1" locked="0" date_sent="0" readable_date="10-11-2015 18:28:36" contact_name="Chu Phuc Son Tay" />
  <sms protocol="0" address="+84983650782" date="1447154974081" type="1" subject="null" body="Ngay:10/11/2015&#10;Em chuyen cho Anh&#10;Lo:525,0=11392,5n&#10;3Cang:2675,0=1765,5n&#10;Xien:110,0=660,0n&#10;Th lo:125,0=10000,0n&#10;Em bu cho Anh:3818,0n&#10;" toa="null" sc_toa="null" service_center="null" read="1" status="-1" locked="0" date_sent="0" readable_date="10-11-2015 18:29:34" contact_name="A T 782 Lv" />
  <sms protocol="0" address="5055" date="1447155003310" type="1" subject="null" body="10/11:&#10;DB:13137&#10;1:65951&#10;2:09225-02669&#10;3:07051-08487-37486-43823-09484-28131&#10;4:6553-6506-7926-6298&#10;5:2998-4469-5345-5451-7410-4845&#10;6:754-483-081&#10;7:71-56-95-35 " toa="null" sc_toa="null" service_center="null" read="1" status="-1" locked="0" date_sent="0" readable_date="10-11-2015 18:30:03" contact_name="(Unknown)" />
  <sms protocol="0" address="+84983650782" date="1447155032529" type="1" subject="null" body="Tinh den het ngay:09/11/15 Anh thu 3788n&#10;Ngay:10/11/15 Em-700n -3818n &#10;Tong cong: Anh thu 8306" toa="null" sc_toa="null" service_center="null" read="1" status="-1" locked="0" date_sent="0" readable_date="10-11-2015 18:30:32" contact_name="A T 782 Lv" />
  <sms protocol="0" address="+84964386982" date="1447155160119" type="1" subject="null" body="Ngay:10/11/2015&#10;em chuyen cho anh&#10;Lo:535,0=11620,2n&#10;Th lo:125,0=10000,0n&#10;em bu cho anh:1620,2n" toa="null" sc_toa="null" service_center="+84980200623" read="1" status="-1" locked="0" date_sent="1447155157000" readable_date="10-11-2015 18:32:40" contact_name="A Duc" />
  <sms protocol="0" address="01677281854" date="1447155213619" type="2" subject="null" body="Tinh den het ngay:09/11/15 chau thu 105084n&#13;&#10;Ngay:10/11/15 co+104084n +25102n &#13;&#10;Tong cong: chau bu 24102" toa="null" sc_toa="null" service_center="null" read="1" status="0" locked="0" date_sent="0" readable_date="10-11-2015 18:33:33" contact_name="(Unknown)" />
  <sms protocol="0" address="0973836212" date="1447155220679" type="2" subject="null" body="Tinh den het ngay:09/11/15 tao thu 2164n&#13;&#10;Ngay:10/11/15 may-4198n -4715n &#13;&#10;Tong cong: tao thu 11077" toa="null" sc_toa="null" service_center="null" read="1" status="0" locked="0" date_sent="0" readable_date="10-11-2015 18:33:40" contact_name="Tien Em" />
  <sms protocol="0" address="0974929818" date="1447155226743" type="2" subject="null" body="Tinh den het ngay:09/11/15 chau  thu 17711n&#13;&#10;Ngay:10/11/15 chu+17238n &#13;&#10;Tong cong: chau  thu 473" toa="null" sc_toa="null" service_center="null" read="1" status="32" locked="0" date_sent="0" readable_date="10-11-2015 18:33:46" contact_name="Chu Phuc Son Tay" />
  <sms protocol="0" address="0977655973" date="1447155232223" type="2" subject="null" body="Tinh den het ngay:09/11/15 EM thu 1280n&#13;&#10;Ngay:10/11/15 BAC+1172n &#13;&#10;Tong cong: EM thu 108" toa="null" sc_toa="null" service_center="null" read="1" status="32" locked="0" date_sent="0" readable_date="10-11-2015 18:33:52" contact_name="A Su Cong Tinh Uy" />
  <sms protocol="0" address="0983099345" date="1447155240673" type="2" subject="null" body="Tinh den het ngay:09/11/15 toi bu 103163n&#13;&#10;Ngay:10/11/15 Ban-116000n -2143n -41075n &#13;&#10;Tong cong: toi thu 56055" toa="null" sc_toa="null" service_center="null" read="1" status="0" locked="0" date_sent="0" readable_date="10-11-2015 18:34:00" contact_name="Viet Bo" />
  <sms protocol="0" address="0983650782" date="1447155255554" type="2" subject="null" body="Tinh den het ngay:09/11/15 em bu 4578n&#13;&#10;Ngay:10/11/15 anh+3818n &#13;&#10;Tong cong: em bu 8396" toa="null" sc_toa="null" service_center="null" read="1" status="0" locked="0" date_sent="0" readable_date="10-11-2015 18:34:15" contact_name="A T 782 Lv" />
  <sms protocol="0" address="+84974929818" date="1447155314356" type="1" subject="null" body="Ok " toa="null" sc_toa="null" service_center="+84980200623" read="1" status="-1" locked="0" date_sent="1447155312000" readable_date="10-11-2015 18:35:14" contact_name="Chu Phuc Son Tay" />
  <sms protocol="0" address="01643882826" date="1447155378962" type="2" subject="null" body="1668:2= 834&#10;Tg chau bu 1810" toa="null" sc_toa="null" service_center="null" read="1" status="0" locked="0" date_sent="0" readable_date="10-11-2015 18:36:18" contact_name="(Unknown)" />
  <sms protocol="0" address="+841677281854" date="1447155387234" type="1" subject="null" body="Ngay:10/11/2015&#10;chau chuyen cho co&#10;De:17720,0=12758,4n&#10;Lo:1320,0=28644,0n&#10;Th de:50,0=3500,0n&#10;Th lo:160,0=12800,0n&#10;chau bu cho co:25102,4n" toa="null" sc_toa="null" service_center="+84980200623" read="1" status="-1" locked="0" date_sent="1447155385000" readable_date="10-11-2015 18:36:27" contact_name="(Unknown)" />
  <sms protocol="0" address="0973836212" date="1447155488046" type="2" subject="null" body="Tinh den het ngay:09/11/15 tao thu 2164n&#13;&#10;Ngay:10/11/15 may-3715n -4198n &#13;&#10;Tong cong: tao thu 10077" toa="null" sc_toa="null" service_center="null" read="1" status="32" locked="0" date_sent="0" readable_date="10-11-2015 18:38:08" contact_name="Tien Em" />
  <sms protocol="0" address="0983099345" date="1447155568358" type="2" subject="null" body="Ngay:10/11/2015&#13;&#10;chi chuyen cho EM&#13;&#10;De:40900,0=29448,0n&#13;&#10;Lo:1780,0=38715,0n&#13;&#10;3Cang:5350,0=3798,5n&#13;&#10;Xien:357,0=2391,9n&#13;&#10;Th de:50,0=3500,0n&#13;&#10;Th lo:370,0=29600,0n&#13;&#10;chi bu cho EM:41253,4n&#13;&#10;T thu 41075" toa="null" sc_toa="null" service_center="null" read="1" status="0" locked="0" date_sent="0" readable_date="10-11-2015 18:39:28" contact_name="Viet Bo" />
  <sms protocol="0" address="0974282195" date="1447155866417" type="2" subject="null" body="ngay 10/11/15:&#13;&#10;THU:&#13;&#10;t e :10077;&#13;&#10;a t t:2010;&#13;&#10;v b:56055&#13;&#10;BU&#13;&#10;a t:8396" toa="null" sc_toa="null" service_center="null" read="1" status="0" locked="0" date_sent="0" readable_date="10-11-2015 18:44:26" contact_name="(Unknown)" />
</smses>