<?xml version='1.0' encoding='UTF-8' standalone='yes' ?>
<!--File Created By SMS Backup & Restore Pro v7.21 on 11/11/2015 18:39:06-->
<?xml-stylesheet type="text/xsl" href="sms.xsl"?>
<smses count="114">
  <sms protocol="0" address="0974282195" date="1447227225444" type="2" subject="null" body="ngay 10/11/15:&#13;&#10;THU:&#13;&#10;t e :10077;&#13;&#10;a t t:2010;&#13;&#10;v b:56055" toa="null" sc_toa="null" service_center="null" read="1" status="0" locked="0" date_sent="0" readable_date="11-11-2015 14:33:45" contact_name="(Unknown)" />
  <sms protocol="0" address="+84983099345" date="1447237381661" type="1" subject="null" body="Lô 47x10 điểm" toa="null" sc_toa="null" service_center="null" read="1" status="-1" locked="0" date_sent="0" readable_date="11-11-2015 17:23:01" contact_name="Viet Bo" />
  <sms protocol="0" address="+841685897838" date="1447237826484" type="1" subject="null" body="Lo 979 68 83 57 76 89 62x10d..de 98x60.23.48x20.93.89x15.43.84x10.ba cang 398.498x20n.489.898.323.484.393.389x10n." toa="null" sc_toa="null" service_center="null" read="1" status="-1" locked="0" date_sent="0" readable_date="11-11-2015 17:30:26" contact_name="Chi H. v. b" />
  <sms protocol="0" address="+84983099345" date="1447238223899" type="1" subject="null" body="lô 32,23x100d" toa="null" sc_toa="null" service_center="null" read="1" status="-1" locked="0" date_sent="0" readable_date="11-11-2015 17:37:03" contact_name="Viet Bo" />
  <sms protocol="0" address="+841685897838" date="1447238227362" type="1" subject="null" body="Lo 64 57x10d" toa="null" sc_toa="null" service_center="null" read="1" status="-1" locked="0" date_sent="0" readable_date="11-11-2015 17:37:07" contact_name="Chi H. v. b" />
  <sms protocol="0" address="+84979399373" date="1447238354469" type="1" subject="null" body="De 47,74x60k" toa="null" sc_toa="null" service_center="null" read="1" status="-1" locked="0" date_sent="0" readable_date="11-11-2015 17:39:14" contact_name="A Tung Thuy?" />
  <sms protocol="0" address="+84983099345" date="1447238361245" type="1" subject="null" body="Lô232 x10d 28 13 11x5d" toa="null" sc_toa="null" service_center="null" read="1" status="-1" locked="0" date_sent="0" readable_date="11-11-2015 17:39:21" contact_name="Viet Bo" />
  <sms protocol="0" address="01685897838" date="1447238407973" type="2" subject="null" body="Nhan 11 tin." toa="null" sc_toa="null" service_center="null" read="1" status="0" locked="0" date_sent="0" readable_date="11-11-2015 17:40:07" contact_name="Chi H. v. b" />
  <sms protocol="0" address="0983099345" date="1447238409473" type="2" subject="null" body="Nhan 3 tin." toa="null" sc_toa="null" service_center="null" read="1" status="0" locked="0" date_sent="0" readable_date="11-11-2015 17:40:09" contact_name="Viet Bo" />
  <sms protocol="0" address="01685897838" date="1447238416978" type="2" subject="null" body="Nhan 2 tin." toa="null" sc_toa="null" service_center="null" read="1" status="0" locked="0" date_sent="0" readable_date="11-11-2015 17:40:16" contact_name="Chi H. v. b" />
  <sms protocol="0" address="+841685897838" date="1447238440691" type="1" subject="null" body="Ảo ah" toa="null" sc_toa="null" service_center="null" read="1" status="-1" locked="0" date_sent="0" readable_date="11-11-2015 17:40:40" contact_name="Chi H. v. b" />
  <sms protocol="0" address="01685897838" date="1447238511477" type="2" subject="null" body="chi gui cho EM 2 tin" toa="null" sc_toa="null" service_center="null" read="1" status="0" locked="0" date_sent="0" readable_date="11-11-2015 17:41:51" contact_name="Chi H. v. b" />
  <sms protocol="0" address="0979399373" date="1447238512976" type="2" subject="null" body="Anh gui cho EM 1 tin" toa="null" sc_toa="null" service_center="null" read="1" status="0" locked="0" date_sent="0" readable_date="11-11-2015 17:41:52" contact_name="A Tung Thuy?" />
  <sms protocol="0" address="0983099345" date="1447238514473" type="2" subject="null" body="Ban gui cho toi 3 tin" toa="null" sc_toa="null" service_center="null" read="1" status="0" locked="0" date_sent="0" readable_date="11-11-2015 17:41:54" contact_name="Viet Bo" />
  <sms protocol="0" address="0964386982" date="1447238794978" type="2" subject="null" body="Tin 1: lo:23,32x50d.57x20d.47,62,64,68,76,79,83,89,97x10d.11,13,28x5d." toa="null" sc_toa="null" service_center="null" read="1" status="0" locked="0" date_sent="0" readable_date="11-11-2015 17:46:34" contact_name="A Duc" />
  <sms protocol="0" address="+84964386982" date="1447239176703" type="1" subject="null" body="em gui cho anh 1 tin" toa="null" sc_toa="null" service_center="null" read="1" status="-1" locked="0" date_sent="0" readable_date="11-11-2015 17:52:56" contact_name="A Duc" />
  <sms protocol="0" address="+84973836212" date="1447239181001" type="1" subject="null" body="T1 43x20d" toa="null" sc_toa="null" service_center="null" read="1" status="-1" locked="0" date_sent="0" readable_date="11-11-2015 17:53:01" contact_name="Tien Em" />
  <sms protocol="0" address="+84974282195" date="1447239202697" type="1" subject="null" body="Lô 35 10đ" toa="null" sc_toa="null" service_center="null" read="1" status="-1" locked="0" date_sent="0" readable_date="11-11-2015 17:53:22" contact_name="(Unknown)" />
  <sms protocol="0" address="0973836212" date="1447239211972" type="2" subject="null" body="Nhan 1 tin.so tin cuoi:1." toa="null" sc_toa="null" service_center="null" read="1" status="0" locked="0" date_sent="0" readable_date="11-11-2015 17:53:31" contact_name="Tien Em" />
  <sms protocol="0" address="+84964386982" date="1447239282861" type="1" subject="null" body="ban nhieu len ty a oi" toa="null" sc_toa="null" service_center="null" read="1" status="-1" locked="0" date_sent="0" readable_date="11-11-2015 17:54:42" contact_name="A Duc" />
  <sms protocol="0" address="+84968193922" date="1447239354659" type="1" subject="null" body="X2.15.29.=20 ; X3.10.04.49.=20 ; X2.51.52.=100 ; X2.54.65.=100." toa="null" sc_toa="null" service_center="null" read="1" status="-1" locked="0" date_sent="0" readable_date="11-11-2015 17:55:54" contact_name="(Unknown)" />
  <sms protocol="0" address="0968193922" date="1447239382974" type="2" subject="null" body="Nhan 1 tin." toa="null" sc_toa="null" service_center="null" read="1" status="0" locked="0" date_sent="0" readable_date="11-11-2015 17:56:22" contact_name="(Unknown)" />
  <sms protocol="0" address="0968193922" date="1447239385978" type="2" subject="null" body="Nhan 1 tin." toa="null" sc_toa="null" service_center="null" read="1" status="0" locked="0" date_sent="0" readable_date="11-11-2015 17:56:25" contact_name="(Unknown)" />
  <sms protocol="0" address="+841685897838" date="1447239426672" type="1" subject="null" body="Xien 484x5d.131x5d.54.15.70x5d.lo 484.34.54.50x10d.62.72.02.090.51.81..x10d.15x30d." toa="null" sc_toa="null" service_center="null" read="1" status="-1" locked="0" date_sent="0" readable_date="11-11-2015 17:57:06" contact_name="Chi H. v. b" />
  <sms protocol="0" address="01685897838" date="1447239430976" type="2" subject="null" body="Nhan 3 tin." toa="null" sc_toa="null" service_center="null" read="1" status="0" locked="0" date_sent="0" readable_date="11-11-2015 17:57:10" contact_name="Chi H. v. b" />
  <sms protocol="0" address="+841685897838" date="1447239569739" type="1" subject="null" body="De 01.77.59.40.x50n.dau dit 9x50n.day tỵ x50n" toa="null" sc_toa="null" service_center="null" read="1" status="-1" locked="0" date_sent="0" readable_date="11-11-2015 17:59:29" contact_name="Chi H. v. b" />
  <sms protocol="0" address="01685897838" date="1447239579486" type="2" subject="null" body="Nhan 4 tin." toa="null" sc_toa="null" service_center="null" read="1" status="32" locked="0" date_sent="0" readable_date="11-11-2015 17:59:39" contact_name="Chi H. v. b" />
  <sms protocol="0" address="+841685897838" date="1447239652201" type="1" subject="null" body="Ba.cang.149.151.141311.161.001.233.255.244.262.031.050.165.696.191.566.166.147.453.298.148.184.292.296.x100n.xien.48.55.x10d.07.59.69.x10d.44.40x10d.67.68.x10d.66.60.x10d.48.96.05x10d.55.53.83.x1 0d.47.62.16.x10d.62.98.48.x10d.41.21x10d.68.94.05.x10d.36.05.69.x10d17.51.44.x10d.99.59.x10d.66.99.55.x10d.78.49.46.x10d.lo.696.484.66.44.949.090.18.11.010.55.00.565.x50d" toa="null" sc_toa="null" service_center="null" read="1" status="-1" locked="0" date_sent="0" readable_date="11-11-2015 18:00:52" contact_name="Chi H. v. b" />
  <sms protocol="0" address="01685897838" date="1447239675472" type="2" subject="null" body="Nhan 5 tin." toa="null" sc_toa="null" service_center="null" read="1" status="32" locked="0" date_sent="0" readable_date="11-11-2015 18:01:15" contact_name="Chi H. v. b" />
  <sms protocol="0" address="0964386982" date="1447239697982" type="2" subject="null" body="Tin 2: lo:09,48,84,90,00,01,10,18,44,49,55,56,65,66,69,94,96x50d.11x45d.15x30d.43x20d.02,34,35,50,51,54,62,72,81x10d." toa="null" sc_toa="null" service_center="null" read="1" status="0" locked="0" date_sent="0" readable_date="11-11-2015 18:01:37" contact_name="A Duc" />
  <sms protocol="0" address="+84964386982" date="1447239739604" type="1" subject="null" body="em gui cho anh 2 tin" toa="null" sc_toa="null" service_center="null" read="1" status="-1" locked="0" date_sent="0" readable_date="11-11-2015 18:02:19" contact_name="A Duc" />
  <sms protocol="0" address="0983650782" date="1447239784983" type="2" subject="null" body="Tin 1: Ba cang:001,031,050,141,147,148,149,151,161,165,166,184,191,233,244,255,262,292,296,298,311,453,566,696x50n." toa="null" sc_toa="null" service_center="null" read="1" status="32" locked="0" date_sent="0" readable_date="11-11-2015 18:03:04" contact_name="A T 782 Lv" />
  <sms protocol="0" address="01643882826" date="1447239798477" type="2" subject="null" body="Tin1: xi:13,31x5d.15,54,70x5d.48,84x5d.04,10,49x2d.15,29x2d.05,36,69x10d.05,48,96x10d.05,68,94x10d.07,59,69x10d.16,47,62x10d.17,44,51x10d.21,41x10d.40,44x10d.46,49,78x10d.48,55x10d.48,62,98x10d.51,52x10d.53,55,83x10d.54,65x10d.55,66,99x10d.59,99x10d.60,66x10d.67,68x10d." toa="null" sc_toa="null" service_center="null" read="1" status="0" locked="0" date_sent="0" readable_date="11-11-2015 18:03:18" contact_name="(Unknown)" />
  <sms protocol="0" address="01643882826" date="1447239855476" type="2" subject="null" body="Tin 2: Ba cang:398,498x20n.001,031,050,141,147,148,149,151,161,165,166,184,191,233,244,255,262,292,296,298,311,453,566,696x50n.323,389,393,484,489,898x10n." toa="null" sc_toa="null" service_center="null" read="1" status="0" locked="0" date_sent="0" readable_date="11-11-2015 18:04:15" contact_name="(Unknown)" />
  <sms protocol="0" address="01677281854" date="1447239868974" type="2" subject="null" body="Tin 1: lo:23,32x60d.09,48,84,90x10d.11x5d." toa="null" sc_toa="null" service_center="null" read="1" status="0" locked="0" date_sent="0" readable_date="11-11-2015 18:04:28" contact_name="(Unknown)" />
  <sms protocol="0" address="+841677281854" date="1447239957197" type="1" subject="null" body="Nhan 1 tin.so tin cuoi:1." toa="null" sc_toa="null" service_center="null" read="1" status="-1" locked="0" date_sent="0" readable_date="11-11-2015 18:05:57" contact_name="(Unknown)" />
  <sms protocol="0" address="+841685897838" date="1447239978423" type="1" subject="null" body="Lo 52x10d." toa="null" sc_toa="null" service_center="null" read="1" status="-1" locked="0" date_sent="0" readable_date="11-11-2015 18:06:18" contact_name="Chi H. v. b" />
  <sms protocol="0" address="01677281854" date="1447239978476" type="2" subject="null" body="Tin 2: De:89x115n.98x110n.29,59,77,99x100n.93x65n.47,74x60n.01,05,09,17,19,39,40,41,49,53,65,69,79,90,91,92,94,95,96,97x50n.23,48x20n.43,84x10n." toa="null" sc_toa="null" service_center="null" read="1" status="0" locked="0" date_sent="0" readable_date="11-11-2015 18:06:18" contact_name="(Unknown)" />
  <sms protocol="0" address="01685897838" date="1447239984473" type="2" subject="null" body="Nhan 6 tin." toa="null" sc_toa="null" service_center="null" read="1" status="0" locked="0" date_sent="0" readable_date="11-11-2015 18:06:24" contact_name="Chi H. v. b" />
  <sms protocol="0" address="01685897838" date="1447239987474" type="2" subject="null" body="Nhan 6 tin." toa="null" sc_toa="null" service_center="null" read="1" status="0" locked="0" date_sent="0" readable_date="11-11-2015 18:06:27" contact_name="Chi H. v. b" />
  <sms protocol="0" address="+84983650782" date="1447239990364" type="1" subject="null" body="Em gui cho Anh 1 tin" toa="null" sc_toa="null" service_center="null" read="1" status="-1" locked="0" date_sent="0" readable_date="11-11-2015 18:06:30" contact_name="A T 782 Lv" />
  <sms protocol="0" address="01685897838" date="1447239990473" type="2" subject="null" body="Nhan 6 tin." toa="null" sc_toa="null" service_center="null" read="1" status="32" locked="0" date_sent="0" readable_date="11-11-2015 18:06:30" contact_name="Chi H. v. b" />
  <sms protocol="0" address="+841677281854" date="1447240019799" type="1" subject="null" body="Nhan 2 tin.so tin cuoi:2." toa="null" sc_toa="null" service_center="null" read="1" status="-1" locked="0" date_sent="0" readable_date="11-11-2015 18:06:59" contact_name="(Unknown)" />
  <sms protocol="0" address="+841685897838" date="1447240071129" type="1" subject="null" body="De 343.44.454.414.232.252.474.393.696.262.484.55.88.989.767.656.x500n" toa="null" sc_toa="null" service_center="null" read="1" status="-1" locked="0" date_sent="0" readable_date="11-11-2015 18:07:51" contact_name="Chi H. v. b" />
  <sms protocol="0" address="01685897838" date="1447240075974" type="2" subject="null" body="Nhan 7 tin." toa="null" sc_toa="null" service_center="null" read="1" status="0" locked="0" date_sent="0" readable_date="11-11-2015 18:07:55" contact_name="Chi H. v. b" />
  <sms protocol="0" address="01685897838" date="1447240077486" type="2" subject="null" body="Nhan 7 tin." toa="null" sc_toa="null" service_center="null" read="1" status="32" locked="0" date_sent="0" readable_date="11-11-2015 18:07:57" contact_name="Chi H. v. b" />
  <sms protocol="0" address="+841685897838" date="1447240084625" type="1" subject="null" body="Đấu dit 1.6x300.dau dit 9x150.202.212.414.646.x200.he 83.05.02x200" toa="null" sc_toa="null" service_center="null" read="1" status="-1" locked="0" date_sent="0" readable_date="11-11-2015 18:08:04" contact_name="Chi H. v. b" />
  <sms protocol="0" address="01685897838" date="1447240087976" type="2" subject="null" body="Nhan 8 tin." toa="null" sc_toa="null" service_center="null" read="1" status="32" locked="0" date_sent="0" readable_date="11-11-2015 18:08:07" contact_name="Chi H. v. b" />
  <sms protocol="0" address="01685897838" date="1447240089471" type="2" subject="null" body="Nhan 8 tin." toa="null" sc_toa="null" service_center="null" read="1" status="32" locked="0" date_sent="0" readable_date="11-11-2015 18:08:09" contact_name="Chi H. v. b" />
  <sms protocol="0" address="01685897838" date="1447240093973" type="2" subject="null" body="Nhan 8 tin." toa="null" sc_toa="null" service_center="null" read="1" status="32" locked="0" date_sent="0" readable_date="11-11-2015 18:08:13" contact_name="Chi H. v. b" />
  <sms protocol="0" address="+841677281854" date="1447240112030" type="1" subject="null" body="chau gui cho co 2 tin" toa="null" sc_toa="null" service_center="null" read="1" status="-1" locked="0" date_sent="0" readable_date="11-11-2015 18:08:32" contact_name="(Unknown)" />
  <sms protocol="0" address="0974929818" date="1447240125474" type="2" subject="null" body="Tin 1: De:14,41,69,96,26,56,62,65,67,76,25,52,55,88x600n.39,89,93,98x550n.11,16,61,66x500n.12,21,23,32,34,43,44,45,46,47,48,54,64,74,84x400n.19,91x350n.02,20x300n.01,06,10,13,15,17,18,31,36,51,60,63,68,71,81,86,99x200n.00,05,07,33,38,50,57,70,75,83x100n.09,29,49,59,79,90,92,94,95,97x50n." toa="null" sc_toa="null" service_center="null" read="1" status="0" locked="0" date_sent="0" readable_date="11-11-2015 18:08:45" contact_name="Chu Phuc Son Tay" />
  <sms protocol="0" address="+84974929818" date="1447240142163" type="1" subject="null" body="Nhan 1 tin.so tin cuoi:1." toa="null" sc_toa="null" service_center="null" read="1" status="-1" locked="0" date_sent="0" readable_date="11-11-2015 18:09:02" contact_name="Chu Phuc Son Tay" />
  <sms protocol="0" address="01677281854" date="1447240170482" type="2" subject="null" body="Tin 3: lo:52x10d." toa="null" sc_toa="null" service_center="null" read="1" status="32" locked="0" date_sent="0" readable_date="11-11-2015 18:09:30" contact_name="(Unknown)" />
  <sms protocol="0" address="01677281854" date="1447240180971" type="2" subject="null" body="Tin 4: De:14,41x400n.69,96x350n.26,56,62,65,67,76x200n.00,01,02,05,06,07,09,10,11,12,13,15,16,17,18,19,20,21,23,25,29,31,32,33,34,36,38,39,43,44,45,46,47,48,49,50,51,52,54,55,57,59,60,61,63,64,66,68,70,71,74,75,79,81,83,84,86,88,89,90,91,92,93,94,95,97,98,99x100n." toa="null" sc_toa="null" service_center="null" read="1" status="0" locked="0" date_sent="0" readable_date="11-11-2015 18:09:40" contact_name="(Unknown)" />
  <sms protocol="0" address="+841677281854" date="1447240193938" type="1" subject="null" body="Nhan 3 tin.so tin cuoi:3." toa="null" sc_toa="null" service_center="null" read="1" status="-1" locked="0" date_sent="0" readable_date="11-11-2015 18:09:53" contact_name="(Unknown)" />
  <sms protocol="0" address="+841643882826" date="1447240210008" type="1" subject="null" body="Ok 2t" toa="null" sc_toa="null" service_center="null" read="1" status="-1" locked="0" date_sent="0" readable_date="11-11-2015 18:10:10" contact_name="(Unknown)" />
  <sms protocol="0" address="+841677281854" date="1447240223428" type="1" subject="null" body="Nhan 4 tin.so tin cuoi:4." toa="null" sc_toa="null" service_center="null" read="1" status="-1" locked="0" date_sent="0" readable_date="11-11-2015 18:10:23" contact_name="(Unknown)" />
  <sms protocol="0" address="+84977655973" date="1447240274490" type="1" subject="null" body="Lo 75 33 x10d dau 8x 15n duoi 1x30n 51 81 x75n 13 06 84 41 68 x10n" toa="null" sc_toa="null" service_center="null" read="1" status="-1" locked="0" date_sent="0" readable_date="11-11-2015 18:11:14" contact_name="A Su Cong Tinh Uy" />
  <sms protocol="0" address="01677281854" date="1447240290476" type="2" subject="null" body="Tin 5: lo:33,75x10d." toa="null" sc_toa="null" service_center="null" read="1" status="0" locked="0" date_sent="0" readable_date="11-11-2015 18:11:30" contact_name="(Unknown)" />
  <sms protocol="0" address="+841677281854" date="1447240336892" type="1" subject="null" body="Nhan 5 tin.so tin cuoi:5." toa="null" sc_toa="null" service_center="null" read="1" status="-1" locked="0" date_sent="0" readable_date="11-11-2015 18:12:16" contact_name="(Unknown)" />
  <sms protocol="0" address="01685897838" date="1447240359473" type="2" subject="null" body="chi gui cho EM 8 tin" toa="null" sc_toa="null" service_center="null" read="1" status="0" locked="0" date_sent="0" readable_date="11-11-2015 18:12:39" contact_name="Chi H. v. b" />
  <sms protocol="0" address="0968193922" date="1447240360974" type="2" subject="null" body="chị gui cho EM 1 tin" toa="null" sc_toa="null" service_center="null" read="1" status="0" locked="0" date_sent="0" readable_date="11-11-2015 18:12:40" contact_name="(Unknown)" />
  <sms protocol="0" address="0973836212" date="1447240362471" type="2" subject="null" body="may gui cho tao 1 tin" toa="null" sc_toa="null" service_center="null" read="1" status="0" locked="0" date_sent="0" readable_date="11-11-2015 18:12:42" contact_name="Tien Em" />
  <sms protocol="0" address="0974282195" date="1447240363982" type="2" subject="null" body="BAC gui cho EM 1 tin" toa="null" sc_toa="null" service_center="null" read="1" status="32" locked="0" date_sent="0" readable_date="11-11-2015 18:12:43" contact_name="(Unknown)" />
  <sms protocol="0" address="0977655973" date="1447240365483" type="2" subject="null" body="BAC gui cho EM 1 tin" toa="null" sc_toa="null" service_center="null" read="1" status="0" locked="0" date_sent="0" readable_date="11-11-2015 18:12:45" contact_name="A Su Cong Tinh Uy" />
  <sms protocol="0" address="01677281854" date="1447240390974" type="2" subject="null" body="Tin 6: De:81x120n.51x105n.41x40n.01,11,21,31,61,71,91x30n.84x25n.80,82,83,85,86,87,88,89x15n.06,13,68x10n." toa="null" sc_toa="null" service_center="null" read="1" status="0" locked="0" date_sent="0" readable_date="11-11-2015 18:13:10" contact_name="(Unknown)" />
  <sms protocol="0" address="+841677281854" date="1447240418790" type="1" subject="null" body="Nhan 6 tin.so tin cuoi:6." toa="null" sc_toa="null" service_center="null" read="1" status="-1" locked="0" date_sent="0" readable_date="11-11-2015 18:13:38" contact_name="(Unknown)" />
  <sms protocol="0" address="+84914967139" date="1447240421414" type="1" subject="null" body="De tong 5 x 20 n  05 x 100 n  07 70 50 48 x 50 n  01 10 57 75  x 20 n  &#10;Lo  48  x 30 d  07 70  05 50  x 20 d  11 33 55 x 10 d Xien  11  55 57 x 20 d" toa="null" sc_toa="null" service_center="null" read="1" status="-1" locked="0" date_sent="0" readable_date="11-11-2015 18:13:41" contact_name="(Unknown)" />
  <sms protocol="0" address="0914967139" date="1447240429976" type="2" subject="null" body="Nhan 1 tin." toa="null" sc_toa="null" service_center="null" read="1" status="0" locked="0" date_sent="0" readable_date="11-11-2015 18:13:49" contact_name="(Unknown)" />
  <sms protocol="0" address="01643882826" date="1447240486976" type="2" subject="null" body="Tin 3: lo:48x30d.05,07,50,70x20d.11,33,55x10d..xi3:11,55,57*20d." toa="null" sc_toa="null" service_center="null" read="1" status="0" locked="0" date_sent="0" readable_date="11-11-2015 18:14:46" contact_name="(Unknown)" />
  <sms protocol="0" address="01677281854" date="1447240525972" type="2" subject="null" body="Tin 7: De:05x120n.50x70n.07,48,70x50n.01,10,14,23,32,41,57,69,75,78,87,96x20n." toa="null" sc_toa="null" service_center="null" read="1" status="0" locked="0" date_sent="0" readable_date="11-11-2015 18:15:25" contact_name="(Unknown)" />
  <sms protocol="0" address="+841677281854" date="1447240558956" type="1" subject="null" body="Nhan 7 tin.so tin cuoi:7." toa="null" sc_toa="null" service_center="null" read="1" status="-1" locked="0" date_sent="0" readable_date="11-11-2015 18:15:58" contact_name="(Unknown)" />
  <sms protocol="0" address="+841685897838" date="1447240566083" type="1" subject="null" body="de.44,11,949x500n" toa="null" sc_toa="null" service_center="null" read="1" status="-1" locked="0" date_sent="0" readable_date="11-11-2015 18:16:06" contact_name="Chi H. v. b" />
  <sms protocol="0" address="01685897838" date="1447240572477" type="2" subject="null" body="Nhan 9 tin." toa="null" sc_toa="null" service_center="null" read="1" status="0" locked="0" date_sent="0" readable_date="11-11-2015 18:16:12" contact_name="Chi H. v. b" />
  <sms protocol="0" address="01685897838" date="1447240575472" type="2" subject="null" body="Nhan 9 tin." toa="null" sc_toa="null" service_center="null" read="1" status="0" locked="0" date_sent="0" readable_date="11-11-2015 18:16:15" contact_name="Chi H. v. b" />
  <sms protocol="0" address="01677281854" date="1447240594976" type="2" subject="null" body="Tin 8: De:11,44,49,94x500n." toa="null" sc_toa="null" service_center="null" read="1" status="0" locked="0" date_sent="0" readable_date="11-11-2015 18:16:34" contact_name="(Unknown)" />
  <sms protocol="0" address="+841677281854" date="1447240633877" type="1" subject="null" body="Nhan 8 tin.so tin cuoi:8." toa="null" sc_toa="null" service_center="null" read="1" status="-1" locked="0" date_sent="0" readable_date="11-11-2015 18:17:13" contact_name="(Unknown)" />
  <sms protocol="0" address="0983099345" date="1447240891976" type="2" subject="null" body="Nhan 3 tin.. HET DE" toa="null" sc_toa="null" service_center="null" read="1" status="32" locked="0" date_sent="0" readable_date="11-11-2015 18:21:31" contact_name="Viet Bo" />
  <sms protocol="0" address="01685897838" date="1447240893473" type="2" subject="null" body="Nhan 9 tin.. HET DE" toa="null" sc_toa="null" service_center="null" read="1" status="32" locked="0" date_sent="0" readable_date="11-11-2015 18:21:33" contact_name="Chi H. v. b" />
  <sms protocol="0" address="0979399373" date="1447240894974" type="2" subject="null" body="Nhan 1 tin.. HET DE" toa="null" sc_toa="null" service_center="null" read="1" status="32" locked="0" date_sent="0" readable_date="11-11-2015 18:21:34" contact_name="A Tung Thuy?" />
  <sms protocol="0" address="0973836212" date="1447240896477" type="2" subject="null" body="Nhan 1 tin.so tin cuoi:1.. HET DE" toa="null" sc_toa="null" service_center="null" read="1" status="0" locked="0" date_sent="0" readable_date="11-11-2015 18:21:36" contact_name="Tien Em" />
  <sms protocol="0" address="0974282195" date="1447240897972" type="2" subject="null" body="Nhan 1 tin.. HET DE" toa="null" sc_toa="null" service_center="null" read="1" status="32" locked="0" date_sent="0" readable_date="11-11-2015 18:21:37" contact_name="(Unknown)" />
  <sms protocol="0" address="0968193922" date="1447240899478" type="2" subject="null" body="Nhan 1 tin.. HET DE" toa="null" sc_toa="null" service_center="null" read="1" status="0" locked="0" date_sent="0" readable_date="11-11-2015 18:21:39" contact_name="(Unknown)" />
  <sms protocol="0" address="0977655973" date="1447240900973" type="2" subject="null" body="Nhan 1 tin.. HET DE" toa="null" sc_toa="null" service_center="null" read="1" status="0" locked="0" date_sent="0" readable_date="11-11-2015 18:21:40" contact_name="A Su Cong Tinh Uy" />
  <sms protocol="0" address="0914967139" date="1447240902478" type="2" subject="null" body="Nhan 1 tin.. HET DE" toa="null" sc_toa="null" service_center="null" read="1" status="0" locked="0" date_sent="0" readable_date="11-11-2015 18:21:42" contact_name="(Unknown)" />
  <sms protocol="0" address="+841677281854" date="1447241078201" type="1" subject="null" body="chau gui cho co 8 tin" toa="null" sc_toa="null" service_center="null" read="1" status="-1" locked="0" date_sent="0" readable_date="11-11-2015 18:24:38" contact_name="(Unknown)" />
  <sms protocol="0" address="+84974929818" date="1447241323428" type="1" subject="null" body="Ngay:11/11/2015&#10;chau chuyen cho chu&#10;De:24800,0=17732,0n&#10;Th de:600,0=42000,0n&#10;chu bu cho chau:24268,0n&#10;" toa="null" sc_toa="null" service_center="null" read="1" status="-1" locked="0" date_sent="0" readable_date="11-11-2015 18:28:43" contact_name="Chu Phuc Son Tay" />
  <sms protocol="0" address="5055" date="1447241433349" type="1" subject="null" body="11/11:&#10;DB:96056&#10;1:69521&#10;2:78551-09384&#10;3:70899-87533-64504-70447-43762-38841&#10;4:5945-3105-6562-6116&#10;5:1594-4017-2665-4009-0412-7602&#10;6:490-122-573&#10;7:95-61-77-18 " toa="null" sc_toa="null" service_center="null" read="0" status="-1" locked="0" date_sent="0" readable_date="11-11-2015 18:30:33" contact_name="(Unknown)" />
  <sms protocol="0" address="+841677281854" date="1447241468460" type="1" subject="null" body="Ngay:11/11/2015&#10;chau chuyen cho co&#10;De:14600,0=10512,0n&#10;Lo:195,0=4231,5n&#10;Th de:200,0=14000,0n&#10;Th lo:40,0=3200,0n&#10;co bu cho chau:2456,5n&#10;" toa="null" sc_toa="null" service_center="null" read="1" status="-1" locked="0" date_sent="0" readable_date="11-11-2015 18:31:08" contact_name="(Unknown)" />
  <sms protocol="0" address="+84983650782" date="1447241486345" type="1" subject="null" body="Ngay:11/11/2015&#10;Em chuyen cho Anh&#10;3Cang:1200,0=792,0n&#10;Em bu cho Anh:792,0n&#10;" toa="null" sc_toa="null" service_center="null" read="1" status="-1" locked="0" date_sent="0" readable_date="11-11-2015 18:31:26" contact_name="A T 782 Lv" />
  <sms protocol="0" address="+84964386982" date="1447241546839" type="1" subject="null" body="Ngay:11/11/2015&#10;em chuyen cho anh&#10;Lo:1260,0=27367,2n&#10;Th lo:420,0=33600,0n&#10;anh bu cho em:6232,8n&#10;" toa="null" sc_toa="null" service_center="null" read="1" status="-1" locked="0" date_sent="0" readable_date="11-11-2015 18:32:26" contact_name="A Duc" />
  <sms protocol="0" address="0968193922" date="1447241580471" type="2" subject="null" body="Ngay:11/11/2015&#13;&#10;chị chuyen cho EM&#13;&#10;Xien:24,0=163,2n&#13;&#10;chị bu cho EM:163,2n&#13;&#10;" toa="null" sc_toa="null" service_center="null" read="1" status="0" locked="0" date_sent="0" readable_date="11-11-2015 18:33:00" contact_name="(Unknown)" />
  <sms protocol="0" address="0983099345" date="1447241584976" type="2" subject="null" body="Ngay:11/11/2015&#13;&#10;Ban chuyen cho toi&#13;&#10;Lo:245,0=5341,0n&#13;&#10;Th lo:10,0=800,0n&#13;&#10;Ban bu cho toi:4541,0n&#13;&#10;" toa="null" sc_toa="null" service_center="null" read="1" status="0" locked="0" date_sent="0" readable_date="11-11-2015 18:33:04" contact_name="Viet Bo" />
  <sms protocol="0" address="01685897838" date="1447241593974" type="2" subject="null" body="Ngay:11/11/2015&#13;&#10;chi chuyen cho EM&#13;&#10;De:38630,0=27813,6n&#13;&#10;Lo:1300,0=28275,0n&#13;&#10;3Cang:2500,0=1775,0n&#13;&#10;Xien:195,0=1267,5n&#13;&#10;Th de:800,0=56000,0n&#13;&#10;Th lo:470,0=37600,0n&#13;&#10;Th xien:5000,0n&#13;&#10;EM bu cho chi:39468,9n&#13;&#10;" toa="null" sc_toa="null" service_center="null" read="1" status="32" locked="0" date_sent="0" readable_date="11-11-2015 18:33:13" contact_name="Chi H. v. b" />
  <sms protocol="0" address="0983650782" date="1447241598472" type="2" subject="null" body="Ngay:11/11/2015&#13;&#10;em chuyen cho anh&#13;&#10;3Cang:1200,0=792,0n&#13;&#10;em bu cho anh:792,0n&#13;&#10;" toa="null" sc_toa="null" service_center="null" read="1" status="32" locked="0" date_sent="0" readable_date="11-11-2015 18:33:18" contact_name="A T 782 Lv" />
  <sms protocol="0" address="01677281854" date="1447241604472" type="2" subject="null" body="Ngay:11/11/2015&#13;&#10;chau chuyen cho co&#13;&#10;De:14600,0=10512,0n&#13;&#10;Lo:195,0=4231,5n&#13;&#10;Thuong de:200,0=14000,0n&#13;&#10;Thuong lo:40,0=3200,0n&#13;&#10;co bu cho chau:2456,5n&#13;&#10;" toa="null" sc_toa="null" service_center="null" read="1" status="0" locked="0" date_sent="0" readable_date="11-11-2015 18:33:24" contact_name="(Unknown)" />
  <sms protocol="0" address="0964386982" date="1447241611972" type="2" subject="null" body="Ngay:11/11/2015&#13;&#10;em chuyen cho anh&#13;&#10;Lo:1260,0=27367,2n&#13;&#10;Thuong lo:420,0=33600,0n&#13;&#10;anh bu cho em:6232,8n&#13;&#10;" toa="null" sc_toa="null" service_center="null" read="1" status="0" locked="0" date_sent="0" readable_date="11-11-2015 18:33:31" contact_name="A Duc" />
  <sms protocol="0" address="0977655973" date="1447241614984" type="2" subject="null" body="Ngay:11/11/2015&#13;&#10;BAC chuyen cho EM&#13;&#10;De:650,0=520,0n&#13;&#10;Lo:20,0=450,0n&#13;&#10;Th lo:10,0=800,0n&#13;&#10;BAC bu cho EM:170,0n&#13;&#10;" toa="null" sc_toa="null" service_center="null" read="1" status="0" locked="0" date_sent="0" readable_date="11-11-2015 18:33:34" contact_name="A Su Cong Tinh Uy" />
  <sms protocol="0" address="0974929818" date="1447241619471" type="2" subject="null" body="Ngay:11/11/2015&#13;&#10;chau  chuyen cho chu&#13;&#10;De:24800,0=17732,0n&#13;&#10;Thuong de:600,0=42000,0n&#13;&#10;chu bu cho chau :24268,0n&#13;&#10;" toa="null" sc_toa="null" service_center="null" read="1" status="0" locked="0" date_sent="0" readable_date="11-11-2015 18:33:39" contact_name="Chu Phuc Son Tay" />
  <sms protocol="0" address="01643882826" date="1447241623973" type="2" subject="null" body="Ngay:11/11/2015&#13;&#10; chuyen cho &#13;&#10;Lo:140,0=3038,0n&#13;&#10;3Cang:1300,0=936,0n&#13;&#10;Xien:219,0=1314,0n&#13;&#10;Thuong lo:30,0=2400,0n&#13;&#10;Thuong xien:5000,0n&#13;&#10; bu cho :2112,0n&#13;&#10;" toa="null" sc_toa="null" service_center="null" read="1" status="0" locked="0" date_sent="0" readable_date="11-11-2015 18:33:43" contact_name="(Unknown)" />
  <sms protocol="0" address="0973836212" date="1447241628476" type="2" subject="null" body="Ngay:11/11/2015&#13;&#10;may chuyen cho tao&#13;&#10;Lo:20,0=436,0n&#13;&#10;may bu cho tao:436,0n&#13;&#10;" toa="null" sc_toa="null" service_center="null" read="1" status="0" locked="0" date_sent="0" readable_date="11-11-2015 18:33:48" contact_name="Tien Em" />
  <sms protocol="0" address="0979399373" date="1447241632974" type="2" subject="null" body="Ngay:11/11/2015&#13;&#10;Anh chuyen cho EM&#13;&#10;De:120,0=90,0n&#13;&#10;Anh bu cho EM:90,0n&#13;&#10;" toa="null" sc_toa="null" service_center="null" read="1" status="0" locked="0" date_sent="0" readable_date="11-11-2015 18:33:52" contact_name="A Tung Thuy?" />
  <sms protocol="0" address="0974282195" date="1447241647981" type="2" subject="null" body="Ngay:11/11/2015&#13;&#10;BAC chuyen cho EM&#13;&#10;Lo:10,0=22,0n&#13;&#10;BAC bu cho EM:22,0n&#13;&#10;" toa="null" sc_toa="null" service_center="null" read="1" status="0" locked="0" date_sent="0" readable_date="11-11-2015 18:34:07" contact_name="(Unknown)" />
  <sms protocol="0" address="+84974929818" date="1447241720117" type="1" subject="null" body="Tg chau + 24750n" toa="null" sc_toa="null" service_center="null" read="1" status="-1" locked="0" date_sent="0" readable_date="11-11-2015 18:35:20" contact_name="Chu Phuc Son Tay" />
  <sms protocol="0" address="01632029067" date="1447241836267" type="2" subject="null" body="Tinh den het ngay:10/11/15 EM thu 1173n&#13;&#10;Ngay:11/11/15 Chị-163n &#13;&#10;Tong cong: EM thu 1336" toa="null" sc_toa="null" service_center="null" read="1" status="0" locked="0" date_sent="0" readable_date="11-11-2015 18:37:16" contact_name="(Unknown)" />
  <sms protocol="0" address="0964386982" date="1447241849724" type="2" subject="null" body="Tinh den het ngay:10/11/15 em bu 1620n&#13;&#10;Ngay:11/11/15 anh-6232n &#13;&#10;Tong cong: em thu 4612" toa="null" sc_toa="null" service_center="null" read="1" status="0" locked="0" date_sent="0" readable_date="11-11-2015 18:37:29" contact_name="A Duc" />
  <sms protocol="0" address="0973836212" date="1447241861695" type="2" subject="null" body="Tinh den het ngay:10/11/15 tao thu 10077n&#13;&#10;Ngay:11/11/15 may+3250n -436n &#13;&#10;Tong cong: tao thu 7263" toa="null" sc_toa="null" service_center="null" read="1" status="0" locked="0" date_sent="0" readable_date="11-11-2015 18:37:41" contact_name="Tien Em" />
  <sms protocol="0" address="0974929818" date="1447241863918" type="2" subject="null" body="Tinh den het ngay:10/11/15 chau  thu 473n&#13;&#10;Ngay:11/11/15 chu-24268n &#13;&#10;Tong cong: chau  thu 24741" toa="null" sc_toa="null" service_center="null" read="1" status="0" locked="0" date_sent="0" readable_date="11-11-2015 18:37:43" contact_name="Chu Phuc Son Tay" />
  <sms protocol="0" address="0977655973" date="1447241867361" type="2" subject="null" body="Tinh den het ngay:10/11/15 EM thu 108n&#13;&#10;Ngay:11/11/15 BAC-170n &#13;&#10;Tong cong: EM thu 278" toa="null" sc_toa="null" service_center="null" read="1" status="32" locked="0" date_sent="0" readable_date="11-11-2015 18:37:47" contact_name="A Su Cong Tinh Uy" />
  <sms protocol="0" address="0983099345" date="1447241880479" type="2" subject="null" body="Tinh den het ngay:10/11/15 toi thu 56055n&#13;&#10;Ngay:11/11/15 Ban+20000n -4541n +39557n &#13;&#10;Tong cong: toi thu 1039" toa="null" sc_toa="null" service_center="null" read="1" status="0" locked="0" date_sent="0" readable_date="11-11-2015 18:38:00" contact_name="Viet Bo" />
  <sms protocol="0" address="+84974929818" date="1447241918908" type="1" subject="null" body="Ok " toa="null" sc_toa="null" service_center="+84980200623" read="0" status="-1" locked="0" date_sent="1447241916000" readable_date="11-11-2015 18:38:38" contact_name="Chu Phuc Son Tay" />
  <sms protocol="0" address="0983099345" date="1447241935457" type="2" subject="null" body="EM bu cho chi:39468,9n&#13;&#10;T bu c 39557" toa="null" sc_toa="null" service_center="null" read="1" status="32" locked="0" date_sent="0" readable_date="11-11-2015 18:38:55" contact_name="Viet Bo" />
  <sms protocol="0" address="01643882826" date="1447241939500" type="3" subject="null" body="Ngay:11/11/15 -2112n " toa="null" sc_toa="null" service_center="null" read="1" status="-1" locked="0" date_sent="0" readable_date="11-11-2015 18:38:59" contact_name="(Unknown)" />
</smses>