<?xml version='1.0' encoding='UTF-8' standalone='yes' ?>
<!--File Created By SMS Backup & Restore Pro v7.21 on 12/11/2015 18:52:58-->
<?xml-stylesheet type="text/xsl" href="sms.xsl"?>
<smses count="127">
  <sms protocol="0" address="109" date="1447286661026" type="1" subject="null" body="Viettel da gia han thanh cong tinh nang VT100. Quy khach co 200 tin nhan noi mang va cuoc goi noi mang giam con 200d/phut tru tai khoan goc. TKKM se tru theo quy dinh goi cuoc. Cuoc goi se tru tu TK goc den TK KM. KM ap dung den 24h ngay dang ky. De kiem tra so tin nhan, soan KT100 gui 109 (100d/tin).  Huy gia han, soan HUYVT gui 109 (100d/tin). Chi tiet LH 198 (200d/phut)." toa="null" sc_toa="null" service_center="null" read="1" status="-1" locked="0" date_sent="0" readable_date="12-11-2015 07:04:21" contact_name="(Unknown)" />
  <sms protocol="0" address="+84968193922" date="1447321839280" type="1" subject="null" body="X2.92.29.=50 ; X2.00.05.=50 ; X4.21.71.26.67.=50 ; X4.46.64.38.83.=50. ; X3.05.72.16.=50 ; " toa="null" sc_toa="null" service_center="null" read="1" status="-1" locked="0" date_sent="0" readable_date="12-11-2015 16:50:39" contact_name="(Unknown)" />
  <sms protocol="0" address="0968193922" date="1447321918820" type="2" subject="null" body="chị gui cho EM 1 tin" toa="null" sc_toa="null" service_center="null" read="1" status="0" locked="0" date_sent="0" readable_date="12-11-2015 16:51:58" contact_name="(Unknown)" />
  <sms protocol="0" address="0968193922" date="1447321923323" type="2" subject="null" body="Nhan 1 tin." toa="null" sc_toa="null" service_center="null" read="1" status="0" locked="0" date_sent="0" readable_date="12-11-2015 16:52:03" contact_name="(Unknown)" />
  <sms protocol="0" address="+84973836212" date="1447322343323" type="1" subject="null" body="T1 292x5d" toa="null" sc_toa="null" service_center="null" read="1" status="-1" locked="0" date_sent="0" readable_date="12-11-2015 16:59:03" contact_name="Tien Em" />
  <sms protocol="0" address="+84979399373" date="1447322354894" type="1" subject="null" body="Lo 10.01 x 10. Lo 43x15" toa="null" sc_toa="null" service_center="null" read="1" status="-1" locked="0" date_sent="0" readable_date="12-11-2015 16:59:14" contact_name="A Tung Thuy?" />
  <sms protocol="0" address="+84968193922" date="1447323419818" type="1" subject="null" body="X2.59.20.=50 ; X2.40.96.=50 ;" toa="null" sc_toa="null" service_center="null" read="1" status="-1" locked="0" date_sent="0" readable_date="12-11-2015 17:16:59" contact_name="(Unknown)" />
  <sms protocol="0" address="+84973836212" date="1447323718181" type="1" subject="null" body="T2 lo 88x30d đê 95x20k " toa="null" sc_toa="null" service_center="null" read="1" status="-1" locked="0" date_sent="0" readable_date="12-11-2015 17:21:58" contact_name="Tien Em" />
  <sms protocol="0" address="0973836212" date="1447323755115" type="2" subject="null" body="Nhan 2 tin.so tin cuoi:2." toa="null" sc_toa="null" service_center="null" read="1" status="0" locked="0" date_sent="0" readable_date="12-11-2015 17:22:35" contact_name="Tien Em" />
  <sms protocol="0" address="0968193922" date="1447323756611" type="2" subject="null" body="Nhan 2 tin." toa="null" sc_toa="null" service_center="null" read="1" status="0" locked="0" date_sent="0" readable_date="12-11-2015 17:22:36" contact_name="(Unknown)" />
  <sms protocol="0" address="0968193922" date="1447323758110" type="2" subject="null" body="Nhan 2 tin." toa="null" sc_toa="null" service_center="null" read="1" status="0" locked="0" date_sent="0" readable_date="12-11-2015 17:22:38" contact_name="(Unknown)" />
  <sms protocol="0" address="0983099345" date="1447323779117" type="2" subject="null" body="Nhan 1 tin." toa="null" sc_toa="null" service_center="null" read="1" status="0" locked="0" date_sent="0" readable_date="12-11-2015 17:22:59" contact_name="Viet Bo" />
  <sms protocol="0" address="0983099345" date="1447323780610" type="2" subject="null" body="Nhan 1 tin." toa="null" sc_toa="null" service_center="null" read="1" status="0" locked="0" date_sent="0" readable_date="12-11-2015 17:23:00" contact_name="Viet Bo" />
  <sms protocol="0" address="0983099345" date="1447323782120" type="2" subject="null" body="Nhan 1 tin." toa="null" sc_toa="null" service_center="null" read="1" status="0" locked="0" date_sent="0" readable_date="12-11-2015 17:23:02" contact_name="Viet Bo" />
  <sms protocol="0" address="+84973836212" date="1447323794683" type="1" subject="null" body="Tjn 2 r day. T1 nkan dk chua" toa="null" sc_toa="null" service_center="null" read="1" status="-1" locked="0" date_sent="0" readable_date="12-11-2015 17:23:14" contact_name="Tien Em" />
  <sms protocol="0" address="+84973836212" date="1447323822613" type="2" subject="null" body="nhan 2 tin r" toa="null" sc_toa="null" service_center="null" read="1" status="0" locked="0" date_sent="0" readable_date="12-11-2015 17:23:42" contact_name="Tien Em" />
  <sms protocol="0" address="+84983099345" date="1447323876900" type="1" subject="null" body="lô 32,23,69,96 x50d đề 00x500n 69,96x250n" toa="null" sc_toa="null" service_center="null" read="1" status="-1" locked="0" date_sent="0" readable_date="12-11-2015 17:24:36" contact_name="Viet Bo" />
  <sms protocol="0" address="0968193922" date="1447323899111" type="2" subject="null" body="chị gui cho EM 2 tin" toa="null" sc_toa="null" service_center="null" read="1" status="0" locked="0" date_sent="0" readable_date="12-11-2015 17:24:59" contact_name="(Unknown)" />
  <sms protocol="0" address="0973836212" date="1447323900617" type="2" subject="null" body="may gui cho tao 2 tin" toa="null" sc_toa="null" service_center="null" read="1" status="0" locked="0" date_sent="0" readable_date="12-11-2015 17:25:00" contact_name="Tien Em" />
  <sms protocol="0" address="0979399373" date="1447323902111" type="2" subject="null" body="Anh gui cho EM 1 tin" toa="null" sc_toa="null" service_center="null" read="1" status="0" locked="0" date_sent="0" readable_date="12-11-2015 17:25:02" contact_name="A Tung Thuy?" />
  <sms protocol="0" address="0983099345" date="1447323903611" type="2" subject="null" body="Ban gui cho toi 1 tin" toa="null" sc_toa="null" service_center="null" read="1" status="32" locked="0" date_sent="0" readable_date="12-11-2015 17:25:03" contact_name="Viet Bo" />
  <sms protocol="0" address="+84983099345" date="1447324219126" type="1" subject="null" body="lô 29x5d" toa="null" sc_toa="null" service_center="null" read="1" status="-1" locked="0" date_sent="0" readable_date="12-11-2015 17:30:19" contact_name="Viet Bo" />
  <sms protocol="0" address="0983099345" date="1447324226113" type="2" subject="null" body="Nhan 2 tin." toa="null" sc_toa="null" service_center="null" read="1" status="0" locked="0" date_sent="0" readable_date="12-11-2015 17:30:26" contact_name="Viet Bo" />
  <sms protocol="0" address="0983099345" date="1447324229116" type="2" subject="null" body="Nhan 2 tin." toa="null" sc_toa="null" service_center="null" read="1" status="0" locked="0" date_sent="0" readable_date="12-11-2015 17:30:29" contact_name="Viet Bo" />
  <sms protocol="0" address="+841685897838" date="1447324490490" type="1" subject="null" body="Lo 969 x10d.de 51.01.969 x15n. Đe 050.363.x300n 52x100n  lo 12.88.09.63.70.52x10₫." toa="null" sc_toa="null" service_center="null" read="1" status="-1" locked="0" date_sent="0" readable_date="12-11-2015 17:34:50" contact_name="Chi H. v. b" />
  <sms protocol="0" address="01685897838" date="1447324540201" type="2" subject="null" body="Nhan 1 tin." toa="null" sc_toa="null" service_center="null" read="1" status="0" locked="0" date_sent="0" readable_date="12-11-2015 17:35:40" contact_name="Chi H. v. b" />
  <sms protocol="0" address="+841685897838" date="1447324848999" type="1" subject="null" body="Đề đầu 5x30n" toa="null" sc_toa="null" service_center="null" read="1" status="-1" locked="0" date_sent="0" readable_date="12-11-2015 17:40:48" contact_name="Chi H. v. b" />
  <sms protocol="0" address="01685897838" date="1447324853703" type="2" subject="null" body="Nhan 2 tin." toa="null" sc_toa="null" service_center="null" read="1" status="0" locked="0" date_sent="0" readable_date="12-11-2015 17:40:53" contact_name="Chi H. v. b" />
  <sms protocol="0" address="01685897838" date="1447324855201" type="2" subject="null" body="Nhan 2 tin." toa="null" sc_toa="null" service_center="null" read="1" status="0" locked="0" date_sent="0" readable_date="12-11-2015 17:40:55" contact_name="Chi H. v. b" />
  <sms protocol="0" address="0964386982" date="1447324918203" type="2" subject="null" body="Tin 1: lo:69,96x60d.23,32x50d.88x40d.43x15d.01,09,10,12,29,52,63,70x10d.92x5d." toa="null" sc_toa="null" service_center="null" read="1" status="0" locked="0" date_sent="0" readable_date="12-11-2015 17:41:58" contact_name="A Duc" />
  <sms protocol="0" address="+841685897838" date="1447324989328" type="1" subject="null" body="Lo 68 64 83 87 85 59 575 29 23x10d. Lo 292 x10d." toa="null" sc_toa="null" service_center="null" read="1" status="-1" locked="0" date_sent="0" readable_date="12-11-2015 17:43:09" contact_name="Chi H. v. b" />
  <sms protocol="0" address="01685897838" date="1447325000703" type="2" subject="null" body="Nhan 3 tin." toa="null" sc_toa="null" service_center="null" read="1" status="0" locked="0" date_sent="0" readable_date="12-11-2015 17:43:20" contact_name="Chi H. v. b" />
  <sms protocol="0" address="01685897838" date="1447325002203" type="2" subject="null" body="Nhan 3 tin." toa="null" sc_toa="null" service_center="null" read="1" status="0" locked="0" date_sent="0" readable_date="12-11-2015 17:43:22" contact_name="Chi H. v. b" />
  <sms protocol="0" address="01677281854" date="1447325017202" type="2" subject="null" body="Tin 1: lo:29x20d.23,57,59,64,68,75,83,85,87,92x10d." toa="null" sc_toa="null" service_center="null" read="1" status="0" locked="0" date_sent="0" readable_date="12-11-2015 17:43:37" contact_name="(Unknown)" />
  <sms protocol="0" address="01643882826" date="1447325029208" type="2" subject="null" body="Tin 1: xi2:00,05*5d.,xi3:05,16,72*5d.,xi2:20,59*5d.,xi4:21,26,67,71*5d.,xi2:29,92*5d.,xi4:38,46,64,83*5d.,xi2:40,96*5d." toa="null" sc_toa="null" service_center="null" read="1" status="0" locked="0" date_sent="0" readable_date="12-11-2015 17:43:49" contact_name="(Unknown)" />
  <sms protocol="0" address="+841677281854" date="1447325059468" type="1" subject="null" body="Nhan 1 tin.so tin cuoi:1." toa="null" sc_toa="null" service_center="null" read="1" status="-1" locked="0" date_sent="0" readable_date="12-11-2015 17:44:19" contact_name="(Unknown)" />
  <sms protocol="0" address="+841677281854" date="1447325120440" type="1" subject="null" body="chau gui cho co 1 tin" toa="null" sc_toa="null" service_center="null" read="1" status="-1" locked="0" date_sent="0" readable_date="12-11-2015 17:45:20" contact_name="(Unknown)" />
  <sms protocol="0" address="+84964386982" date="1447325132368" type="1" subject="null" body="em gui cho anh 1 tin" toa="null" sc_toa="null" service_center="null" read="1" status="-1" locked="0" date_sent="0" readable_date="12-11-2015 17:45:32" contact_name="A Duc" />
  <sms protocol="0" address="+84983099345" date="1447325144009" type="1" subject="null" body="Lô 323 x10d .696 x5d" toa="null" sc_toa="null" service_center="null" read="1" status="-1" locked="0" date_sent="0" readable_date="12-11-2015 17:45:44" contact_name="Viet Bo" />
  <sms protocol="0" address="+84968193922" date="1447325147045" type="1" subject="null" body="X2.77.41.=30." toa="null" sc_toa="null" service_center="null" read="1" status="-1" locked="0" date_sent="0" readable_date="12-11-2015 17:45:47" contact_name="(Unknown)" />
  <sms protocol="0" address="0983099345" date="1447325149208" type="2" subject="null" body="Nhan 3 tin." toa="null" sc_toa="null" service_center="null" read="1" status="0" locked="0" date_sent="0" readable_date="12-11-2015 17:45:49" contact_name="Viet Bo" />
  <sms protocol="0" address="0968193922" date="1447325159705" type="2" subject="null" body="Nhan 3 tin." toa="null" sc_toa="null" service_center="null" read="1" status="0" locked="0" date_sent="0" readable_date="12-11-2015 17:45:59" contact_name="(Unknown)" />
  <sms protocol="0" address="+84973836212" date="1447325457242" type="1" subject="null" body="T3 Đề 57 58x50k" toa="null" sc_toa="null" service_center="null" read="1" status="-1" locked="0" date_sent="0" readable_date="12-11-2015 17:50:57" contact_name="Tien Em" />
  <sms protocol="0" address="0973836212" date="1447325467204" type="2" subject="null" body="Nhan 3 tin.so tin cuoi:3." toa="null" sc_toa="null" service_center="null" read="1" status="0" locked="0" date_sent="0" readable_date="12-11-2015 17:51:07" contact_name="Tien Em" />
  <sms protocol="0" address="0973836212" date="1447325468700" type="2" subject="null" body="Nhan 3 tin.so tin cuoi:3." toa="null" sc_toa="null" service_center="null" read="1" status="0" locked="0" date_sent="0" readable_date="12-11-2015 17:51:08" contact_name="Tien Em" />
  <sms protocol="0" address="+841685897838" date="1447325559319" type="1" subject="null" body="Xjen 37.72.55x10d.39.47.05x10d.51.73x10d.39.55x10d" toa="null" sc_toa="null" service_center="null" read="1" status="-1" locked="0" date_sent="0" readable_date="12-11-2015 17:52:39" contact_name="Chi H. v. b" />
  <sms protocol="0" address="01685897838" date="1447325564703" type="2" subject="null" body="Nhan 4 tin." toa="null" sc_toa="null" service_center="null" read="1" status="0" locked="0" date_sent="0" readable_date="12-11-2015 17:52:44" contact_name="Chi H. v. b" />
  <sms protocol="0" address="01685897838" date="1447325566203" type="2" subject="null" body="Nhan 4 tin." toa="null" sc_toa="null" service_center="null" read="1" status="0" locked="0" date_sent="0" readable_date="12-11-2015 17:52:46" contact_name="Chi H. v. b" />
  <sms protocol="0" address="0983650782" date="1447325582710" type="2" subject="null" body="Tin 1: xi2:41,77*3d.xi3:05,39,47*10d.,xi3:37,55,72*10d.,xi2:39,55*10d.,xi2:51,73*10d." toa="null" sc_toa="null" service_center="null" read="1" status="32" locked="0" date_sent="0" readable_date="12-11-2015 17:53:02" contact_name="A T 782 Lv" />
  <sms protocol="0" address="+84983650782" date="1447325687513" type="1" subject="null" body="Em gui cho Anh 1 tin" toa="null" sc_toa="null" service_center="null" read="1" status="-1" locked="0" date_sent="0" readable_date="12-11-2015 17:54:47" contact_name="A T 782 Lv" />
  <sms protocol="0" address="+841685897838" date="1447325722475" type="1" subject="null" body="Lo.. 696.56.x30d.11.65.x10d.010.65.05.50.55.52.61.62.x10d." toa="null" sc_toa="null" service_center="null" read="1" status="-1" locked="0" date_sent="0" readable_date="12-11-2015 17:55:22" contact_name="Chi H. v. b" />
  <sms protocol="0" address="01685897838" date="1447325728206" type="2" subject="null" body="Nhan 5 tin." toa="null" sc_toa="null" service_center="null" read="1" status="0" locked="0" date_sent="0" readable_date="12-11-2015 17:55:28" contact_name="Chi H. v. b" />
  <sms protocol="0" address="01677281854" date="1447325935203" type="2" subject="null" body="Tin 2: lo:69,96x35d.56x30d.65x20d.01,05,10,11,23,32,50,52,55,61,62x10d." toa="null" sc_toa="null" service_center="null" read="1" status="0" locked="0" date_sent="0" readable_date="12-11-2015 17:58:55" contact_name="(Unknown)" />
  <sms protocol="0" address="+841677281854" date="1447325961020" type="1" subject="null" body="Nhan 2 tin.so tin cuoi:2." toa="null" sc_toa="null" service_center="null" read="1" status="-1" locked="0" date_sent="0" readable_date="12-11-2015 17:59:21" contact_name="(Unknown)" />
  <sms protocol="0" address="+841685897838" date="1447326171222" type="1" subject="null" body=" lo. .81,09,03,65,40,55,66,14,50,96,59 30 ,15x10₫ xien. 1459,_1788_8130_6688_4096_5074x10n. ₫e030x100n. 05,17,15,14,16,49,13,72,73x30n" toa="null" sc_toa="null" service_center="null" read="1" status="-1" locked="0" date_sent="0" readable_date="12-11-2015 18:02:51" contact_name="Chi H. v. b" />
  <sms protocol="0" address="+84977655973" date="1447326183458" type="1" subject="null" body="Lo 96 85x10d duoi 1x 15n dau8x25n 80 81 x75n 41 85x50n 696 08 090x10n 3cang 080 081x50n " toa="null" sc_toa="null" service_center="null" read="1" status="-1" locked="0" date_sent="0" readable_date="12-11-2015 18:03:03" contact_name="A Su Cong Tinh Uy" />
  <sms protocol="0" address="+84914967139" date="1447326188491" type="1" subject="null" body="De 474 929 636 818 858 030 535 252 070 x 10 n  969 141 727 020  21 71 48 46 x 20 n   tong  5 x 30 n  &#10;Lo  70 02 20 x 40 d  72 83 00 x 20 d  27 38 04 40 31 35 91 x 10 d  Xien  35 91 02 x 20 d  83  40 70 x 10 d " toa="null" sc_toa="null" service_center="null" read="1" status="-1" locked="0" date_sent="0" readable_date="12-11-2015 18:03:08" contact_name="(Unknown)" />
  <sms protocol="0" address="01685897838" date="1447326215702" type="2" subject="null" body="Nhan 6 tin." toa="null" sc_toa="null" service_center="null" read="1" status="0" locked="0" date_sent="0" readable_date="12-11-2015 18:03:35" contact_name="Chi H. v. b" />
  <sms protocol="0" address="0914967139" date="1447326223202" type="2" subject="null" body="Nhan 1 tin." toa="null" sc_toa="null" service_center="null" read="1" status="0" locked="0" date_sent="0" readable_date="12-11-2015 18:03:43" contact_name="(Unknown)" />
  <sms protocol="0" address="0977655973" date="1447326233700" type="2" subject="null" body="BAC gui cho EM 1 tin" toa="null" sc_toa="null" service_center="null" read="1" status="0" locked="0" date_sent="0" readable_date="12-11-2015 18:03:53" contact_name="A Su Cong Tinh Uy" />
  <sms protocol="0" address="0983650782" date="1447326277208" type="2" subject="null" body="Tin 2: xi3:02,35,91*19d.xi3:40,70,83*9d." toa="null" sc_toa="null" service_center="null" read="1" status="0" locked="0" date_sent="0" readable_date="12-11-2015 18:04:37" contact_name="A T 782 Lv" />
  <sms protocol="0" address="01643882826" date="1447326292205" type="2" subject="null" body="Tin 2: xi3:02,35,91*1d.,xi3:40,70,83*1d.,xi2:40,96*1d.,xi2:14,59*1d.,xi2:17,88*1d.,xi2:30,81*1d.,xi2:50,74*1d.,xi2:66,88*1d." toa="null" sc_toa="null" service_center="null" read="1" status="0" locked="0" date_sent="0" readable_date="12-11-2015 18:04:52" contact_name="(Unknown)" />
  <sms protocol="0" address="01677281854" date="1447326316228" type="2" subject="null" body="Tin 3: lo:02,20,70x40d.00,40,72,83,96x20d.03,04,09,14,15,27,30,31,35,38,50,55,59,65,66,81,85,91x10d." toa="null" sc_toa="null" service_center="null" read="1" status="0" locked="0" date_sent="0" readable_date="12-11-2015 18:05:16" contact_name="(Unknown)" />
  <sms protocol="0" address="+841677281854" date="1447326376945" type="1" subject="null" body="Nhan 3 tin.so tin cuoi:3." toa="null" sc_toa="null" service_center="null" read="1" status="-1" locked="0" date_sent="0" readable_date="12-11-2015 18:06:16" contact_name="(Unknown)" />
  <sms protocol="0" address="+841685897838" date="1447326742127" type="1" subject="null" body="Lo 55.00x20d" toa="null" sc_toa="null" service_center="null" read="1" status="-1" locked="0" date_sent="0" readable_date="12-11-2015 18:12:22" contact_name="Chi H. v. b" />
  <sms protocol="0" address="01685897838" date="1447326751201" type="2" subject="null" body="Nhan 7 tin." toa="null" sc_toa="null" service_center="null" read="1" status="0" locked="0" date_sent="0" readable_date="12-11-2015 18:12:31" contact_name="Chi H. v. b" />
  <sms protocol="0" address="01685897838" date="1447326754203" type="2" subject="null" body="Nhan 7 tin." toa="null" sc_toa="null" service_center="null" read="1" status="0" locked="0" date_sent="0" readable_date="12-11-2015 18:12:34" contact_name="Chi H. v. b" />
  <sms protocol="0" address="0964386982" date="1447326761703" type="2" subject="null" body="Tin 2: lo:00,55x20d." toa="null" sc_toa="null" service_center="null" read="1" status="32" locked="0" date_sent="0" readable_date="12-11-2015 18:12:41" contact_name="A Duc" />
  <sms protocol="0" address="+84914967139" date="1447326805539" type="1" subject="null" body="Xien 76 70  52 x 10 d " toa="null" sc_toa="null" service_center="null" read="1" status="-1" locked="0" date_sent="0" readable_date="12-11-2015 18:13:25" contact_name="(Unknown)" />
  <sms protocol="0" address="0914967139" date="1447326815709" type="2" subject="null" body="Nhan 2 tin." toa="null" sc_toa="null" service_center="null" read="1" status="0" locked="0" date_sent="0" readable_date="12-11-2015 18:13:35" contact_name="(Unknown)" />
  <sms protocol="0" address="0983650782" date="1447326826204" type="2" subject="null" body="Tin 3: xi3:52,70,76*9d." toa="null" sc_toa="null" service_center="null" read="1" status="0" locked="0" date_sent="0" readable_date="12-11-2015 18:13:46" contact_name="A T 782 Lv" />
  <sms protocol="0" address="+84964386982" date="1447326839436" type="1" subject="null" body="em gui cho anh 2 tin" toa="null" sc_toa="null" service_center="null" read="1" status="-1" locked="0" date_sent="0" readable_date="12-11-2015 18:13:59" contact_name="A Duc" />
  <sms protocol="0" address="+84983650782" date="1447326852223" type="1" subject="null" body="Em gui cho Anh 2 tin" toa="null" sc_toa="null" service_center="null" read="1" status="-1" locked="0" date_sent="0" readable_date="12-11-2015 18:14:12" contact_name="A T 782 Lv" />
  <sms protocol="0" address="0983650782" date="1447326964206" type="2" subject="null" body="em gui cho anh 3 tin" toa="null" sc_toa="null" service_center="null" read="1" status="32" locked="0" date_sent="0" readable_date="12-11-2015 18:16:04" contact_name="A T 782 Lv" />
  <sms protocol="0" address="0983650782" date="1447327006204" type="2" subject="null" body="Tin 4: Ba cang:080,081x50n." toa="null" sc_toa="null" service_center="null" read="1" status="0" locked="0" date_sent="0" readable_date="12-11-2015 18:16:46" contact_name="A T 782 Lv" />
  <sms protocol="0" address="+84983650782" date="1447327057072" type="1" subject="null" body="Em gui cho Anh 4 tin" toa="null" sc_toa="null" service_center="null" read="1" status="-1" locked="0" date_sent="0" readable_date="12-11-2015 18:17:37" contact_name="A T 782 Lv" />
  <sms protocol="0" address="01677281854" date="1447327091704" type="2" subject="null" body="Tin4: de:00x500n.05,50x360n.69,96x325n.36,63x310n.52x140n.81x125n.41x115n.03,30x110n.80x100n.58x90n.85x85n.14,57x80n.51x60n.87x55n.72x50n.53x40n.21,71x35n.01,13,15,16,17,23,32,49,54,55,56,59,73,78x30n.82,83,84,86,88,89x25n.02,20,27,46,48,95x20n.11,31,61,91x15n." toa="null" sc_toa="null" service_center="null" read="1" status="0" locked="0" date_sent="0" readable_date="12-11-2015 18:18:11" contact_name="(Unknown)" />
  <sms protocol="0" address="01677281854" date="1447327103707" type="2" subject="null" body="Tin5: de:07,08,09,18,25,29,35,47,70,74,90,92x10n." toa="null" sc_toa="null" service_center="null" read="1" status="0" locked="0" date_sent="0" readable_date="12-11-2015 18:18:23" contact_name="(Unknown)" />
  <sms protocol="0" address="+841677281854" date="1447327119749" type="1" subject="null" body="Nhan 4 tin.so tin cuoi:4." toa="null" sc_toa="null" service_center="null" read="1" status="-1" locked="0" date_sent="0" readable_date="12-11-2015 18:18:39" contact_name="(Unknown)" />
  <sms protocol="0" address="+841677281854" date="1447327128739" type="1" subject="null" body="Nhan 5 tin.so tin cuoi:5." toa="null" sc_toa="null" service_center="null" read="1" status="-1" locked="0" date_sent="0" readable_date="12-11-2015 18:18:48" contact_name="(Unknown)" />
  <sms protocol="0" address="+841685897838" date="1447327139067" type="1" subject="null" body="2kep x200.040.080.070.x100" toa="null" sc_toa="null" service_center="null" read="1" status="-1" locked="0" date_sent="0" readable_date="12-11-2015 18:18:59" contact_name="Chi H. v. b" />
  <sms protocol="0" address="01685897838" date="1447327147202" type="2" subject="null" body="Nhan 8 tin." toa="null" sc_toa="null" service_center="null" read="1" status="0" locked="0" date_sent="0" readable_date="12-11-2015 18:19:07" contact_name="Chi H. v. b" />
  <sms protocol="0" address="01685897838" date="1447327148715" type="2" subject="null" body="Nhan 8 tin." toa="null" sc_toa="null" service_center="null" read="1" status="0" locked="0" date_sent="0" readable_date="12-11-2015 18:19:08" contact_name="Chi H. v. b" />
  <sms protocol="0" address="0974929818" date="1447327165221" type="2" subject="null" body="Tin 1: De:00,05,11,16,22,27,33,38,44,49,50,55,61,66,72,77,83,88,94,99x100n." toa="null" sc_toa="null" service_center="null" read="1" status="0" locked="0" date_sent="0" readable_date="12-11-2015 18:19:25" contact_name="Chu Phuc Son Tay" />
  <sms protocol="0" address="0974929818" date="1447327178702" type="2" subject="null" body="Tin 2: De:00,04,05,07,08,11,16,22,27,33,38,40,44,49,50,55,61,66,70,72,77,80,83,88,94,99x100n." toa="null" sc_toa="null" service_center="null" read="1" status="0" locked="0" date_sent="0" readable_date="12-11-2015 18:19:38" contact_name="Chu Phuc Son Tay" />
  <sms protocol="0" address="+84974929818" date="1447327197234" type="1" subject="null" body="Nhan 2 tin.so tin cuoi:2." toa="null" sc_toa="null" service_center="null" read="1" status="-1" locked="0" date_sent="0" readable_date="12-11-2015 18:19:57" contact_name="Chu Phuc Son Tay" />
  <sms protocol="0" address="+84974929818" date="1447327199802" type="1" subject="null" body="Nhan 1 tin.so tin cuoi:1." toa="null" sc_toa="null" service_center="null" read="1" status="-1" locked="0" date_sent="0" readable_date="12-11-2015 18:19:59" contact_name="Chu Phuc Son Tay" />
  <sms protocol="0" address="+841685897838" date="1447327208763" type="1" subject="null" body="Day con 4 X10N" toa="null" sc_toa="null" service_center="null" read="1" status="-1" locked="0" date_sent="0" readable_date="12-11-2015 18:20:08" contact_name="Chi H. v. b" />
  <sms protocol="0" address="01685897838" date="1447327214702" type="2" subject="null" body="Nhan 9 tin." toa="null" sc_toa="null" service_center="null" read="1" status="0" locked="0" date_sent="0" readable_date="12-11-2015 18:20:14" contact_name="Chi H. v. b" />
  <sms protocol="0" address="01677281854" date="1447327226706" type="2" subject="null" body="Tin 6: De:04,09,14,19,24,29,34,39,40,41,42,43,44,45,46,47,48,49,54,59,64,69,74,79,84,89,90,91,92,93,94,95,96,97,98,99x10n." toa="null" sc_toa="null" service_center="null" read="1" status="0" locked="0" date_sent="0" readable_date="12-11-2015 18:20:26" contact_name="(Unknown)" />
  <sms protocol="0" address="+841677281854" date="1447327297665" type="1" subject="null" body="Nhan 6 tin.so tin cuoi:6." toa="null" sc_toa="null" service_center="null" read="1" status="-1" locked="0" date_sent="0" readable_date="12-11-2015 18:21:37" contact_name="(Unknown)" />
  <sms protocol="0" address="0968193922" date="1447327325703" type="2" subject="null" body="Nhan 3 tin.. HET DE" toa="null" sc_toa="null" service_center="null" read="1" status="32" locked="0" date_sent="0" readable_date="12-11-2015 18:22:05" contact_name="(Unknown)" />
  <sms protocol="0" address="0973836212" date="1447327327211" type="2" subject="null" body="Nhan 3 tin.so tin cuoi:3.. HET DE" toa="null" sc_toa="null" service_center="null" read="1" status="32" locked="0" date_sent="0" readable_date="12-11-2015 18:22:07" contact_name="Tien Em" />
  <sms protocol="0" address="0979399373" date="1447327328708" type="2" subject="null" body="Nhan 1 tin.. HET DE" toa="null" sc_toa="null" service_center="null" read="1" status="0" locked="0" date_sent="0" readable_date="12-11-2015 18:22:08" contact_name="A Tung Thuy?" />
  <sms protocol="0" address="0983099345" date="1447327330205" type="2" subject="null" body="Nhan 3 tin.. HET DE" toa="null" sc_toa="null" service_center="null" read="1" status="0" locked="0" date_sent="0" readable_date="12-11-2015 18:22:10" contact_name="Viet Bo" />
  <sms protocol="0" address="01685897838" date="1447327331702" type="2" subject="null" body="Nhan 9 tin.. HET DE" toa="null" sc_toa="null" service_center="null" read="1" status="0" locked="0" date_sent="0" readable_date="12-11-2015 18:22:11" contact_name="Chi H. v. b" />
  <sms protocol="0" address="0977655973" date="1447327333202" type="2" subject="null" body="Nhan 1 tin.. HET DE" toa="null" sc_toa="null" service_center="null" read="1" status="0" locked="0" date_sent="0" readable_date="12-11-2015 18:22:13" contact_name="A Su Cong Tinh Uy" />
  <sms protocol="0" address="0914967139" date="1447327334700" type="2" subject="null" body="Nhan 2 tin.. HET DE" toa="null" sc_toa="null" service_center="null" read="1" status="0" locked="0" date_sent="0" readable_date="12-11-2015 18:22:14" contact_name="(Unknown)" />
  <sms protocol="0" address="+841677281854" date="1447327428793" type="1" subject="null" body="chau gui cho co 6 tin" toa="null" sc_toa="null" service_center="null" read="1" status="-1" locked="0" date_sent="0" readable_date="12-11-2015 18:23:48" contact_name="(Unknown)" />
  <sms protocol="0" address="0968193922" date="1447327619701" type="2" subject="null" body="Ngay:12/11/2015&#13;&#10;chị chuyen cho EM&#13;&#10;Xien:38,0=258,4n&#13;&#10;chị bu cho EM:258,4n&#13;&#10;" toa="null" sc_toa="null" service_center="null" read="1" status="0" locked="0" date_sent="0" readable_date="12-11-2015 18:26:59" contact_name="(Unknown)" />
  <sms protocol="0" address="0983099345" date="1447327624204" type="2" subject="null" body="Ngay:12/11/2015&#13;&#10;Ban chuyen cho toi&#13;&#10;De:1000,0=730,0n&#13;&#10;Lo:235,0=5123,0n&#13;&#10;Th lo:65,0=5200,0n&#13;&#10;Ban bu cho toi:653,0n&#13;&#10;" toa="null" sc_toa="null" service_center="null" read="1" status="0" locked="0" date_sent="0" readable_date="12-11-2015 18:27:04" contact_name="Viet Bo" />
  <sms protocol="0" address="01685897838" date="1447327628702" type="2" subject="null" body="Ngay:12/11/2015&#13;&#10;chi chuyen cho EM&#13;&#10;De:7810,0=5623,2n&#13;&#10;Lo:820,0=17835,0n&#13;&#10;Xien:86,0=559,0n&#13;&#10;Th de:30,0=2100,0n&#13;&#10;Th lo:220,0=17600,0n&#13;&#10;chi bu cho EM:4317,2n&#13;&#10;" toa="null" sc_toa="null" service_center="null" read="1" status="32" locked="0" date_sent="0" readable_date="12-11-2015 18:27:08" contact_name="Chi H. v. b" />
  <sms protocol="0" address="0983650782" date="1447327633205" type="2" subject="null" body="Ngay:12/11/2015&#13;&#10;em chuyen cho anh&#13;&#10;3Cang:100,0=66,0n&#13;&#10;Xien:80,0=480,0n&#13;&#10;em bu cho anh:546,0n&#13;&#10;" toa="null" sc_toa="null" service_center="null" read="1" status="0" locked="0" date_sent="0" readable_date="12-11-2015 18:27:13" contact_name="A T 782 Lv" />
  <sms protocol="0" address="01677281854" date="1447327637700" type="2" subject="null" body="Ngay:12/11/2015&#13;&#10;chau chuyen cho co&#13;&#10;De:5030,0=3621,6n&#13;&#10;Lo:750,0=16275,0n&#13;&#10;Thuong de:80,0=5600,0n&#13;&#10;Thuong lo:175,0=14000,0n&#13;&#10;chau bu cho co:296,6n&#13;&#10;" toa="null" sc_toa="null" service_center="null" read="1" status="0" locked="0" date_sent="0" readable_date="12-11-2015 18:27:17" contact_name="(Unknown)" />
  <sms protocol="0" address="0964386982" date="1447327642206" type="2" subject="null" body="Ngay:12/11/2015&#13;&#10;em chuyen cho anh&#13;&#10;Lo:400,0=8688,0n&#13;&#10;Thuong lo:135,0=10800,0n&#13;&#10;anh bu cho em:2112,0n&#13;&#10;" toa="null" sc_toa="null" service_center="null" read="1" status="32" locked="0" date_sent="0" readable_date="12-11-2015 18:27:22" contact_name="A Duc" />
  <sms protocol="0" address="0977655973" date="1447327646706" type="2" subject="null" body="Ngay:12/11/2015&#13;&#10;BAC chuyen cho EM&#13;&#10;De:700,0=560,0n&#13;&#10;Lo:20,0=450,0n&#13;&#10;3Cang:100,0=72,0n&#13;&#10;BAC bu cho EM:1082,0n&#13;&#10;" toa="null" sc_toa="null" service_center="null" read="1" status="32" locked="0" date_sent="0" readable_date="12-11-2015 18:27:26" contact_name="A Su Cong Tinh Uy" />
  <sms protocol="0" address="0974929818" date="1447327654199" type="2" subject="null" body="Ngay:12/11/2015&#13;&#10;chau  chuyen cho chu&#13;&#10;De:4600,0=3289,0n&#13;&#10;chau  bu cho chu:3289,0n&#13;&#10;" toa="null" sc_toa="null" service_center="null" read="1" status="32" locked="0" date_sent="0" readable_date="12-11-2015 18:27:34" contact_name="Chu Phuc Son Tay" />
  <sms protocol="0" address="01643882826" date="1447327663206" type="2" subject="null" body="Ngay:12/11/2015&#13;&#10; chuyen cho &#13;&#10;Xien:43,0=258,0n&#13;&#10; bu cho :258,0n&#13;&#10;" toa="null" sc_toa="null" service_center="null" read="1" status="0" locked="0" date_sent="0" readable_date="12-11-2015 18:27:43" contact_name="(Unknown)" />
  <sms protocol="0" address="0973836212" date="1447327670707" type="2" subject="null" body="Ngay:12/11/2015&#13;&#10;may chuyen cho tao&#13;&#10;De:120,0=90,0n&#13;&#10;Lo:40,0=872,0n&#13;&#10;Th de:50,0=3500,0n&#13;&#10;Th lo:10,0=800,0n&#13;&#10;tao bu cho may:3338,0n&#13;&#10;" toa="null" sc_toa="null" service_center="null" read="1" status="32" locked="0" date_sent="0" readable_date="12-11-2015 18:27:50" contact_name="Tien Em" />
  <sms protocol="0" address="+84974929818" date="1447327675217" type="1" subject="null" body="Ngay:12/11/2015&#10;chau chuyen cho chu&#10;De:4600,0=3289,0n&#10;chau bu cho chu:3289,0n&#10;" toa="null" sc_toa="null" service_center="null" read="1" status="-1" locked="0" date_sent="0" readable_date="12-11-2015 18:27:55" contact_name="Chu Phuc Son Tay" />
  <sms protocol="0" address="0979399373" date="1447327678201" type="2" subject="null" body="Ngay:12/11/2015&#13;&#10;Anh chuyen cho EM&#13;&#10;Lo:35,0=770,0n&#13;&#10;Th lo:15,0=1200,0n&#13;&#10;EM bu cho Anh:430,0n&#13;&#10;" toa="null" sc_toa="null" service_center="null" read="1" status="0" locked="0" date_sent="0" readable_date="12-11-2015 18:27:58" contact_name="A Tung Thuy?" />
  <sms protocol="0" address="01632029067" date="1447327757504" type="2" subject="null" body="Tinh den het ngay:11/11/15 EM thu 1336n&#13;&#10;Ngay:12/11/15 Chị-258n &#13;&#10;Tong cong: EM thu 1594" toa="null" sc_toa="null" service_center="null" read="1" status="0" locked="0" date_sent="0" readable_date="12-11-2015 18:29:17" contact_name="(Unknown)" />
  <sms protocol="0" address="01677281854" date="1447327763791" type="2" subject="null" body="Tinh den het ngay:11/11/15 chau thu 2456n&#13;&#10;Ngay:12/11/15 co+296n &#13;&#10;Tong cong: chau thu 2160" toa="null" sc_toa="null" service_center="null" read="1" status="0" locked="0" date_sent="0" readable_date="12-11-2015 18:29:23" contact_name="(Unknown)" />
  <sms protocol="0" address="01643882826" date="1447327767513" type="2" subject="null" body="Tinh den het ngay:11/11/15  thu 2112n&#13;&#10;Ngay:12/11/15 +258n &#13;&#10;Tong cong:  thu 1854" toa="null" sc_toa="null" service_center="null" read="1" status="0" locked="0" date_sent="0" readable_date="12-11-2015 18:29:27" contact_name="(Unknown)" />
  <sms protocol="0" address="0964386982" date="1447327780354" type="2" subject="null" body="Tinh den het ngay:11/11/15 em thu 4612n&#13;&#10;Ngay:12/11/15 anh-2112n &#13;&#10;Tong cong: em thu 6724" toa="null" sc_toa="null" service_center="null" read="1" status="0" locked="0" date_sent="0" readable_date="12-11-2015 18:29:40" contact_name="A Duc" />
  <sms protocol="0" address="0973836212" date="1447327783089" type="2" subject="null" body="Tinh den het ngay:11/11/15 tao thu 7263n&#13;&#10;Ngay:12/11/15 may+5050n +3338n &#13;&#10;Tong cong: tao bu 1125" toa="null" sc_toa="null" service_center="null" read="1" status="32" locked="0" date_sent="0" readable_date="12-11-2015 18:29:43" contact_name="Tien Em" />
  <sms protocol="0" address="0974929818" date="1447327786459" type="2" subject="null" body="Tinh den het ngay:11/11/15 chau  thu 24741n&#13;&#10;Ngay:12/11/15 chu+3289n &#13;&#10;Tong cong: chau  thu 21452" toa="null" sc_toa="null" service_center="null" read="1" status="0" locked="0" date_sent="0" readable_date="12-11-2015 18:29:46" contact_name="Chu Phuc Son Tay" />
  <sms protocol="0" address="5055" date="1447327799138" type="1" subject="null" body="12/11:&#10;DB:75057&#10;1:94072&#10;2:15725-30958&#10;3:03524-55235-35262-85765-40494-61529&#10;4:3607-9829-8043-7612&#10;5:4012-7509-3273-4790-9669-7846&#10;6:909-395-167&#10;7:17-13-18-78 " toa="null" sc_toa="null" service_center="+84980200605" read="1" status="-1" locked="0" date_sent="1447327798000" readable_date="12-11-2015 18:29:59" contact_name="(Unknown)" />
  <sms protocol="0" address="0977655973" date="1447327803081" type="2" subject="null" body="Tinh den het ngay:11/11/15 EM thu 278n&#13;&#10;Ngay:12/11/15 BAC-1082n &#13;&#10;Tong cong: EM thu 1360" toa="null" sc_toa="null" service_center="null" read="1" status="32" locked="0" date_sent="0" readable_date="12-11-2015 18:30:03" contact_name="A Su Cong Tinh Uy" />
  <sms protocol="0" address="0979399373" date="1447327805039" type="2" subject="null" body="Tinh den het ngay:11/11/15 EM thu 2100n&#13;&#10;Ngay:12/11/15 Anh+430n &#13;&#10;Tong cong: EM thu 1670" toa="null" sc_toa="null" service_center="null" read="1" status="32" locked="0" date_sent="0" readable_date="12-11-2015 18:30:05" contact_name="A Tung Thuy?" />
  <sms protocol="0" address="0983099345" date="1447327814994" type="2" subject="null" body="Tinh den het ngay:11/11/15 toi thu 1039n&#13;&#10;Ngay:12/11/15 Ban-18215n -653n -4299n &#13;&#10;Tong cong: toi thu 24206" toa="null" sc_toa="null" service_center="null" read="1" status="0" locked="0" date_sent="0" readable_date="12-11-2015 18:30:14" contact_name="Viet Bo" />
  <sms protocol="0" address="+84983650782" date="1447327819296" type="1" subject="null" body="Ngay:12/11/2015&#10;Em chuyen cho Anh&#10;3Cang:100,0=66,0n&#10;Xien:80,0=480,0n&#10;Em bu cho Anh:546,0n" toa="null" sc_toa="null" service_center="+84980200613" read="1" status="-1" locked="0" date_sent="1447327774000" readable_date="12-11-2015 18:30:19" contact_name="A T 782 Lv" />
  <sms protocol="0" address="0983650782" date="1447327822470" type="2" subject="null" body="Tinh den het ngay:11/11/15 em bu 792n&#13;&#10;Ngay:12/11/15 anh+546n &#13;&#10;Tong cong: em bu 1338" toa="null" sc_toa="null" service_center="null" read="1" status="0" locked="0" date_sent="0" readable_date="12-11-2015 18:30:22" contact_name="A T 782 Lv" />
  <sms protocol="0" address="0979399373" date="1447327844089" type="2" subject="null" body="Tinh den het ngay:11/11/15 EM thu 2100n&#13;&#10;Ngay:12/11/15 Anh+1000n +430n &#13;&#10;Tong cong: EM thu 670" toa="null" sc_toa="null" service_center="null" read="1" status="0" locked="0" date_sent="0" readable_date="12-11-2015 18:30:44" contact_name="A Tung Thuy?" />
  <sms protocol="0" address="+841677281854" date="1447327873030" type="1" subject="null" body="Ngay:12/11/2015&#10;chau chuyen cho co&#10;De:5030,0=3621,6n&#10;Lo:750,0=16275,0n&#10;Th de:80,0=5600,0n&#10;Th lo:175,0=14000,0n&#10;chau bu cho co:296,6n&#10;" toa="null" sc_toa="null" service_center="null" read="1" status="-1" locked="0" date_sent="0" readable_date="12-11-2015 18:31:13" contact_name="(Unknown)" />
  <sms protocol="0" address="+84964386982" date="1447327914032" type="1" subject="null" body="Ngay:12/11/2015&#10;em chuyen cho anh&#10;Lo:400,0=8688,0n&#10;Th lo:135,0=10800,0n&#10;anh bu cho em:2112,0n" toa="null" sc_toa="null" service_center="+84980200623" read="1" status="-1" locked="0" date_sent="1447327913000" readable_date="12-11-2015 18:31:54" contact_name="A Duc" />
  <sms protocol="0" address="+84974929818" date="1447327982488" type="1" subject="null" body="Ok" toa="null" sc_toa="null" service_center="+84980200623" read="1" status="-1" locked="0" date_sent="1447327981000" readable_date="12-11-2015 18:33:02" contact_name="Chu Phuc Son Tay" />
</smses>