<?xml version='1.0' encoding='UTF-8' standalone='yes' ?>
<!--File Created By SMS Backup & Restore Pro v7.21 on 13/11/2015 19:28:21-->
<?xml-stylesheet type="text/xsl" href="sms.xsl"?>
<smses count="144">
  <sms protocol="0" address="0983099345" date="1447389202465" type="2" subject="null" body="chi bu cho EM:4317,2n&#13;&#10;" toa="null" sc_toa="null" service_center="null" read="1" status="0" locked="0" date_sent="0" readable_date="13-11-2015 11:33:22" contact_name="Viet Bo" />
  <sms protocol="0" address="VIETTEL" date="1447398033403" type="1" subject="null" body="[TB] Khong phan biet Noi mang, Ngoai mang - Khong gioi han ngay su dung. KM THE NAP 50% NGAY 14/11. Chi tiet bam *198# hoac lien he 18008198. Tran trong." toa="null" sc_toa="null" service_center="+84980200611374" read="1" status="-1" locked="0" date_sent="1447448431000" readable_date="13-11-2015 14:00:33" contact_name="(Unknown)" />
  <sms protocol="0" address="+84973836212" date="1447409541957" type="1" subject="null" body="T1 lô 10x6d, 01x4d" toa="null" sc_toa="null" service_center="null" read="1" status="-1" locked="0" date_sent="0" readable_date="13-11-2015 17:12:21" contact_name="Tien Em" />
  <sms protocol="0" address="0973836212" date="1447409729616" type="2" subject="null" body="Nhan 1 tin.so tin cuoi:1." toa="null" sc_toa="null" service_center="null" read="1" status="0" locked="0" date_sent="0" readable_date="13-11-2015 17:15:29" contact_name="Tien Em" />
  <sms protocol="0" address="0973836212" date="1447409732620" type="2" subject="null" body="Nhan 1 tin.so tin cuoi:1." toa="null" sc_toa="null" service_center="null" read="1" status="0" locked="0" date_sent="0" readable_date="13-11-2015 17:15:32" contact_name="Tien Em" />
  <sms protocol="0" address="+84979399373" date="1447409865485" type="1" subject="null" body="đề : 19,46x50, lô 91x 10" toa="null" sc_toa="null" service_center="null" read="1" status="-1" locked="0" date_sent="0" readable_date="13-11-2015 17:17:45" contact_name="A Tung Thuy?" />
  <sms protocol="0" address="0979399373" date="1447409894618" type="2" subject="null" body="Anh gui cho EM 1 tin" toa="null" sc_toa="null" service_center="null" read="1" status="0" locked="0" date_sent="0" readable_date="13-11-2015 17:18:14" contact_name="A Tung Thuy?" />
  <sms protocol="0" address="+84983099345" date="1447410362038" type="1" subject="null" body="lô 52,25,79,97x50d đề 52x500n 25x100n 35x200n 75,72x100n" toa="null" sc_toa="null" service_center="null" read="1" status="-1" locked="0" date_sent="0" readable_date="13-11-2015 17:26:02" contact_name="Viet Bo" />
  <sms protocol="0" address="0983099345" date="1447410377620" type="2" subject="null" body="Nhan 1 tin." toa="null" sc_toa="null" service_center="null" read="1" status="0" locked="0" date_sent="0" readable_date="13-11-2015 17:26:17" contact_name="Viet Bo" />
  <sms protocol="0" address="+841685897838" date="1447410430859" type="1" subject="null" body="Lo 575x10d..de 63x10n." toa="null" sc_toa="null" service_center="null" read="1" status="-1" locked="0" date_sent="0" readable_date="13-11-2015 17:27:10" contact_name="Chi H. v. b" />
  <sms protocol="0" address="+84979399373" date="1447410457554" type="1" subject="null" body="Lo 67.76 x20. 83.87 x10. Đề 24x20k" toa="null" sc_toa="null" service_center="null" read="1" status="-1" locked="0" date_sent="0" readable_date="13-11-2015 17:27:37" contact_name="A Tung Thuy?" />
  <sms protocol="0" address="01685897838" date="1447410463126" type="2" subject="null" body="Nhan 1 tin." toa="null" sc_toa="null" service_center="null" read="1" status="0" locked="0" date_sent="0" readable_date="13-11-2015 17:27:43" contact_name="Chi H. v. b" />
  <sms protocol="0" address="+84983099345" date="1447410720046" type="1" subject="null" body=" lo06x10d. 52 25 02 979x5d" toa="null" sc_toa="null" service_center="null" read="1" status="-1" locked="0" date_sent="0" readable_date="13-11-2015 17:32:00" contact_name="Viet Bo" />
  <sms protocol="0" address="0983099345" date="1447410751122" type="2" subject="null" body="Nhan 2 tin." toa="null" sc_toa="null" service_center="null" read="1" status="0" locked="0" date_sent="0" readable_date="13-11-2015 17:32:31" contact_name="Viet Bo" />
  <sms protocol="0" address="0983099345" date="1447410754120" type="2" subject="null" body="Nhan 2 tin." toa="null" sc_toa="null" service_center="null" read="1" status="0" locked="0" date_sent="0" readable_date="13-11-2015 17:32:34" contact_name="Viet Bo" />
  <sms protocol="0" address="+841685897838" date="1447410873060" type="1" subject="null" body="De 03.07.60.x100n  dau 0x50n lo 16.59.92.454x10₫" toa="null" sc_toa="null" service_center="null" read="1" status="-1" locked="0" date_sent="0" readable_date="13-11-2015 17:34:33" contact_name="Chi H. v. b" />
  <sms protocol="0" address="01685897838" date="1447410884623" type="2" subject="null" body="Nhan 2 tin." toa="null" sc_toa="null" service_center="null" read="1" status="0" locked="0" date_sent="0" readable_date="13-11-2015 17:34:44" contact_name="Chi H. v. b" />
  <sms protocol="0" address="01685897838" date="1447410887616" type="2" subject="null" body="Nhan 2 tin." toa="null" sc_toa="null" service_center="null" read="1" status="0" locked="0" date_sent="0" readable_date="13-11-2015 17:34:47" contact_name="Chi H. v. b" />
  <sms protocol="0" address="+84983099345" date="1447411034939" type="1" subject="null" body="262 37 x5d" toa="null" sc_toa="null" service_center="null" read="1" status="-1" locked="0" date_sent="0" readable_date="13-11-2015 17:37:14" contact_name="Viet Bo" />
  <sms protocol="0" address="0983099345" date="1447411052618" type="2" subject="null" body="Nhan 3 tin." toa="null" sc_toa="null" service_center="null" read="1" status="32" locked="0" date_sent="0" readable_date="13-11-2015 17:37:32" contact_name="Viet Bo" />
  <sms protocol="0" address="+841685897838" date="1447411436238" type="1" subject="null" body="Lo 07.53.89.49.92.39.x30d.43.76.68.15.75.x40d.de 18.75x50n.ba cang 675x50n.418x50n." toa="null" sc_toa="null" service_center="null" read="1" status="-1" locked="0" date_sent="0" readable_date="13-11-2015 17:43:56" contact_name="Chi H. v. b" />
  <sms protocol="0" address="01685897838" date="1447411505622" type="2" subject="null" body="Nhan 3 tin." toa="null" sc_toa="null" service_center="null" read="1" status="0" locked="0" date_sent="0" readable_date="13-11-2015 17:45:05" contact_name="Chi H. v. b" />
  <sms protocol="0" address="0983650782" date="1447411832619" type="2" subject="null" body="Tin 1: Ba cang:418,675x50n." toa="null" sc_toa="null" service_center="null" read="1" status="32" locked="0" date_sent="0" readable_date="13-11-2015 17:50:32" contact_name="A T 782 Lv" />
  <sms protocol="0" address="0964386982" date="1447411861119" type="2" subject="null" body="Tin 1: lo:76x60d.25,52,79,97x55d.75x50d" toa="null" sc_toa="null" service_center="null" read="1" status="32" locked="0" date_sent="0" readable_date="13-11-2015 17:51:01" contact_name="A Duc" />
  <sms protocol="0" address="01677281854" date="1447411874619" type="2" subject="null" body="Tin 1: lo:15,43,68,92x40d.07,39,49,53,89x30d.67x20d.06,16,45,54,57,59,83,87,91x10d.10x6d.02,26,37,62x5d.01x4d." toa="null" sc_toa="null" service_center="null" read="1" status="0" locked="0" date_sent="0" readable_date="13-11-2015 17:51:14" contact_name="(Unknown)" />
  <sms protocol="0" address="+841685897838" date="1447411880238" type="1" subject="null" body="Lo 57 64x15d. Lo 68 797 87 98 56 64 83 64 76x10d.. De 646x30n" toa="null" sc_toa="null" service_center="null" read="1" status="-1" locked="0" date_sent="0" readable_date="13-11-2015 17:51:20" contact_name="Chi H. v. b" />
  <sms protocol="0" address="01685897838" date="1447411886616" type="2" subject="null" body="Nhan 4 tin." toa="null" sc_toa="null" service_center="null" read="1" status="32" locked="0" date_sent="0" readable_date="13-11-2015 17:51:26" contact_name="Chi H. v. b" />
  <sms protocol="0" address="01685897838" date="1447411888119" type="2" subject="null" body="Nhan 4 tin." toa="null" sc_toa="null" service_center="null" read="1" status="0" locked="0" date_sent="0" readable_date="13-11-2015 17:51:28" contact_name="Chi H. v. b" />
  <sms protocol="0" address="+84968193922" date="1447411895323" type="1" subject="null" body="X3.29.45.64.=20 ; X3.03.30.15.=50 ; X3.40.42.59.=50 ; X2.36.66.=50 ; X2.05.53.=50 ; X3.37.27.52.=50 ; " toa="null" sc_toa="null" service_center="null" read="1" status="-1" locked="0" date_sent="0" readable_date="13-11-2015 17:51:35" contact_name="(Unknown)" />
  <sms protocol="0" address="0968193922" date="1447411922620" type="2" subject="null" body="Nhan 1 tin." toa="null" sc_toa="null" service_center="null" read="1" status="32" locked="0" date_sent="0" readable_date="13-11-2015 17:52:02" contact_name="(Unknown)" />
  <sms protocol="0" address="+841677281854" date="1447411931482" type="1" subject="null" body="Nhan 1 tin.so tin cuoi:1." toa="null" sc_toa="null" service_center="null" read="1" status="-1" locked="0" date_sent="0" readable_date="13-11-2015 17:52:11" contact_name="(Unknown)" />
  <sms protocol="0" address="01643882826" date="1447411945115" type="2" subject="null" body="Tin 1: xi3:03,15,30*5d.,xi2:05,53*5d.,xi3:27,37,52*5d.,xi2:36,66*5d.,xi3:40,42,59*5d.xi3:29,45,64*2d." toa="null" sc_toa="null" service_center="null" read="1" status="0" locked="0" date_sent="0" readable_date="13-11-2015 17:52:25" contact_name="(Unknown)" />
  <sms protocol="0" address="+84968193922" date="1447411946145" type="1" subject="null" body="X2.98.34.=100." toa="null" sc_toa="null" service_center="null" read="1" status="-1" locked="0" date_sent="0" readable_date="13-11-2015 17:52:26" contact_name="(Unknown)" />
  <sms protocol="0" address="0968193922" date="1447411957116" type="2" subject="null" body="Nhan 2 tin." toa="null" sc_toa="null" service_center="null" read="1" status="0" locked="0" date_sent="0" readable_date="13-11-2015 17:52:37" contact_name="(Unknown)" />
  <sms protocol="0" address="0968193922" date="1447411958620" type="2" subject="null" body="Nhan 2 tin." toa="null" sc_toa="null" service_center="null" read="1" status="32" locked="0" date_sent="0" readable_date="13-11-2015 17:52:38" contact_name="(Unknown)" />
  <sms protocol="0" address="+84983650782" date="1447411968652" type="1" subject="null" body="Em gui cho Anh 1 tin" toa="null" sc_toa="null" service_center="null" read="1" status="-1" locked="0" date_sent="0" readable_date="13-11-2015 17:52:48" contact_name="A T 782 Lv" />
  <sms protocol="0" address="0983650782" date="1447411982616" type="2" subject="null" body="Tin 2: xi2:34,98*9d." toa="null" sc_toa="null" service_center="null" read="1" status="32" locked="0" date_sent="0" readable_date="13-11-2015 17:53:02" contact_name="A T 782 Lv" />
  <sms protocol="0" address="+84973836212" date="1447411987239" type="1" subject="null" body="T2 Lô 55x30d" toa="null" sc_toa="null" service_center="null" read="1" status="-1" locked="0" date_sent="0" readable_date="13-11-2015 17:53:07" contact_name="Tien Em" />
  <sms protocol="0" address="0973836212" date="1447411990122" type="2" subject="null" body="Nhan 2 tin.so tin cuoi:2." toa="null" sc_toa="null" service_center="null" read="1" status="0" locked="0" date_sent="0" readable_date="13-11-2015 17:53:10" contact_name="Tien Em" />
  <sms protocol="0" address="0973836212" date="1447411991623" type="2" subject="null" body="Nhan 2 tin.so tin cuoi:2." toa="null" sc_toa="null" service_center="null" read="1" status="0" locked="0" date_sent="0" readable_date="13-11-2015 17:53:11" contact_name="Tien Em" />
  <sms protocol="0" address="+84964386982" date="1447411999232" type="1" subject="null" body="em gui cho anh 1 tin" toa="null" sc_toa="null" service_center="null" read="1" status="-1" locked="0" date_sent="0" readable_date="13-11-2015 17:53:19" contact_name="A Duc" />
  <sms protocol="0" address="0983650782" date="1447412008120" type="2" subject="null" body="Tin 3: xi2:34,98*1d." toa="null" sc_toa="null" service_center="null" read="1" status="32" locked="0" date_sent="0" readable_date="13-11-2015 17:53:28" contact_name="A T 782 Lv" />
  <sms protocol="0" address="+841685897838" date="1447412141314" type="1" subject="null" body="De 202 11 66 44282 77 39 07 05 080 181 696 575 171 090 71x5N  05 00 66 010 080 070 121  878 979 99 393 525 x10N Lo11 44 66 979  525 55x10D de949 050 00 55 22 77 11 277x10N   " toa="null" sc_toa="null" service_center="null" read="1" status="-1" locked="0" date_sent="0" readable_date="13-11-2015 17:55:41" contact_name="Chi H. v. b" />
  <sms protocol="0" address="01685897838" date="1447412164118" type="2" subject="null" body="Nhan 5 tin." toa="null" sc_toa="null" service_center="null" read="1" status="32" locked="0" date_sent="0" readable_date="13-11-2015 17:56:04" contact_name="Chi H. v. b" />
  <sms protocol="0" address="+841685897838" date="1447412399919" type="1" subject="null" body="Xien 74.57.66x5d.27.48.93x5d.lo 00.55.78x20d." toa="null" sc_toa="null" service_center="null" read="1" status="-1" locked="0" date_sent="0" readable_date="13-11-2015 17:59:59" contact_name="Chi H. v. b" />
  <sms protocol="0" address="01685897838" date="1447412410120" type="2" subject="null" body="Nhan 6 tin." toa="null" sc_toa="null" service_center="null" read="1" status="0" locked="0" date_sent="0" readable_date="13-11-2015 18:00:10" contact_name="Chi H. v. b" />
  <sms protocol="0" address="01685897838" date="1447412411622" type="2" subject="null" body="Nhan 6 tin." toa="null" sc_toa="null" service_center="null" read="1" status="32" locked="0" date_sent="0" readable_date="13-11-2015 18:00:11" contact_name="Chi H. v. b" />
  <sms protocol="0" address="+841685897838" date="1447412418078" type="1" subject="null" body="Xjen 01.55.93x10d.00.25.x10d.93.22.55x10d.71.55.11x10d.55.66.93x10d.78.88.93x10d.23.26.55x20d." toa="null" sc_toa="null" service_center="null" read="1" status="-1" locked="0" date_sent="0" readable_date="13-11-2015 18:00:18" contact_name="Chi H. v. b" />
  <sms protocol="0" address="01685897838" date="1447412423619" type="2" subject="null" body="Nhan 7 tin." toa="null" sc_toa="null" service_center="null" read="1" status="32" locked="0" date_sent="0" readable_date="13-11-2015 18:00:23" contact_name="Chi H. v. b" />
  <sms protocol="0" address="01685897838" date="1447412425124" type="2" subject="null" body="Nhan 7 tin." toa="null" sc_toa="null" service_center="null" read="1" status="0" locked="0" date_sent="0" readable_date="13-11-2015 18:00:25" contact_name="Chi H. v. b" />
  <sms protocol="0" address="01685897838" date="1447412426614" type="2" subject="null" body="Nhan 7 tin." toa="null" sc_toa="null" service_center="null" read="1" status="0" locked="0" date_sent="0" readable_date="13-11-2015 18:00:26" contact_name="Chi H. v. b" />
  <sms protocol="0" address="+841677281854" date="1447412437174" type="1" subject="null" body="chau gui cho co 1 tin" toa="null" sc_toa="null" service_center="null" read="1" status="-1" locked="0" date_sent="0" readable_date="13-11-2015 18:00:37" contact_name="(Unknown)" />
  <sms protocol="0" address="+841685897838" date="1447412454763" type="1" subject="null" body="De.050.575.010.171.080.070.121.787.252.282.393.989.474.949.838.18.686.36.77.55.40.16.595.27.19.48.76.69.414.x800n.lo.949.00.44.787.66.959.686.404.55.97.88.x50d" toa="null" sc_toa="null" service_center="null" read="1" status="-1" locked="0" date_sent="0" readable_date="13-11-2015 18:00:54" contact_name="Chi H. v. b" />
  <sms protocol="0" address="01685897838" date="1447412459619" type="2" subject="null" body="Nhan 8 tin." toa="null" sc_toa="null" service_center="null" read="1" status="32" locked="0" date_sent="0" readable_date="13-11-2015 18:00:59" contact_name="Chi H. v. b" />
  <sms protocol="0" address="01643882826" date="1447412474617" type="2" subject="null" body="Tin 2: xi3:27,48,93*5d.,xi3:57,66,74*5d.xi3:23,26,55*20d.xi2:00,25*10d.,xi3:01,55,93*10d.,xi3:11,55,71*10d.,xi3:22,55,93*10d.,xi3:55,66,93*10d.,xi3:78,88,93*10d." toa="null" sc_toa="null" service_center="null" read="1" status="0" locked="0" date_sent="0" readable_date="13-11-2015 18:01:14" contact_name="(Unknown)" />
  <sms protocol="0" address="+841685897838" date="1447412499337" type="1" subject="null" body="Lo 52x10d" toa="null" sc_toa="null" service_center="null" read="1" status="-1" locked="0" date_sent="0" readable_date="13-11-2015 18:01:39" contact_name="Chi H. v. b" />
  <sms protocol="0" address="0974929818" date="1447412504624" type="2" subject="null" body="Tin 1: lo:55x110d.00,78,97x70d.44,66,68,87x60d.04,40x50d" toa="null" sc_toa="null" service_center="null" read="1" status="0" locked="0" date_sent="0" readable_date="13-11-2015 18:01:44" contact_name="Chu Phuc Son Tay" />
  <sms protocol="0" address="01685897838" date="1447412516621" type="2" subject="null" body="Nhan 9 tin." toa="null" sc_toa="null" service_center="null" read="1" status="0" locked="0" date_sent="0" readable_date="13-11-2015 18:01:56" contact_name="Chi H. v. b" />
  <sms protocol="0" address="01685897838" date="1447412519617" type="2" subject="null" body="Nhan 9 tin." toa="null" sc_toa="null" service_center="null" read="1" status="0" locked="0" date_sent="0" readable_date="13-11-2015 18:01:59" contact_name="Chi H. v. b" />
  <sms protocol="0" address="+84974929818" date="1447412526420" type="1" subject="null" body="Nhan 1 tin.so tin cuoi:1." toa="null" sc_toa="null" service_center="null" read="1" status="-1" locked="0" date_sent="0" readable_date="13-11-2015 18:02:06" contact_name="Chu Phuc Son Tay" />
  <sms protocol="0" address="01677281854" date="1447412549617" type="2" subject="null" body="Tin 2: lo:49,59,86,88,94,95x50d.64x35d.52,79x20d.57x15d.11,25,56,76,83,98x10d." toa="null" sc_toa="null" service_center="null" read="1" status="0" locked="0" date_sent="0" readable_date="13-11-2015 18:02:29" contact_name="(Unknown)" />
  <sms protocol="0" address="+84983650782" date="1447412565915" type="1" subject="null" body="Em gui cho Anh 3 tin" toa="null" sc_toa="null" service_center="null" read="1" status="-1" locked="0" date_sent="0" readable_date="13-11-2015 18:02:45" contact_name="A T 782 Lv" />
  <sms protocol="0" address="+841677281854" date="1447412580043" type="1" subject="null" body="Nhan 2 tin.so tin cuoi:2." toa="null" sc_toa="null" service_center="null" read="1" status="-1" locked="0" date_sent="0" readable_date="13-11-2015 18:03:00" contact_name="(Unknown)" />
  <sms protocol="0" address="0974929818" date="1447412635116" type="2" subject="null" body="Tin 2: De:52,07,75,25,05,08,01,18,19,39,77,80,10,12,21,27,49,50,55,70,71,78,87,93,94,17,28,57,69,82,14,16,36,38,40,41,47,48,59,68,74,76,83,86,89,95,98x300n." toa="null" sc_toa="null" service_center="null" read="1" status="32" locked="0" date_sent="0" readable_date="13-11-2015 18:03:55" contact_name="Chu Phuc Son Tay" />
  <sms protocol="0" address="+84974929818" date="1447412647270" type="1" subject="null" body="Nhan 2 tin.so tin cuoi:2." toa="null" sc_toa="null" service_center="null" read="1" status="-1" locked="0" date_sent="0" readable_date="13-11-2015 18:04:07" contact_name="Chu Phuc Son Tay" />
  <sms protocol="0" address="+841685897838" date="1447412653700" type="1" subject="null" body="Xien 55.29.40x20d.50.99.69x10d..83.72.79x10d" toa="null" sc_toa="null" service_center="null" read="1" status="-1" locked="0" date_sent="0" readable_date="13-11-2015 18:04:13" contact_name="Chi H. v. b" />
  <sms protocol="0" address="01685897838" date="1447412657628" type="2" subject="null" body="Nhan 10 tin." toa="null" sc_toa="null" service_center="null" read="1" status="0" locked="0" date_sent="0" readable_date="13-11-2015 18:04:17" contact_name="Chi H. v. b" />
  <sms protocol="0" address="01685897838" date="1447412660617" type="2" subject="null" body="Nhan 10 tin." toa="null" sc_toa="null" service_center="null" read="1" status="0" locked="0" date_sent="0" readable_date="13-11-2015 18:04:20" contact_name="Chi H. v. b" />
  <sms protocol="0" address="0983650782" date="1447412689124" type="2" subject="null" body="Tin 4: xi3:50,69,99*5d.,xi3:72,79,83*5d.xi3:29,40,55*15d." toa="null" sc_toa="null" service_center="null" read="1" status="0" locked="0" date_sent="0" readable_date="13-11-2015 18:04:49" contact_name="A T 782 Lv" />
  <sms protocol="0" address="01643882826" date="1447412705618" type="2" subject="null" body="Tin 3: xi3:29,40,55*5d.,xi3:50,69,99*5d.,xi3:72,79,83*5d." toa="null" sc_toa="null" service_center="null" read="1" status="32" locked="0" date_sent="0" readable_date="13-11-2015 18:05:05" contact_name="(Unknown)" />
  <sms protocol="0" address="01677281854" date="1447412725119" type="2" subject="null" body="Tin3: de:52x1010n.07x665n.75x655n.25x610n.05x575n.08x565n.01x560n.18x555n.19x550n.39,77,80x515n.10,12,21,27,49,50,55,70,71,78,87,93,94x510n.17,28,57,69,82x505n.14,16,36,38,40,41,47,48,59,68,74,76,83,86,89,95,98x500n.35x200n.03x150n.72x110n.60x100n.46x80n.00x70n.02,09x55n.04,06x50n.64x30n." toa="null" sc_toa="null" service_center="null" read="1" status="32" locked="0" date_sent="0" readable_date="13-11-2015 18:05:25" contact_name="(Unknown)" />
  <sms protocol="0" address="01677281854" date="1447412737128" type="2" subject="null" body="Tin4: de:24x20n.11,66x15n.22,63,79,97,99x10n.20,44,81,90,96x5n." toa="null" sc_toa="null" service_center="null" read="1" status="0" locked="0" date_sent="0" readable_date="13-11-2015 18:05:37" contact_name="(Unknown)" />
  <sms protocol="0" address="+841677281854" date="1447412754600" type="1" subject="null" body="Nhan 3 tin.so tin cuoi:3." toa="null" sc_toa="null" service_center="null" read="1" status="-1" locked="0" date_sent="0" readable_date="13-11-2015 18:05:54" contact_name="(Unknown)" />
  <sms protocol="0" address="+841677281854" date="1447412763690" type="1" subject="null" body="Nhan 4 tin.so tin cuoi:4." toa="null" sc_toa="null" service_center="null" read="1" status="-1" locked="0" date_sent="0" readable_date="13-11-2015 18:06:03" contact_name="(Unknown)" />
  <sms protocol="0" address="+841685897838" date="1447412878270" type="1" subject="null" body="Dau 0x20 nghin" toa="null" sc_toa="null" service_center="null" read="1" status="-1" locked="0" date_sent="0" readable_date="13-11-2015 18:07:58" contact_name="Chi H. v. b" />
  <sms protocol="0" address="01685897838" date="1447412884116" type="2" subject="null" body="Nhan 11 tin." toa="null" sc_toa="null" service_center="null" read="1" status="0" locked="0" date_sent="0" readable_date="13-11-2015 18:08:04" contact_name="Chi H. v. b" />
  <sms protocol="0" address="01685897838" date="1447412885617" type="2" subject="null" body="Nhan 11 tin." toa="null" sc_toa="null" service_center="null" read="1" status="0" locked="0" date_sent="0" readable_date="13-11-2015 18:08:05" contact_name="Chi H. v. b" />
  <sms protocol="0" address="+84977655973" date="1447412894828" type="1" subject="null" body="08 75x10d dau 8x15n duoi 1x35n 81 31x75n 686 030 262 595 85 01 x10n" toa="null" sc_toa="null" service_center="null" read="1" status="-1" locked="0" date_sent="0" readable_date="13-11-2015 18:08:14" contact_name="A Su Cong Tinh Uy" />
  <sms protocol="0" address="0977655973" date="1447412915617" type="2" subject="null" body="BAC gui cho EM 1 tin" toa="null" sc_toa="null" service_center="null" read="1" status="0" locked="0" date_sent="0" readable_date="13-11-2015 18:08:35" contact_name="A Su Cong Tinh Uy" />
  <sms protocol="0" address="01677281854" date="1447412926117" type="2" subject="null" body="Tin 5: lo:08,75x10d." toa="null" sc_toa="null" service_center="null" read="1" status="0" locked="0" date_sent="0" readable_date="13-11-2015 18:08:46" contact_name="(Unknown)" />
  <sms protocol="0" address="+841677281854" date="1447412951801" type="1" subject="null" body="Nhan 5 tin.so tin cuoi:5." toa="null" sc_toa="null" service_center="null" read="1" status="-1" locked="0" date_sent="0" readable_date="13-11-2015 18:09:11" contact_name="(Unknown)" />
  <sms protocol="0" address="+841685897838" date="1447412965253" type="1" subject="null" body="He 05.16.38x500.lo 66.55x50d" toa="null" sc_toa="null" service_center="null" read="1" status="-1" locked="0" date_sent="0" readable_date="13-11-2015 18:09:25" contact_name="Chi H. v. b" />
  <sms protocol="0" address="01685897838" date="1447412969620" type="2" subject="null" body="Nhan 12 tin." toa="null" sc_toa="null" service_center="null" read="1" status="0" locked="0" date_sent="0" readable_date="13-11-2015 18:09:29" contact_name="Chi H. v. b" />
  <sms protocol="0" address="01685897838" date="1447412971127" type="2" subject="null" body="Nhan 12 tin." toa="null" sc_toa="null" service_center="null" read="1" status="32" locked="0" date_sent="0" readable_date="13-11-2015 18:09:31" contact_name="Chi H. v. b" />
  <sms protocol="0" address="0974929818" date="1447412986122" type="2" subject="null" body="Tin 3: lo:55,66x50d." toa="null" sc_toa="null" service_center="null" read="1" status="32" locked="0" date_sent="0" readable_date="13-11-2015 18:09:46" contact_name="Chu Phuc Son Tay" />
  <sms protocol="0" address="+84974929818" date="1447412997130" type="1" subject="null" body="Nhan 3 tin.so tin cuoi:3." toa="null" sc_toa="null" service_center="null" read="1" status="-1" locked="0" date_sent="0" readable_date="13-11-2015 18:09:57" contact_name="Chu Phuc Son Tay" />
  <sms protocol="0" address="+841677281854" date="1447413146451" type="1" subject="null" body="chau gui cho co 5 tin" toa="null" sc_toa="null" service_center="null" read="1" status="-1" locked="0" date_sent="0" readable_date="13-11-2015 18:12:26" contact_name="(Unknown)" />
  <sms protocol="0" address="+84914967139" date="1447413179033" type="1" subject="null" body="de 55 x100n.66.17.99.49.64.27.292 x30n.kep bang x100n.dau djt 1 x20n." toa="null" sc_toa="null" service_center="null" read="1" status="-1" locked="0" date_sent="0" readable_date="13-11-2015 18:12:59" contact_name="(Unknown)" />
  <sms protocol="0" address="0914967139" date="1447413188617" type="2" subject="null" body="Nhan 1 tin." toa="null" sc_toa="null" service_center="null" read="1" status="32" locked="0" date_sent="0" readable_date="13-11-2015 18:13:08" contact_name="(Unknown)" />
  <sms protocol="0" address="+84983650782" date="1447413241735" type="1" subject="null" body="Em gui cho Anh 4 tin" toa="null" sc_toa="null" service_center="null" read="1" status="-1" locked="0" date_sent="0" readable_date="13-11-2015 18:14:01" contact_name="A T 782 Lv" />
  <sms protocol="0" address="+841685897838" date="1447413248610" type="1" subject="null" body="De.494.595.898.979.212.242.050.00.55.191.040.060.131.727.878.99.77.595.010.080.383.88.33.353.858.303.11.616.66.696.44.676.686.484.989.x800n.989.585.88.868.818.383.080.282.55.44.040.x500n.59.98.49.787.585.x500n.ba.cang.059.049.080.989.050.505.055.038.068.036.858.181.989.x200n" toa="null" sc_toa="null" service_center="null" read="1" status="-1" locked="0" date_sent="0" readable_date="13-11-2015 18:14:08" contact_name="Chi H. v. b" />
  <sms protocol="0" address="01685897838" date="1447413262122" type="2" subject="null" body="Nhan 13 tin." toa="null" sc_toa="null" service_center="null" read="1" status="0" locked="0" date_sent="0" readable_date="13-11-2015 18:14:22" contact_name="Chi H. v. b" />
  <sms protocol="0" address="0964386982" date="1447413409120" type="2" subject="null" body="Tin 2: De:98,89,59,55,88,85,83,38,58,95,11,66,00,33,44,61,49,86,04,05,08,16,80,87,68,40,50,78,31,99,77,01,21,91,03,27,06,10,12,13,19,84,30,24,35,42,48,53,60,67,69,72,76,79,94,96,97,81,18,82,28x400n..Ba cang:036,038,049,050,055,059,068,080,181,505,858x100n.989x300n." toa="null" sc_toa="null" service_center="null" read="1" status="0" locked="0" date_sent="0" readable_date="13-11-2015 18:16:49" contact_name="A Duc" />
  <sms protocol="0" address="0983650782" date="1447413427126" type="2" subject="null" body="Tin 5: Ba cang:989,036,038,049,050,055,059,068,080,181,505,858x50n." toa="null" sc_toa="null" service_center="null" read="1" status="32" locked="0" date_sent="0" readable_date="13-11-2015 18:17:07" contact_name="A T 782 Lv" />
  <sms protocol="0" address="+84983650782" date="1447413463782" type="1" subject="null" body="Em gui cho Anh 5 tin" toa="null" sc_toa="null" service_center="null" read="1" status="-1" locked="0" date_sent="0" readable_date="13-11-2015 18:17:43" contact_name="A T 782 Lv" />
  <sms protocol="0" address="0974929818" date="1447413467615" type="2" subject="null" body="Tin 4: De:88,85,58,11,66,00,33,44,61,04,31,99x300n.91x255n.03x230n.06,13x220n.84x215n.30x210n.24,35,42,53,60,67,72,79,96,97x200n." toa="null" sc_toa="null" service_center="null" read="1" status="0" locked="0" date_sent="0" readable_date="13-11-2015 18:17:47" contact_name="Chu Phuc Son Tay" />
  <sms protocol="0" address="+84974929818" date="1447413479833" type="1" subject="null" body="Nhan 4 tin.so tin cuoi:4." toa="null" sc_toa="null" service_center="null" read="1" status="-1" locked="0" date_sent="0" readable_date="13-11-2015 18:17:59" contact_name="Chu Phuc Son Tay" />
  <sms protocol="0" address="01643882826" date="1447413487117" type="2" subject="null" body="Tin 4: Ba cang:989,036,038,049,050,055,059,068,080,181,505,858x50n." toa="null" sc_toa="null" service_center="null" read="1" status="0" locked="0" date_sent="0" readable_date="13-11-2015 18:18:07" contact_name="(Unknown)" />
  <sms protocol="0" address="01677281854" date="1447413514121" type="2" subject="null" body="Tin6: de:98x2200n.89x1715n.59x1710n.55x1600n.83x1415n.38x1400n.88x1215n.95x1210n.85x1125n.58x1100n.49x930n.86x925n.05,08,16x920n.80,87x915n.68x910n.40,50,78x900n.11x775n.66x730n.00x720n.33,44x700n.61x655n.04x620n.77x500n.01x485n.21x455n.27x430n.10,12,19x420n.48,69,76,94x400n.81x245n." toa="null" sc_toa="null" service_center="null" read="1" status="0" locked="0" date_sent="0" readable_date="13-11-2015 18:18:34" contact_name="(Unknown)" />
  <sms protocol="0" address="01677281854" date="1447413526122" type="2" subject="null" body="Tin7: de:31,99x230n.03,06,13,24,30,35,42,53,60,67,72,79,84,91,96,97x200n.18x120n.82x115n.22,28x100n.41,51,71x55n.17x50n.29,64,92x30n.02,07,09,14,15x20n.26,62x10n." toa="null" sc_toa="null" service_center="null" read="1" status="0" locked="0" date_sent="0" readable_date="13-11-2015 18:18:46" contact_name="(Unknown)" />
  <sms protocol="0" address="+841677281854" date="1447413542453" type="1" subject="null" body="Nhan 6 tin.so tin cuoi:6." toa="null" sc_toa="null" service_center="null" read="1" status="-1" locked="0" date_sent="0" readable_date="13-11-2015 18:19:02" contact_name="(Unknown)" />
  <sms protocol="0" address="+841677281854" date="1447413551463" type="1" subject="null" body="Nhan 7 tin.so tin cuoi:7." toa="null" sc_toa="null" service_center="null" read="1" status="-1" locked="0" date_sent="0" readable_date="13-11-2015 18:19:11" contact_name="(Unknown)" />
  <sms protocol="0" address="+841685897838" date="1447413555303" type="1" subject="null" body="De .hê.88.19.68.x1000n" toa="null" sc_toa="null" service_center="null" read="1" status="-1" locked="0" date_sent="0" readable_date="13-11-2015 18:19:15" contact_name="Chi H. v. b" />
  <sms protocol="0" address="01685897838" date="1447413559123" type="2" subject="null" body="Nhan 14 tin." toa="null" sc_toa="null" service_center="null" read="1" status="0" locked="0" date_sent="0" readable_date="13-11-2015 18:19:19" contact_name="Chi H. v. b" />
  <sms protocol="0" address="0964386982" date="1447413589122" type="2" subject="null" body="Tin 3: De:14,36,41,46,63,64x600n.13,18,19,31,33,38,68,69,81,83,86,88,91,96x200n." toa="null" sc_toa="null" service_center="null" read="1" status="0" locked="0" date_sent="0" readable_date="13-11-2015 18:19:49" contact_name="A Duc" />
  <sms protocol="0" address="01677281854" date="1447413604118" type="2" subject="null" body="Tin 8: De:13,18,19,31,33,38,68,69,81,83,86,88,91,96x800n.14,36,41,46,63,64x400n." toa="null" sc_toa="null" service_center="null" read="1" status="32" locked="0" date_sent="0" readable_date="13-11-2015 18:20:04" contact_name="(Unknown)" />
  <sms protocol="0" address="0979399373" date="1447413640116" type="2" subject="null" body="Anh gui cho EM 2 tin" toa="null" sc_toa="null" service_center="null" read="1" status="0" locked="0" date_sent="0" readable_date="13-11-2015 18:20:40" contact_name="A Tung Thuy?" />
  <sms protocol="0" address="+84964386982" date="1447413671894" type="1" subject="null" body="em gui cho anh 3 tin" toa="null" sc_toa="null" service_center="null" read="1" status="-1" locked="0" date_sent="0" readable_date="13-11-2015 18:21:11" contact_name="A Duc" />
  <sms protocol="0" address="0973836212" date="1447413683629" type="2" subject="null" body="Nhan 2 tin.so tin cuoi:2.. HET DE" toa="null" sc_toa="null" service_center="null" read="1" status="32" locked="0" date_sent="0" readable_date="13-11-2015 18:21:23" contact_name="Tien Em" />
  <sms protocol="0" address="0979399373" date="1447413685135" type="2" subject="null" body="Nhan 2 tin.. HET DE" toa="null" sc_toa="null" service_center="null" read="1" status="0" locked="0" date_sent="0" readable_date="13-11-2015 18:21:25" contact_name="A Tung Thuy?" />
  <sms protocol="0" address="0983099345" date="1447413686627" type="2" subject="null" body="Nhan 3 tin.. HET DE" toa="null" sc_toa="null" service_center="null" read="1" status="32" locked="0" date_sent="0" readable_date="13-11-2015 18:21:26" contact_name="Viet Bo" />
  <sms protocol="0" address="01685897838" date="1447413688118" type="2" subject="null" body="Nhan 14 tin.. HET DE" toa="null" sc_toa="null" service_center="null" read="1" status="0" locked="0" date_sent="0" readable_date="13-11-2015 18:21:28" contact_name="Chi H. v. b" />
  <sms protocol="0" address="0968193922" date="1447413689618" type="2" subject="null" body="Nhan 2 tin.. HET DE" toa="null" sc_toa="null" service_center="null" read="1" status="32" locked="0" date_sent="0" readable_date="13-11-2015 18:21:29" contact_name="(Unknown)" />
  <sms protocol="0" address="0977655973" date="1447413691127" type="2" subject="null" body="Nhan 1 tin.. HET DE" toa="null" sc_toa="null" service_center="null" read="1" status="32" locked="0" date_sent="0" readable_date="13-11-2015 18:21:31" contact_name="A Su Cong Tinh Uy" />
  <sms protocol="0" address="0914967139" date="1447413692618" type="2" subject="null" body="Nhan 1 tin.. HET DE" toa="null" sc_toa="null" service_center="null" read="1" status="0" locked="0" date_sent="0" readable_date="13-11-2015 18:21:32" contact_name="(Unknown)" />
  <sms protocol="0" address="+841677281854" date="1447413701172" type="1" subject="null" body="Nhan 8 tin.so tin cuoi:8." toa="null" sc_toa="null" service_center="null" read="1" status="-1" locked="0" date_sent="0" readable_date="13-11-2015 18:21:41" contact_name="(Unknown)" />
  <sms protocol="0" address="+841677281854" date="1447413890171" type="1" subject="null" body="chau gui cho co 8 tin" toa="null" sc_toa="null" service_center="null" read="1" status="-1" locked="0" date_sent="0" readable_date="13-11-2015 18:24:50" contact_name="(Unknown)" />
  <sms protocol="0" address="+84974929818" date="1447414198511" type="1" subject="null" body="Ngay:13/11/2015&#10;chau chuyen cho chu&#10;De:21050,0=15050,8n&#10;Lo:760,0=16492,0n&#10;Th de:255,0=17850,0n&#10;Th lo:230,0=18400,0n&#10;chu bu cho chau:4707,2n&#10;" toa="null" sc_toa="null" service_center="null" read="1" status="-1" locked="0" date_sent="0" readable_date="13-11-2015 18:29:58" contact_name="Chu Phuc Son Tay" />
  <sms protocol="0" address="0968193922" date="1447414199564" type="2" subject="null" body="Ngay:13/11/2015&#13;&#10;chị chuyen cho EM&#13;&#10;Xien:37,0=251,6n&#13;&#10;chị bu cho EM:251,6n&#13;&#10;" toa="null" sc_toa="null" service_center="null" read="1" status="0" locked="0" date_sent="0" readable_date="13-11-2015 18:29:59" contact_name="(Unknown)" />
  <sms protocol="0" address="0983099345" date="1447414208554" type="2" subject="null" body="Ngay:13/11/2015&#13;&#10;Ban chuyen cho toi&#13;&#10;De:1000,0=730,0n&#13;&#10;Lo:250,0=5450,0n&#13;&#10;Th lo:110,0=8800,0n&#13;&#10;toi bu cho Ban:2620,0n&#13;&#10;" toa="null" sc_toa="null" service_center="null" read="1" status="32" locked="0" date_sent="0" readable_date="13-11-2015 18:30:08" contact_name="Viet Bo" />
  <sms protocol="0" address="01685897838" date="1447414213051" type="2" subject="null" body="Ngay:13/11/2015&#13;&#10;chi chuyen cho EM&#13;&#10;De:128740,0=92692,8n&#13;&#10;Lo:1630,0=35452,5n&#13;&#10;3Cang:2700,0=1917,0n&#13;&#10;Xien:130,0=845,0n&#13;&#10;Th de:1820,0=127400,0n&#13;&#10;Th lo:500,0=40000,0n&#13;&#10;EM bu cho chi:36492,7n&#13;&#10;" toa="null" sc_toa="null" service_center="null" read="1" status="0" locked="0" date_sent="0" readable_date="13-11-2015 18:30:13" contact_name="Chi H. v. b" />
  <sms protocol="0" address="0983650782" date="1447414229548" type="2" subject="null" body="Ngay:13/11/2015&#13;&#10;em chuyen cho anh&#13;&#10;3Cang:700,0=462,0n&#13;&#10;Xien:35,0=210,0n&#13;&#10;em bu cho anh:672,0n&#13;&#10;" toa="null" sc_toa="null" service_center="null" read="1" status="0" locked="0" date_sent="0" readable_date="13-11-2015 18:30:29" contact_name="A T 782 Lv" />
  <sms protocol="0" address="+841677281854" date="1447414231251" type="1" subject="null" body="Ngay:13/11/2015&#10;chau chuyen cho co&#10;De:78760,0=56707,2n&#10;Lo:920,0=19964,0n&#10;Th de:1000,0=70000,0n&#10;Th lo:286,0=22880,0n&#10;co bu cho chau:16208,8n&#10;" toa="null" sc_toa="null" service_center="null" read="1" status="-1" locked="0" date_sent="0" readable_date="13-11-2015 18:30:31" contact_name="(Unknown)" />
  <sms protocol="0" address="01677281854" date="1447414241553" type="2" subject="null" body="Ngay:13/11/2015&#13;&#10;chau chuyen cho co&#13;&#10;De:78760,0=56707,2n&#13;&#10;Lo:920,0=19964,0n&#13;&#10;Thuong de:1000,0=70000,0n&#13;&#10;Thuong lo:286,0=22880,0n&#13;&#10;co bu cho chau:16208,8n&#13;&#10;" toa="null" sc_toa="null" service_center="null" read="1" status="0" locked="0" date_sent="0" readable_date="13-11-2015 18:30:41" contact_name="(Unknown)" />
  <sms protocol="0" address="0964386982" date="1447414256552" type="2" subject="null" body="Ngay:13/11/2015&#13;&#10;em chuyen cho anh&#13;&#10;De:30800,0=22052,8n&#13;&#10;Lo:330,0=7167,6n&#13;&#10;3Cang:1400,0=1008,0n&#13;&#10;Thuong de:600,0=42000,0n&#13;&#10;Thuong lo:110,0=8800,0n&#13;&#10;anh bu cho em:20571,6n&#13;&#10;" toa="null" sc_toa="null" service_center="null" read="1" status="0" locked="0" date_sent="0" readable_date="13-11-2015 18:30:56" contact_name="A Duc" />
  <sms protocol="0" address="0977655973" date="1447414264054" type="2" subject="null" body="Ngay:13/11/2015&#13;&#10;BAC chuyen cho EM&#13;&#10;De:750,0=600,0n&#13;&#10;Lo:20,0=450,0n&#13;&#10;Th de:35,0=2450,0n&#13;&#10;EM bu cho BAC:1400,0n&#13;&#10;" toa="null" sc_toa="null" service_center="null" read="1" status="32" locked="0" date_sent="0" readable_date="13-11-2015 18:31:04" contact_name="A Su Cong Tinh Uy" />
  <sms protocol="0" address="0974929818" date="1447414268549" type="2" subject="null" body="Ngay:13/11/2015&#13;&#10;chau  chuyen cho chu&#13;&#10;De:21050,0=15050,8n&#13;&#10;Lo:760,0=16492,0n&#13;&#10;Thuong de:255,0=17850,0n&#13;&#10;Thuong lo:230,0=18400,0n&#13;&#10;chu bu cho chau :4707,2n&#13;&#10;" toa="null" sc_toa="null" service_center="null" read="1" status="32" locked="0" date_sent="0" readable_date="13-11-2015 18:31:08" contact_name="Chu Phuc Son Tay" />
  <sms protocol="0" address="01643882826" date="1447414274550" type="2" subject="null" body="Ngay:13/11/2015&#13;&#10; chuyen cho &#13;&#10;3Cang:600,0=432,0n&#13;&#10;Xien:132,0=792,0n&#13;&#10; bu cho :1224,0n&#13;&#10;" toa="null" sc_toa="null" service_center="null" read="1" status="32" locked="0" date_sent="0" readable_date="13-11-2015 18:31:14" contact_name="(Unknown)" />
  <sms protocol="0" address="0973836212" date="1447414282052" type="2" subject="null" body="Ngay:13/11/2015&#13;&#10;may chuyen cho tao&#13;&#10;Lo:40,0=872,0n&#13;&#10;Th lo:6,0=480,0n&#13;&#10;may bu cho tao:392,0n&#13;&#10;" toa="null" sc_toa="null" service_center="null" read="1" status="0" locked="0" date_sent="0" readable_date="13-11-2015 18:31:22" contact_name="Tien Em" />
  <sms protocol="0" address="5055" date="1447414283264" type="1" subject="null" body="13/11:&#10;DB:85791&#10;1:40868&#10;2:50923-12956&#10;3:15053-24230-29515-38574-70910-00011&#10;4:8018-5989-5804-4989&#10;5:2596-9797-0716-7930-4012-4729&#10;6:745-352-339&#10;7:13-80-16-40 " toa="null" sc_toa="null" service_center="null" read="0" status="-1" locked="0" date_sent="0" readable_date="13-11-2015 18:31:23" contact_name="(Unknown)" />
  <sms protocol="0" address="0979399373" date="1447414288048" type="2" subject="null" body="Ngay:13/11/2015&#13;&#10;Anh chuyen cho EM&#13;&#10;De:120,0=90,0n&#13;&#10;Lo:70,0=1540,0n&#13;&#10;Th lo:10,0=800,0n&#13;&#10;Anh bu cho EM:830,0n&#13;&#10;" toa="null" sc_toa="null" service_center="null" read="1" status="32" locked="0" date_sent="0" readable_date="13-11-2015 18:31:28" contact_name="A Tung Thuy?" />
  <sms protocol="0" address="+84964386982" date="1447414296930" type="1" subject="null" body="Ngay:13/11/2015&#10;em chuyen cho anh&#10;De:30800,0=22052,8n&#10;Lo:330,0=7167,6n&#10;3Cang:1400,0=1008,0n&#10;Th de:600,0=42000,0n&#10;Th lo:110,0=8800,0n&#10;anh bu cho em:20571,6n&#10;" toa="null" sc_toa="null" service_center="null" read="1" status="-1" locked="0" date_sent="0" readable_date="13-11-2015 18:31:36" contact_name="A Duc" />
  <sms protocol="0" address="+84983650782" date="1447414303377" type="1" subject="null" body="Ngay:13/11/2015&#10;Em chuyen cho Anh&#10;3Cang:700,0=462,0n&#10;Xien:35,0=210,0n&#10;Em bu cho Anh:672,0n&#10;" toa="null" sc_toa="null" service_center="null" read="1" status="-1" locked="0" date_sent="0" readable_date="13-11-2015 18:31:43" contact_name="A T 782 Lv" />
  <sms protocol="0" address="+84974929818" date="1447414476356" type="1" subject="null" body="Tg chau + 5170n" toa="null" sc_toa="null" service_center="null" read="1" status="-1" locked="0" date_sent="0" readable_date="13-11-2015 18:34:36" contact_name="Chu Phuc Son Tay" />
  <sms protocol="0" address="0974929818" date="1447414577415" type="2" subject="null" body="Tinh den het ngay:12/11/15 chau  thu 21452n&#13;&#10;Ngay:13/11/15 chu+21000n -4707n &#13;&#10;Tong cong: chau  thu 5159" toa="null" sc_toa="null" service_center="null" read="1" status="0" locked="0" date_sent="0" readable_date="13-11-2015 18:36:17" contact_name="Chu Phuc Son Tay" />
  <sms protocol="0" address="01632029067" date="1447414591095" type="2" subject="null" body="Tinh den het ngay:12/11/15 EM thu 1594n&#13;&#10;Ngay:13/11/15 Chị-251n &#13;&#10;Tong cong: EM thu 1845" toa="null" sc_toa="null" service_center="null" read="1" status="0" locked="0" date_sent="0" readable_date="13-11-2015 18:36:31" contact_name="(Unknown)" />
  <sms protocol="0" address="01643882826" date="1447414597589" type="2" subject="null" body="Tinh den het ngay:12/11/15  thu 1854n&#13;&#10;Ngay:13/11/15 +1224n &#13;&#10;Tong cong:  thu 630" toa="null" sc_toa="null" service_center="null" read="1" status="0" locked="0" date_sent="0" readable_date="13-11-2015 18:36:37" contact_name="(Unknown)" />
  <sms protocol="0" address="01677281854" date="1447414606925" type="2" subject="null" body="Tinh den het ngay:12/11/15 chau thu 2160n&#13;&#10;Ngay:13/11/15 co-16208n &#13;&#10;Tong cong: chau thu 18368" toa="null" sc_toa="null" service_center="null" read="1" status="0" locked="0" date_sent="0" readable_date="13-11-2015 18:36:46" contact_name="(Unknown)" />
  <sms protocol="0" address="0964386982" date="1447414612941" type="3" subject="null" body="Tinh den het ngay:12/11/15 em thu 6724n&#13;&#10;Ngay:13/11/15 anh+6724n -20571n &#13;&#10;Tong cong: em thu 20571" toa="null" sc_toa="null" service_center="null" read="1" status="-1" locked="0" date_sent="0" readable_date="13-11-2015 18:36:52" contact_name="(Unknown)" />
  <sms protocol="0" address="0977655973" date="1447414619799" type="2" subject="null" body="Tinh den het ngay:12/11/15 EM thu 1360n&#13;&#10;Ngay:13/11/15 BAC+1400n &#13;&#10;Tong cong: EM bu 40" toa="null" sc_toa="null" service_center="null" read="1" status="0" locked="0" date_sent="0" readable_date="13-11-2015 18:36:59" contact_name="A Su Cong Tinh Uy" />
  <sms protocol="0" address="0979399373" date="1447414628381" type="2" subject="null" body="Tinh den het ngay:12/11/15 EM thu 670n&#13;&#10;Ngay:13/11/15 Anh-830n &#13;&#10;Tong cong: EM thu 1500" toa="null" sc_toa="null" service_center="null" read="1" status="0" locked="0" date_sent="0" readable_date="13-11-2015 18:37:08" contact_name="A Tung Thuy?" />
  <sms protocol="0" address="0983099345" date="1447414635554" type="2" subject="null" body="Tinh den het ngay:12/11/15 toi thu 24206n&#13;&#10;Ngay:13/11/15 Ban+2620n +36572n &#13;&#10;Tong cong: toi bu 14986" toa="null" sc_toa="null" service_center="null" read="1" status="0" locked="0" date_sent="0" readable_date="13-11-2015 18:37:15" contact_name="Viet Bo" />
  <sms protocol="0" address="0983650782" date="1447414641319" type="2" subject="null" body="Tinh den het ngay:12/11/15 em bu 1338n&#13;&#10;Ngay:13/11/15 anh+672n &#13;&#10;Tong cong: em bu 2010" toa="null" sc_toa="null" service_center="null" read="1" status="0" locked="0" date_sent="0" readable_date="13-11-2015 18:37:21" contact_name="A T 782 Lv" />
  <sms protocol="0" address="0983099345" date="1447415225386" type="2" subject="null" body="Ngay:13/11/2015&#13;&#10;EM bu cho chi:36492,7n&#13;&#10;T bu 36572&#10;" toa="null" sc_toa="null" service_center="null" read="1" status="0" locked="0" date_sent="0" readable_date="13-11-2015 18:47:05" contact_name="Viet Bo" />
</smses>