<?xml version='1.0' encoding='UTF-8' standalone='yes' ?>
<!--File Created By SMS Backup & Restore Pro v7.21 on 14/11/2015 22:41:19-->
<?xml-stylesheet type="text/xsl" href="sms.xsl"?>
<smses count="144">
  <sms protocol="0" address="109" date="1447459284961" type="1" subject="null" body="Viettel da gia han thanh cong tinh nang VT100. Quy khach co 200 tin nhan noi mang va cuoc goi noi mang giam con 200d/phut tru tai khoan goc. TKKM se tru theo quy dinh goi cuoc. Cuoc goi se tru tu TK goc den TK KM. KM ap dung den 24h ngay dang ky. De kiem tra so tin nhan, soan KT100 gui 109 (100d/tin).  Huy gia han, soan HUYVT gui 109 (100d/tin). Chi tiet LH 198 (200d/phut)." toa="null" sc_toa="null" service_center="null" read="1" status="-1" locked="0" date_sent="0" readable_date="14-11-2015 07:01:24" contact_name="(Unknown)" />
  <sms protocol="0" address="0978475222" date="1447464397235" type="2" subject="null" body="Lai ngay 14 la 180k tat ca la 495k" toa="null" sc_toa="null" service_center="null" read="1" status="0" locked="0" date_sent="0" readable_date="14-11-2015 08:26:37" contact_name="Huy Ly 222" />
  <sms protocol="0" address="01632468512" date="1447464397735" type="2" subject="null" body="Lai ngay 14 la 180k tat ca la 495k" toa="null" sc_toa="null" service_center="null" read="1" status="0" locked="0" date_sent="0" readable_date="14-11-2015 08:26:37" contact_name="Huy ly2" />
  <sms protocol="0" address="0973836212" date="1447464508420" type="2" subject="null" body="Tinh den het ngay:13/11/15 tao thu 2667n&#13;&#10;Ngay:14/11/15 may-300n &#13;lãi&#10;Tong cong: tao thu 2967" toa="null" sc_toa="null" service_center="null" read="1" status="0" locked="0" date_sent="0" readable_date="14-11-2015 08:28:28" contact_name="Tien Em" />
  <sms protocol="0" address="+84978475222" date="1447466909332" type="1" subject="null" body="Ok." toa="null" sc_toa="null" service_center="null" read="1" status="-1" locked="0" date_sent="0" readable_date="14-11-2015 09:08:29" contact_name="Huy Ly 222" />
  <sms protocol="0" address="+84974282195" date="1447489605426" type="1" subject="null" body="hdivd" toa="null" sc_toa="null" service_center="+84980200623" read="1" status="-1" locked="0" date_sent="1447489604000" readable_date="14-11-2015 15:26:45" contact_name="(Unknown)" />
  <sms protocol="0" address="+84974282195" date="1447490116035" type="1" subject="null" body="a tuan anh gt het han 15/12" toa="null" sc_toa="null" service_center="null" read="1" status="-1" locked="0" date_sent="0" readable_date="14-11-2015 15:35:16" contact_name="(Unknown)" />
  <sms protocol="0" address="+84979399373" date="1447494644444" type="1" subject="null" body="đề: 57x50, xiên3: 22,88,64x 50. Lô 57x 10. Thứ 2 a chuyển nhé" toa="null" sc_toa="null" service_center="null" read="1" status="-1" locked="0" date_sent="0" readable_date="14-11-2015 16:50:44" contact_name="A Tung Thuy?" />
  <sms protocol="0" address="+84973836212" date="1447494770135" type="1" subject="null" body="T đag h0x ty ve t g0j" toa="null" sc_toa="null" service_center="null" read="1" status="-1" locked="0" date_sent="0" readable_date="14-11-2015 16:52:50" contact_name="Tien Em" />
  <sms protocol="0" address="0979399373" date="1447496104944" type="2" subject="null" body="Anh gui cho EM 1 tin" toa="null" sc_toa="null" service_center="null" read="1" status="32" locked="0" date_sent="0" readable_date="14-11-2015 17:15:04" contact_name="A Tung Thuy?" />
  <sms protocol="0" address="+841685897838" date="1447496801653" type="1" subject="null" body="3Cang 000 400 500 600 455 555 655 450 550 050 650 605 505 405 132 023 203 023x30N xien 70 27x20n 32 58 70X20n" toa="null" sc_toa="null" service_center="null" read="1" status="-1" locked="0" date_sent="0" readable_date="14-11-2015 17:26:41" contact_name="Chi H. v. b" />
  <sms protocol="0" address="01685897838" date="1447496839945" type="2" subject="null" body="Nhan 1 tin." toa="null" sc_toa="null" service_center="null" read="1" status="32" locked="0" date_sent="0" readable_date="14-11-2015 17:27:19" contact_name="Chi H. v. b" />
  <sms protocol="0" address="+84973836212" date="1447497220836" type="1" subject="null" body="T1 đê 87x100k lô 59x6d 5x4d" toa="null" sc_toa="null" service_center="null" read="1" status="-1" locked="0" date_sent="0" readable_date="14-11-2015 17:33:40" contact_name="Tien Em" />
  <sms protocol="0" address="+84973836212" date="1447497291817" type="1" subject="null" body="T1 đê 87x100k lô 59x6d 59x4d" toa="null" sc_toa="null" service_center="null" read="1" status="-1" locked="0" date_sent="0" readable_date="14-11-2015 17:34:51" contact_name="Tien Em" />
  <sms protocol="0" address="0973836212" date="1447497303449" type="2" subject="null" body="Nhan 1 tin.so tin cuoi:1." toa="null" sc_toa="null" service_center="null" read="1" status="0" locked="0" date_sent="0" readable_date="14-11-2015 17:35:03" contact_name="Tien Em" />
  <sms protocol="0" address="+84973836212" date="1447497648816" type="1" subject="null" body="T2 lo 73x35d" toa="null" sc_toa="null" service_center="null" read="1" status="-1" locked="0" date_sent="0" readable_date="14-11-2015 17:40:48" contact_name="Tien Em" />
  <sms protocol="0" address="0973836212" date="1447497658946" type="2" subject="null" body="Nhan 2 tin.so tin cuoi:2." toa="null" sc_toa="null" service_center="null" read="1" status="32" locked="0" date_sent="0" readable_date="14-11-2015 17:40:58" contact_name="Tien Em" />
  <sms protocol="0" address="0973836212" date="1447497660445" type="2" subject="null" body="Nhan 2 tin.so tin cuoi:2." toa="null" sc_toa="null" service_center="null" read="1" status="0" locked="0" date_sent="0" readable_date="14-11-2015 17:41:00" contact_name="Tien Em" />
  <sms protocol="0" address="+841685897838" date="1447497945022" type="1" subject="null" body="Lo 54 787 64 79 98 767 585x10d. Lo 73x20d. 53x20d. 757 191x10d. 727x10d" toa="null" sc_toa="null" service_center="null" read="1" status="-1" locked="0" date_sent="0" readable_date="14-11-2015 17:45:45" contact_name="Chi H. v. b" />
  <sms protocol="0" address="01685897838" date="1447497972449" type="2" subject="null" body="Nhan 2 tin." toa="null" sc_toa="null" service_center="null" read="1" status="32" locked="0" date_sent="0" readable_date="14-11-2015 17:46:12" contact_name="Chi H. v. b" />
  <sms protocol="0" address="+84983099345" date="1447498289280" type="1" subject="null" body="Lô 262 x15d" toa="null" sc_toa="null" service_center="null" read="1" status="-1" locked="0" date_sent="0" readable_date="14-11-2015 17:51:29" contact_name="Viet Bo" />
  <sms protocol="0" address="0983099345" date="1447498299447" type="2" subject="null" body="Nhan 1 tin." toa="null" sc_toa="null" service_center="null" read="1" status="0" locked="0" date_sent="0" readable_date="14-11-2015 17:51:39" contact_name="Viet Bo" />
  <sms protocol="0" address="0983099345" date="1447498300951" type="2" subject="null" body="Nhan 1 tin." toa="null" sc_toa="null" service_center="null" read="1" status="0" locked="0" date_sent="0" readable_date="14-11-2015 17:51:40" contact_name="Viet Bo" />
  <sms protocol="0" address="01677281854" date="1447498335450" type="2" subject="null" body="Tin 1: lo:73x55d.53,57x20d.26,62x15d.19,27,54,58,59,64,67,72,75,76,78,79,85,87,91,98x10d." toa="null" sc_toa="null" service_center="null" read="1" status="0" locked="0" date_sent="0" readable_date="14-11-2015 17:52:15" contact_name="(Unknown)" />
  <sms protocol="0" address="01643882826" date="1447498365448" type="2" subject="null" body="Tin 1: Ba cang:000,050,132,203,400,405,450,455,500,505,550,555,600,605,650,655x30n.023x60n." toa="null" sc_toa="null" service_center="null" read="1" status="0" locked="0" date_sent="0" readable_date="14-11-2015 17:52:45" contact_name="(Unknown)" />
  <sms protocol="0" address="01643882826" date="1447498377446" type="2" subject="null" body="Tin 2: xi3:22,64,88*5d.xi2:27,70*2d.,xi3:32,58,70*2d." toa="null" sc_toa="null" service_center="null" read="1" status="0" locked="0" date_sent="0" readable_date="14-11-2015 17:52:57" contact_name="(Unknown)" />
  <sms protocol="0" address="+84968193922" date="1447498387348" type="1" subject="null" body="X2.85.85.=50 ; X2.47.74.=50 ; X3.22.33.55.=10 ; X3.00.05.01=10 ; X3.73.76.77=10." toa="null" sc_toa="null" service_center="null" read="1" status="-1" locked="0" date_sent="0" readable_date="14-11-2015 17:53:07" contact_name="(Unknown)" />
  <sms protocol="0" address="0968193922" date="1447498411944" type="2" subject="null" body="Nhan 1 tin." toa="null" sc_toa="null" service_center="null" read="1" status="32" locked="0" date_sent="0" readable_date="14-11-2015 17:53:31" contact_name="(Unknown)" />
  <sms protocol="0" address="+841677281854" date="1447498538548" type="1" subject="null" body="Nhan 1 tin.so tin cuoi:1." toa="null" sc_toa="null" service_center="null" read="1" status="-1" locked="0" date_sent="0" readable_date="14-11-2015 17:55:38" contact_name="(Unknown)" />
  <sms protocol="0" address="0983650782" date="1447498762960" type="2" subject="null" body="Tin 1: xi2:47,74*5d.,xi2:85,85*5d.xi3:00,01,05*1d.,xi3:22,33,55*1d.,xi3:73,76,77*1d." toa="null" sc_toa="null" service_center="null" read="1" status="0" locked="0" date_sent="0" readable_date="14-11-2015 17:59:22" contact_name="A T 782 Lv" />
  <sms protocol="0" address="+841685897838" date="1447498785483" type="1" subject="null" body="lo.515.050.010.00.55.68.78.45.60.19.44.040.242.909.x50d" toa="null" sc_toa="null" service_center="null" read="1" status="-1" locked="0" date_sent="0" readable_date="14-11-2015 17:59:45" contact_name="Chi H. v. b" />
  <sms protocol="0" address="01685897838" date="1447498792948" type="2" subject="null" body="Nhan 3 tin." toa="null" sc_toa="null" service_center="null" read="1" status="32" locked="0" date_sent="0" readable_date="14-11-2015 17:59:52" contact_name="Chi H. v. b" />
  <sms protocol="0" address="01685897838" date="1447498794447" type="2" subject="null" body="Nhan 3 tin." toa="null" sc_toa="null" service_center="null" read="1" status="32" locked="0" date_sent="0" readable_date="14-11-2015 17:59:54" contact_name="Chi H. v. b" />
  <sms protocol="0" address="+841685897838" date="1447498880762" type="1" subject="null" body="Ba cang.627.727.747.455.696.514.974.398.758.632.988.088.739.748.080.460.940.794.799.244.065.768.686.681.580.050.505.666.888.555.111.000.772.x150n.xien.44.22x30d.68.50.27x30d.09.02.70.x30d.73.83.65x30d.59.94.00.x50d.51.31.81x50d.00.44.50x30d.80.07.40.x30d.98.19.10x30d.01.99.88x30d.46.61.52.x30d.50.55.11x30d.05.50.44.x30d.03.85.23.x30d.16.80.59x30d.50.59.52x30d." toa="null" sc_toa="null" service_center="null" read="1" status="-1" locked="0" date_sent="0" readable_date="14-11-2015 18:01:20" contact_name="Chi H. v. b" />
  <sms protocol="0" address="+84983650782" date="1447498886969" type="1" subject="null" body="Em gui cho Anh 1 tin" toa="null" sc_toa="null" service_center="null" read="1" status="-1" locked="0" date_sent="0" readable_date="14-11-2015 18:01:26" contact_name="A T 782 Lv" />
  <sms protocol="0" address="01685897838" date="1447498891951" type="2" subject="null" body="Nhan 4 tin." toa="null" sc_toa="null" service_center="null" read="1" status="32" locked="0" date_sent="0" readable_date="14-11-2015 18:01:31" contact_name="Chi H. v. b" />
  <sms protocol="0" address="+841685897838" date="1447498911346" type="1" subject="null" body="De.515.505.55.595.848.414.535.898.818.313.27.44.24.010.830.454.94912.62.767.99.73.343.00.x500n." toa="null" sc_toa="null" service_center="null" read="1" status="-1" locked="0" date_sent="0" readable_date="14-11-2015 18:01:51" contact_name="Chi H. v. b" />
  <sms protocol="0" address="01685897838" date="1447498981944" type="2" subject="null" body="Nhan 5 tin." toa="null" sc_toa="null" service_center="null" read="1" status="32" locked="0" date_sent="0" readable_date="14-11-2015 18:03:01" contact_name="Chi H. v. b" />
  <sms protocol="0" address="01685897838" date="1447498983450" type="2" subject="null" body="Nhan 5 tin." toa="null" sc_toa="null" service_center="null" read="1" status="32" locked="0" date_sent="0" readable_date="14-11-2015 18:03:03" contact_name="Chi H. v. b" />
  <sms protocol="0" address="+841685897838" date="1447498992798" type="1" subject="null" body="Xjen 74.05.87x20d.08.33.00x10d.96.24.35.33x10d.80.99.24x20d." toa="null" sc_toa="null" service_center="null" read="1" status="-1" locked="0" date_sent="0" readable_date="14-11-2015 18:03:12" contact_name="Chi H. v. b" />
  <sms protocol="0" address="01685897838" date="1447499004448" type="2" subject="null" body="Nhan 6 tin." toa="null" sc_toa="null" service_center="null" read="1" status="0" locked="0" date_sent="0" readable_date="14-11-2015 18:03:24" contact_name="Chi H. v. b" />
  <sms protocol="0" address="01685897838" date="1447499007445" type="2" subject="null" body="Nhan 6 tin." toa="null" sc_toa="null" service_center="null" read="1" status="32" locked="0" date_sent="0" readable_date="14-11-2015 18:03:27" contact_name="Chi H. v. b" />
  <sms protocol="0" address="01677281854" date="1447499023947" type="2" subject="null" body="Tin 2: lo:00,01,04,05,09,10,15,19,24,40,42,44,45,50,51,55,60,68,78,90x50d." toa="null" sc_toa="null" service_center="null" read="1" status="0" locked="0" date_sent="0" readable_date="14-11-2015 18:03:43" contact_name="(Unknown)" />
  <sms protocol="0" address="+841677281854" date="1447499070114" type="1" subject="null" body="Nhan 2 tin.so tin cuoi:2." toa="null" sc_toa="null" service_center="null" read="1" status="-1" locked="0" date_sent="0" readable_date="14-11-2015 18:04:30" contact_name="(Unknown)" />
  <sms protocol="0" address="0983650782" date="1447499092949" type="2" subject="null" body="Tin 2: xi3:00,59,94*30d.,xi3:31,51,81*30d.xi3:00,44,50*10d.,xi3:01,88,99*10d.,xi3:02,09,70*10d.,xi3:03,23,85*10d.,xi3:05,44,50*10d.,xi3:07,40,80*10d.,xi3:10,19,98*10d.,xi3:11,50,55*10d.,xi3:16,59,80*10d.,xi2:22,44*10d.,xi3:27,50,68*10d.,xi3:46,52,61*10d.,xi3:50,52,59*10d.,xi3:65,73,83*10d." toa="null" sc_toa="null" service_center="null" read="1" status="0" locked="0" date_sent="0" readable_date="14-11-2015 18:04:52" contact_name="A T 782 Lv" />
  <sms protocol="0" address="01643882826" date="1447499115447" type="2" subject="null" body="Tin3: xi:00,59,94x20d.31,51,81x20d.00,44,50x20d.01,88,99x20d.02,09,70x20d.03,23,85x20d.05,44,50x20d.07,40,80x20d.10,19,98x20d.11,50,55x20d.16,59,80x20d.22,44x20d.27,50,68x20d.46,52,61x20d.50,52,59x20d.65,73,83x20d.05,74,87x20d.24,80,99x20d.00,08,33x10d.xi4:24,33,35,96x10d." toa="null" sc_toa="null" service_center="null" read="1" status="0" locked="0" date_sent="0" readable_date="14-11-2015 18:05:15" contact_name="(Unknown)" />
  <sms protocol="0" address="0964386982" date="1447499161948" type="2" subject="null" body="Tin 1:Ba cang:000,050,455,505,555,065,080,088,111,244,398,460,514,580,627,632,666,681,686,696,727,739,747,748,758,768,772,794,799,888,940,974,988x40n." toa="null" sc_toa="null" service_center="null" read="1" status="0" locked="0" date_sent="0" readable_date="14-11-2015 18:06:01" contact_name="A Duc" />
  <sms protocol="0" address="0983650782" date="1447499187448" type="2" subject="null" body="Tin 3: Ba cang:000,050,455,505,555,065,080,088,111,244,398,460,514,580,627,632,666,681,686,696,727,739,747,748,758,768,772,794,799,888,940,974,988x50n." toa="null" sc_toa="null" service_center="null" read="1" status="32" locked="0" date_sent="0" readable_date="14-11-2015 18:06:27" contact_name="A T 782 Lv" />
  <sms protocol="0" address="+841677281854" date="1447499197459" type="1" subject="null" body="chau gui cho co 2 tin" toa="null" sc_toa="null" service_center="null" read="1" status="-1" locked="0" date_sent="0" readable_date="14-11-2015 18:06:37" contact_name="(Unknown)" />
  <sms protocol="0" address="01643882826" date="1447499202445" type="2" subject="null" body="Tin 4: Ba cang:000,050,455,505,555,065,080,088,111,244,398,460,514,580,627,632,666,681,686,696,727,739,747,748,758,768,772,794,799,888,940,974,988x60n." toa="null" sc_toa="null" service_center="null" read="1" status="0" locked="0" date_sent="0" readable_date="14-11-2015 18:06:42" contact_name="(Unknown)" />
  <sms protocol="0" address="+84964386982" date="1447499230755" type="1" subject="null" body="em gui cho anh 1 tin" toa="null" sc_toa="null" service_center="null" read="1" status="-1" locked="0" date_sent="0" readable_date="14-11-2015 18:07:10" contact_name="A Duc" />
  <sms protocol="0" address="+84983650782" date="1447499244240" type="1" subject="null" body="Em gui cho Anh 3 tin" toa="null" sc_toa="null" service_center="null" read="1" status="-1" locked="0" date_sent="0" readable_date="14-11-2015 18:07:24" contact_name="A T 782 Lv" />
  <sms protocol="0" address="+84977655973" date="1447499272361" type="1" subject="null" body="Lo 75x25d 08x5d dau 8x25n 85x50n 252 686 69 262 04 41 44x10n" toa="null" sc_toa="null" service_center="null" read="1" status="-1" locked="0" date_sent="0" readable_date="14-11-2015 18:07:52" contact_name="A Su Cong Tinh Uy" />
  <sms protocol="0" address="0977655973" date="1447499289448" type="2" subject="null" body="BAC gui cho EM 1 tin" toa="null" sc_toa="null" service_center="null" read="1" status="0" locked="0" date_sent="0" readable_date="14-11-2015 18:08:09" contact_name="A Su Cong Tinh Uy" />
  <sms protocol="0" address="01677281854" date="1447499301447" type="2" subject="null" body="Tin 3: lo:75x25d.08x5d." toa="null" sc_toa="null" service_center="null" read="1" status="0" locked="0" date_sent="0" readable_date="14-11-2015 18:08:21" contact_name="(Unknown)" />
  <sms protocol="0" address="+841677281854" date="1447499324096" type="1" subject="null" body="Nhan 3 tin.so tin cuoi:3." toa="null" sc_toa="null" service_center="null" read="1" status="-1" locked="0" date_sent="0" readable_date="14-11-2015 18:08:44" contact_name="(Unknown)" />
  <sms protocol="0" address="+841685897838" date="1447499333764" type="1" subject="null" body="Lo 797x20d.de dau dit 4x100n.tong 6x50n. Lo 35.26.00x50d." toa="null" sc_toa="null" service_center="null" read="1" status="-1" locked="0" date_sent="0" readable_date="14-11-2015 18:08:53" contact_name="Chi H. v. b" />
  <sms protocol="0" address="01685897838" date="1447499338945" type="2" subject="null" body="Nhan 7 tin." toa="null" sc_toa="null" service_center="null" read="1" status="0" locked="0" date_sent="0" readable_date="14-11-2015 18:08:58" contact_name="Chi H. v. b" />
  <sms protocol="0" address="0974929818" date="1447499353948" type="2" subject="null" body="Tin 1: lo:00,26,35x50d.79,97x20d." toa="null" sc_toa="null" service_center="null" read="1" status="0" locked="0" date_sent="0" readable_date="14-11-2015 18:09:13" contact_name="Chu Phuc Son Tay" />
  <sms protocol="0" address="+84974929818" date="1447499380547" type="1" subject="null" body="Nhan 1 tin.so tin cuoi:1." toa="null" sc_toa="null" service_center="null" read="1" status="-1" locked="0" date_sent="0" readable_date="14-11-2015 18:09:40" contact_name="Chu Phuc Son Tay" />
  <sms protocol="0" address="+841685897838" date="1447499397097" type="1" subject="null" body="Lo 83x10d" toa="null" sc_toa="null" service_center="null" read="1" status="-1" locked="0" date_sent="0" readable_date="14-11-2015 18:09:57" contact_name="Chi H. v. b" />
  <sms protocol="0" address="01685897838" date="1447499400448" type="2" subject="null" body="Nhan 8 tin." toa="null" sc_toa="null" service_center="null" read="1" status="0" locked="0" date_sent="0" readable_date="14-11-2015 18:10:00" contact_name="Chi H. v. b" />
  <sms protocol="0" address="01685897838" date="1447499401945" type="2" subject="null" body="Nhan 8 tin." toa="null" sc_toa="null" service_center="null" read="1" status="0" locked="0" date_sent="0" readable_date="14-11-2015 18:10:01" contact_name="Chi H. v. b" />
  <sms protocol="0" address="01677281854" date="1447499413947" type="2" subject="null" body="Tin 4: lo:83x10d." toa="null" sc_toa="null" service_center="null" read="1" status="0" locked="0" date_sent="0" readable_date="14-11-2015 18:10:13" contact_name="(Unknown)" />
  <sms protocol="0" address="+841685897838" date="1447499459906" type="1" subject="null" body="De.hai.kep.x800n..080.383.141.00.11.595.88.858.202.30.343.39.989.151.656.44.050.00.55.x500n." toa="null" sc_toa="null" service_center="null" read="1" status="-1" locked="0" date_sent="0" readable_date="14-11-2015 18:10:59" contact_name="Chi H. v. b" />
  <sms protocol="0" address="+841677281854" date="1447499463142" type="1" subject="null" body="Nhan 4 tin.so tin cuoi:4." toa="null" sc_toa="null" service_center="null" read="1" status="-1" locked="0" date_sent="0" readable_date="14-11-2015 18:11:03" contact_name="(Unknown)" />
  <sms protocol="0" address="01685897838" date="1447499466444" type="2" subject="null" body="Nhan 9 tin." toa="null" sc_toa="null" service_center="null" read="1" status="32" locked="0" date_sent="0" readable_date="14-11-2015 18:11:06" contact_name="Chi H. v. b" />
  <sms protocol="0" address="+841685897838" date="1447499545606" type="1" subject="null" body="Lo 31.56x10d.xien 79.10.64x10d." toa="null" sc_toa="null" service_center="null" read="1" status="-1" locked="0" date_sent="0" readable_date="14-11-2015 18:12:25" contact_name="Chi H. v. b" />
  <sms protocol="0" address="01685897838" date="1447499551943" type="2" subject="null" body="Nhan 10 tin." toa="null" sc_toa="null" service_center="null" read="1" status="32" locked="0" date_sent="0" readable_date="14-11-2015 18:12:31" contact_name="Chi H. v. b" />
  <sms protocol="0" address="01685897838" date="1447499553446" type="2" subject="null" body="Nhan 10 tin." toa="null" sc_toa="null" service_center="null" read="1" status="32" locked="0" date_sent="0" readable_date="14-11-2015 18:12:33" contact_name="Chi H. v. b" />
  <sms protocol="0" address="01677281854" date="1447499563942" type="2" subject="null" body="Tin 5: lo:31,56x10d." toa="null" sc_toa="null" service_center="null" read="1" status="0" locked="0" date_sent="0" readable_date="14-11-2015 18:12:43" contact_name="(Unknown)" />
  <sms protocol="0" address="01643882826" date="1447499581947" type="2" subject="null" body="Tin 5: xi3:10,64,79*10d." toa="null" sc_toa="null" service_center="null" read="1" status="32" locked="0" date_sent="0" readable_date="14-11-2015 18:13:01" contact_name="(Unknown)" />
  <sms protocol="0" address="+841677281854" date="1447499591777" type="1" subject="null" body="Nhan 5 tin.so tin cuoi:5." toa="null" sc_toa="null" service_center="null" read="1" status="-1" locked="0" date_sent="0" readable_date="14-11-2015 18:13:11" contact_name="(Unknown)" />
  <sms protocol="0" address="0974929818" date="1447499667452" type="2" subject="null" body="Tin 2: De:00,44,83,05,38,50,55,94,88,11,27,99,41,14,34,43,15,51,89,59,95,98,49,33,16,22,61,66,72,77x500n.24x450n.84x425n.45,48,54x400n.85x375n.80,81x325n.62x310n.01,02,08,10,13,18,19,20,30,31,35,39,53,56,58,65,67,73,76,91x300n." toa="null" sc_toa="null" service_center="null" read="1" status="0" locked="0" date_sent="0" readable_date="14-11-2015 18:14:27" contact_name="Chu Phuc Son Tay" />
  <sms protocol="0" address="0964386982" date="1447499689945" type="2" subject="null" body="Tin 2: De:00,44,83,05,38,50,55,94,88,11,27,99,41,14,34,43,15,51,89,59,95,98x300n.49x200n.33x150n.16,22,61,66,72,77x100n." toa="null" sc_toa="null" service_center="null" read="1" status="0" locked="0" date_sent="0" readable_date="14-11-2015 18:14:49" contact_name="A Duc" />
  <sms protocol="0" address="01677281854" date="1447499722944" type="2" subject="null" body="Tin6: de:00x1500n.44x1210n.83x1025n.05,38,50,55x1000n.94x600n.88x575n.11,27,99x500n.41x310n.14,34,43x300n.15,51x250n.89x225n.01,02,08,10,13,16,18,19,20,22,24,30,31,33,35,39,45,48,49,53,54,56,58,59,61,62,65,66,67,72,73,76,77,80,81,84,85,91,95,98x200n.42x150n.87x125n.04x110n." toa="null" sc_toa="null" service_center="null" read="1" status="32" locked="0" date_sent="0" readable_date="14-11-2015 18:15:22" contact_name="(Unknown)" />
  <sms protocol="0" address="+84964386982" date="1447499729540" type="1" subject="null" body="em gui cho anh 2 tin" toa="null" sc_toa="null" service_center="null" read="1" status="-1" locked="0" date_sent="0" readable_date="14-11-2015 18:15:29" contact_name="A Duc" />
  <sms protocol="0" address="01677281854" date="1447499734948" type="2" subject="null" body="Tin7: de:40,46,47,64,74x100n.06,57,60,79,97x50n.86x35n.82x25n.25,26,52,68,69x10n." toa="null" sc_toa="null" service_center="null" read="1" status="0" locked="0" date_sent="0" readable_date="14-11-2015 18:15:34" contact_name="(Unknown)" />
  <sms protocol="0" address="+841677281854" date="1447499750397" type="1" subject="null" body="Nhan 6 tin.so tin cuoi:6." toa="null" sc_toa="null" service_center="null" read="1" status="-1" locked="0" date_sent="0" readable_date="14-11-2015 18:15:50" contact_name="(Unknown)" />
  <sms protocol="0" address="+84914967139" date="1447499760304" type="1" subject="null" body="Xien  00 70  50 x 20d " toa="null" sc_toa="null" service_center="null" read="1" status="-1" locked="0" date_sent="0" readable_date="14-11-2015 18:16:00" contact_name="(Unknown)" />
  <sms protocol="0" address="+841677281854" date="1447499762547" type="1" subject="null" body="Nhan 7 tin.so tin cuoi:7." toa="null" sc_toa="null" service_center="null" read="1" status="-1" locked="0" date_sent="0" readable_date="14-11-2015 18:16:02" contact_name="(Unknown)" />
  <sms protocol="0" address="0914967139" date="1447499769443" type="2" subject="null" body="Nhan 1 tin." toa="null" sc_toa="null" service_center="null" read="1" status="32" locked="0" date_sent="0" readable_date="14-11-2015 18:16:09" contact_name="(Unknown)" />
  <sms protocol="0" address="+84914967139" date="1447499772445" type="2" subject="null" body="TRA LAI:Lo,Xi,GNhat TIN NAY:Xien  00 70  50 x 20d " toa="null" sc_toa="null" service_center="null" read="1" status="32" locked="0" date_sent="0" readable_date="14-11-2015 18:16:12" contact_name="(Unknown)" />
  <sms protocol="0" address="+84974929818" date="1447499807971" type="1" subject="null" body="Nhan 2 tin.so tin cuoi:2." toa="null" sc_toa="null" service_center="null" read="1" status="-1" locked="0" date_sent="0" readable_date="14-11-2015 18:16:47" contact_name="Chu Phuc Son Tay" />
  <sms protocol="0" address="+841685897838" date="1447499817732" type="1" subject="null" body="De 33 37 38 x20n..he 38.61.27.05.49x500" toa="null" sc_toa="null" service_center="null" read="1" status="-1" locked="0" date_sent="0" readable_date="14-11-2015 18:16:57" contact_name="Chi H. v. b" />
  <sms protocol="0" address="01685897838" date="1447499823445" type="2" subject="null" body="Nhan 11 tin." toa="null" sc_toa="null" service_center="null" read="1" status="32" locked="0" date_sent="0" readable_date="14-11-2015 18:17:03" contact_name="Chi H. v. b" />
  <sms protocol="0" address="01685897838" date="1447499826444" type="2" subject="null" body="Nhan 11 tin." toa="null" sc_toa="null" service_center="null" read="1" status="0" locked="0" date_sent="0" readable_date="14-11-2015 18:17:06" contact_name="Chi H. v. b" />
  <sms protocol="0" address="0964386982" date="1447499841446" type="2" subject="null" body="Tin 3: De:16,22,61,66,72,77x300n.33x250n.49x200n.38,00,05,11,27,44,50,55,83,88,94,99x100n." toa="null" sc_toa="null" service_center="null" read="1" status="0" locked="0" date_sent="0" readable_date="14-11-2015 18:17:21" contact_name="A Duc" />
  <sms protocol="0" address="+841685897838" date="1447499845912" type="1" subject="null" body="Dau djt 4x200.424.717x100" toa="null" sc_toa="null" service_center="null" read="1" status="-1" locked="0" date_sent="0" readable_date="14-11-2015 18:17:25" contact_name="Chi H. v. b" />
  <sms protocol="0" address="01685897838" date="1447499850449" type="2" subject="null" body="Nhan 12 tin." toa="null" sc_toa="null" service_center="null" read="1" status="0" locked="0" date_sent="0" readable_date="14-11-2015 18:17:30" contact_name="Chi H. v. b" />
  <sms protocol="0" address="01685897838" date="1447499851951" type="2" subject="null" body="Nhan 12 tin." toa="null" sc_toa="null" service_center="null" read="1" status="0" locked="0" date_sent="0" readable_date="14-11-2015 18:17:31" contact_name="Chi H. v. b" />
  <sms protocol="0" address="0964386982" date="1447499860947" type="2" subject="null" body="Tin 4: De:24,42x100n." toa="null" sc_toa="null" service_center="null" read="1" status="0" locked="0" date_sent="0" readable_date="14-11-2015 18:17:40" contact_name="A Duc" />
  <sms protocol="0" address="+841677281854" date="1447499873837" type="1" subject="null" body="chau gui cho co 7 tin" toa="null" sc_toa="null" service_center="null" read="1" status="-1" locked="0" date_sent="0" readable_date="14-11-2015 18:17:53" contact_name="(Unknown)" />
  <sms protocol="0" address="01677281854" date="1447499880446" type="2" subject="null" body="Tin 8: De:44x800n.94x600n.49x500n.38x420n.00,05,11,27,50,55,83,88,99x400n.33x270n.04,14,16,22,24,34,40,41,42,43,45,46,47,48,54,61,64,66,72,74,77,84x200n.17,71x100n.37x20n." toa="null" sc_toa="null" service_center="null" read="1" status="0" locked="0" date_sent="0" readable_date="14-11-2015 18:18:00" contact_name="(Unknown)" />
  <sms protocol="0" address="+841685897838" date="1447499905371" type="1" subject="null" body="Ba.cang.320.640.027.035.080.808.505.050.059..581.813.x150n.he.55.08.13.01.x300.n.de.818.383.515.585.363.88.33.474.353.848.x200n" toa="null" sc_toa="null" service_center="null" read="1" status="-1" locked="0" date_sent="0" readable_date="14-11-2015 18:18:25" contact_name="Chi H. v. b" />
  <sms protocol="0" address="+841677281854" date="1447499908517" type="1" subject="null" body="Nhan 8 tin.so tin cuoi:8." toa="null" sc_toa="null" service_center="null" read="1" status="-1" locked="0" date_sent="0" readable_date="14-11-2015 18:18:28" contact_name="(Unknown)" />
  <sms protocol="0" address="01685897838" date="1447499920946" type="2" subject="null" body="Nhan 13 tin." toa="null" sc_toa="null" service_center="null" read="1" status="0" locked="0" date_sent="0" readable_date="14-11-2015 18:18:40" contact_name="Chi H. v. b" />
  <sms protocol="0" address="01685897838" date="1447499922445" type="2" subject="null" body="Nhan 13 tin." toa="null" sc_toa="null" service_center="null" read="1" status="0" locked="0" date_sent="0" readable_date="14-11-2015 18:18:42" contact_name="Chi H. v. b" />
  <sms protocol="0" address="0964386982" date="1447499937443" type="2" subject="null" body="Tin 5: De:18,35,36,53,58,63,81,85x300n.15,51,01,03,06,08,10,13,30,31,56,60,65,68,80,86x100n..Ba cang:050,505,080,027,035,059,320,581,640,808,813x40n." toa="null" sc_toa="null" service_center="null" read="1" status="0" locked="0" date_sent="0" readable_date="14-11-2015 18:18:57" contact_name="A Duc" />
  <sms protocol="0" address="0983650782" date="1447499950946" type="2" subject="null" body="Tin 4: Ba cang:050,505,080,027,035,059,320,581,640,808,813x50n." toa="null" sc_toa="null" service_center="null" read="1" status="0" locked="0" date_sent="0" readable_date="14-11-2015 18:19:10" contact_name="A T 782 Lv" />
  <sms protocol="0" address="01677281854" date="1447499961446" type="2" subject="null" body="Tin 9: De:15,51x400n.00,05,50,55x300n.01,03,06,08,10,13,18,30,31,33,35,36,38,47,48,53,56,58,60,63,65,68,74,80,81,83,84,85,86,88x200n." toa="null" sc_toa="null" service_center="null" read="1" status="0" locked="0" date_sent="0" readable_date="14-11-2015 18:19:21" contact_name="(Unknown)" />
  <sms protocol="0" address="01643882826" date="1447499974948" type="2" subject="null" body="Tin 6: Ba cang:050,505,080,027,035,059,320,581,640,808,813x60n." toa="null" sc_toa="null" service_center="null" read="1" status="0" locked="0" date_sent="0" readable_date="14-11-2015 18:19:34" contact_name="(Unknown)" />
  <sms protocol="0" address="+841677281854" date="1447499985224" type="1" subject="null" body="Nhan 9 tin.so tin cuoi:9." toa="null" sc_toa="null" service_center="null" read="1" status="-1" locked="0" date_sent="0" readable_date="14-11-2015 18:19:45" contact_name="(Unknown)" />
  <sms protocol="0" address="+84964386982" date="1447499992285" type="1" subject="null" body="em gui cho anh 5 tin" toa="null" sc_toa="null" service_center="null" read="1" status="-1" locked="0" date_sent="0" readable_date="14-11-2015 18:19:52" contact_name="A Duc" />
  <sms protocol="0" address="+841685897838" date="1447500051229" type="1" subject="null" body="2kepX10N  TonG 5.3x10N 58 91x20N 5850x20N)he 00 22 44x5N de 818 080 474 787 11 77 88X5N.he 00x20n." toa="null" sc_toa="null" service_center="null" read="1" status="-1" locked="0" date_sent="0" readable_date="14-11-2015 18:20:51" contact_name="Chi H. v. b" />
  <sms protocol="0" address="01685897838" date="1447500061949" type="2" subject="null" body="Nhan 14 tin." toa="null" sc_toa="null" service_center="null" read="1" status="32" locked="0" date_sent="0" readable_date="14-11-2015 18:21:01" contact_name="Chi H. v. b" />
  <sms protocol="0" address="01685897838" date="1447500064945" type="2" subject="null" body="Nhan 14 tin." toa="null" sc_toa="null" service_center="null" read="1" status="0" locked="0" date_sent="0" readable_date="14-11-2015 18:21:04" contact_name="Chi H. v. b" />
  <sms protocol="0" address="+84983650782" date="1447500075025" type="1" subject="null" body="Em gui cho Anh 4 tin" toa="null" sc_toa="null" service_center="null" read="1" status="-1" locked="0" date_sent="0" readable_date="14-11-2015 18:21:15" contact_name="A T 782 Lv" />
  <sms protocol="0" address="0974929818" date="1447500076950" type="2" subject="null" body="Tin 3: De:50x65n.58x50n.05x45n.00,55x35n.49,94x25n.77,91x20n.11,22,27,44,72,78,87,88,99x15n.03,12,14,16,21,23,30,32,33,38,41,61,66,67,69,76,83,85,96x10n.08,18,47,74,80,81x5n." toa="null" sc_toa="null" service_center="null" read="1" status="0" locked="0" date_sent="0" readable_date="14-11-2015 18:21:16" contact_name="Chu Phuc Son Tay" />
  <sms protocol="0" address="0979399373" date="1447500096449" type="2" subject="null" body="Nhan 1 tin.. HET DE" toa="null" sc_toa="null" service_center="null" read="1" status="0" locked="0" date_sent="0" readable_date="14-11-2015 18:21:36" contact_name="A Tung Thuy?" />
  <sms protocol="0" address="+84974929818" date="1447500097640" type="1" subject="null" body="Nhan 3 tin.so tin cuoi:3." toa="null" sc_toa="null" service_center="null" read="1" status="-1" locked="0" date_sent="0" readable_date="14-11-2015 18:21:37" contact_name="Chu Phuc Son Tay" />
  <sms protocol="0" address="01685897838" date="1447500097954" type="2" subject="null" body="Nhan 14 tin.. HET DE" toa="null" sc_toa="null" service_center="null" read="1" status="0" locked="0" date_sent="0" readable_date="14-11-2015 18:21:37" contact_name="Chi H. v. b" />
  <sms protocol="0" address="0973836212" date="1447500099445" type="2" subject="null" body="Nhan 2 tin.so tin cuoi:2.. HET DE" toa="null" sc_toa="null" service_center="null" read="1" status="0" locked="0" date_sent="0" readable_date="14-11-2015 18:21:39" contact_name="Tien Em" />
  <sms protocol="0" address="0983099345" date="1447500100949" type="2" subject="null" body="Nhan 1 tin.. HET DE" toa="null" sc_toa="null" service_center="null" read="1" status="32" locked="0" date_sent="0" readable_date="14-11-2015 18:21:40" contact_name="Viet Bo" />
  <sms protocol="0" address="0968193922" date="1447500102444" type="2" subject="null" body="Nhan 1 tin.. HET DE" toa="null" sc_toa="null" service_center="null" read="1" status="0" locked="0" date_sent="0" readable_date="14-11-2015 18:21:42" contact_name="(Unknown)" />
  <sms protocol="0" address="0977655973" date="1447500103946" type="2" subject="null" body="Nhan 1 tin.. HET DE" toa="null" sc_toa="null" service_center="null" read="1" status="0" locked="0" date_sent="0" readable_date="14-11-2015 18:21:43" contact_name="A Su Cong Tinh Uy" />
  <sms protocol="0" address="+841677281854" date="1447500238090" type="1" subject="null" body="chau gui cho co 9 tin" toa="null" sc_toa="null" service_center="null" read="1" status="-1" locked="0" date_sent="0" readable_date="14-11-2015 18:23:58" contact_name="(Unknown)" />
  <sms protocol="0" address="0968193922" date="1447500415946" type="2" subject="null" body="Ngay:14/11/2015&#13;&#10;chị chuyen cho EM&#13;&#10;Xien:13,0=88,4n&#13;&#10;chị bu cho EM:88,4n&#13;&#10;" toa="null" sc_toa="null" service_center="null" read="1" status="0" locked="0" date_sent="0" readable_date="14-11-2015 18:26:55" contact_name="(Unknown)" />
  <sms protocol="0" address="0983099345" date="1447500420443" type="2" subject="null" body="Ngay:14/11/2015&#13;&#10;Ban chuyen cho toi&#13;&#10;Lo:30,0=654,0n&#13;&#10;Ban bu cho toi:654,0n&#13;&#10;" toa="null" sc_toa="null" service_center="null" read="1" status="0" locked="0" date_sent="0" readable_date="14-11-2015 18:27:00" contact_name="Viet Bo" />
  <sms protocol="0" address="01685897838" date="1447500427945" type="2" subject="null" body="Ngay:14/11/2015&#13;&#10;chi chuyen cho EM&#13;&#10;De:80135,0=57697,2n&#13;&#10;Lo:1420,0=30885,0n&#13;&#10;3Cang:7140,0=5069,4n&#13;&#10;Xien:594,0=3861,0n&#13;&#10;Th de:50,0=3500,0n&#13;&#10;Th lo:330,0=26400,0n&#13;&#10;Th xien:12000,0n&#13;&#10;chi bu cho EM:55612,6n&#13;&#10;" toa="null" sc_toa="null" service_center="null" read="1" status="0" locked="0" date_sent="0" readable_date="14-11-2015 18:27:07" contact_name="Chi H. v. b" />
  <sms protocol="0" address="0983650782" date="1447500432443" type="2" subject="null" body="Ngay:14/11/2015&#13;&#10;em chuyen cho anh&#13;&#10;3Cang:2200,0=1452,0n&#13;&#10;Xien:213,0=1278,0n&#13;&#10;Thuong xien:4000,0n&#13;&#10;anh bu cho em:1270,0n&#13;&#10;" toa="null" sc_toa="null" service_center="null" read="1" status="32" locked="0" date_sent="0" readable_date="14-11-2015 18:27:12" contact_name="A T 782 Lv" />
  <sms protocol="0" address="01677281854" date="1447500436945" type="2" subject="null" body="Ngay:14/11/2015&#13;&#10;chau chuyen cho co&#13;&#10;De:40400,0=29088,0n&#13;&#10;Lo:1345,0=29186,5n&#13;&#10;Thuong de:50,0=3500,0n&#13;&#10;Thuong lo:315,0=25200,0n&#13;&#10;chau bu cho co:29574,5n&#13;&#10;" toa="null" sc_toa="null" service_center="null" read="1" status="32" locked="0" date_sent="0" readable_date="14-11-2015 18:27:16" contact_name="(Unknown)" />
  <sms protocol="0" address="0964386982" date="1447500441444" type="2" subject="null" body="Ngay:14/11/2015&#13;&#10;em chuyen cho anh&#13;&#10;De:15200,0=10883,2n&#13;&#10;3Cang:1760,0=1267,2n&#13;&#10;em bu cho anh:12150,4n&#13;&#10;" toa="null" sc_toa="null" service_center="null" read="1" status="0" locked="0" date_sent="0" readable_date="14-11-2015 18:27:21" contact_name="A Duc" />
  <sms protocol="0" address="0977655973" date="1447500445945" type="2" subject="null" body="Ngay:14/11/2015&#13;&#10;BAC chuyen cho EM&#13;&#10;De:400,0=320,0n&#13;&#10;Lo:30,0=675,0n&#13;&#10;Th lo:5,0=400,0n&#13;&#10;BAC bu cho EM:595,0n&#13;&#10;" toa="null" sc_toa="null" service_center="null" read="1" status="0" locked="0" date_sent="0" readable_date="14-11-2015 18:27:25" contact_name="A Su Cong Tinh Uy" />
  <sms protocol="0" address="0974929818" date="1447500448948" type="2" subject="null" body="Ngay:14/11/2015&#13;&#10;chau  chuyen cho chu&#13;&#10;De:25085,0=17935,8n&#13;&#10;Lo:190,0=4123,0n&#13;&#10;Thuong lo:20,0=1600,0n&#13;&#10;chau  bu cho chu:20458,8n&#13;&#10;" toa="null" sc_toa="null" service_center="null" read="1" status="0" locked="0" date_sent="0" readable_date="14-11-2015 18:27:28" contact_name="Chu Phuc Son Tay" />
  <sms protocol="0" address="0973836212" date="1447500463950" type="2" subject="null" body="Ngay:14/11/2015&#13;&#10;may chuyen cho tao&#13;&#10;De:100,0=75,0n&#13;&#10;Lo:45,0=981,0n&#13;&#10;may bu cho tao:1056,0n&#13;&#10;" toa="null" sc_toa="null" service_center="null" read="1" status="0" locked="0" date_sent="0" readable_date="14-11-2015 18:27:43" contact_name="Tien Em" />
  <sms protocol="0" address="0979399373" date="1447500469948" type="2" subject="null" body="Ngay:14/11/2015&#13;&#10;Anh chuyen cho EM&#13;&#10;De:50,0=37,5n&#13;&#10;Lo:10,0=220,0n&#13;&#10;Xien:5,0=37,5n&#13;&#10;Anh bu cho EM:295,0n&#13;&#10;" toa="null" sc_toa="null" service_center="null" read="1" status="0" locked="0" date_sent="0" readable_date="14-11-2015 18:27:49" contact_name="A Tung Thuy?" />
  <sms protocol="0" address="+84983650782" date="1447500499833" type="1" subject="null" body="Ngay:14/11/2015&#10;Em chuyen cho Anh&#10;3Cang:2200,0=1452,0n&#10;Xien:213,0=1278,0n&#10;Th xien:4000,0n&#10;Anh bu cho Em:1270,0n&#10;" toa="null" sc_toa="null" service_center="null" read="1" status="-1" locked="0" date_sent="0" readable_date="14-11-2015 18:28:19" contact_name="A T 782 Lv" />
  <sms protocol="0" address="01643882826" date="1447500541945" type="2" subject="null" body="Ngay:14/11/2015&#13;&#10;chau chuyen cho co&#13;&#10;3Cang:3180,0=2289,6n&#13;&#10;Xien:399,0=2394,0n&#13;&#10;Thuong xien:8000,0n&#13;&#10;co bu cho chau:3316,4n&#13;&#10;" toa="null" sc_toa="null" service_center="null" read="1" status="0" locked="0" date_sent="0" readable_date="14-11-2015 18:29:01" contact_name="(Unknown)" />
  <sms protocol="0" address="+84983650782" date="1447500600395" type="1" subject="null" body="Tinh den het ngay:13/11/15 Anh thu 2010n&#10;Ngay:14/11/15 Em+2010n +1270n -700n &#10;Tong cong: Anh bu 570" toa="null" sc_toa="null" service_center="null" read="1" status="-1" locked="0" date_sent="0" readable_date="14-11-2015 18:30:00" contact_name="A T 782 Lv" />
  <sms protocol="0" address="+84974929818" date="1447500619471" type="1" subject="null" body="Ngay:14/11/2015&#10;chau chuyen cho chu&#10;De:25085,0=17935,8n&#10;Lo:190,0=4123,0n&#10;chau bu cho chu:22058,8n&#10;" toa="null" sc_toa="null" service_center="null" read="1" status="-1" locked="0" date_sent="0" readable_date="14-11-2015 18:30:19" contact_name="Chu Phuc Son Tay" />
  <sms protocol="0" address="01632029067" date="1447500636309" type="2" subject="null" body="Tinh den het ngay:13/11/15 EM thu 1845n&#13;&#10;Ngay:14/11/15 Chị-88n &#13;&#10;Tong cong: EM thu 1933" toa="null" sc_toa="null" service_center="null" read="1" status="0" locked="0" date_sent="0" readable_date="14-11-2015 18:30:36" contact_name="(Unknown)" />
  <sms protocol="0" address="01643882826" date="1447500644329" type="2" subject="null" body="Tinh den het ngay:13/11/15 chau thu 630n&#13;&#10;Ngay:14/11/15 co-3316n &#13;&#10;Tong cong: chau thu 3946" toa="null" sc_toa="null" service_center="null" read="1" status="0" locked="0" date_sent="0" readable_date="14-11-2015 18:30:44" contact_name="(Unknown)" />
  <sms protocol="0" address="01677281854" date="1447500652217" type="2" subject="null" body="Tinh den het ngay:13/11/15 chau thu 18368n&#13;&#10;Ngay:14/11/15 co+29574n &#13;&#10;Tong cong: chau bu 11206" toa="null" sc_toa="null" service_center="null" read="1" status="0" locked="0" date_sent="0" readable_date="14-11-2015 18:30:52" contact_name="(Unknown)" />
  <sms protocol="0" address="0973836212" date="1447500662546" type="2" subject="null" body="Tinh den het ngay:13/11/15 tao thu 2667n&#13;&#10;Ngay:14/11/15 may+1000n -300n -1056n &#13;&#10;Tong cong: tao thu 3023" toa="null" sc_toa="null" service_center="null" read="1" status="0" locked="0" date_sent="0" readable_date="14-11-2015 18:31:02" contact_name="Tien Em" />
  <sms protocol="0" address="0974929818" date="1447500668240" type="2" subject="null" body="Tinh den het ngay:13/11/15 chau  thu 5159n&#13;&#10;Ngay:14/11/15 chu+20458n &#13;&#10;Tong cong: chau  bu 15299" toa="null" sc_toa="null" service_center="null" read="1" status="0" locked="0" date_sent="0" readable_date="14-11-2015 18:31:08" contact_name="Chu Phuc Son Tay" />
  <sms protocol="0" address="5055" date="1447500690760" type="1" subject="null" body="14/11:&#10;DB:27297&#10;1:93047&#10;2:79355-57250&#10;3:44752-68055-18544-14261-14953-93777&#10;4:7945-2184-9791-3837&#10;5:5380-1116-7712-6867-0564-2732&#10;6:307-195-439&#10;7:46-99-83-08 " toa="null" sc_toa="null" service_center="+84980200037" read="1" status="-1" locked="0" date_sent="1447500687000" readable_date="14-11-2015 18:31:30" contact_name="(Unknown)" />
  <sms protocol="0" address="+841677281854" date="1447500719381" type="1" subject="null" body="Ngay:14/11/2015&#10;chau chuyen cho co&#10;De:40400,0=29088,0n&#10;Lo:1345,0=29186,5n&#10;Th de:50,0=3500,0n&#10;Th lo:315,0=25200,0n&#10;chau bu cho co:29574,5n&#10;" toa="null" sc_toa="null" service_center="null" read="1" status="-1" locked="0" date_sent="0" readable_date="14-11-2015 18:31:59" contact_name="(Unknown)" />
  <sms protocol="0" address="0983099345" date="1447500763699" type="2" subject="null" body="Tinh den het ngay:13/11/15 toi bu 14986n&#13;&#10;Ngay:14/11/15 Ban-32175n -654n -55350n &#13;&#10;Tong cong: toi thu 73193" toa="null" sc_toa="null" service_center="null" read="1" status="0" locked="0" date_sent="0" readable_date="14-11-2015 18:32:43" contact_name="Viet Bo" />
  <sms protocol="0" address="0983650782" date="1447500779688" type="3" subject="null" body="Tinh den het ngay:13/11/15 em bu 2010n&#13;&#10;Ngay:14/11/15 anh-2010n -1270n &#13;&#10;Tong cong: em thu 1270" toa="null" sc_toa="null" service_center="null" read="1" status="-1" locked="0" date_sent="0" readable_date="14-11-2015 18:32:59" contact_name="(Unknown)" />
  <sms protocol="0" address="+84964386982" date="1447500838293" type="1" subject="null" body="Ngay:14/11/2015&#10;em chuyen cho anh&#10;De:15200,0=10883,2n&#10;3Cang:1760,0=1267,2n&#10;em bu cho anh:12150,4n&#10;" toa="null" sc_toa="null" service_center="null" read="1" status="-1" locked="0" date_sent="0" readable_date="14-11-2015 18:33:58" contact_name="A Duc" />
  <sms protocol="0" address="0983099345" date="1447500965674" type="2" subject="null" body="chi bu cho EM:55612,6n&#10;T thu 55350&#10;" toa="null" sc_toa="null" service_center="null" read="1" status="0" locked="0" date_sent="0" readable_date="14-11-2015 18:36:05" contact_name="Viet Bo" />
  <sms protocol="0" address="0964386982" date="1447501367429" type="3" subject="null" body="Tinh den het ngay:13/11/15 em thu 20571n&#13;&#10;Ngay:14/11/15 anh+20571n +12150n &#13;&#10;Tong cong: em bu 12150" toa="null" sc_toa="null" service_center="null" read="1" status="-1" locked="0" date_sent="0" readable_date="14-11-2015 18:42:47" contact_name="(Unknown)" />
  <sms protocol="0" address="+84974929818" date="1447502604525" type="1" subject="null" body="Ngay:14/11/2015&#10;chau chuyen cho chu&#10;De:25085,0=17935,8n&#10;Lo:190,0=4123,0n&#10;Th lo:20,0=1600,0n&#10;chau bu cho chu:20458,8n&#10;" toa="null" sc_toa="null" service_center="null" read="1" status="-1" locked="0" date_sent="0" readable_date="14-11-2015 19:03:24" contact_name="Chu Phuc Son Tay" />
</smses>