<?xml version='1.0' encoding='UTF-8' standalone='yes' ?>
<!--File Created By SMS Backup & Restore Pro v7.21 on 15/11/2015 23:37:08-->
<?xml-stylesheet type="text/xsl" href="sms.xsl"?>
<smses count="96">
  <sms protocol="0" address="BIDV" date="1447556176064" type="1" subject="null" body="TK39010000577279 tai BIDV -8,800VND vao 09:55 15/11/2015.So du:394,875VND.ND: 39010000577279 106111559367932 Thu Phi BSMS Thang 102015" toa="null" sc_toa="null" service_center="null" read="1" status="-1" locked="0" date_sent="0" readable_date="15-11-2015 09:56:16" contact_name="(Unknown)" />
  <sms protocol="0" address="+84974282195" date="1447564763253" type="1" subject="null" body="het han 16/2" toa="null" sc_toa="null" service_center="null" read="1" status="-1" locked="0" date_sent="0" readable_date="15-11-2015 12:19:23" contact_name="(Unknown)" />
  <sms protocol="0" address="+84979399373" date="1447577575591" type="1" subject="null" body="Lô: 79.99x 15 d" toa="null" sc_toa="null" service_center="null" read="1" status="-1" locked="0" date_sent="0" readable_date="15-11-2015 15:52:55" contact_name="A Tung Thuy?" />
  <sms protocol="0" address="+84979399373" date="1447582081639" type="1" subject="null" body="Lô 54x10, xiên3: 76,88,71x 50, 22,69,97x 50. Đề 68,86x 50" toa="null" sc_toa="null" service_center="null" read="1" status="-1" locked="0" date_sent="0" readable_date="15-11-2015 17:08:01" contact_name="A Tung Thuy?" />
  <sms protocol="0" address="+84973836212" date="1447584026806" type="1" subject="null" body="T1 33x5 88x10d. Đê 80x10" toa="null" sc_toa="null" service_center="null" read="1" status="-1" locked="0" date_sent="0" readable_date="15-11-2015 17:40:26" contact_name="Tien Em" />
  <sms protocol="0" address="0973836212" date="1447584139534" type="2" subject="null" body="Nhan 1 tin.so tin cuoi:1." toa="null" sc_toa="null" service_center="null" read="1" status="0" locked="0" date_sent="0" readable_date="15-11-2015 17:42:19" contact_name="Tien Em" />
  <sms protocol="0" address="0979399373" date="1447584153033" type="2" subject="null" body="Anh gui cho EM 2 tin" toa="null" sc_toa="null" service_center="null" read="1" status="32" locked="0" date_sent="0" readable_date="15-11-2015 17:42:33" contact_name="A Tung Thuy?" />
  <sms protocol="0" address="+841685897838" date="1447584489495" type="1" subject="null" body="Đe02 x100n lo 10.12.78.24x10₫  63x20₫" toa="null" sc_toa="null" service_center="null" read="1" status="-1" locked="0" date_sent="0" readable_date="15-11-2015 17:48:09" contact_name="Chi H. v. b" />
  <sms protocol="0" address="01685897838" date="1447584493545" type="2" subject="null" body="Nhan 1 tin." toa="null" sc_toa="null" service_center="null" read="1" status="32" locked="0" date_sent="0" readable_date="15-11-2015 17:48:13" contact_name="Chi H. v. b" />
  <sms protocol="0" address="+84973836212" date="1447584500310" type="1" subject="null" body="T2 lo 71x60d 17x5d 33x3d " toa="null" sc_toa="null" service_center="null" read="1" status="-1" locked="0" date_sent="0" readable_date="15-11-2015 17:48:20" contact_name="Tien Em" />
  <sms protocol="0" address="0973836212" date="1447584504031" type="2" subject="null" body="Nhan 2 tin.so tin cuoi:2." toa="null" sc_toa="null" service_center="null" read="1" status="0" locked="0" date_sent="0" readable_date="15-11-2015 17:48:24" contact_name="Tien Em" />
  <sms protocol="0" address="0973836212" date="1447584505533" type="2" subject="null" body="Nhan 2 tin.so tin cuoi:2." toa="null" sc_toa="null" service_center="null" read="1" status="0" locked="0" date_sent="0" readable_date="15-11-2015 17:48:25" contact_name="Tien Em" />
  <sms protocol="0" address="+841685897838" date="1447584596425" type="1" subject="null" body="Dau dit 8x110n&#10;" toa="null" sc_toa="null" service_center="null" read="1" status="-1" locked="0" date_sent="0" readable_date="15-11-2015 17:49:56" contact_name="Chi H. v. b" />
  <sms protocol="0" address="01685897838" date="1447584625534" type="2" subject="null" body="Nhan 2 tin." toa="null" sc_toa="null" service_center="null" read="1" status="0" locked="0" date_sent="0" readable_date="15-11-2015 17:50:25" contact_name="Chi H. v. b" />
  <sms protocol="0" address="+84968193922" date="1447584772539" type="1" subject="null" body="X3.59.01.22.=30 ; X3.00.22.48.=20 ; X3.48.27.01.=30 ; X3.45.12.91.=50 ; X3.24.11.43.=20 ; X2.92.27.=100 ; X2.14.93.=50 ; " toa="null" sc_toa="null" service_center="null" read="1" status="-1" locked="0" date_sent="0" readable_date="15-11-2015 17:52:52" contact_name="(Unknown)" />
  <sms protocol="0" address="+84973836212" date="1447584795836" type="1" subject="null" body="T3 33,88x10d" toa="null" sc_toa="null" service_center="null" read="1" status="-1" locked="0" date_sent="0" readable_date="15-11-2015 17:53:15" contact_name="Tien Em" />
  <sms protocol="0" address="0968193922" date="1447584805531" type="2" subject="null" body="Nhan 1 tin." toa="null" sc_toa="null" service_center="null" read="1" status="0" locked="0" date_sent="0" readable_date="15-11-2015 17:53:25" contact_name="(Unknown)" />
  <sms protocol="0" address="0973836212" date="1447584814530" type="2" subject="null" body="Nhan 3 tin.so tin cuoi:3." toa="null" sc_toa="null" service_center="null" read="1" status="0" locked="0" date_sent="0" readable_date="15-11-2015 17:53:34" contact_name="Tien Em" />
  <sms protocol="0" address="0973836212" date="1447584816030" type="2" subject="null" body="Nhan 3 tin.so tin cuoi:3." toa="null" sc_toa="null" service_center="null" read="1" status="0" locked="0" date_sent="0" readable_date="15-11-2015 17:53:36" contact_name="Tien Em" />
  <sms protocol="0" address="+841685897838" date="1447584885340" type="1" subject="null" body=" lô.06.95.39.21.12.56.45.x 30đ.40.51x 50đ.79x 150đ. đê 21.79.24.65.x50n.ba cang 108.109x50n.de 08.09x50n" toa="null" sc_toa="null" service_center="null" read="1" status="-1" locked="0" date_sent="0" readable_date="15-11-2015 17:54:45" contact_name="Chi H. v. b" />
  <sms protocol="0" address="01685897838" date="1447584892534" type="2" subject="null" body="Nhan 3 tin." toa="null" sc_toa="null" service_center="null" read="1" status="0" locked="0" date_sent="0" readable_date="15-11-2015 17:54:52" contact_name="Chi H. v. b" />
  <sms protocol="0" address="01643882826" date="1447584910532" type="2" subject="null" body="Tin 1: xi3:12,45,91*5d.,xi2:14,93*5d.,xi3:22,69,97*5d.,xi3:71,76,88*5d.xi3:00,22,48*2d.,xi3:11,24,43*2d.xi3:01,22,59*3d.,xi3:01,27,48*3d.xi2:27,92*10d." toa="null" sc_toa="null" service_center="null" read="1" status="0" locked="0" date_sent="0" readable_date="15-11-2015 17:55:10" contact_name="(Unknown)" />
  <sms protocol="0" address="01677281854" date="1447584931528" type="2" subject="null" body="Tin 1: lo:79x165d.71x60d.40,51x50d.12x40d.06,21,39,45,56,95x30d.63,88x20d.33x18d.99x15d.10,24,54,78x10d.17x5d." toa="null" sc_toa="null" service_center="null" read="1" status="0" locked="0" date_sent="0" readable_date="15-11-2015 17:55:31" contact_name="(Unknown)" />
  <sms protocol="0" address="+841685897838" date="1447584942471" type="1" subject="null" body="3tin nhe" toa="null" sc_toa="null" service_center="null" read="1" status="-1" locked="0" date_sent="0" readable_date="15-11-2015 17:55:42" contact_name="Chi H. v. b" />
  <sms protocol="0" address="01685897838" date="1447584951030" type="2" subject="null" body="chi gui cho EM 3 tin" toa="null" sc_toa="null" service_center="null" read="1" status="32" locked="0" date_sent="0" readable_date="15-11-2015 17:55:51" contact_name="Chi H. v. b" />
  <sms protocol="0" address="0968193922" date="1447584952534" type="2" subject="null" body="chị gui cho EM 1 tin" toa="null" sc_toa="null" service_center="null" read="1" status="0" locked="0" date_sent="0" readable_date="15-11-2015 17:55:52" contact_name="(Unknown)" />
  <sms protocol="0" address="0973836212" date="1447584954031" type="2" subject="null" body="may gui cho tao 3 tin" toa="null" sc_toa="null" service_center="null" read="1" status="0" locked="0" date_sent="0" readable_date="15-11-2015 17:55:54" contact_name="Tien Em" />
  <sms protocol="0" address="+841677281854" date="1447585006519" type="1" subject="null" body="Nhan 1 tin.so tin cuoi:1." toa="null" sc_toa="null" service_center="null" read="1" status="-1" locked="0" date_sent="0" readable_date="15-11-2015 17:56:46" contact_name="(Unknown)" />
  <sms protocol="0" address="+841685897838" date="1447585044602" type="1" subject="null" body="Lo 76 78 98 868 585 54 575 82x10d." toa="null" sc_toa="null" service_center="null" read="1" status="-1" locked="0" date_sent="0" readable_date="15-11-2015 17:57:24" contact_name="Chi H. v. b" />
  <sms protocol="0" address="01685897838" date="1447585050035" type="2" subject="null" body="Nhan 4 tin." toa="null" sc_toa="null" service_center="null" read="1" status="32" locked="0" date_sent="0" readable_date="15-11-2015 17:57:30" contact_name="Chi H. v. b" />
  <sms protocol="0" address="01677281854" date="1447585059030" type="2" subject="null" body="Tin 2: lo:54,57,58,68,75,76,78,82,85,86,98x10d." toa="null" sc_toa="null" service_center="null" read="1" status="0" locked="0" date_sent="0" readable_date="15-11-2015 17:57:39" contact_name="(Unknown)" />
  <sms protocol="0" address="+841677281854" date="1447585118407" type="1" subject="null" body="Nhan 2 tin.so tin cuoi:2." toa="null" sc_toa="null" service_center="null" read="1" status="-1" locked="0" date_sent="0" readable_date="15-11-2015 17:58:38" contact_name="(Unknown)" />
  <sms protocol="0" address="+841685897838" date="1447585358292" type="1" subject="null" body="lo: 44,99,66,88,474,373,787,08,83..46,07x10d 494,080,464,898,050x5d xien 4737,7873.7749,8774,3705,6699,7281x10n" toa="null" sc_toa="null" service_center="null" read="1" status="-1" locked="0" date_sent="0" readable_date="15-11-2015 18:02:38" contact_name="Chi H. v. b" />
  <sms protocol="0" address="+84977655973" date="1447585361976" type="1" subject="null" body="75x35d dau 8x30n 84 85 34x50n 43 686 313 x10n" toa="null" sc_toa="null" service_center="null" read="1" status="-1" locked="0" date_sent="0" readable_date="15-11-2015 18:02:41" contact_name="A Su Cong Tinh Uy" />
  <sms protocol="0" address="01685897838" date="1447585390533" type="2" subject="null" body="Nhan 5 tin." toa="null" sc_toa="null" service_center="null" read="1" status="0" locked="0" date_sent="0" readable_date="15-11-2015 18:03:10" contact_name="Chi H. v. b" />
  <sms protocol="0" address="0977655973" date="1447585425033" type="2" subject="null" body="BAC gui cho EM 1 tin" toa="null" sc_toa="null" service_center="null" read="1" status="32" locked="0" date_sent="0" readable_date="15-11-2015 18:03:45" contact_name="A Su Cong Tinh Uy" />
  <sms protocol="0" address="+84968193922" date="1447585447254" type="1" subject="null" body="X3.14.79.57.=20 ; x3.14.79.01.=20 ; X3.14.79.95.=20 ;" toa="null" sc_toa="null" service_center="null" read="1" status="-1" locked="0" date_sent="0" readable_date="15-11-2015 18:04:07" contact_name="(Unknown)" />
  <sms protocol="0" address="0968193922" date="1447585470028" type="2" subject="null" body="Nhan 2 tin." toa="null" sc_toa="null" service_center="null" read="1" status="0" locked="0" date_sent="0" readable_date="15-11-2015 18:04:30" contact_name="(Unknown)" />
  <sms protocol="0" address="0968193922" date="1447585471539" type="2" subject="null" body="Nhan 2 tin." toa="null" sc_toa="null" service_center="null" read="1" status="0" locked="0" date_sent="0" readable_date="15-11-2015 18:04:31" contact_name="(Unknown)" />
  <sms protocol="0" address="01643882826" date="1447585494031" type="2" subject="null" body="Tin 2: xi2:05,37*1d.,xi2:37,47*1d.,xi2:49,77*1d.,xi2:66,99*1d.,xi2:72,81*1d.,xi2:73,78*1d.,xi2:74,87*1d.xi3:01,14,79*2d.,xi3:14,57,79*2d.,xi3:14,79,95*2d." toa="null" sc_toa="null" service_center="null" read="1" status="0" locked="0" date_sent="0" readable_date="15-11-2015 18:04:54" contact_name="(Unknown)" />
  <sms protocol="0" address="0983650782" date="1447585515033" type="2" subject="null" body="Tin 1: Ba cang:108,109x50n." toa="null" sc_toa="null" service_center="null" read="1" status="0" locked="0" date_sent="0" readable_date="15-11-2015 18:05:15" contact_name="A T 782 Lv" />
  <sms protocol="0" address="01677281854" date="1447585588531" type="2" subject="null" body="Tin 3: lo:75x35d.08,46x15d.07,37,44,47,66,73,74,78,83,87,88,99x10d.05,49,50,64,80,89,94,98x5d." toa="null" sc_toa="null" service_center="null" read="1" status="0" locked="0" date_sent="0" readable_date="15-11-2015 18:06:28" contact_name="(Unknown)" />
  <sms protocol="0" address="+841677281854" date="1447585668961" type="1" subject="null" body="Nhan 3 tin.so tin cuoi:3." toa="null" sc_toa="null" service_center="null" read="1" status="-1" locked="0" date_sent="0" readable_date="15-11-2015 18:07:48" contact_name="(Unknown)" />
  <sms protocol="0" address="+84983650782" date="1447585771868" type="1" subject="null" body="Em gui cho Anh 1 tin" toa="null" sc_toa="null" service_center="null" read="1" status="-1" locked="0" date_sent="0" readable_date="15-11-2015 18:09:31" contact_name="A T 782 Lv" />
  <sms protocol="0" address="+841685897838" date="1447585815067" type="1" subject="null" body=" Xien 82.91x5d.97.78x5d.de 787x50n.ba cang 978.378x50n " toa="null" sc_toa="null" service_center="null" read="1" status="-1" locked="0" date_sent="0" readable_date="15-11-2015 18:10:15" contact_name="Chi H. v. b" />
  <sms protocol="0" address="01685897838" date="1447585819532" type="2" subject="null" body="Nhan 6 tin." toa="null" sc_toa="null" service_center="null" read="1" status="0" locked="0" date_sent="0" readable_date="15-11-2015 18:10:19" contact_name="Chi H. v. b" />
  <sms protocol="0" address="01685897838" date="1447585821031" type="2" subject="null" body="Nhan 6 tin." toa="null" sc_toa="null" service_center="null" read="1" status="0" locked="0" date_sent="0" readable_date="15-11-2015 18:10:21" contact_name="Chi H. v. b" />
  <sms protocol="0" address="01643882826" date="1447585837532" type="2" subject="null" body="Tin 3: xi2:78,97*5d.,xi2:82,91*5d." toa="null" sc_toa="null" service_center="null" read="1" status="32" locked="0" date_sent="0" readable_date="15-11-2015 18:10:37" contact_name="(Unknown)" />
  <sms protocol="0" address="+841685897838" date="1447585989454" type="1" subject="null" body="De 33 02 01 05 03x20n." toa="null" sc_toa="null" service_center="null" read="1" status="-1" locked="0" date_sent="0" readable_date="15-11-2015 18:13:09" contact_name="Chi H. v. b" />
  <sms protocol="0" address="01685897838" date="1447585995034" type="2" subject="null" body="Nhan 7 tin." toa="null" sc_toa="null" service_center="null" read="1" status="32" locked="0" date_sent="0" readable_date="15-11-2015 18:13:15" contact_name="Chi H. v. b" />
  <sms protocol="0" address="01685897838" date="1447585996530" type="2" subject="null" body="Nhan 7 tin." toa="null" sc_toa="null" service_center="null" read="1" status="0" locked="0" date_sent="0" readable_date="15-11-2015 18:13:16" contact_name="Chi H. v. b" />
  <sms protocol="0" address="0983650782" date="1447586047534" type="2" subject="null" body="Tin 2: Ba cang:378,978x50n." toa="null" sc_toa="null" service_center="null" read="1" status="0" locked="0" date_sent="0" readable_date="15-11-2015 18:14:07" contact_name="A T 782 Lv" />
  <sms protocol="0" address="0914967139" date="1447586083530" type="2" subject="null" body="Nhan 1 tin." toa="null" sc_toa="null" service_center="null" read="1" status="0" locked="0" date_sent="0" readable_date="15-11-2015 18:14:43" contact_name="(Unknown)" />
  <sms protocol="0" address="+84983650782" date="1447586114904" type="1" subject="null" body="Em gui cho Anh 2 tin" toa="null" sc_toa="null" service_center="null" read="1" status="-1" locked="0" date_sent="0" readable_date="15-11-2015 18:15:14" contact_name="A T 782 Lv" />
  <sms protocol="0" address="01677281854" date="1447586281533" type="2" subject="null" body="Tin 4: De:88x250n.84x210n.86x200n.82,85,87x190n.68x170n.08,28,78x160n.80x150n.81,83,89x140n.18,38,48x130n.02x120n.58,98x110n.09,21,24,34,65,79x50n.05x40n.00,01,03,14,33,41,50,55,72x20n.13,31,43x10n." toa="null" sc_toa="null" service_center="null" read="1" status="0" locked="0" date_sent="0" readable_date="15-11-2015 18:18:01" contact_name="(Unknown)" />
  <sms protocol="0" address="+841677281854" date="1447586311429" type="1" subject="null" body="Nhan 4 tin.so tin cuoi:4." toa="null" sc_toa="null" service_center="null" read="1" status="-1" locked="0" date_sent="0" readable_date="15-11-2015 18:18:31" contact_name="(Unknown)" />
  <sms protocol="0" address="+841685897838" date="1447586324345" type="1" subject="null" body="2kep x600" toa="null" sc_toa="null" service_center="null" read="1" status="-1" locked="0" date_sent="0" readable_date="15-11-2015 18:18:44" contact_name="Chi H. v. b" />
  <sms protocol="0" address="01685897838" date="1447586328032" type="2" subject="null" body="Nhan 8 tin." toa="null" sc_toa="null" service_center="null" read="1" status="0" locked="0" date_sent="0" readable_date="15-11-2015 18:18:48" contact_name="Chi H. v. b" />
  <sms protocol="0" address="01685897838" date="1447586329528" type="2" subject="null" body="Nhan 8 tin." toa="null" sc_toa="null" service_center="null" read="1" status="32" locked="0" date_sent="0" readable_date="15-11-2015 18:18:49" contact_name="Chi H. v. b" />
  <sms protocol="0" address="0964386982" date="1447586353539" type="2" subject="null" body="Tin 1: De:00,05,11,16,22,27,33,38,44,49,50,55,61,66,72,77,83,88,94,99x400n." toa="null" sc_toa="null" service_center="null" read="1" status="0" locked="0" date_sent="0" readable_date="15-11-2015 18:19:13" contact_name="A Duc" />
  <sms protocol="0" address="01677281854" date="1447586364036" type="2" subject="null" body="Tin 5: De:00,05,11,16,22,27,33,38,44,49,50,55,61,66,72,77,83,88,94,99x200n." toa="null" sc_toa="null" service_center="null" read="1" status="0" locked="0" date_sent="0" readable_date="15-11-2015 18:19:24" contact_name="(Unknown)" />
  <sms protocol="0" address="+841677281854" date="1447586391996" type="1" subject="null" body="Nhan 5 tin.so tin cuoi:5." toa="null" sc_toa="null" service_center="null" read="1" status="-1" locked="0" date_sent="0" readable_date="15-11-2015 18:19:51" contact_name="(Unknown)" />
  <sms protocol="0" address="+84964386982" date="1447586397783" type="1" subject="null" body="em gui cho anh 1 tin" toa="null" sc_toa="null" service_center="null" read="1" status="-1" locked="0" date_sent="0" readable_date="15-11-2015 18:19:57" contact_name="A Duc" />
  <sms protocol="0" address="+841685897838" date="1447586436113" type="1" subject="null" body="He05x500" toa="null" sc_toa="null" service_center="null" read="1" status="-1" locked="0" date_sent="0" readable_date="15-11-2015 18:20:36" contact_name="Chi H. v. b" />
  <sms protocol="0" address="01685897838" date="1447586440532" type="2" subject="null" body="Nhan 9 tin." toa="null" sc_toa="null" service_center="null" read="1" status="32" locked="0" date_sent="0" readable_date="15-11-2015 18:20:40" contact_name="Chi H. v. b" />
  <sms protocol="0" address="+841677281854" date="1447586447030" type="1" subject="null" body="chau gui cho co 5 tin" toa="null" sc_toa="null" service_center="null" read="1" status="-1" locked="0" date_sent="0" readable_date="15-11-2015 18:20:47" contact_name="(Unknown)" />
  <sms protocol="0" address="0964386982" date="1447586463035" type="2" subject="null" body="Tin 2: De:00,05,50,55x500n." toa="null" sc_toa="null" service_center="null" read="1" status="32" locked="0" date_sent="0" readable_date="15-11-2015 18:21:03" contact_name="A Duc" />
  <sms protocol="0" address="01643882826" date="1447586509529" type="2" subject="null" body="chau gui cho co 3 tin" toa="null" sc_toa="null" service_center="null" read="1" status="32" locked="0" date_sent="0" readable_date="15-11-2015 18:21:49" contact_name="(Unknown)" />
  <sms protocol="0" address="01677281854" date="1447586511028" type="2" subject="null" body="chau gui cho co 5 tin" toa="null" sc_toa="null" service_center="null" read="1" status="0" locked="0" date_sent="0" readable_date="15-11-2015 18:21:51" contact_name="(Unknown)" />
  <sms protocol="0" address="0964386982" date="1447586512533" type="2" subject="null" body="em gui cho anh 2 tin" toa="null" sc_toa="null" service_center="null" read="1" status="32" locked="0" date_sent="0" readable_date="15-11-2015 18:21:52" contact_name="A Duc" />
  <sms protocol="0" address="0983650782" date="1447586514035" type="2" subject="null" body="em gui cho anh 2 tin" toa="null" sc_toa="null" service_center="null" read="1" status="0" locked="0" date_sent="0" readable_date="15-11-2015 18:21:54" contact_name="A T 782 Lv" />
  <sms protocol="0" address="+84964386982" date="1447586542423" type="1" subject="null" body="em gui cho anh 2 tin" toa="null" sc_toa="null" service_center="null" read="1" status="-1" locked="0" date_sent="0" readable_date="15-11-2015 18:22:22" contact_name="A Duc" />
  <sms protocol="0" address="0968193922" date="1447586916038" type="2" subject="null" body="Ngay:15/11/2015&#13;&#10;chị chuyen cho EM&#13;&#10;Xien:36,0=244,8n&#13;&#10;Th xien:1000,0n&#13;&#10;EM bu cho chị:755,2n&#13;&#10;" toa="null" sc_toa="null" service_center="null" read="1" status="0" locked="0" date_sent="0" readable_date="15-11-2015 18:28:36" contact_name="(Unknown)" />
  <sms protocol="0" address="01685897838" date="1447586919030" type="2" subject="null" body="Ngay:15/11/2015&#13;&#10;chi chuyen cho EM&#13;&#10;De:16800,0=12096,0n&#13;&#10;Lo:820,0=17835,0n&#13;&#10;3Cang:200,0=142,0n&#13;&#10;Xien:17,0=110,5n&#13;&#10;Th lo:140,0=11200,0n&#13;&#10;Th xien:100,0n&#13;&#10;chi bu cho EM:18883,5n&#13;&#10;" toa="null" sc_toa="null" service_center="null" read="1" status="0" locked="0" date_sent="0" readable_date="15-11-2015 18:28:39" contact_name="Chi H. v. b" />
  <sms protocol="0" address="0983650782" date="1447586923531" type="2" subject="null" body="Ngay:15/11/2015&#13;&#10;em chuyen cho anh&#13;&#10;3Cang:200,0=132,0n&#13;&#10;em bu cho anh:132,0n&#13;&#10;" toa="null" sc_toa="null" service_center="null" read="1" status="0" locked="0" date_sent="0" readable_date="15-11-2015 18:28:43" contact_name="A T 782 Lv" />
  <sms protocol="0" address="01677281854" date="1447586928029" type="2" subject="null" body="Ngay:15/11/2015&#13;&#10;chau chuyen cho co&#13;&#10;De:7730,0=5565,6n&#13;&#10;Lo:998,0=21656,6n&#13;&#10;Thuong de:10,0=700,0n&#13;&#10;Thuong lo:140,0=11200,0n&#13;&#10;chau bu cho co:15322,2n&#13;&#10;" toa="null" sc_toa="null" service_center="null" read="1" status="32" locked="0" date_sent="0" readable_date="15-11-2015 18:28:48" contact_name="(Unknown)" />
  <sms protocol="0" address="0964386982" date="1447586931028" type="2" subject="null" body="Ngay:15/11/2015&#13;&#10;em chuyen cho anh&#13;&#10;De:10000,0=7150,0n&#13;&#10;em bu cho anh:7150,0n&#13;&#10;" toa="null" sc_toa="null" service_center="null" read="1" status="32" locked="0" date_sent="0" readable_date="15-11-2015 18:28:51" contact_name="A Duc" />
  <sms protocol="0" address="0977655973" date="1447586935533" type="2" subject="null" body="Ngay:15/11/2015&#13;&#10;BAC chuyen cho EM&#13;&#10;De:500,0=400,0n&#13;&#10;Lo:35,0=787,5n&#13;&#10;Th de:10,0=700,0n&#13;&#10;BAC bu cho EM:487,5n&#13;&#10;" toa="null" sc_toa="null" service_center="null" read="1" status="32" locked="0" date_sent="0" readable_date="15-11-2015 18:28:55" contact_name="A Su Cong Tinh Uy" />
  <sms protocol="0" address="01643882826" date="1447586938531" type="2" subject="null" body="Ngay:15/11/2015&#13;&#10;chau chuyen cho co&#13;&#10;Xien:63,0=378,0n&#13;&#10;Thuong xien:1100,0n&#13;&#10;co bu cho chau:722,0n&#13;&#10;" toa="null" sc_toa="null" service_center="null" read="1" status="32" locked="0" date_sent="0" readable_date="15-11-2015 18:28:58" contact_name="(Unknown)" />
  <sms protocol="0" address="0973836212" date="1447586944528" type="2" subject="null" body="Ngay:15/11/2015&#13;&#10;may chuyen cho tao&#13;&#10;De:10,0=7,5n&#13;&#10;Lo:103,0=2245,4n&#13;&#10;may bu cho tao:2252,9n&#13;&#10;" toa="null" sc_toa="null" service_center="null" read="1" status="0" locked="0" date_sent="0" readable_date="15-11-2015 18:29:04" contact_name="Tien Em" />
  <sms protocol="0" address="0979399373" date="1447586949031" type="2" subject="null" body="Ngay:15/11/2015&#13;&#10;Anh chuyen cho EM&#13;&#10;De:100,0=75,0n&#13;&#10;Lo:40,0=880,0n&#13;&#10;Xien:10,0=75,0n&#13;&#10;Anh bu cho EM:1030,0n&#13;&#10;" toa="null" sc_toa="null" service_center="null" read="1" status="0" locked="0" date_sent="0" readable_date="15-11-2015 18:29:09" contact_name="A Tung Thuy?" />
  <sms protocol="0" address="+84964386982" date="1447587043543" type="1" subject="null" body="Ngay:15/11/2015&#10;em chuyen cho anh&#10;De:10000,0=7160,0n&#10;em bu cho anh:7160,0n&#10;" toa="null" sc_toa="null" service_center="null" read="1" status="-1" locked="0" date_sent="0" readable_date="15-11-2015 18:30:43" contact_name="A Duc" />
  <sms protocol="0" address="5055" date="1447587054505" type="1" subject="null" body="15/11: &#10;DB:62831&#10;1:15450&#10;2:34787-04416&#10;3:38180-60844-24668-91262-12577-71492&#10;4:8881-3010-4035-7695&#10;5:0381-1785-8202-5292-3347-5947&#10;6:027-856-769&#10;7:01-13-72-62 " toa="null" sc_toa="null" service_center="null" read="1" status="-1" locked="0" date_sent="0" readable_date="15-11-2015 18:30:54" contact_name="(Unknown)" />
  <sms protocol="0" address="+84983650782" date="1447587068491" type="1" subject="null" body="Ngay:15/11/2015&#10;Em chuyen cho Anh&#10;3Cang:200,0=132,0n&#10;Em bu cho Anh:132,0n&#10;" toa="null" sc_toa="null" service_center="null" read="1" status="-1" locked="0" date_sent="0" readable_date="15-11-2015 18:31:08" contact_name="A T 782 Lv" />
  <sms protocol="0" address="+841677281854" date="1447587083330" type="1" subject="null" body="Ngay:15/11/2015&#10;chau chuyen cho co&#10;De:7730,0=5565,6n&#10;Lo:998,0=21656,6n&#10;Th de:10,0=700,0n&#10;Th lo:140,0=11200,0n&#10;chau bu cho co:15322,2n&#10;" toa="null" sc_toa="null" service_center="null" read="1" status="-1" locked="0" date_sent="0" readable_date="15-11-2015 18:31:23" contact_name="(Unknown)" />
  <sms protocol="0" address="01632029067" date="1447587484874" type="2" subject="null" body="Tinh den het ngay:14/11/15 EM thu 1933n&#13;&#10;Ngay:15/11/15 Chị+755n &#13;&#10;Tong cong: EM thu 1178" toa="null" sc_toa="null" service_center="null" read="1" status="0" locked="0" date_sent="0" readable_date="15-11-2015 18:38:04" contact_name="(Unknown)" />
  <sms protocol="0" address="01643882826" date="1447587491264" type="2" subject="null" body="Tinh den het ngay:14/11/15 chau thu 3946n&#13;&#10;Ngay:15/11/15 co-722n &#13;&#10;Tong cong: chau thu 4668" toa="null" sc_toa="null" service_center="null" read="1" status="0" locked="0" date_sent="0" readable_date="15-11-2015 18:38:11" contact_name="(Unknown)" />
  <sms protocol="0" address="01677281854" date="1447587495329" type="2" subject="null" body="Tinh den het ngay:14/11/15 chau bu 11206n&#13;&#10;Ngay:15/11/15 co+15322n &#13;&#10;Tong cong: chau bu 26528" toa="null" sc_toa="null" service_center="null" read="1" status="0" locked="0" date_sent="0" readable_date="15-11-2015 18:38:15" contact_name="(Unknown)" />
  <sms protocol="0" address="0973836212" date="1447587531964" type="2" subject="null" body="Tinh den het ngay:14/11/15 tao thu 3023n&#13;&#10;Ngay:15/11/15 may-2252n &#13;&#10;Tong cong: tao thu 5275" toa="null" sc_toa="null" service_center="null" read="1" status="0" locked="0" date_sent="0" readable_date="15-11-2015 18:38:51" contact_name="Tien Em" />
  <sms protocol="0" address="0977655973" date="1447587537604" type="2" subject="null" body="Tinh den het ngay:14/11/15 EM thu 555n&#13;&#10;Ngay:15/11/15 BAC-487n &#13;&#10;Tong cong: EM thu 1042" toa="null" sc_toa="null" service_center="null" read="1" status="0" locked="0" date_sent="0" readable_date="15-11-2015 18:38:57" contact_name="A Su Cong Tinh Uy" />
  <sms protocol="0" address="0979399373" date="1447587546155" type="2" subject="null" body="Tinh den het ngay:14/11/15 EM thu 1795n&#13;&#10;Ngay:15/11/15 Anh-1030n &#13;&#10;Tong cong: EM thu 2825" toa="null" sc_toa="null" service_center="null" read="1" status="0" locked="0" date_sent="0" readable_date="15-11-2015 18:39:06" contact_name="A Tung Thuy?" />
  <sms protocol="0" address="0983099345" date="1447587557317" type="2" subject="null" body="Tinh den het ngay:14/11/15 toi thu 73193n&#13;&#10;Ngay:15/11/15 Ban+4600n +42000n -18878n &#13;&#10;Tong cong: toi thu 45471" toa="null" sc_toa="null" service_center="null" read="1" status="0" locked="0" date_sent="0" readable_date="15-11-2015 18:39:17" contact_name="Viet Bo" />
  <sms protocol="0" address="0983650782" date="1447587559479" type="2" subject="null" body="Tinh den het ngay:14/11/15 em thu 570n&#13;&#10;Ngay:15/11/15 anh+132n &#13;&#10;Tong cong: em thu 438" toa="null" sc_toa="null" service_center="null" read="1" status="0" locked="0" date_sent="0" readable_date="15-11-2015 18:39:19" contact_name="A T 782 Lv" />
  <sms protocol="0" address="0983099345" date="1447602602933" type="2" subject="null" body="Ngay:15/11/2015&#13;&#10;chi chuyen cho EM&#13;&#10;De:16800,0=12096,0n&#13;&#10;Lo:820,0=17835,0n&#13;&#10;3Cang:200,0=142,0n&#13;&#10;Xien:17,0=110,5n&#13;&#10;Th lo:140,0=11200,0n&#13;&#10;Th xien:100,0n&#13;&#10;chi bu cho EM:18883,5n&#13;&#10;" toa="null" sc_toa="null" service_center="null" read="1" status="0" locked="0" date_sent="0" readable_date="15-11-2015 22:50:02" contact_name="Viet Bo" />
  <sms protocol="0" address="997" date="1447605338785" type="2" subject="null" body="xstd" toa="null" sc_toa="null" service_center="null" read="1" status="0" locked="0" date_sent="0" readable_date="15-11-2015 23:35:38" contact_name="(Unknown)" />
  <sms protocol="0" address="+997" date="1447605341112" type="1" subject="null" body="TB 15/11&#10;DB:62831&#10;1:15450&#10;2:34787-04416&#10;3:38180-60844-24668-91262-12577-71492&#10;4:8881-3010-4035-7695&#10;5:0381-1785-8202-5292-3347-5947&#10;6:027-856-769&#10;7:01-13-72-62" toa="null" sc_toa="null" service_center="+84980200605" read="1" status="-1" locked="0" date_sent="1447605339000" readable_date="15-11-2015 23:35:41" contact_name="(Unknown)" />
</smses>