<?xml version='1.0' encoding='UTF-8' standalone='yes' ?>
<!--File Created By SMS Backup & Restore Pro v7.21 on 17/11/2015 20:09:18-->
<?xml-stylesheet type="text/xsl" href="sms.xsl"?>
<smses count="126">
  <sms protocol="0" address="01678530230" date="1447721622162" type="2" subject="null" body="Gh" toa="null" sc_toa="null" service_center="null" read="1" status="0" locked="0" date_sent="0" readable_date="17-11-2015 07:53:42" contact_name="Dat Kxc" />
  <sms protocol="0" address="01678530230" date="1447735913429" type="2" subject="null" body="Uo" toa="null" sc_toa="null" service_center="null" read="1" status="0" locked="0" date_sent="0" readable_date="17-11-2015 11:51:53" contact_name="Dat Kxc" />
  <sms protocol="0" address="09974282195" date="1447740430539" type="2" subject="null" body="ngay 17/11/15:&#13;&#10;THU:&#13;&#10;t e :4931;&#13;&#10;a su:1919&#13;&#10;BU&#13;&#10;boss:9579;&#13;&#10;a duc:10679" toa="null" sc_toa="null" service_center="null" read="1" status="32" locked="0" date_sent="0" readable_date="17-11-2015 13:07:10" contact_name="(Unknown)" />
  <sms protocol="0" address="+84979399373" date="1447755186649" type="1" subject="null" body="Lô: 88x20. Đề 57x60" toa="null" sc_toa="null" service_center="null" read="1" status="-1" locked="0" date_sent="0" readable_date="17-11-2015 17:13:06" contact_name="A Tung Thuy?" />
  <sms protocol="0" address="0979399373" date="1447755923096" type="2" subject="null" body="Anh gui cho EM 1 tin" toa="null" sc_toa="null" service_center="null" read="1" status="32" locked="0" date_sent="0" readable_date="17-11-2015 17:25:23" contact_name="A Tung Thuy?" />
  <sms protocol="0" address="+841685897838" date="1447756694022" type="1" subject="null" body="De ..161x100n.61x100n. Lo 10.30x10₫  51.46x25₫" toa="null" sc_toa="null" service_center="null" read="1" status="-1" locked="0" date_sent="0" readable_date="17-11-2015 17:38:14" contact_name="Chi H. v. b" />
  <sms protocol="0" address="01685897838" date="1447756707602" type="2" subject="null" body="Nhan 1 tin." toa="null" sc_toa="null" service_center="null" read="1" status="0" locked="0" date_sent="0" readable_date="17-11-2015 17:38:27" contact_name="Chi H. v. b" />
  <sms protocol="0" address="01685897838" date="1447756709101" type="2" subject="null" body="Nhan 1 tin." toa="null" sc_toa="null" service_center="null" read="1" status="32" locked="0" date_sent="0" readable_date="17-11-2015 17:38:29" contact_name="Chi H. v. b" />
  <sms protocol="0" address="+841685897838" date="1447756877497" type="1" subject="null" body="Lo 86 73 76 98 56 52 59x10d. 696x20d." toa="null" sc_toa="null" service_center="null" read="1" status="-1" locked="0" date_sent="0" readable_date="17-11-2015 17:41:17" contact_name="Chi H. v. b" />
  <sms protocol="0" address="01685897838" date="1447756884606" type="2" subject="null" body="Nhan 2 tin." toa="null" sc_toa="null" service_center="null" read="1" status="0" locked="0" date_sent="0" readable_date="17-11-2015 17:41:24" contact_name="Chi H. v. b" />
  <sms protocol="0" address="01685897838" date="1447756886098" type="2" subject="null" body="Nhan 2 tin." toa="null" sc_toa="null" service_center="null" read="1" status="32" locked="0" date_sent="0" readable_date="17-11-2015 17:41:26" contact_name="Chi H. v. b" />
  <sms protocol="0" address="+84979399373" date="1447756973457" type="1" subject="null" body="Lô 81. 18 x 10. 45.43 x 5" toa="null" sc_toa="null" service_center="null" read="1" status="-1" locked="0" date_sent="0" readable_date="17-11-2015 17:42:53" contact_name="A Tung Thuy?" />
  <sms protocol="0" address="01685897838" date="1447756989598" type="2" subject="null" body="chi gui cho EM 2 tin" toa="null" sc_toa="null" service_center="null" read="1" status="0" locked="0" date_sent="0" readable_date="17-11-2015 17:43:09" contact_name="Chi H. v. b" />
  <sms protocol="0" address="0979399373" date="1447756991098" type="2" subject="null" body="Anh gui cho EM 2 tin" toa="null" sc_toa="null" service_center="null" read="1" status="0" locked="0" date_sent="0" readable_date="17-11-2015 17:43:11" contact_name="A Tung Thuy?" />
  <sms protocol="0" address="+84973836212" date="1447757311381" type="1" subject="null" body="Lô 67x18 76x12 đê dd8x15n" toa="null" sc_toa="null" service_center="null" read="1" status="-1" locked="0" date_sent="0" readable_date="17-11-2015 17:48:31" contact_name="Tien Em" />
  <sms protocol="0" address="0973836212" date="1447757345101" type="2" subject="null" body="Nhan 1 tin." toa="null" sc_toa="null" service_center="null" read="1" status="0" locked="0" date_sent="0" readable_date="17-11-2015 17:49:05" contact_name="Tien Em" />
  <sms protocol="0" address="0973836212" date="1447757346597" type="2" subject="null" body="Nhan 1 tin." toa="null" sc_toa="null" service_center="null" read="1" status="0" locked="0" date_sent="0" readable_date="17-11-2015 17:49:06" contact_name="Tien Em" />
  <sms protocol="0" address="+841685897838" date="1447757488712" type="1" subject="null" body="Dau dit 6 x 10n  676 656 606 646 626  383 11  151 55 383 080 00 292 181 939 595 232 252 303 575  363 505 535  x 15 n  (xien 88 11 84 x 20 n 30 67 14 x 20 n 11 58  63 x 10 n 88 46 11 25 x 10 n   98 14  11 x 10 n 59 85 73 x 10 n 75 15 08 x 10 n 09 35 23 x 10 n 29 07 14 11 x 10 n 11 14 x 30 n 84 11 95x 10n 11 02 x 10 n ) " toa="null" sc_toa="null" service_center="null" read="1" status="-1" locked="0" date_sent="0" readable_date="17-11-2015 17:51:28" contact_name="Chi H. v. b" />
  <sms protocol="0" address="01685897838" date="1447757523601" type="2" subject="null" body="Nhan 3 tin." toa="null" sc_toa="null" service_center="null" read="1" status="0" locked="0" date_sent="0" readable_date="17-11-2015 17:52:03" contact_name="Chi H. v. b" />
  <sms protocol="0" address="01677281854" date="1447757555100" type="2" subject="null" body="Tin 1: lo:46,51x25d.76x22d.69,88,96x20d.67x18d.10,18,30,52,56,59,73,81,86,98x10d.43,45x5d." toa="null" sc_toa="null" service_center="null" read="1" status="32" locked="0" date_sent="0" readable_date="17-11-2015 17:52:35" contact_name="(Unknown)" />
  <sms protocol="0" address="+841685897838" date="1447757571725" type="1" subject="null" body="Xjen 14.88.96.x20d.67.82.81x10d.11.14.84x20d.84.11x20d.36.11.96.67x10d..lo 96.767x50d. " toa="null" sc_toa="null" service_center="null" read="1" status="-1" locked="0" date_sent="0" readable_date="17-11-2015 17:52:51" contact_name="Chi H. v. b" />
  <sms protocol="0" address="01685897838" date="1447757588098" type="2" subject="null" body="Nhan 4 tin." toa="null" sc_toa="null" service_center="null" read="1" status="0" locked="0" date_sent="0" readable_date="17-11-2015 17:53:08" contact_name="Chi H. v. b" />
  <sms protocol="0" address="0983650782" date="1447757613599" type="2" subject="null" body="Tin 1: xi3:11,14,84*10d.,xi2:11,84*10d.,xi3:14,88,96*10d." toa="null" sc_toa="null" service_center="null" read="1" status="32" locked="0" date_sent="0" readable_date="17-11-2015 17:53:33" contact_name="A T 782 Lv" />
  <sms protocol="0" address="01665040000" date="1447757630104" type="2" subject="null" body="Tin1: xi:02,11x1d.xi4:07,11,14,29x1d.08,15,75x1d.09,23,35x1d.11,14,98x1d.xi4:11,25,46,88x1d.11,58,63x1d.11,84,95x1d.59,73,85x1d.11,84,88x2d.14,30,67x2d.11,14x3d.11,14,84x10d.11,84x10d.14,88,96x10d.xi4:11,36,67,96x10d.67,81,82x10d." toa="null" sc_toa="null" service_center="null" read="1" status="0" locked="0" date_sent="0" readable_date="17-11-2015 17:53:50" contact_name="(Unknown)" />
  <sms protocol="0" address="+84968193922" date="1447757646155" type="1" subject="null" body="X3.76.48.36.=30 ; X3.16.29.95. =20 ; X2.19.91=50 ; X2.30.39.=50 ; X2.03.09.=100 ; X2.32.55.=50 ;" toa="null" sc_toa="null" service_center="null" read="1" status="-1" locked="0" date_sent="0" readable_date="17-11-2015 17:54:06" contact_name="(Unknown)" />
  <sms protocol="0" address="+841677281854" date="1447757667390" type="1" subject="null" body="Nhan 1 tin.so tin cuoi:1." toa="null" sc_toa="null" service_center="null" read="1" status="-1" locked="0" date_sent="0" readable_date="17-11-2015 17:54:27" contact_name="(Unknown)" />
  <sms protocol="0" address="0968193922" date="1447757669098" type="2" subject="null" body="Nhan 1 tin." toa="null" sc_toa="null" service_center="null" read="1" status="32" locked="0" date_sent="0" readable_date="17-11-2015 17:54:29" contact_name="(Unknown)" />
  <sms protocol="0" address="01665040000" date="1447757690096" type="2" subject="null" body="Tin 2: xi2:19,91*5d.,xi2:30,39*5d.,xi2:32,55*5d.xi3:16,29,95*2d.xi3:36,48,76*3d.xi2:03,09*10d." toa="null" sc_toa="null" service_center="null" read="1" status="32" locked="0" date_sent="0" readable_date="17-11-2015 17:54:50" contact_name="(Unknown)" />
  <sms protocol="0" address="0964386982" date="1447757711101" type="2" subject="null" body="Tin 1: lo:67,76,96x50d." toa="null" sc_toa="null" service_center="null" read="1" status="0" locked="0" date_sent="0" readable_date="17-11-2015 17:55:11" contact_name="A Duc" />
  <sms protocol="0" address="+84964386982" date="1447757734947" type="1" subject="null" body="Nhan 1 tin.so tin cuoi:1." toa="null" sc_toa="null" service_center="null" read="1" status="-1" locked="0" date_sent="0" readable_date="17-11-2015 17:55:34" contact_name="A Duc" />
  <sms protocol="0" address="+84973836212" date="1447757776208" type="1" subject="null" body="T2 67x27d 76x23d" toa="null" sc_toa="null" service_center="null" read="1" status="-1" locked="0" date_sent="0" readable_date="17-11-2015 17:56:16" contact_name="Tien Em" />
  <sms protocol="0" address="0973836212" date="1447757786098" type="2" subject="null" body="Nhan 2 tin.so tin cuoi:2.Tin thieu:1" toa="null" sc_toa="null" service_center="null" read="1" status="32" locked="0" date_sent="0" readable_date="17-11-2015 17:56:26" contact_name="Tien Em" />
  <sms protocol="0" address="0973836212" date="1447757787601" type="2" subject="null" body="Nhan 2 tin.so tin cuoi:2.Tin thieu:1" toa="null" sc_toa="null" service_center="null" read="1" status="0" locked="0" date_sent="0" readable_date="17-11-2015 17:56:27" contact_name="Tien Em" />
  <sms protocol="0" address="+841685897838" date="1447757796468" type="1" subject="null" body="xien: 660007,371890,443537,723849,52750656,87079511x30n  lo: 05,00,66, 07x15d 44,08,88,77x10d de: 51,565x30n959x70n" toa="null" sc_toa="null" service_center="null" read="1" status="-1" locked="0" date_sent="0" readable_date="17-11-2015 17:56:36" contact_name="Chi H. v. b" />
  <sms protocol="0" address="+841665040000" date="1447757839489" type="1" subject="null" body="Ok :))" toa="null" sc_toa="null" service_center="null" read="1" status="-1" locked="0" date_sent="0" readable_date="17-11-2015 17:57:19" contact_name="(Unknown)" />
  <sms protocol="0" address="01685897838" date="1447757859598" type="2" subject="null" body="Nhan 5 tin." toa="null" sc_toa="null" service_center="null" read="1" status="0" locked="0" date_sent="0" readable_date="17-11-2015 17:57:39" contact_name="Chi H. v. b" />
  <sms protocol="0" address="01665040000" date="1447757879097" type="2" subject="null" body="Tin 3: xi3:00,07,66*3d.,xi4:06,52,56,75*3d.,xi4:07,11,87,95*3d.,xi3:18,37,90*3d.,xi3:35,37,44*3d.,xi3:38,49,72*3d." toa="null" sc_toa="null" service_center="null" read="1" status="0" locked="0" date_sent="0" readable_date="17-11-2015 17:57:59" contact_name="(Unknown)" />
  <sms protocol="0" address="0964386982" date="1447757898607" type="2" subject="null" body="Tin 2: lo:67x27d.76x23d.00,05,07,66x15d.08,44,77,88x10d." toa="null" sc_toa="null" service_center="null" read="1" status="0" locked="0" date_sent="0" readable_date="17-11-2015 17:58:18" contact_name="A Duc" />
  <sms protocol="0" address="+84964386982" date="1447757913157" type="1" subject="null" body="Nhan 2 tin.so tin cuoi:2." toa="null" sc_toa="null" service_center="null" read="1" status="-1" locked="0" date_sent="0" readable_date="17-11-2015 17:58:33" contact_name="A Duc" />
  <sms protocol="0" address="+841685897838" date="1447758029567" type="1" subject="null" body="Lo ..78.85.88.59.060.83.32.86.66.x10d.de 787x100n." toa="null" sc_toa="null" service_center="null" read="1" status="-1" locked="0" date_sent="0" readable_date="17-11-2015 18:00:29" contact_name="Chi H. v. b" />
  <sms protocol="0" address="01685897838" date="1447758039599" type="2" subject="null" body="Nhan 6 tin." toa="null" sc_toa="null" service_center="null" read="1" status="0" locked="0" date_sent="0" readable_date="17-11-2015 18:00:39" contact_name="Chi H. v. b" />
  <sms protocol="0" address="01685897838" date="1447758041096" type="2" subject="null" body="Nhan 6 tin." toa="null" sc_toa="null" service_center="null" read="1" status="0" locked="0" date_sent="0" readable_date="17-11-2015 18:00:41" contact_name="Chi H. v. b" />
  <sms protocol="0" address="+841685897838" date="1447758048486" type="1" subject="null" body="Xien.63.25.18x50d.71.66.05.x50d.33.66.64.x50d.00.86.59.x50d.05.00.73.x30d.74.25.59.x30d.18.28.38.x30d.38.48.x30d.25.63.x30d.05.49.x30d.72.74.x30d.88.00.x30d.25.66.x30d.lo.252.181.64.71.74.838.72.595.00.050.x50d" toa="null" sc_toa="null" service_center="null" read="1" status="-1" locked="0" date_sent="0" readable_date="17-11-2015 18:00:48" contact_name="Chi H. v. b" />
  <sms protocol="0" address="01685897838" date="1447758063598" type="2" subject="null" body="Nhan 7 tin." toa="null" sc_toa="null" service_center="null" read="1" status="32" locked="0" date_sent="0" readable_date="17-11-2015 18:01:03" contact_name="Chi H. v. b" />
  <sms protocol="0" address="01685897838" date="1447758065103" type="2" subject="null" body="Nhan 7 tin." toa="null" sc_toa="null" service_center="null" read="1" status="0" locked="0" date_sent="0" readable_date="17-11-2015 18:01:05" contact_name="Chi H. v. b" />
  <sms protocol="0" address="0983650782" date="1447758102597" type="2" subject="null" body="Tin 2: xi3:00,59,86*30d.,xi3:05,66,71*30d.,xi3:18,25,63*30d.,xi3:33,64,66*30d.xi3:00,05,73*10d.,xi2:00,88*10d.,xi2:05,49*10d.,xi3:18,28,38*10d.,xi3:25,59,74*10d.,xi2:25,63*10d.,xi2:25,66*10d.,xi2:38,48*10d.,xi2:72,74*10d." toa="null" sc_toa="null" service_center="null" read="1" status="0" locked="0" date_sent="0" readable_date="17-11-2015 18:01:42" contact_name="A T 782 Lv" />
  <sms protocol="0" address="01665040000" date="1447758116097" type="2" subject="null" body="Tin 4: xi3:00,59,86*20d.,xi3:05,66,71*20d.,xi3:18,25,63*20d.,xi3:33,64,66*20d.,xi3:00,05,73*20d.,xi2:00,88*20d.,xi2:05,49*20d.,xi3:18,28,38*20d.,xi3:25,59,74*20d.,xi2:25,63*20d.,xi2:25,66*20d.,xi2:38,48*20d.,xi2:72,74*20d." toa="null" sc_toa="null" service_center="null" read="1" status="0" locked="0" date_sent="0" readable_date="17-11-2015 18:01:56" contact_name="(Unknown)" />
  <sms protocol="0" address="01677281854" date="1447758129598" type="2" subject="null" body="Tin 2: lo:59,83x60d.00,05,18,25,38,50,52,64,71,72,74,81,95x50d.06,32,60,66,78,85,86,88x10d." toa="null" sc_toa="null" service_center="null" read="1" status="0" locked="0" date_sent="0" readable_date="17-11-2015 18:02:09" contact_name="(Unknown)" />
  <sms protocol="0" address="+84983650782" date="1447758171524" type="1" subject="null" body="Em gui cho Anh 2 tin" toa="null" sc_toa="null" service_center="null" read="1" status="-1" locked="0" date_sent="0" readable_date="17-11-2015 18:02:51" contact_name="A T 782 Lv" />
  <sms protocol="0" address="+841677281854" date="1447758173986" type="1" subject="null" body="Nhan 2 tin.so tin cuoi:2." toa="null" sc_toa="null" service_center="null" read="1" status="-1" locked="0" date_sent="0" readable_date="17-11-2015 18:02:53" contact_name="(Unknown)" />
  <sms protocol="0" address="+841685897838" date="1447758211341" type="1" subject="null" body="Lo 505x30d.de he05.61x200." toa="null" sc_toa="null" service_center="null" read="1" status="-1" locked="0" date_sent="0" readable_date="17-11-2015 18:03:31" contact_name="Chi H. v. b" />
  <sms protocol="0" address="01685897838" date="1447758216599" type="2" subject="null" body="Nhan 8 tin." toa="null" sc_toa="null" service_center="null" read="1" status="0" locked="0" date_sent="0" readable_date="17-11-2015 18:03:36" contact_name="Chi H. v. b" />
  <sms protocol="0" address="01685897838" date="1447758219603" type="2" subject="null" body="Nhan 8 tin." toa="null" sc_toa="null" service_center="null" read="1" status="0" locked="0" date_sent="0" readable_date="17-11-2015 18:03:39" contact_name="Chi H. v. b" />
  <sms protocol="0" address="01677281854" date="1447758234601" type="2" subject="null" body="Tin 3: lo:05,50x30d." toa="null" sc_toa="null" service_center="null" read="1" status="32" locked="0" date_sent="0" readable_date="17-11-2015 18:03:54" contact_name="(Unknown)" />
  <sms protocol="0" address="+841677281854" date="1447758269441" type="1" subject="null" body="Nhan 3 tin.so tin cuoi:3." toa="null" sc_toa="null" service_center="null" read="1" status="-1" locked="0" date_sent="0" readable_date="17-11-2015 18:04:29" contact_name="(Unknown)" />
  <sms protocol="0" address="+841685897838" date="1447758396825" type="1" subject="null" body="Lo 67x10d" toa="null" sc_toa="null" service_center="null" read="1" status="-1" locked="0" date_sent="0" readable_date="17-11-2015 18:06:36" contact_name="Chi H. v. b" />
  <sms protocol="0" address="01685897838" date="1447758401099" type="2" subject="null" body="Nhan 9 tin." toa="null" sc_toa="null" service_center="null" read="1" status="32" locked="0" date_sent="0" readable_date="17-11-2015 18:06:41" contact_name="Chi H. v. b" />
  <sms protocol="0" address="01677281854" date="1447758410103" type="2" subject="null" body="Tin 4: lo:67x10d." toa="null" sc_toa="null" service_center="null" read="1" status="32" locked="0" date_sent="0" readable_date="17-11-2015 18:06:50" contact_name="(Unknown)" />
  <sms protocol="0" address="+841677281854" date="1447758436522" type="1" subject="null" body="Nhan 4 tin.so tin cuoi:4." toa="null" sc_toa="null" service_center="null" read="1" status="-1" locked="0" date_sent="0" readable_date="17-11-2015 18:07:16" contact_name="(Unknown)" />
  <sms protocol="0" address="+841685897838" date="1447758455202" type="1" subject="null" body="De.050.00.737.585.595.393.151.55.565.181.646.353.808.838.33.717.010.898.54.040.292.797.363.494.99.x500n." toa="null" sc_toa="null" service_center="null" read="1" status="-1" locked="0" date_sent="0" readable_date="17-11-2015 18:07:35" contact_name="Chi H. v. b" />
  <sms protocol="0" address="01685897838" date="1447758459597" type="2" subject="null" body="Nhan 10 tin." toa="null" sc_toa="null" service_center="null" read="1" status="0" locked="0" date_sent="0" readable_date="17-11-2015 18:07:39" contact_name="Chi H. v. b" />
  <sms protocol="0" address="+84977655973" date="1447758557603" type="1" subject="null" body="Lo 11x5d 75x35d dau 8x35n 86x180n 88 09  10 68 959 11x10n" toa="null" sc_toa="null" service_center="null" read="1" status="-1" locked="0" date_sent="0" readable_date="17-11-2015 18:09:17" contact_name="A Su Cong Tinh Uy" />
  <sms protocol="0" address="0977655973" date="1447758575100" type="2" subject="null" body="BAC gui cho EM 1 tin" toa="null" sc_toa="null" service_center="null" read="1" status="32" locked="0" date_sent="0" readable_date="17-11-2015 18:09:35" contact_name="A Su Cong Tinh Uy" />
  <sms protocol="0" address="01677281854" date="1447758587102" type="2" subject="null" body="Tin 5: lo:75x35d.11x5d." toa="null" sc_toa="null" service_center="null" read="1" status="0" locked="0" date_sent="0" readable_date="17-11-2015 18:09:47" contact_name="(Unknown)" />
  <sms protocol="0" address="+841685897838" date="1447758606830" type="1" subject="null" body="De 46 242 020 25  14 494 44 99   x 20 n    lo 00  x 20 d 707  090 060 57 11 88  080  303 505  x 5 d .de 2 kepx 10 n  dau dit 4 x   x10 n  " toa="null" sc_toa="null" service_center="null" read="1" status="-1" locked="0" date_sent="0" readable_date="17-11-2015 18:10:06" contact_name="Chi H. v. b" />
  <sms protocol="0" address="+841677281854" date="1447758610589" type="1" subject="null" body="Nhan 5 tin.so tin cuoi:5." toa="null" sc_toa="null" service_center="null" read="1" status="-1" locked="0" date_sent="0" readable_date="17-11-2015 18:10:10" contact_name="(Unknown)" />
  <sms protocol="0" address="01685897838" date="1447758615598" type="2" subject="null" body="Nhan 11 tin." toa="null" sc_toa="null" service_center="null" read="1" status="0" locked="0" date_sent="0" readable_date="17-11-2015 18:10:15" contact_name="Chi H. v. b" />
  <sms protocol="0" address="01677281854" date="1447758630597" type="2" subject="null" body="Tin 6: lo:00x20d.03,05,06,07,08,09,11,30,50,57,60,70,80,88,90x5d." toa="null" sc_toa="null" service_center="null" read="1" status="0" locked="0" date_sent="0" readable_date="17-11-2015 18:10:30" contact_name="(Unknown)" />
  <sms protocol="0" address="+841677281854" date="1447758665001" type="1" subject="null" body="Nhan 6 tin.so tin cuoi:6." toa="null" sc_toa="null" service_center="null" read="1" status="-1" locked="0" date_sent="0" readable_date="17-11-2015 18:11:05" contact_name="(Unknown)" />
  <sms protocol="0" address="+841677281854" date="1447758850598" type="1" subject="null" body="chau gui cho co 6 tin" toa="null" sc_toa="null" service_center="null" read="1" status="-1" locked="0" date_sent="0" readable_date="17-11-2015 18:14:10" contact_name="(Unknown)" />
  <sms protocol="0" address="+841685897838" date="1447758874880" type="1" subject="null" body="De.52.76.737.70.72.868.02.44.949.99.595.12.151.717.58.383.00.040.22.80.92.63.969.050.75.818.99.939.898.x300n.00.959.88.33.838.050.878.32.373.18.17.191.949.99.434.484..x500.n.hai.kep.x500.he.05.58.x600n" toa="null" sc_toa="null" service_center="null" read="1" status="-1" locked="0" date_sent="0" readable_date="17-11-2015 18:14:34" contact_name="Chi H. v. b" />
  <sms protocol="0" address="01685897838" date="1447758882600" type="2" subject="null" body="Nhan 12 tin." toa="null" sc_toa="null" service_center="null" read="1" status="32" locked="0" date_sent="0" readable_date="17-11-2015 18:14:42" contact_name="Chi H. v. b" />
  <sms protocol="0" address="01685897838" date="1447758885598" type="2" subject="null" body="Nhan 12 tin." toa="null" sc_toa="null" service_center="null" read="1" status="0" locked="0" date_sent="0" readable_date="17-11-2015 18:14:45" contact_name="Chi H. v. b" />
  <sms protocol="0" address="+841685897838" date="1447758918856" type="1" subject="null" body="2kep x1080.he 03x500." toa="null" sc_toa="null" service_center="null" read="1" status="-1" locked="0" date_sent="0" readable_date="17-11-2015 18:15:18" contact_name="Chi H. v. b" />
  <sms protocol="0" address="01685897838" date="1447758924600" type="2" subject="null" body="Nhan 13 tin." toa="null" sc_toa="null" service_center="null" read="1" status="0" locked="0" date_sent="0" readable_date="17-11-2015 18:15:24" contact_name="Chi H. v. b" />
  <sms protocol="0" address="01685897838" date="1447758926100" type="2" subject="null" body="Nhan 13 tin." toa="null" sc_toa="null" service_center="null" read="1" status="32" locked="0" date_sent="0" readable_date="17-11-2015 18:15:26" contact_name="Chi H. v. b" />
  <sms protocol="0" address="0964386982" date="1447758956107" type="2" subject="null" body="Tin3: de:00,05,50,99,83,38,49,94,55,33,88,61,80,44,58,16,22,72,11,66,85,08,35,53,27,77,59,95,18,17,37,73,03,30x700n.81x615n.89x600n.51x595n.63x575n.15,39,92,93,98x565n.04,40x560n.71x550n.87x400n.78x365n.84x310n.46,56,65x305n.86x290n.64x285n.36,48x275n.29,32x265n.10,34,43,54x260n." toa="null" sc_toa="null" service_center="null" read="1" status="0" locked="0" date_sent="0" readable_date="17-11-2015 18:15:56" contact_name="A Duc" />
  <sms protocol="0" address="0964386982" date="1447758968100" type="2" subject="null" body="Tin4: de:01,19,79,91,97x250n.68x85n.76x75n.02x70n.52,75x65n.69,96x60n.12,70x50n." toa="null" sc_toa="null" service_center="null" read="1" status="0" locked="0" date_sent="0" readable_date="17-11-2015 18:16:08" contact_name="A Duc" />
  <sms protocol="0" address="+84964386982" date="1447758981654" type="1" subject="null" body="Nhan 4 tin.so tin cuoi:4." toa="null" sc_toa="null" service_center="null" read="1" status="-1" locked="0" date_sent="0" readable_date="17-11-2015 18:16:21" contact_name="A Duc" />
  <sms protocol="0" address="01677281854" date="1447758995100" type="2" subject="null" body="Tin7: de:00,05,50x3005n.99x2510n.83x2270n.38x2235n.49,94x2220n.55x2205n.33x1890n.88x1465n.61x1300n.80x1265n.44x1230n.58x1215n.16x1200n.22,72x1190n.11x1115n.66x1110n.85x950n.08x930n.35,53x915n.27,77x890n.59,95x695n.18x630n.17,37,73x600n.03,30x415n." toa="null" sc_toa="null" service_center="null" read="1" status="0" locked="0" date_sent="0" readable_date="17-11-2015 18:16:35" contact_name="(Unknown)" />
  <sms protocol="0" address="01677281854" date="1447759007097" type="2" subject="null" body="Tin8: de:01,02,04,10,12,15,19,29,32,34,36,39,40,43,46,48,51,52,54,56,63,64,65,68,69,70,71,75,76,78,79,81,84,86,87,89,91,92,93,96,97,98x250n.57x75n.82x50n.25x35n.14,24,42x30n.06,26,60,62,67x25n.20x20n.23,28x15n.09,41,45,47,74x10n." toa="null" sc_toa="null" service_center="null" read="1" status="0" locked="0" date_sent="0" readable_date="17-11-2015 18:16:47" contact_name="(Unknown)" />
  <sms protocol="0" address="+841677281854" date="1447759021909" type="1" subject="null" body="Nhan 7 tin.so tin cuoi:7." toa="null" sc_toa="null" service_center="null" read="1" status="-1" locked="0" date_sent="0" readable_date="17-11-2015 18:17:01" contact_name="(Unknown)" />
  <sms protocol="0" address="+841677281854" date="1447759032308" type="1" subject="null" body="Nhan 8 tin.so tin cuoi:8." toa="null" sc_toa="null" service_center="null" read="1" status="-1" locked="0" date_sent="0" readable_date="17-11-2015 18:17:12" contact_name="(Unknown)" />
  <sms protocol="0" address="+841685897838" date="1447759123797" type="1" subject="null" body="Ba.cang.808.505.050.333.149.383.625.164.411.235.253.888.000.555.x200n.dau.dit.8.0.x300n" toa="null" sc_toa="null" service_center="null" read="1" status="-1" locked="0" date_sent="0" readable_date="17-11-2015 18:18:43" contact_name="Chi H. v. b" />
  <sms protocol="0" address="+841677281854" date="1447759133245" type="1" subject="null" body="chau gui cho co 8 tin" toa="null" sc_toa="null" service_center="null" read="1" status="-1" locked="0" date_sent="0" readable_date="17-11-2015 18:18:53" contact_name="(Unknown)" />
  <sms protocol="0" address="01685897838" date="1447759137599" type="2" subject="null" body="Nhan 14 tin." toa="null" sc_toa="null" service_center="null" read="1" status="0" locked="0" date_sent="0" readable_date="17-11-2015 18:18:57" contact_name="Chi H. v. b" />
  <sms protocol="0" address="0964386982" date="1447759178097" type="2" subject="null" body="Tin 5: De:01,02,04,06,07,09,10,20,28,40,48,60,68,70,78,81,82,84,86,87,89,90,98x50n..Ba cang:000,050,149,164,235,253,333,383,411,505,555,625,808,888x90n." toa="null" sc_toa="null" service_center="null" read="1" status="0" locked="0" date_sent="0" readable_date="17-11-2015 18:19:38" contact_name="A Duc" />
  <sms protocol="0" address="01677281854" date="1447759190097" type="2" subject="null" body="Tin 9: De:00,08,80,88x600n.03,05,18,30,38,50,58,83,85x300n.01,02,04,06,07,09,10,20,28,40,48,60,68,70,78,81,82,84,86,87,89,90,98x250n." toa="null" sc_toa="null" service_center="null" read="1" status="0" locked="0" date_sent="0" readable_date="17-11-2015 18:19:50" contact_name="(Unknown)" />
  <sms protocol="0" address="+84964386982" date="1447759198057" type="1" subject="null" body="Nhan 5 tin.so tin cuoi:5." toa="null" sc_toa="null" service_center="null" read="1" status="-1" locked="0" date_sent="0" readable_date="17-11-2015 18:19:58" contact_name="A Duc" />
  <sms protocol="0" address="0983650782" date="1447759208100" type="2" subject="null" body="Tin 3: Ba cang:000,050,149,164,235,253,333,383,411,505,555,625,808,888x60n." toa="null" sc_toa="null" service_center="null" read="1" status="0" locked="0" date_sent="0" readable_date="17-11-2015 18:20:08" contact_name="A T 782 Lv" />
  <sms protocol="0" address="01643882826" date="1447759253099" type="2" subject="null" body="Tin 1: Ba cang:000,050,149,164,235,253,333,383,411,505,555,625,808,888x50n." toa="null" sc_toa="null" service_center="null" read="1" status="0" locked="0" date_sent="0" readable_date="17-11-2015 18:20:53" contact_name="(Unknown)" />
  <sms protocol="0" address="+841677281854" date="1447759283759" type="1" subject="null" body="Nhan 9 tin.so tin cuoi:9." toa="null" sc_toa="null" service_center="null" read="1" status="-1" locked="0" date_sent="0" readable_date="17-11-2015 18:21:23" contact_name="(Unknown)" />
  <sms protocol="0" address="+84983650782" date="1447759353554" type="1" subject="null" body="Em gui cho Anh 3 tin" toa="null" sc_toa="null" service_center="null" read="1" status="-1" locked="0" date_sent="0" readable_date="17-11-2015 18:22:33" contact_name="A T 782 Lv" />
  <sms protocol="0" address="+841677281854" date="1447759454113" type="1" subject="null" body="chau gui cho co 9 tin" toa="null" sc_toa="null" service_center="null" read="1" status="-1" locked="0" date_sent="0" readable_date="17-11-2015 18:24:14" contact_name="(Unknown)" />
  <sms protocol="0" address="01685897838" date="1447759463098" type="2" subject="null" body="chi gui cho EM 14 tin" toa="null" sc_toa="null" service_center="null" read="1" status="0" locked="0" date_sent="0" readable_date="17-11-2015 18:24:23" contact_name="Chi H. v. b" />
  <sms protocol="0" address="0968193922" date="1447759464607" type="2" subject="null" body="chị gui cho EM 1 tin" toa="null" sc_toa="null" service_center="null" read="1" status="0" locked="0" date_sent="0" readable_date="17-11-2015 18:24:24" contact_name="(Unknown)" />
  <sms protocol="0" address="0973836212" date="1447759466104" type="2" subject="null" body="may gui cho tao 2 tinThieu tin:1" toa="null" sc_toa="null" service_center="null" read="1" status="0" locked="0" date_sent="0" readable_date="17-11-2015 18:24:26" contact_name="Tien Em" />
  <sms protocol="0" address="0968193922" date="1447759595098" type="2" subject="null" body="Ngay:17/11/2015&#13;&#10;chị chuyen cho EM&#13;&#10;Xien:30,0=204,0n&#13;&#10;Th xien:500,0n&#13;&#10;EM bu cho chị:296,0n&#13;&#10;" toa="null" sc_toa="null" service_center="null" read="1" status="0" locked="0" date_sent="0" readable_date="17-11-2015 18:26:35" contact_name="(Unknown)" />
  <sms protocol="0" address="01665040000" date="1447759599598" type="2" subject="null" body="Ngay:17/11/2015&#13;&#10;em chuyen cho anh&#13;&#10;Xien:374,0=2244,0n&#13;&#10;Thuong xien:500,0n&#13;&#10;em bu cho anh:1744,0n&#13;&#10;" toa="null" sc_toa="null" service_center="null" read="1" status="32" locked="0" date_sent="0" readable_date="17-11-2015 18:26:39" contact_name="(Unknown)" />
  <sms protocol="0" address="01685897838" date="1447759604100" type="2" subject="null" body="Ngay:17/11/2015&#13;&#10;chi chuyen cho EM&#13;&#10;De:106195,0=76460,4n&#13;&#10;Lo:1445,0=31428,8n&#13;&#10;3Cang:2800,0=1988,0n&#13;&#10;Xien:584,0=3796,0n&#13;&#10;Th de:815,0=57050,0n&#13;&#10;Th lo:665,0=53200,0n&#13;&#10;chi bu cho EM:3423,2n&#13;&#10;" toa="null" sc_toa="null" service_center="null" read="1" status="0" locked="0" date_sent="0" readable_date="17-11-2015 18:26:44" contact_name="Chi H. v. b" />
  <sms protocol="0" address="0983650782" date="1447759607096" type="2" subject="null" body="Ngay:17/11/2015&#13;&#10;em chuyen cho anh&#13;&#10;3Cang:840,0=554,4n&#13;&#10;Xien:240,0=1440,0n&#13;&#10;em bu cho anh:1994,4n&#13;&#10;" toa="null" sc_toa="null" service_center="null" read="1" status="0" locked="0" date_sent="0" readable_date="17-11-2015 18:26:47" contact_name="A T 782 Lv" />
  <sms protocol="0" address="01677281854" date="1447759611597" type="2" subject="null" body="Ngay:17/11/2015&#13;&#10;chau chuyen cho co&#13;&#10;De:68810,0=49543,2n&#13;&#10;Lo:1315,0=28535,5n&#13;&#10;Thuong de:250,0=17500,0n&#13;&#10;Thuong lo:595,0=47600,0n&#13;&#10;chau bu cho co:12978,7n&#13;&#10;" toa="null" sc_toa="null" service_center="null" read="1" status="0" locked="0" date_sent="0" readable_date="17-11-2015 18:26:51" contact_name="(Unknown)" />
  <sms protocol="0" address="0964386982" date="1447759616096" type="2" subject="null" body="Ngay:17/11/2015&#13;&#10;em chuyen cho anh&#13;&#10;De:38345,0=27416,7n&#13;&#10;Lo:300,0=6510,0n&#13;&#10;3Cang:1260,0=907,2n&#13;&#10;Thuong de:565,0=39550,0n&#13;&#10;Thuong lo:95,0=7600,0n&#13;&#10;anh bu cho em:12316,1n&#13;&#10;" toa="null" sc_toa="null" service_center="null" read="1" status="32" locked="0" date_sent="0" readable_date="17-11-2015 18:26:56" contact_name="A Duc" />
  <sms protocol="0" address="0977655973" date="1447759620596" type="2" subject="null" body="Ngay:17/11/2015&#13;&#10;BAC chuyen cho EM&#13;&#10;De:600,0=480,0n&#13;&#10;Lo:40,0=900,0n&#13;&#10;BAC bu cho EM:1380,0n&#13;&#10;" toa="null" sc_toa="null" service_center="null" read="1" status="0" locked="0" date_sent="0" readable_date="17-11-2015 18:27:00" contact_name="A Su Cong Tinh Uy" />
  <sms protocol="0" address="01643882826" date="1447759623599" type="2" subject="null" body="Ngay:17/11/2015&#13;&#10;chau chuyen cho co&#13;&#10;3Cang:700,0=504,0n&#13;&#10;chau bu cho co:504,0n&#13;&#10;" toa="null" sc_toa="null" service_center="null" read="1" status="32" locked="0" date_sent="0" readable_date="17-11-2015 18:27:03" contact_name="(Unknown)" />
  <sms protocol="0" address="0973836212" date="1447759628098" type="2" subject="null" body="Ngay:17/11/2015&#13;&#10;may chuyen cho tao&#13;&#10;De:300,0=225,0n&#13;&#10;Lo:80,0=1744,0n&#13;&#10;may bu cho tao:1969,0n&#13;&#10;" toa="null" sc_toa="null" service_center="null" read="1" status="0" locked="0" date_sent="0" readable_date="17-11-2015 18:27:08" contact_name="Tien Em" />
  <sms protocol="0" address="0979399373" date="1447759632599" type="2" subject="null" body="Ngay:17/11/2015&#13;&#10;Anh chuyen cho EM&#13;&#10;De:60,0=45,0n&#13;&#10;Lo:50,0=1100,0n&#13;&#10;Th lo:25,0=2000,0n&#13;&#10;EM bu cho Anh:855,0n&#13;&#10;" toa="null" sc_toa="null" service_center="null" read="1" status="32" locked="0" date_sent="0" readable_date="17-11-2015 18:27:12" contact_name="A Tung Thuy?" />
  <sms protocol="0" address="5055" date="1447759748489" type="1" subject="null" body="17/11:&#10;DB:74639&#10;1:85370&#10;2:38880-23593&#10;3:99105-61452-56653-56330-32834-30796&#10;4:1405-5081-3803-0351&#10;5:5822-4673-8360-6538-8313-0558&#10;6:345-918-991&#10;7:05-39-70-34 " toa="null" sc_toa="null" service_center="null" read="1" status="-1" locked="0" date_sent="0" readable_date="17-11-2015 18:29:08" contact_name="(Unknown)" />
  <sms protocol="0" address="+84983650782" date="1447759752362" type="1" subject="null" body="Ngay:17/11/2015&#10;Em chuyen cho Anh&#10;3Cang:840,0=554,4n&#10;Xien:240,0=1440,0n&#10;Em bu cho Anh:1994,4n&#10;" toa="null" sc_toa="null" service_center="null" read="1" status="-1" locked="0" date_sent="0" readable_date="17-11-2015 18:29:12" contact_name="A T 782 Lv" />
  <sms protocol="0" address="+84964386982" date="1447759755268" type="1" subject="null" body="Ngay:17/11/2015&#10;em chuyen cho anh&#10;De:38345,0=27416,7n&#10;Lo:300,0=6510,0n&#10;3Cang:1260,0=907,2n&#10;Th de:565,0=39550,0n&#10;Th lo:95,0=7600,0n&#10;anh bu cho em:12316,1n&#10;" toa="null" sc_toa="null" service_center="null" read="1" status="-1" locked="0" date_sent="0" readable_date="17-11-2015 18:29:15" contact_name="A Duc" />
  <sms protocol="0" address="01632029067" date="1447759783374" type="2" subject="null" body="Tinh den het ngay:16/11/15 EM thu 1484n&#13;&#10;Ngay:17/11/15 Chị+296n &#13;&#10;Tong cong: EM thu 1188" toa="null" sc_toa="null" service_center="null" read="1" status="0" locked="0" date_sent="0" readable_date="17-11-2015 18:29:43" contact_name="(Unknown)" />
  <sms protocol="0" address="01643882826" date="1447759789188" type="2" subject="null" body="Tinh den het ngay:16/11/15 chau thu 7976n&#13;&#10;Ngay:17/11/15 co+504n &#13;&#10;Tong cong: chau thu 7472" toa="null" sc_toa="null" service_center="null" read="1" status="32" locked="0" date_sent="0" readable_date="17-11-2015 18:29:49" contact_name="(Unknown)" />
  <sms protocol="0" address="01665040000" date="1447759792647" type="2" subject="null" body="Ngay:17/11/15 anh+1744n " toa="null" sc_toa="null" service_center="null" read="1" status="32" locked="0" date_sent="0" readable_date="17-11-2015 18:29:52" contact_name="(Unknown)" />
  <sms protocol="0" address="01677281854" date="1447759798241" type="2" subject="null" body="Tinh den het ngay:16/11/15 chau bu 9579n&#13;&#10;Ngay:17/11/15 co+12978n &#13;&#10;Tong cong: chau bu 22557" toa="null" sc_toa="null" service_center="null" read="1" status="32" locked="0" date_sent="0" readable_date="17-11-2015 18:29:58" contact_name="(Unknown)" />
  <sms protocol="0" address="0973836212" date="1447759808752" type="2" subject="null" body="Tinh den het ngay:16/11/15 tao thu 6931n&#13;&#10;Ngay:17/11/15 may+2000n -1969n &#13;&#10;Tong cong: tao thu 6900" toa="null" sc_toa="null" service_center="null" read="1" status="32" locked="0" date_sent="0" readable_date="17-11-2015 18:30:08" contact_name="Tien Em" />
  <sms protocol="0" address="0977655973" date="1447759813475" type="2" subject="null" body="Tinh den het ngay:16/11/15 EM thu 1919n&#13;&#10;Ngay:17/11/15 BAC+600n -1380n &#13;&#10;Tong cong: EM thu 2699" toa="null" sc_toa="null" service_center="null" read="1" status="0" locked="0" date_sent="0" readable_date="17-11-2015 18:30:13" contact_name="A Su Cong Tinh Uy" />
  <sms protocol="0" address="+84983650782" date="1447759821336" type="1" subject="null" body="Tinh den het ngay:16/11/15 Anh bu 1786n&#10;Ngay:17/11/15 Em-1994n &#10;Tong cong: Anh thu 208" toa="null" sc_toa="null" service_center="+84980200613" read="1" status="-1" locked="0" date_sent="1447759819000" readable_date="17-11-2015 18:30:21" contact_name="A T 782 Lv" />
  <sms protocol="0" address="+84983650782" date="1447759824669" type="1" subject="null" body="Tinh den het ngay:16/11/15 Anh bu 1786n&#10;Ngay:17/11/15 Em-1994n &#10;Tong cong: Anh thu 208" toa="null" sc_toa="null" service_center="+84980200613" read="1" status="-1" locked="0" date_sent="1447759811000" readable_date="17-11-2015 18:30:24" contact_name="A T 782 Lv" />
  <sms protocol="0" address="0983099345" date="1447759836398" type="2" subject="null" body="Tinh den het ngay:16/11/15 toi thu 38183n&#13;&#10;Ngay:17/11/15 Ban+10000n -3250n &#13;&#10;Tong cong: toi thu 31433" toa="null" sc_toa="null" service_center="null" read="1" status="0" locked="0" date_sent="0" readable_date="17-11-2015 18:30:36" contact_name="Viet Bo" />
  <sms protocol="0" address="+84983650782" date="1447759838578" type="2" subject="null" body="Tinh den het ngay:16/11/15 em thu 1786n&#13;&#10;Ngay:17/11/15 anh+1994n &#13;&#10;Tong cong: em bu 208" toa="null" sc_toa="null" service_center="null" read="1" status="0" locked="0" date_sent="0" readable_date="17-11-2015 18:30:38" contact_name="A T 782 Lv" />
  <sms protocol="0" address="+841677281854" date="1447759842133" type="1" subject="null" body="Ngay:17/11/2015&#10;chau chuyen cho co&#10;De:68810,0=49543,2n&#10;Lo:1315,0=28535,5n&#10;Th de:250,0=17500,0n&#10;Th lo:595,0=47600,0n&#10;chau bu cho co:12978,7n" toa="null" sc_toa="null" service_center="+84980200623" read="1" status="-1" locked="0" date_sent="1447759828000" readable_date="17-11-2015 18:30:42" contact_name="(Unknown)" />
  <sms protocol="0" address="+841665040000" date="1447759850294" type="1" subject="null" body="Ngon" toa="null" sc_toa="null" service_center="+84980200623" read="1" status="-1" locked="0" date_sent="1447759849000" readable_date="17-11-2015 18:30:50" contact_name="(Unknown)" />
  <sms protocol="0" address="0983099345" date="1447759870009" type="2" subject="null" body="Ngay:17/11/2015&#13;&#10;chi bu cho EM:3423,2n&#13;&#10;" toa="null" sc_toa="null" service_center="null" read="1" status="0" locked="0" date_sent="0" readable_date="17-11-2015 18:31:10" contact_name="Viet Bo" />
  <sms protocol="0" address="+841665040000" date="1447760006519" type="2" subject="null" body="Haha" toa="null" sc_toa="null" service_center="null" read="1" status="0" locked="0" date_sent="0" readable_date="17-11-2015 18:33:26" contact_name="(Unknown)" />
  <sms protocol="0" address="0974282195" date="1447760294577" type="2" subject="null" body="39010000739538" toa="null" sc_toa="null" service_center="null" read="1" status="0" locked="0" date_sent="0" readable_date="17-11-2015 18:38:14" contact_name="(Unknown)" />
  <sms protocol="0" address="0964386982" date="1447762310497" type="3" subject="null" body="Tinh den het ngay:16/11/15 em bu 10679n&#13;&#10;Ngay:17/11/15 anh-10679n -12316n &#13;&#10;Tong cong: em thu 12316" toa="null" sc_toa="null" service_center="null" read="1" status="-1" locked="0" date_sent="0" readable_date="17-11-2015 19:11:50" contact_name="(Unknown)" />
</smses>