<?xml version='1.0' encoding='UTF-8' standalone='yes' ?>
<!--File Created By SMS Backup & Restore Pro v7.21 on 18/11/2015 18:31:15-->
<?xml-stylesheet type="text/xsl" href="sms.xsl"?>
<smses count="118">
  <sms protocol="0" address="109" date="1447807226341" type="1" subject="null" body="Viettel da gia han thanh cong tinh nang VT100. Quy khach co 200 tin nhan noi mang va cuoc goi noi mang giam con 200d/phut tru tai khoan goc. TKKM se tru theo quy dinh goi cuoc. Cuoc goi se tru tu TK goc den TK KM. KM ap dung den 24h ngay dang ky. De kiem tra so tin nhan, soan KT100 gui 109 (100d/tin).  Huy gia han, soan HUYVT gui 109 (100d/tin). Chi tiet LH 198 (200d/phut)." toa="null" sc_toa="null" service_center="null" read="1" status="-1" locked="0" date_sent="0" readable_date="18-11-2015 07:40:26" contact_name="(Unknown)" />
  <sms protocol="0" address="+841632029067" date="1447820822904" type="1" subject="null" body="ok" toa="null" sc_toa="null" service_center="null" read="1" status="-1" locked="0" date_sent="0" readable_date="18-11-2015 11:27:02" contact_name="(Unknown)" />
  <sms protocol="0" address="+84968193922" date="1447839979592" type="1" subject="null" body="X2.66.88.=100 ; X2.65.38.=50 ; X2.53.55.=50 ; X2.23.32.=50 ;&#10;" toa="null" sc_toa="null" service_center="null" read="1" status="-1" locked="0" date_sent="0" readable_date="18-11-2015 16:46:19" contact_name="(Unknown)" />
  <sms protocol="0" address="+84968193922" date="1447840394952" type="1" subject="null" body="X2.59.05.=200." toa="null" sc_toa="null" service_center="null" read="1" status="-1" locked="0" date_sent="0" readable_date="18-11-2015 16:53:14" contact_name="(Unknown)" />
  <sms protocol="0" address="+84968193922" date="1447841305309" type="2" subject="null" body="Ok 2tin" toa="null" sc_toa="null" service_center="null" read="1" status="0" locked="0" date_sent="0" readable_date="18-11-2015 17:08:25" contact_name="(Unknown)" />
  <sms protocol="0" address="0968193922" date="1447841709494" type="2" subject="null" body="Nhan 2 tin." toa="null" sc_toa="null" service_center="null" read="1" status="0" locked="0" date_sent="0" readable_date="18-11-2015 17:15:09" contact_name="(Unknown)" />
  <sms protocol="0" address="+84979399373" date="1447841878180" type="1" subject="null" body="Lô 54,45x10. Đề 38,83x 100. Ba càng 383,838x 20" toa="null" sc_toa="null" service_center="null" read="1" status="-1" locked="0" date_sent="0" readable_date="18-11-2015 17:17:58" contact_name="A Tung Thuy?" />
  <sms protocol="0" address="+841685897838" date="1447842289335" type="1" subject="null" body="Lo 252 14 161x10D de 88 99 00x10n  2Kep x10N he 22X 10N. He 24X15N" toa="null" sc_toa="null" service_center="null" read="1" status="-1" locked="0" date_sent="0" readable_date="18-11-2015 17:24:49" contact_name="Chi H. v. b" />
  <sms protocol="0" address="01685897838" date="1447842360495" type="2" subject="null" body="Nhan 1 tin." toa="null" sc_toa="null" service_center="null" read="1" status="0" locked="0" date_sent="0" readable_date="18-11-2015 17:26:00" contact_name="Chi H. v. b" />
  <sms protocol="0" address="0979399373" date="1447842886994" type="2" subject="null" body="Anh gui cho EM 1 tin" toa="null" sc_toa="null" service_center="null" read="1" status="0" locked="0" date_sent="0" readable_date="18-11-2015 17:34:46" contact_name="A Tung Thuy?" />
  <sms protocol="0" address="+84914967139" date="1447843070979" type="1" subject="null" body="lo 090.050.x20d.dau djt 8 x 190n." toa="null" sc_toa="null" service_center="null" read="1" status="-1" locked="0" date_sent="0" readable_date="18-11-2015 17:37:50" contact_name="(Unknown)" />
  <sms protocol="0" address="0914967139" date="1447843083497" type="2" subject="null" body="Nhan 1 tin." toa="null" sc_toa="null" service_center="null" read="1" status="0" locked="0" date_sent="0" readable_date="18-11-2015 17:38:03" contact_name="(Unknown)" />
  <sms protocol="0" address="0914967139" date="1447843085003" type="2" subject="null" body="Nhan 1 tin." toa="null" sc_toa="null" service_center="null" read="1" status="0" locked="0" date_sent="0" readable_date="18-11-2015 17:38:05" contact_name="(Unknown)" />
  <sms protocol="0" address="+84968193922" date="1447843200498" type="1" subject="null" body="X2.65.06.=100 ; X2.67.43.=50 ;" toa="null" sc_toa="null" service_center="null" read="1" status="-1" locked="0" date_sent="0" readable_date="18-11-2015 17:40:00" contact_name="(Unknown)" />
  <sms protocol="0" address="0968193922" date="1447843216998" type="2" subject="null" body="Nhan 3 tin." toa="null" sc_toa="null" service_center="null" read="1" status="0" locked="0" date_sent="0" readable_date="18-11-2015 17:40:16" contact_name="(Unknown)" />
  <sms protocol="0" address="0968193922" date="1447843219996" type="2" subject="null" body="Nhan 3 tin." toa="null" sc_toa="null" service_center="null" read="1" status="0" locked="0" date_sent="0" readable_date="18-11-2015 17:40:19" contact_name="(Unknown)" />
  <sms protocol="0" address="+84983099345" date="1447843482593" type="1" subject="null" body="đề đầu 8x200n" toa="null" sc_toa="null" service_center="null" read="1" status="-1" locked="0" date_sent="0" readable_date="18-11-2015 17:44:42" contact_name="Viet Bo" />
  <sms protocol="0" address="0983099345" date="1447843494373" type="2" subject="null" body="Nhan 1 tin." toa="null" sc_toa="null" service_center="null" read="1" status="0" locked="0" date_sent="0" readable_date="18-11-2015 17:44:54" contact_name="Viet Bo" />
  <sms protocol="0" address="+841685897838" date="1447843766404" type="1" subject="null" body="Lo 86 57 65 767 95x10d lo 85 69x20d. Lo 98x10d." toa="null" sc_toa="null" service_center="null" read="1" status="-1" locked="0" date_sent="0" readable_date="18-11-2015 17:49:26" contact_name="Chi H. v. b" />
  <sms protocol="0" address="01685897838" date="1447843777870" type="2" subject="null" body="Nhan 2 tin." toa="null" sc_toa="null" service_center="null" read="1" status="0" locked="0" date_sent="0" readable_date="18-11-2015 17:49:37" contact_name="Chi H. v. b" />
  <sms protocol="0" address="01685897838" date="1447843779366" type="2" subject="null" body="Nhan 2 tin." toa="null" sc_toa="null" service_center="null" read="1" status="0" locked="0" date_sent="0" readable_date="18-11-2015 17:49:39" contact_name="Chi H. v. b" />
  <sms protocol="0" address="0964386982" date="1447843795876" type="2" subject="null" body="Tin 1: lo:05,09,50,69,85,90x20d.14,16,25,45,52,54,57,61,65,67,76,86,95,98x10d." toa="null" sc_toa="null" service_center="null" read="1" status="0" locked="0" date_sent="0" readable_date="18-11-2015 17:49:55" contact_name="A Duc" />
  <sms protocol="0" address="+84973836212" date="1447843796699" type="1" subject="null" body="T1 lo 010x15d de dd8x30n " toa="null" sc_toa="null" service_center="null" read="1" status="-1" locked="0" date_sent="0" readable_date="18-11-2015 17:49:56" contact_name="Tien Em" />
  <sms protocol="0" address="0973836212" date="1447843806366" type="2" subject="null" body="Nhan 1 tin.so tin cuoi:1." toa="null" sc_toa="null" service_center="null" read="1" status="32" locked="0" date_sent="0" readable_date="18-11-2015 17:50:06" contact_name="Tien Em" />
  <sms protocol="0" address="0973836212" date="1447843809369" type="2" subject="null" body="Nhan 1 tin.so tin cuoi:1." toa="null" sc_toa="null" service_center="null" read="1" status="32" locked="0" date_sent="0" readable_date="18-11-2015 17:50:09" contact_name="Tien Em" />
  <sms protocol="0" address="0964386982" date="1447843816865" type="2" subject="null" body="Tin 2: lo:01,10x15d." toa="null" sc_toa="null" service_center="null" read="1" status="32" locked="0" date_sent="0" readable_date="18-11-2015 17:50:16" contact_name="A Duc" />
  <sms protocol="0" address="+84964386982" date="1447843824490" type="1" subject="null" body="Nhan 1 tin.so tin cuoi:1." toa="null" sc_toa="null" service_center="null" read="1" status="-1" locked="0" date_sent="0" readable_date="18-11-2015 17:50:24" contact_name="A Duc" />
  <sms protocol="0" address="+84964386982" date="1447843830022" type="1" subject="null" body="Nhan 2 tin.so tin cuoi:2." toa="null" sc_toa="null" service_center="null" read="1" status="-1" locked="0" date_sent="0" readable_date="18-11-2015 17:50:30" contact_name="A Duc" />
  <sms protocol="0" address="01665040000" date="1447843848366" type="2" subject="null" body="Tin 1: xi2:23,32*5d.,xi2:38,65*5d.,xi2:43,67*5d.,xi2:53,55*5d.xi2:05,59*20d.xi2:06,65*10d.,xi2:66,88*10d." toa="null" sc_toa="null" service_center="null" read="1" status="0" locked="0" date_sent="0" readable_date="18-11-2015 17:50:48" contact_name="(Unknown)" />
  <sms protocol="0" address="01665040000" date="1447843860384" type="2" subject="null" body="Tin 2: Ba cang:383,838x20n." toa="null" sc_toa="null" service_center="null" read="1" status="32" locked="0" date_sent="0" readable_date="18-11-2015 17:51:00" contact_name="(Unknown)" />
  <sms protocol="0" address="+841665040000" date="1447844009473" type="1" subject="null" body="Ok :))" toa="null" sc_toa="null" service_center="null" read="1" status="-1" locked="0" date_sent="0" readable_date="18-11-2015 17:53:29" contact_name="(Unknown)" />
  <sms protocol="0" address="+841685897838" date="1447844080449" type="1" subject="null" body="Đề 00.05.11.04 16.17x30n dau 0x300n dau 1x200n lo24.84x10₫  676x30₫" toa="null" sc_toa="null" service_center="null" read="1" status="-1" locked="0" date_sent="0" readable_date="18-11-2015 17:54:40" contact_name="Chi H. v. b" />
  <sms protocol="0" address="01685897838" date="1447844083881" type="2" subject="null" body="Nhan 3 tin." toa="null" sc_toa="null" service_center="null" read="1" status="0" locked="0" date_sent="0" readable_date="18-11-2015 17:54:43" contact_name="Chi H. v. b" />
  <sms protocol="0" address="01677281854" date="1447844205370" type="2" subject="null" body="Tin 1: lo:67,76x30d.24,84x10d." toa="null" sc_toa="null" service_center="null" read="1" status="0" locked="0" date_sent="0" readable_date="18-11-2015 17:56:45" contact_name="(Unknown)" />
  <sms protocol="0" address="+84973836212" date="1447844277993" type="1" subject="null" body="T2 lo 010x5d" toa="null" sc_toa="null" service_center="null" read="1" status="-1" locked="0" date_sent="0" readable_date="18-11-2015 17:57:57" contact_name="Tien Em" />
  <sms protocol="0" address="0973836212" date="1447844287869" type="2" subject="null" body="Nhan 2 tin.so tin cuoi:2." toa="null" sc_toa="null" service_center="null" read="1" status="32" locked="0" date_sent="0" readable_date="18-11-2015 17:58:07" contact_name="Tien Em" />
  <sms protocol="0" address="0973836212" date="1447844289376" type="2" subject="null" body="Nhan 2 tin.so tin cuoi:2." toa="null" sc_toa="null" service_center="null" read="1" status="0" locked="0" date_sent="0" readable_date="18-11-2015 17:58:09" contact_name="Tien Em" />
  <sms protocol="0" address="+841677281854" date="1447844302461" type="1" subject="null" body="Nhan 1 tin.so tin cuoi:1." toa="null" sc_toa="null" service_center="null" read="1" status="-1" locked="0" date_sent="0" readable_date="18-11-2015 17:58:22" contact_name="(Unknown)" />
  <sms protocol="0" address="+841677281854" date="1447844403897" type="1" subject="null" body="chau gui cho co 1 tin" toa="null" sc_toa="null" service_center="null" read="1" status="-1" locked="0" date_sent="0" readable_date="18-11-2015 18:00:03" contact_name="(Unknown)" />
  <sms protocol="0" address="+84979399373" date="1447844556023" type="1" subject="null" body="Lo 32.23 x 10" toa="null" sc_toa="null" service_center="null" read="1" status="-1" locked="0" date_sent="0" readable_date="18-11-2015 18:02:36" contact_name="A Tung Thuy?" />
  <sms protocol="0" address="01685897838" date="1447844571365" type="2" subject="null" body="chi gui cho EM 3 tin" toa="null" sc_toa="null" service_center="null" read="1" status="0" locked="0" date_sent="0" readable_date="18-11-2015 18:02:51" contact_name="Chi H. v. b" />
  <sms protocol="0" address="0914967139" date="1447844572866" type="2" subject="null" body="chi gui cho EM 1 tin" toa="null" sc_toa="null" service_center="null" read="1" status="32" locked="0" date_sent="0" readable_date="18-11-2015 18:02:52" contact_name="(Unknown)" />
  <sms protocol="0" address="0968193922" date="1447844574368" type="2" subject="null" body="chị gui cho EM 3 tin" toa="null" sc_toa="null" service_center="null" read="1" status="0" locked="0" date_sent="0" readable_date="18-11-2015 18:02:54" contact_name="(Unknown)" />
  <sms protocol="0" address="0973836212" date="1447844575866" type="2" subject="null" body="may gui cho tao 2 tin" toa="null" sc_toa="null" service_center="null" read="1" status="0" locked="0" date_sent="0" readable_date="18-11-2015 18:02:55" contact_name="Tien Em" />
  <sms protocol="0" address="0979399373" date="1447844577367" type="2" subject="null" body="Anh gui cho EM 2 tin" toa="null" sc_toa="null" service_center="null" read="1" status="0" locked="0" date_sent="0" readable_date="18-11-2015 18:02:57" contact_name="A Tung Thuy?" />
  <sms protocol="0" address="0983099345" date="1447844578872" type="2" subject="null" body="Ban gui cho toi 1 tin" toa="null" sc_toa="null" service_center="null" read="1" status="0" locked="0" date_sent="0" readable_date="18-11-2015 18:02:58" contact_name="Viet Bo" />
  <sms protocol="0" address="+841685897838" date="1447844689916" type="1" subject="null" body="Ba.cang.777.123.491.809.136.275.138.168.258.122.101.010.505.050.555.888.333.666.999.111.194.964.696.306.370.023.065.038.075.027.011.453.585.808.181.899.737.393.535.363.569.383.x100n.571.676.216.166.278.199.855.640.059.184.x150n.lo.161.55.656.383.31.46.767.66.11.303.00.595.63.050.98.58.39.99.48.20.x50d.99.55.65.23.050.303.41.88.383.161.11.67.595.33.86.818.090.x60d" toa="null" sc_toa="null" service_center="null" read="1" status="-1" locked="0" date_sent="0" readable_date="18-11-2015 18:04:49" contact_name="Chi H. v. b" />
  <sms protocol="0" address="+841685897838" date="1447844709325" type="1" subject="null" body="Xjen 50.56.66x10d.99.20.31x10d.lo 353.565x50d." toa="null" sc_toa="null" service_center="null" read="1" status="-1" locked="0" date_sent="0" readable_date="18-11-2015 18:05:09" contact_name="Chi H. v. b" />
  <sms protocol="0" address="01685897838" date="1447844718373" type="2" subject="null" body="Nhan 4 tin." toa="null" sc_toa="null" service_center="null" read="1" status="32" locked="0" date_sent="0" readable_date="18-11-2015 18:05:18" contact_name="Chi H. v. b" />
  <sms protocol="0" address="01685897838" date="1447844721367" type="2" subject="null" body="Nhan 5 tin." toa="null" sc_toa="null" service_center="null" read="1" status="32" locked="0" date_sent="0" readable_date="18-11-2015 18:05:21" contact_name="Chi H. v. b" />
  <sms protocol="0" address="01685897838" date="1447844722869" type="2" subject="null" body="Nhan 5 tin." toa="null" sc_toa="null" service_center="null" read="1" status="0" locked="0" date_sent="0" readable_date="18-11-2015 18:05:22" contact_name="Chi H. v. b" />
  <sms protocol="0" address="0964386982" date="1447844794866" type="2" subject="null" body="Tin 3: lo:03,11,30,38,55,59,83,99,56,23,18,33,41,81,88,00,20,31,35,39,46,48,53,58,63,66x35d.65,16,61,67,95,86,76,98x25d.05,50,09,90x15d.32x10d.01,10x5d." toa="null" sc_toa="null" service_center="null" read="1" status="0" locked="0" date_sent="0" readable_date="18-11-2015 18:06:34" contact_name="A Duc" />
  <sms protocol="0" address="+84964386982" date="1447844813837" type="1" subject="null" body="Nhan 3 tin.so tin cuoi:3." toa="null" sc_toa="null" service_center="null" read="1" status="-1" locked="0" date_sent="0" readable_date="18-11-2015 18:06:53" contact_name="A Duc" />
  <sms protocol="0" address="01677281854" date="1447844827873" type="2" subject="null" body="Tin 2: lo:65x135d.05,50x95d.16,61,67,95x85d.03,11,30,38,55,59,83,99x75d.56x65d.09,90x45d.23,86x35d.18,33,41,76,81,88,98x25d.00,20,31,35,39,46,48,53,58,63,66x15d." toa="null" sc_toa="null" service_center="null" read="1" status="0" locked="0" date_sent="0" readable_date="18-11-2015 18:07:07" contact_name="(Unknown)" />
  <sms protocol="0" address="+841677281854" date="1447844852745" type="1" subject="null" body="Nhan 2 tin.so tin cuoi:2." toa="null" sc_toa="null" service_center="null" read="1" status="-1" locked="0" date_sent="0" readable_date="18-11-2015 18:07:32" contact_name="(Unknown)" />
  <sms protocol="0" address="+84977655973" date="1447844860503" type="1" subject="null" body="75x45d dau 8x35n 82 x150n 09 74x50n day 23x10n 43 99 95 10 11 x10n" toa="null" sc_toa="null" service_center="null" read="1" status="-1" locked="0" date_sent="0" readable_date="18-11-2015 18:07:40" contact_name="A Su Cong Tinh Uy" />
  <sms protocol="0" address="+84968193922" date="1447844880908" type="1" subject="null" body="X2.47.81.=50 ; X2.43.99.=50" toa="null" sc_toa="null" service_center="null" read="1" status="-1" locked="0" date_sent="0" readable_date="18-11-2015 18:08:00" contact_name="(Unknown)" />
  <sms protocol="0" address="0968193922" date="1447844904366" type="2" subject="null" body="Nhan 4 tin." toa="null" sc_toa="null" service_center="null" read="1" status="0" locked="0" date_sent="0" readable_date="18-11-2015 18:08:24" contact_name="(Unknown)" />
  <sms protocol="0" address="0968193922" date="1447844905876" type="2" subject="null" body="Nhan 4 tin." toa="null" sc_toa="null" service_center="null" read="1" status="0" locked="0" date_sent="0" readable_date="18-11-2015 18:08:25" contact_name="(Unknown)" />
  <sms protocol="0" address="0977655973" date="1447844914869" type="2" subject="null" body="BAC gui cho EM 1 tin" toa="null" sc_toa="null" service_center="null" read="1" status="0" locked="0" date_sent="0" readable_date="18-11-2015 18:08:34" contact_name="A Su Cong Tinh Uy" />
  <sms protocol="0" address="+841685897838" date="1447844919970" type="1" subject="null" body="De.616.313.010.515.696.393.363.919.565.595.383.88.00.505.58.90.62.55.404.81.949.232.22.75.20.41.080.x500n.hai.kep.x600n" toa="null" sc_toa="null" service_center="null" read="1" status="-1" locked="0" date_sent="0" readable_date="18-11-2015 18:08:39" contact_name="Chi H. v. b" />
  <sms protocol="0" address="01685897838" date="1447844923873" type="2" subject="null" body="Nhan 6 tin." toa="null" sc_toa="null" service_center="null" read="1" status="0" locked="0" date_sent="0" readable_date="18-11-2015 18:08:43" contact_name="Chi H. v. b" />
  <sms protocol="0" address="01677281854" date="1447844943366" type="2" subject="null" body="Tin 3: Ba cang:059,166,184,199,216,278,571,640,676,855x50n." toa="null" sc_toa="null" service_center="null" read="1" status="32" locked="0" date_sent="0" readable_date="18-11-2015 18:09:03" contact_name="(Unknown)" />
  <sms protocol="0" address="01665040000" date="1447844974879" type="2" subject="null" body="Tin 3: Ba cang:059,166,184,199,216,278,571,640,676,855,383,010,011,023,027,038,050,065,075,101,111,122,123,136,138,168,181,194,258,275,306,333,363,370,393,453,491,505,535,555,569,585,666,696,737,777,808,809,888,899,964,999x50n." toa="null" sc_toa="null" service_center="null" read="1" status="0" locked="0" date_sent="0" readable_date="18-11-2015 18:09:34" contact_name="(Unknown)" />
  <sms protocol="0" address="01643882826" date="1447844986867" type="2" subject="null" body="Tin 1: Ba cang:059,166,184,199,216,278,571,640,676,855,383,010,011,023,027,038,050,065,075,101,111,122,123,136,138,168,181,194,258,275,306,333,363,370,393,453,491,505,535,555,569,585,666,696,737,777,808,809,888,899,964,999x50n." toa="null" sc_toa="null" service_center="null" read="1" status="32" locked="0" date_sent="0" readable_date="18-11-2015 18:09:46" contact_name="(Unknown)" />
  <sms protocol="0" address="01665040000" date="1447845004870" type="2" subject="null" body="Tin 4: xi2:43,99*5d.,xi2:47,81*5d.xi3:20,31,99*10d.,xi3:50,56,66*10d." toa="null" sc_toa="null" service_center="null" read="1" status="32" locked="0" date_sent="0" readable_date="18-11-2015 18:10:04" contact_name="(Unknown)" />
  <sms protocol="0" address="01677281854" date="1447845016872" type="2" subject="null" body="Tin 4: lo:75x45d." toa="null" sc_toa="null" service_center="null" read="1" status="0" locked="0" date_sent="0" readable_date="18-11-2015 18:10:16" contact_name="(Unknown)" />
  <sms protocol="0" address="+841677281854" date="1447845044736" type="1" subject="null" body="Nhan 4 tin.so tin cuoi:4." toa="null" sc_toa="null" service_center="null" read="1" status="-1" locked="0" date_sent="0" readable_date="18-11-2015 18:10:44" contact_name="(Unknown)" />
  <sms protocol="0" address="01643882826" date="1447845231374" type="2" subject="null" body="chau gui cho co 1 tin" toa="null" sc_toa="null" service_center="null" read="1" status="32" locked="0" date_sent="0" readable_date="18-11-2015 18:13:51" contact_name="(Unknown)" />
  <sms protocol="0" address="01665040000" date="1447845232877" type="2" subject="null" body="em gui cho anh 4 tin" toa="null" sc_toa="null" service_center="null" read="1" status="0" locked="0" date_sent="0" readable_date="18-11-2015 18:13:52" contact_name="(Unknown)" />
  <sms protocol="0" address="01677281854" date="1447845234374" type="2" subject="null" body="chau gui cho co 4 tin" toa="null" sc_toa="null" service_center="null" read="1" status="0" locked="0" date_sent="0" readable_date="18-11-2015 18:13:54" contact_name="(Unknown)" />
  <sms protocol="0" address="01685897838" date="1447845235871" type="2" subject="null" body="chi gui cho EM 6 tin" toa="null" sc_toa="null" service_center="null" read="1" status="32" locked="0" date_sent="0" readable_date="18-11-2015 18:13:55" contact_name="Chi H. v. b" />
  <sms protocol="0" address="0964386982" date="1447845237376" type="2" subject="null" body="em gui cho anh 3 tin" toa="null" sc_toa="null" service_center="null" read="1" status="0" locked="0" date_sent="0" readable_date="18-11-2015 18:13:57" contact_name="A Duc" />
  <sms protocol="0" address="0968193922" date="1447845238870" type="2" subject="null" body="chị gui cho EM 4 tin" toa="null" sc_toa="null" service_center="null" read="1" status="0" locked="0" date_sent="0" readable_date="18-11-2015 18:13:58" contact_name="(Unknown)" />
  <sms protocol="0" address="0964386982" date="1447845288366" type="2" subject="null" body="Tin 4: De:88,83,00,05,38,16,22,49,50,55,61,94,08,80,81,11x600n.04x580n.01x550n.58x470n.10x460n.13,15,19x450n.99x380n.27,72,77x370n.82x365n.33,44,66x360n.23,32,95x260n.20,31,36,39,40,41,51,56,59,62,63,65,69,75,90,91,93,96x250n.87x215n.84,85,86,89x205n.18x170n.09x100n.02,03,06,07x50n." toa="null" sc_toa="null" service_center="null" read="1" status="32" locked="0" date_sent="0" readable_date="18-11-2015 18:14:48" contact_name="A Duc" />
  <sms protocol="0" address="01677281854" date="1447845303371" type="2" subject="null" body="Tin5: de:88x1195n.83x1065n.00x850n.05x840n.38x830n.16x740n.22x520n.49,50,55,61,94x510n.08x420n.80,81x355n.01,02,03,04,06,07,09,10,11,13,15,18,19,20,23,27,31,32,33,36,39,40,41,44,51,56,58,59,62,63,65,66,69,72,75,77,82,84,85,86,87,89,90,91,93,95,96,99x250n.17,28,78x230n.48,68,98x220n." toa="null" sc_toa="null" service_center="null" read="1" status="32" locked="0" date_sent="0" readable_date="18-11-2015 18:15:03" contact_name="(Unknown)" />
  <sms protocol="0" address="01677281854" date="1447845315372" type="2" subject="null" body="Tin6: de:12,14x200n.74x65n.24,29,42,47,79,92,97x15n.37,43,73x10n." toa="null" sc_toa="null" service_center="null" read="1" status="32" locked="0" date_sent="0" readable_date="18-11-2015 18:15:15" contact_name="(Unknown)" />
  <sms protocol="0" address="+84964386982" date="1447845323768" type="1" subject="null" body="Nhan 4 tin.so tin cuoi:4." toa="null" sc_toa="null" service_center="null" read="1" status="-1" locked="0" date_sent="0" readable_date="18-11-2015 18:15:23" contact_name="A Duc" />
  <sms protocol="0" address="+841677281854" date="1447845329538" type="1" subject="null" body="Nhan 5 tin.so tin cuoi:5." toa="null" sc_toa="null" service_center="null" read="1" status="-1" locked="0" date_sent="0" readable_date="18-11-2015 18:15:29" contact_name="(Unknown)" />
  <sms protocol="0" address="+841677281854" date="1447845340967" type="1" subject="null" body="Nhan 6 tin.so tin cuoi:6." toa="null" sc_toa="null" service_center="null" read="1" status="-1" locked="0" date_sent="0" readable_date="18-11-2015 18:15:40" contact_name="(Unknown)" />
  <sms protocol="0" address="+841685897838" date="1447845431997" type="1" subject="null" body="De.11.494.989.99.81.90.595.00.65.66.77.88.33.838.161.74.55.x200n." toa="null" sc_toa="null" service_center="null" read="1" status="-1" locked="0" date_sent="0" readable_date="18-11-2015 18:17:11" contact_name="Chi H. v. b" />
  <sms protocol="0" address="01685897838" date="1447845436877" type="2" subject="null" body="Nhan 7 tin." toa="null" sc_toa="null" service_center="null" read="1" status="0" locked="0" date_sent="0" readable_date="18-11-2015 18:17:16" contact_name="Chi H. v. b" />
  <sms protocol="0" address="01685897838" date="1447845439877" type="2" subject="null" body="Nhan 7 tin." toa="null" sc_toa="null" service_center="null" read="1" status="0" locked="0" date_sent="0" readable_date="18-11-2015 18:17:19" contact_name="Chi H. v. b" />
  <sms protocol="0" address="+841685897838" date="1447845449237" type="1" subject="null" body="De 2kep x1500." toa="null" sc_toa="null" service_center="null" read="1" status="-1" locked="0" date_sent="0" readable_date="18-11-2015 18:17:29" contact_name="Chi H. v. b" />
  <sms protocol="0" address="01685897838" date="1447845453370" type="2" subject="null" body="Nhan 8 tin." toa="null" sc_toa="null" service_center="null" read="1" status="0" locked="0" date_sent="0" readable_date="18-11-2015 18:17:33" contact_name="Chi H. v. b" />
  <sms protocol="0" address="01685897838" date="1447845454873" type="2" subject="null" body="Nhan 8 tin." toa="null" sc_toa="null" service_center="null" read="1" status="0" locked="0" date_sent="0" readable_date="18-11-2015 18:17:34" contact_name="Chi H. v. b" />
  <sms protocol="0" address="+841677281854" date="1447845462812" type="1" subject="null" body="chau gui cho co 6 tin" toa="null" sc_toa="null" service_center="null" read="1" status="-1" locked="0" date_sent="0" readable_date="18-11-2015 18:17:42" contact_name="(Unknown)" />
  <sms protocol="0" address="0964386982" date="1447845496867" type="2" subject="null" body="Tin 5: De:33,66,44x340n.77,27,72x330n.99x320n.00,11,16,38,49,55,61,83,88,94,05,22,50x100n.59,65,74,81,89,90,95,98x50n." toa="null" sc_toa="null" service_center="null" read="1" status="0" locked="0" date_sent="0" readable_date="18-11-2015 18:18:16" contact_name="A Duc" />
  <sms protocol="0" address="01677281854" date="1447845507377" type="2" subject="null" body="Tin 7: De:00,11,16,38,49,55,61,83,88,94x1600n.05,22,50x1400n.99x1380n.77x1370n.33,66x1360n.27,72x1170n.44x1160n.59,65,74,81,89,90,95,98x150n." toa="null" sc_toa="null" service_center="null" read="1" status="0" locked="0" date_sent="0" readable_date="18-11-2015 18:18:27" contact_name="(Unknown)" />
  <sms protocol="0" address="+84964386982" date="1447845512659" type="1" subject="null" body="Nhan 5 tin.so tin cuoi:5." toa="null" sc_toa="null" service_center="null" read="1" status="-1" locked="0" date_sent="0" readable_date="18-11-2015 18:18:32" contact_name="A Duc" />
  <sms protocol="0" address="+841677281854" date="1447845533688" type="1" subject="null" body="Nhan 7 tin.so tin cuoi:7." toa="null" sc_toa="null" service_center="null" read="1" status="-1" locked="0" date_sent="0" readable_date="18-11-2015 18:18:53" contact_name="(Unknown)" />
  <sms protocol="0" address="0968193922" date="1447845714410" type="2" subject="null" body="Nhan 4 tin.. HET DE" toa="null" sc_toa="null" service_center="null" read="1" status="0" locked="0" date_sent="0" readable_date="18-11-2015 18:21:54" contact_name="(Unknown)" />
  <sms protocol="0" address="0979399373" date="1447845715910" type="2" subject="null" body="Nhan 2 tin.. HET DE" toa="null" sc_toa="null" service_center="null" read="1" status="0" locked="0" date_sent="0" readable_date="18-11-2015 18:21:55" contact_name="A Tung Thuy?" />
  <sms protocol="0" address="01685897838" date="1447845717400" type="2" subject="null" body="Nhan 8 tin.. HET DE" toa="null" sc_toa="null" service_center="null" read="1" status="0" locked="0" date_sent="0" readable_date="18-11-2015 18:21:57" contact_name="Chi H. v. b" />
  <sms protocol="0" address="0914967139" date="1447845718904" type="2" subject="null" body="Nhan 1 tin.. HET DE" toa="null" sc_toa="null" service_center="null" read="1" status="0" locked="0" date_sent="0" readable_date="18-11-2015 18:21:58" contact_name="(Unknown)" />
  <sms protocol="0" address="0983099345" date="1447845720405" type="2" subject="null" body="Nhan 1 tin.. HET DE" toa="null" sc_toa="null" service_center="null" read="1" status="0" locked="0" date_sent="0" readable_date="18-11-2015 18:22:00" contact_name="Viet Bo" />
  <sms protocol="0" address="0973836212" date="1447845721902" type="2" subject="null" body="Nhan 2 tin.so tin cuoi:2.. HET DE" toa="null" sc_toa="null" service_center="null" read="1" status="0" locked="0" date_sent="0" readable_date="18-11-2015 18:22:01" contact_name="Tien Em" />
  <sms protocol="0" address="0977655973" date="1447845723404" type="2" subject="null" body="Nhan 1 tin.. HET DE" toa="null" sc_toa="null" service_center="null" read="1" status="0" locked="0" date_sent="0" readable_date="18-11-2015 18:22:03" contact_name="A Su Cong Tinh Uy" />
  <sms protocol="0" address="0968193922" date="1447845960403" type="2" subject="null" body="Ngay:18/11/2015&#13;&#10;chị chuyen cho EM&#13;&#10;Xien:70,0=476,0n&#13;&#10;chị bu cho EM:476,0n&#13;&#10;" toa="null" sc_toa="null" service_center="null" read="1" status="0" locked="0" date_sent="0" readable_date="18-11-2015 18:26:00" contact_name="(Unknown)" />
  <sms protocol="0" address="0983099345" date="1447845963413" type="2" subject="null" body="Ngay:18/11/2015&#13;&#10;Ban chuyen cho toi&#13;&#10;De:2000,0=1460,0n&#13;&#10;Ban bu cho toi:1460,0n&#13;&#10;" toa="null" sc_toa="null" service_center="null" read="1" status="0" locked="0" date_sent="0" readable_date="18-11-2015 18:26:03" contact_name="Viet Bo" />
  <sms protocol="0" address="01665040000" date="1447845975409" type="2" subject="null" body="Ngay:18/11/2015&#13;&#10;em chuyen cho anh&#13;&#10;3Cang:2640,0=1900,8n&#13;&#10;Xien:90,0=540,0n&#13;&#10;em bu cho anh:2440,8n&#13;&#10;" toa="null" sc_toa="null" service_center="null" read="1" status="32" locked="0" date_sent="0" readable_date="18-11-2015 18:26:15" contact_name="(Unknown)" />
  <sms protocol="0" address="01685897838" date="1447845981407" type="2" subject="null" body="Ngay:18/11/2015&#13;&#10;chi chuyen cho EM&#13;&#10;De:73470,0=52898,4n&#13;&#10;Lo:3230,0=70252,5n&#13;&#10;3Cang:5700,0=4104,0n&#13;&#10;Xien:20,0=130,0n&#13;&#10;Th lo:830,0=66400,0n&#13;&#10;chi bu cho EM:60984,9n&#13;&#10;" toa="null" sc_toa="null" service_center="null" read="1" status="32" locked="0" date_sent="0" readable_date="18-11-2015 18:26:21" contact_name="Chi H. v. b" />
  <sms protocol="0" address="01677281854" date="1447845987407" type="2" subject="null" body="Ngay:18/11/2015&#13;&#10;chau chuyen cho co&#13;&#10;De:54040,0=38908,8n&#13;&#10;Lo:1955,0=42423,5n&#13;&#10;3Cang:500,0=360,0n&#13;&#10;Thuong lo:405,0=32400,0n&#13;&#10;chau bu cho co:49292,3n&#13;&#10;" toa="null" sc_toa="null" service_center="null" read="1" status="32" locked="0" date_sent="0" readable_date="18-11-2015 18:26:27" contact_name="(Unknown)" />
  <sms protocol="0" address="0964386982" date="1447845993403" type="2" subject="null" body="Ngay:18/11/2015&#13;&#10;em chuyen cho anh&#13;&#10;De:26760,0=19133,4n&#13;&#10;Lo:1480,0=32116,0n&#13;&#10;Thuong lo:435,0=34800,0n&#13;&#10;em bu cho anh:16449,4n&#13;&#10;" toa="null" sc_toa="null" service_center="null" read="1" status="0" locked="0" date_sent="0" readable_date="18-11-2015 18:26:33" contact_name="A Duc" />
  <sms protocol="0" address="0977655973" date="1447845997907" type="2" subject="null" body="Ngay:18/11/2015&#13;&#10;BAC chuyen cho EM&#13;&#10;De:730,0=584,0n&#13;&#10;Lo:45,0=1012,5n&#13;&#10;BAC bu cho EM:1596,5n&#13;&#10;" toa="null" sc_toa="null" service_center="null" read="1" status="0" locked="0" date_sent="0" readable_date="18-11-2015 18:26:37" contact_name="A Su Cong Tinh Uy" />
  <sms protocol="0" address="01643882826" date="1447846002401" type="2" subject="null" body="Ngay:18/11/2015&#13;&#10;chau chuyen cho co&#13;&#10;3Cang:2600,0=1872,0n&#13;&#10;chau bu cho co:1872,0n&#13;&#10;" toa="null" sc_toa="null" service_center="null" read="1" status="32" locked="0" date_sent="0" readable_date="18-11-2015 18:26:42" contact_name="(Unknown)" />
  <sms protocol="0" address="0914967139" date="1447846009906" type="2" subject="null" body="Ngay:18/11/2015&#13;&#10;chi chuyen cho EM&#13;&#10;De:3800,0=2736,0n&#13;&#10;Lo:80,0=1740,0n&#13;&#10;chi bu cho EM:4476,0n&#13;&#10;" toa="null" sc_toa="null" service_center="null" read="1" status="0" locked="0" date_sent="0" readable_date="18-11-2015 18:26:49" contact_name="(Unknown)" />
  <sms protocol="0" address="0973836212" date="1447846020401" type="2" subject="null" body="Ngay:18/11/2015&#13;&#10;may chuyen cho tao&#13;&#10;De:600,0=450,0n&#13;&#10;Lo:40,0=872,0n&#13;&#10;may bu cho tao:1322,0n&#13;&#10;" toa="null" sc_toa="null" service_center="null" read="1" status="32" locked="0" date_sent="0" readable_date="18-11-2015 18:27:00" contact_name="Tien Em" />
  <sms protocol="0" address="0979399373" date="1447846023403" type="2" subject="null" body="Ngay:18/11/2015&#13;&#10;Anh chuyen cho EM&#13;&#10;De:200,0=150,0n&#13;&#10;Lo:40,0=880,0n&#13;&#10;3Cang:40,0=32,0n&#13;&#10;Th lo:10,0=800,0n&#13;&#10;Anh bu cho EM:262,0n&#13;&#10;" toa="null" sc_toa="null" service_center="null" read="1" status="0" locked="0" date_sent="0" readable_date="18-11-2015 18:27:03" contact_name="A Tung Thuy?" />
  <sms protocol="0" address="01685897838" date="1447846110404" type="2" subject="null" body="Ngay:18/11/2015&#13;&#10;chi chuyen cho EM&#13;2 sim&#10;De:77270,0=55634,4n&#13;&#10;Lo:3310,0=71992,5n&#13;&#10;3Cang:5700,0=4104,0n&#13;&#10;Xien:20,0=130,0n&#13;&#10;Th lo:830,0=66400,0n&#13;&#10;chi bu cho EM:65460,9n&#13;&#10;" toa="null" sc_toa="null" service_center="null" read="1" status="0" locked="0" date_sent="0" readable_date="18-11-2015 18:28:30" contact_name="Chi H. v. b" />
  <sms protocol="0" address="5055" date="1447846136707" type="1" subject="null" body="18/11:&#10;DB:80260&#10;1:89741&#10;2:55478-45032&#10;3:79585-23182-51039-22233-94856-86534&#10;4:4946-8216-9202-3538&#10;5:5908-7718-3162-3527-0662-4241&#10;6:619-662-614&#10;7:25-81-62-33 " toa="null" sc_toa="null" service_center="null" read="0" status="-1" locked="0" date_sent="0" readable_date="18-11-2015 18:28:56" contact_name="(Unknown)" />
  <sms protocol="0" address="+84964386982" date="1447846157813" type="1" subject="null" body="Ngay:18/11/2015&#10;em chuyen cho anh&#10;De:26760,0=19133,4n&#10;Lo:1480,0=32116,0n&#10;Th lo:435,0=34800,0n&#10;em bu cho anh:16449,4n&#10;" toa="null" sc_toa="null" service_center="null" read="0" status="-1" locked="0" date_sent="0" readable_date="18-11-2015 18:29:17" contact_name="A Duc" />
  <sms protocol="0" address="01632029067" date="1447846211516" type="2" subject="null" body="Tinh den het ngay:17/11/15 EM thu 1188n&#13;&#10;Ngay:18/11/15 Chị-476n &#13;&#10;Tong cong: EM thu 1664" toa="null" sc_toa="null" service_center="null" read="1" status="32" locked="0" date_sent="0" readable_date="18-11-2015 18:30:11" contact_name="(Unknown)" />
  <sms protocol="0" address="01665040000" date="1447846217779" type="2" subject="null" body="Tinh den het ngay:17/11/15 em bu 1744n&#13;&#10;Ngay:18/11/15 anh+2440n &#13;&#10;Tong cong: em bu 4184" toa="null" sc_toa="null" service_center="null" read="1" status="0" locked="0" date_sent="0" readable_date="18-11-2015 18:30:17" contact_name="(Unknown)" />
  <sms protocol="0" address="0973836212" date="1447846229908" type="2" subject="null" body="Tinh den het ngay:17/11/15 tao thu 6900n&#13;&#10;Ngay:18/11/15 may-1322n &#13;&#10;Tong cong: tao thu 8222" toa="null" sc_toa="null" service_center="null" read="1" status="32" locked="0" date_sent="0" readable_date="18-11-2015 18:30:29" contact_name="Tien Em" />
  <sms protocol="0" address="0977655973" date="1447846235212" type="2" subject="null" body="Tinh den het ngay:17/11/15 EM thu 2699n&#13;&#10;Ngay:18/11/15 BAC-1596n &#13;&#10;Tong cong: EM thu 4295" toa="null" sc_toa="null" service_center="null" read="1" status="32" locked="0" date_sent="0" readable_date="18-11-2015 18:30:35" contact_name="A Su Cong Tinh Uy" />
  <sms protocol="0" address="0979399373" date="1447846239581" type="2" subject="null" body="Tinh den het ngay:17/11/15 EM thu 270n&#13;&#10;Ngay:18/11/15 Anh-262n &#13;&#10;Tong cong: EM thu 532" toa="null" sc_toa="null" service_center="null" read="1" status="0" locked="0" date_sent="0" readable_date="18-11-2015 18:30:39" contact_name="A Tung Thuy?" />
  <sms protocol="0" address="0983099345" date="1447846250744" type="2" subject="null" body="Tinh den het ngay:17/11/15 toi thu 31433n&#13;&#10;Ngay:18/11/15 Ban-1460n -65456n &#13;&#10;Tong cong: toi thu 98349" toa="null" sc_toa="null" service_center="null" read="1" status="0" locked="0" date_sent="0" readable_date="18-11-2015 18:30:50" contact_name="Viet Bo" />
</smses>