<?xml version='1.0' encoding='UTF-8' standalone='yes' ?>
<!--File Created By SMS Backup & Restore Pro v7.21 on 21/11/2015 19:30:09-->
<?xml-stylesheet type="text/xsl" href="sms.xsl"?>
<smses count="90">
  <sms protocol="0" address="109" date="1448065360617" type="1" subject="null" body="Viettel da gia han thanh cong tinh nang VT100. Quy khach co 200 tin nhan noi mang va cuoc goi noi mang giam con 200d/phut tru tai khoan goc. TKKM se tru theo quy dinh goi cuoc. Cuoc goi se tru tu TK goc den TK KM. KM ap dung den 24h ngay dang ky. De kiem tra so tin nhan, soan KT100 gui 109 (100d/tin).  Huy gia han, soan HUYVT gui 109 (100d/tin). Chi tiet LH 198 (200d/phut)." toa="null" sc_toa="null" service_center="null" read="1" status="-1" locked="0" date_sent="0" readable_date="21-11-2015 07:22:40" contact_name="(Unknown)" />
  <sms protocol="0" address="0974242195" date="1448090227058" type="2" subject="null" body="ngay 20/11/15:&#13;&#10;THU:&#13;&#10;a duc:16448;&#13;&#10;v b:106081&#13;&#10;BU&#13;&#10;boss:66887;&#13;&#10;lam:9820" toa="null" sc_toa="null" service_center="null" read="1" status="0" locked="0" date_sent="0" readable_date="21-11-2015 14:17:07" contact_name="(Unknown)" />
  <sms protocol="0" address="+84983099345" date="1448098620261" type="1" subject="null" body="đề đầu 2x200n 87x500n" toa="null" sc_toa="null" service_center="null" read="1" status="-1" locked="0" date_sent="0" readable_date="21-11-2015 16:37:00" contact_name="Viet Bo" />
  <sms protocol="0" address="+84979399373" date="1448101457706" type="1" subject="null" body="Lo 34.43 x10" toa="null" sc_toa="null" service_center="null" read="1" status="-1" locked="0" date_sent="0" readable_date="21-11-2015 17:24:17" contact_name="A Tung Thuy?" />
  <sms protocol="0" address="0983099345" date="1448101497950" type="2" subject="null" body="Nhan 1 tin." toa="null" sc_toa="null" service_center="null" read="1" status="0" locked="0" date_sent="0" readable_date="21-11-2015 17:24:57" contact_name="Viet Bo" />
  <sms protocol="0" address="0979399373" date="1448101506962" type="2" subject="null" body="Anh gui cho EM 1 tin" toa="null" sc_toa="null" service_center="null" read="1" status="0" locked="0" date_sent="0" readable_date="21-11-2015 17:25:06" contact_name="A Tung Thuy?" />
  <sms protocol="0" address="0983099345" date="1448101508454" type="2" subject="null" body="Ban gui cho toi 1 tin" toa="null" sc_toa="null" service_center="null" read="1" status="32" locked="0" date_sent="0" readable_date="21-11-2015 17:25:08" contact_name="Viet Bo" />
  <sms protocol="0" address="+841685897838" date="1448102996843" type="1" subject="null" body="Lo 75.41.16.99x10d.575x10d.xien 96.86.08x5d.53.15.09x5d..." toa="null" sc_toa="null" service_center="null" read="1" status="-1" locked="0" date_sent="0" readable_date="21-11-2015 17:49:56" contact_name="Chi H. v. b" />
  <sms protocol="0" address="+84983099345" date="1448103004642" type="1" subject="null" body="Lô 26 45 54 x10d .40x5d" toa="null" sc_toa="null" service_center="null" read="1" status="-1" locked="0" date_sent="0" readable_date="21-11-2015 17:50:04" contact_name="Viet Bo" />
  <sms protocol="0" address="0983099345" date="1448103014454" type="2" subject="null" body="Nhan 2 tin." toa="null" sc_toa="null" service_center="null" read="1" status="0" locked="0" date_sent="0" readable_date="21-11-2015 17:50:14" contact_name="Viet Bo" />
  <sms protocol="0" address="01685897838" date="1448103015944" type="2" subject="null" body="Nhan 1 tin." toa="null" sc_toa="null" service_center="null" read="1" status="0" locked="0" date_sent="0" readable_date="21-11-2015 17:50:15" contact_name="Chi H. v. b" />
  <sms protocol="0" address="+84968193922" date="1448103451196" type="1" subject="null" body="X2.36.39.=50 ; X2.92.53.=50 ; X2.01.49.=50 ; X3.37.08.55.=30 ; X2.37.08.=20 ; X2.55.54.=50 ; X4.00.14.19.66.=20 ; X2.26.55.=40 ; " toa="null" sc_toa="null" service_center="null" read="1" status="-1" locked="0" date_sent="0" readable_date="21-11-2015 17:57:31" contact_name="(Unknown)" />
  <sms protocol="0" address="0968193922" date="1448103504949" type="2" subject="null" body="Nhan 1 tin." toa="null" sc_toa="null" service_center="null" read="1" status="0" locked="0" date_sent="0" readable_date="21-11-2015 17:58:24" contact_name="(Unknown)" />
  <sms protocol="0" address="+841685897838" date="1448103601668" type="1" subject="null" body="Xjen 21.71.00.x10d.00..52.65x10d.71.00x50d.17.00x20d" toa="null" sc_toa="null" service_center="null" read="1" status="-1" locked="0" date_sent="0" readable_date="21-11-2015 18:00:01" contact_name="Chi H. v. b" />
  <sms protocol="0" address="01685897838" date="1448103609946" type="2" subject="null" body="Nhan 2 tin." toa="null" sc_toa="null" service_center="null" read="1" status="0" locked="0" date_sent="0" readable_date="21-11-2015 18:00:09" contact_name="Chi H. v. b" />
  <sms protocol="0" address="01685897838" date="1448103611449" type="2" subject="null" body="Nhan 2 tin." toa="null" sc_toa="null" service_center="null" read="1" status="32" locked="0" date_sent="0" readable_date="21-11-2015 18:00:11" contact_name="Chi H. v. b" />
  <sms protocol="0" address="0964386982" date="1448103647449" type="2" subject="null" body="Tin 1: xi2:00,71*25d." toa="null" sc_toa="null" service_center="null" read="1" status="0" locked="0" date_sent="0" readable_date="21-11-2015 18:00:47" contact_name="A Duc" />
  <sms protocol="0" address="+84964386982" date="1448103668182" type="1" subject="null" body="Nhan 1 tin.so tin cuoi:1." toa="null" sc_toa="null" service_center="null" read="1" status="-1" locked="0" date_sent="0" readable_date="21-11-2015 18:01:08" contact_name="A Duc" />
  <sms protocol="0" address="01643882826" date="1448103678948" type="2" subject="null" body="Tin 1: xi2:00,17*5d.xi2:00,71*10d." toa="null" sc_toa="null" service_center="null" read="1" status="0" locked="0" date_sent="0" readable_date="21-11-2015 18:01:18" contact_name="(Unknown)" />
  <sms protocol="0" address="01665040000" date="1448103693944" type="2" subject="null" body="Tin 1: xi2:26,55*4d.xi2:01,49*5d.,xi3:08,86,96*5d.,xi3:09,15,53*5d.,xi2:36,39*5d.,xi2:53,92*5d.,xi2:54,55*5d.xi3:08,37,55*3d.xi3:00,21,71*10d.,xi3:00,52,65*10d.xi2:00,71*15d.,xi2:00,17*15d.xi4:00,14,19,66*2d.,xi2:08,37*2d." toa="null" sc_toa="null" service_center="null" read="1" status="0" locked="0" date_sent="0" readable_date="21-11-2015 18:01:33" contact_name="(Unknown)" />
  <sms protocol="0" address="01677281854" date="1448103707447" type="2" subject="null" body="Tin 1: lo:75x20d.16,26,34,41,43,45,54,57,99x10d.40x5d." toa="null" sc_toa="null" service_center="null" read="1" status="0" locked="0" date_sent="0" readable_date="21-11-2015 18:01:47" contact_name="(Unknown)" />
  <sms protocol="0" address="+841677281854" date="1448103736509" type="1" subject="null" body="Nhan 1 tin.so tin cuoi:1." toa="null" sc_toa="null" service_center="null" read="1" status="-1" locked="0" date_sent="0" readable_date="21-11-2015 18:02:16" contact_name="(Unknown)" />
  <sms protocol="0" address="+841665040000" date="1448103743633" type="1" subject="null" body="Ok :))" toa="null" sc_toa="null" service_center="null" read="1" status="-1" locked="0" date_sent="0" readable_date="21-11-2015 18:02:23" contact_name="(Unknown)" />
  <sms protocol="0" address="+841685897838" date="1448103822677" type="1" subject="null" body="xien.05.44.x50d.44.00.11x30d.35.55.56.x30d.86.53.88.x30d" toa="null" sc_toa="null" service_center="null" read="1" status="-1" locked="0" date_sent="0" readable_date="21-11-2015 18:03:42" contact_name="Chi H. v. b" />
  <sms protocol="0" address="01685897838" date="1448103833444" type="2" subject="null" body="Nhan 3 tin." toa="null" sc_toa="null" service_center="null" read="1" status="0" locked="0" date_sent="0" readable_date="21-11-2015 18:03:53" contact_name="Chi H. v. b" />
  <sms protocol="0" address="01685897838" date="1448103836453" type="2" subject="null" body="Nhan 3 tin." toa="null" sc_toa="null" service_center="null" read="1" status="0" locked="0" date_sent="0" readable_date="21-11-2015 18:03:56" contact_name="Chi H. v. b" />
  <sms protocol="0" address="0964386982" date="1448103873952" type="2" subject="null" body="Tin 2: xi3:00,11,44*5d.,xi3:35,55,56*5d.,xi3:53,86,88*5d.xi2:05,44*25d." toa="null" sc_toa="null" service_center="null" read="1" status="32" locked="0" date_sent="0" readable_date="21-11-2015 18:04:33" contact_name="A Duc" />
  <sms protocol="0" address="01643882826" date="1448103887445" type="2" subject="null" body="Tin 2: xi2:05,44*10d.,xi3:00,11,44*10d.,xi3:35,55,56*10d.,xi3:53,86,88*10d." toa="null" sc_toa="null" service_center="null" read="1" status="32" locked="0" date_sent="0" readable_date="21-11-2015 18:04:47" contact_name="(Unknown)" />
  <sms protocol="0" address="01665040000" date="1448103899445" type="2" subject="null" body="Tin 2: xi2:05,44*15d.,xi3:00,11,44*15d.,xi3:35,55,56*15d.,xi3:53,86,88*15d." toa="null" sc_toa="null" service_center="null" read="1" status="0" locked="0" date_sent="0" readable_date="21-11-2015 18:04:59" contact_name="(Unknown)" />
  <sms protocol="0" address="+84964386982" date="1448103918550" type="1" subject="null" body="Nhan 2 tin.so tin cuoi:2." toa="null" sc_toa="null" service_center="null" read="1" status="-1" locked="0" date_sent="0" readable_date="21-11-2015 18:05:18" contact_name="A Duc" />
  <sms protocol="0" address="+841685897838" date="1448103975552" type="1" subject="null" body="De 44.11.494.99..22.77x500.080.414.534.898.x100.he 03.21x300." toa="null" sc_toa="null" service_center="null" read="1" status="-1" locked="0" date_sent="0" readable_date="21-11-2015 18:06:15" contact_name="Chi H. v. b" />
  <sms protocol="0" address="+841685897838" date="1448104051555" type="1" subject="null" body=".de.hai.kep.x5000n.282.484383.818.242.545.585.88.434.232.989.727.050.00.44.45.595.54.71.40.202.x500n" toa="null" sc_toa="null" service_center="null" read="1" status="-1" locked="0" date_sent="0" readable_date="21-11-2015 18:07:31" contact_name="Chi H. v. b" />
  <sms protocol="0" address="01685897838" date="1448104136451" type="2" subject="null" body="Nhan 4 tin." toa="null" sc_toa="null" service_center="null" read="1" status="0" locked="0" date_sent="0" readable_date="21-11-2015 18:08:56" contact_name="Chi H. v. b" />
  <sms protocol="0" address="01685897838" date="1448104145444" type="2" subject="null" body="Nhan 5 tin." toa="null" sc_toa="null" service_center="null" read="1" status="0" locked="0" date_sent="0" readable_date="21-11-2015 18:09:05" contact_name="Chi H. v. b" />
  <sms protocol="0" address="01685897838" date="1448104146946" type="2" subject="null" body="Nhan 5 tin." toa="null" sc_toa="null" service_center="null" read="1" status="0" locked="0" date_sent="0" readable_date="21-11-2015 18:09:06" contact_name="Chi H. v. b" />
  <sms protocol="0" address="+841685897838" date="1448104152862" type="1" subject="null" body="Lo 98 86x100d. Lo 767x10d. Lo 94x10d." toa="null" sc_toa="null" service_center="null" read="1" status="-1" locked="0" date_sent="0" readable_date="21-11-2015 18:09:12" contact_name="Chi H. v. b" />
  <sms protocol="0" address="01685897838" date="1448104158945" type="2" subject="null" body="Nhan 6 tin." toa="null" sc_toa="null" service_center="null" read="1" status="0" locked="0" date_sent="0" readable_date="21-11-2015 18:09:18" contact_name="Chi H. v. b" />
  <sms protocol="0" address="01685897838" date="1448104160448" type="2" subject="null" body="Nhan 6 tin." toa="null" sc_toa="null" service_center="null" read="1" status="32" locked="0" date_sent="0" readable_date="21-11-2015 18:09:20" contact_name="Chi H. v. b" />
  <sms protocol="0" address="0964386982" date="1448104179943" type="2" subject="null" body="Tin 3: lo:86,98x30d.67,76,94x10d." toa="null" sc_toa="null" service_center="null" read="1" status="0" locked="0" date_sent="0" readable_date="21-11-2015 18:09:39" contact_name="A Duc" />
  <sms protocol="0" address="01677281854" date="1448104191949" type="2" subject="null" body="Tin 2: lo:86,98x70d." toa="null" sc_toa="null" service_center="null" read="1" status="0" locked="0" date_sent="0" readable_date="21-11-2015 18:09:51" contact_name="(Unknown)" />
  <sms protocol="0" address="+84964386982" date="1448104200458" type="1" subject="null" body="Nhan 3 tin.so tin cuoi:3." toa="null" sc_toa="null" service_center="null" read="1" status="-1" locked="0" date_sent="0" readable_date="21-11-2015 18:10:00" contact_name="A Duc" />
  <sms protocol="0" address="+84968193922" date="1448104203362" type="1" subject="null" body="X2.35.55.=50." toa="null" sc_toa="null" service_center="null" read="1" status="-1" locked="0" date_sent="0" readable_date="21-11-2015 18:10:03" contact_name="(Unknown)" />
  <sms protocol="0" address="0968193922" date="1448104214449" type="2" subject="null" body="Nhan 2 tin." toa="null" sc_toa="null" service_center="null" read="1" status="32" locked="0" date_sent="0" readable_date="21-11-2015 18:10:14" contact_name="(Unknown)" />
  <sms protocol="0" address="0968193922" date="1448104215944" type="2" subject="null" body="Nhan 2 tin." toa="null" sc_toa="null" service_center="null" read="1" status="0" locked="0" date_sent="0" readable_date="21-11-2015 18:10:15" contact_name="(Unknown)" />
  <sms protocol="0" address="+841677281854" date="1448104230275" type="1" subject="null" body="Nhan 2 tin.so tin cuoi:2." toa="null" sc_toa="null" service_center="null" read="1" status="-1" locked="0" date_sent="0" readable_date="21-11-2015 18:10:30" contact_name="(Unknown)" />
  <sms protocol="0" address="0964386982" date="1448104263950" type="2" subject="null" body="Tin 4: De:45,54,58,71,85,44,22,27,00,05,11,38,49,50,72,77,83,88,94,99,16,33,55,61,66x700n.20,23,24,28x600n.89,98x500n.02,18,21,26,32,34,40,42,43,48,59,81,82,84,87,95x400n.08,35,53,80x300n.03,12,17,30,62,67,76x200n.25,29x100n." toa="null" sc_toa="null" service_center="null" read="1" status="0" locked="0" date_sent="0" readable_date="21-11-2015 18:11:03" contact_name="A Duc" />
  <sms protocol="0" address="+84964386982" date="1448104279980" type="1" subject="null" body="Nhan 4 tin.so tin cuoi:4." toa="null" sc_toa="null" service_center="null" read="1" status="-1" locked="0" date_sent="0" readable_date="21-11-2015 18:11:19" contact_name="A Duc" />
  <sms protocol="0" address="0964386982" date="1448104295447" type="2" subject="null" body="Tin 5: De:45,54,44,22,27,00,05,11,38,49,50,72,77,83,88,94,99,16,33,55,61,66x100n." toa="null" sc_toa="null" service_center="null" read="1" status="32" locked="0" date_sent="0" readable_date="21-11-2015 18:11:35" contact_name="A Duc" />
  <sms protocol="0" address="+84964386982" date="1448104307435" type="1" subject="null" body="Nhan 5 tin.so tin cuoi:5." toa="null" sc_toa="null" service_center="null" read="1" status="-1" locked="0" date_sent="0" readable_date="21-11-2015 18:11:47" contact_name="A Duc" />
  <sms protocol="0" address="+841685897838" date="1448104320053" type="1" subject="null" body="de.323.40.181.20.38.70.28.30.36.41.42.52.53.585.737.717.08.09.10.25.33.44.43.565.62.75.88.95.99.00.05.06.07.45.49.51.60.868.69.91.89.99.27.77.11.22.x500n" toa="null" sc_toa="null" service_center="null" read="1" status="-1" locked="0" date_sent="0" readable_date="21-11-2015 18:12:00" contact_name="Chi H. v. b" />
  <sms protocol="0" address="01685897838" date="1448104329947" type="2" subject="null" body="Nhan 7 tin." toa="null" sc_toa="null" service_center="null" read="1" status="32" locked="0" date_sent="0" readable_date="21-11-2015 18:12:09" contact_name="Chi H. v. b" />
  <sms protocol="0" address="+841677281854" date="1448104330711" type="1" subject="null" body="chau gui cho co 2 tin" toa="null" sc_toa="null" service_center="null" read="1" status="-1" locked="0" date_sent="0" readable_date="21-11-2015 18:12:10" contact_name="(Unknown)" />
  <sms protocol="0" address="01685897838" date="1448104332949" type="2" subject="null" body="Nhan 7 tin." toa="null" sc_toa="null" service_center="null" read="1" status="0" locked="0" date_sent="0" readable_date="21-11-2015 18:12:12" contact_name="Chi H. v. b" />
  <sms protocol="0" address="01685897838" date="1448104335957" type="2" subject="null" body="Nhan 7 tin." toa="null" sc_toa="null" service_center="null" read="1" status="32" locked="0" date_sent="0" readable_date="21-11-2015 18:12:15" contact_name="Chi H. v. b" />
  <sms protocol="0" address="0964386982" date="1448104359951" type="2" subject="null" body="Tin 6: De:08,17,18,25,30,32,40,41,42,43,53,62,81,95x500n.89,06,07,09,10,36,37,51,52,56,60,65,68,69,70,73,75,86,91x400n.20,23,28x300n.58,71,85x200n.45,54,44,99,22,27,00,05,11,38,49,77,88,33,50,72,83,94,16,55,61,66x100n." toa="null" sc_toa="null" service_center="null" read="1" status="0" locked="0" date_sent="0" readable_date="21-11-2015 18:12:39" contact_name="A Duc" />
  <sms protocol="0" address="+84964386982" date="1448104452806" type="1" subject="null" body="Nhan 6 tin.so tin cuoi:6." toa="null" sc_toa="null" service_center="null" read="1" status="-1" locked="0" date_sent="0" readable_date="21-11-2015 18:14:12" contact_name="A Duc" />
  <sms protocol="0" address="0964386982" date="1448104539947" type="2" subject="null" body="Tin 7: De:45,58,71,85,20,23,28,89,44,99,22,27,00,05,11,38,49,77,88,33,50,72,83,94,16,55,61,66x100n." toa="null" sc_toa="null" service_center="null" read="1" status="32" locked="0" date_sent="0" readable_date="21-11-2015 18:15:39" contact_name="A Duc" />
  <sms protocol="0" address="+84964386982" date="1448104552816" type="1" subject="null" body="Nhan 7 tin.so tin cuoi:7." toa="null" sc_toa="null" service_center="null" read="1" status="-1" locked="0" date_sent="0" readable_date="21-11-2015 18:15:52" contact_name="A Duc" />
  <sms protocol="0" address="01677281854" date="1448104557949" type="2" subject="null" body="Tin3: de:44,99x5490n.22,27x5190n.00,05,11,38,49,77,88x4990n.33,50,72,83,94x4490n.16,55,61,66x3990n.45x500n.58,71,85x300n.20,23,28x200n." toa="null" sc_toa="null" service_center="null" read="1" status="0" locked="0" date_sent="0" readable_date="21-11-2015 18:15:57" contact_name="(Unknown)" />
  <sms protocol="0" address="01677281854" date="1448104566952" type="2" subject="null" body="Tin4: de:02,03,06,07,08,09,10,12,14,17,18,21,24,25,26,29,30,32,34,35,36,37,40,41,42,43,48,51,52,53,54,56,59,60,62,65,67,68,69,70,73,75,76,80,81,82,84,86,87,89,91,95,98x100n." toa="null" sc_toa="null" service_center="null" read="1" status="0" locked="0" date_sent="0" readable_date="21-11-2015 18:16:06" contact_name="(Unknown)" />
  <sms protocol="0" address="+841677281854" date="1448104598974" type="1" subject="null" body="Nhan 3 tin.so tin cuoi:4.Tin thieu:3" toa="null" sc_toa="null" service_center="null" read="1" status="-1" locked="0" date_sent="0" readable_date="21-11-2015 18:16:38" contact_name="(Unknown)" />
  <sms protocol="0" address="+841677281854" date="1448104623951" type="2" subject="null" body="Tin3: de:44,99x5490n.22,27x5190n.00,05,11,38,49,77,88x4990n.33,50,72,83,94x4490n.16,55,61,66x3990n.45x500n.58,71,85x300n.20,23,28x200n." toa="null" sc_toa="null" service_center="null" read="1" status="32" locked="0" date_sent="0" readable_date="21-11-2015 18:17:03" contact_name="(Unknown)" />
  <sms protocol="0" address="+841677281854" date="1448104660517" type="1" subject="null" body="Nhan 4 tin.so tin cuoi:4." toa="null" sc_toa="null" service_center="null" read="1" status="-1" locked="0" date_sent="0" readable_date="21-11-2015 18:17:40" contact_name="(Unknown)" />
  <sms protocol="0" address="+841685897838" date="1448104758256" type="1" subject="null" body="De 26x50n." toa="null" sc_toa="null" service_center="null" read="1" status="-1" locked="0" date_sent="0" readable_date="21-11-2015 18:19:18" contact_name="Chi H. v. b" />
  <sms protocol="0" address="01685897838" date="1448104764960" type="2" subject="null" body="Nhan 8 tin." toa="null" sc_toa="null" service_center="null" read="1" status="32" locked="0" date_sent="0" readable_date="21-11-2015 18:19:24" contact_name="Chi H. v. b" />
  <sms protocol="0" address="01677281854" date="1448104779948" type="2" subject="null" body="Tin 5: De:26x50n." toa="null" sc_toa="null" service_center="null" read="1" status="32" locked="0" date_sent="0" readable_date="21-11-2015 18:19:39" contact_name="(Unknown)" />
  <sms protocol="0" address="+841677281854" date="1448104801725" type="1" subject="null" body="chau gui cho co 4 tin" toa="null" sc_toa="null" service_center="null" read="1" status="-1" locked="0" date_sent="0" readable_date="21-11-2015 18:20:01" contact_name="(Unknown)" />
  <sms protocol="0" address="+841677281854" date="1448104812044" type="1" subject="null" body="Nhan 5 tin.so tin cuoi:5." toa="null" sc_toa="null" service_center="null" read="1" status="-1" locked="0" date_sent="0" readable_date="21-11-2015 18:20:12" contact_name="(Unknown)" />
  <sms protocol="0" address="0983099345" date="1448104916445" type="2" subject="null" body="Nhan 2 tin.. HET DE" toa="null" sc_toa="null" service_center="null" read="1" status="32" locked="0" date_sent="0" readable_date="21-11-2015 18:21:56" contact_name="Viet Bo" />
  <sms protocol="0" address="0979399373" date="1448104917945" type="2" subject="null" body="Nhan 1 tin.. HET DE" toa="null" sc_toa="null" service_center="null" read="1" status="0" locked="0" date_sent="0" readable_date="21-11-2015 18:21:57" contact_name="A Tung Thuy?" />
  <sms protocol="0" address="01685897838" date="1448104919446" type="2" subject="null" body="Nhan 8 tin.. HET DE" toa="null" sc_toa="null" service_center="null" read="1" status="0" locked="0" date_sent="0" readable_date="21-11-2015 18:21:59" contact_name="Chi H. v. b" />
  <sms protocol="0" address="0968193922" date="1448104920947" type="2" subject="null" body="Nhan 2 tin.. HET DE" toa="null" sc_toa="null" service_center="null" read="1" status="32" locked="0" date_sent="0" readable_date="21-11-2015 18:22:00" contact_name="(Unknown)" />
  <sms protocol="0" address="+84964386982" date="1448105386089" type="1" subject="null" body="Ngay:21/11/2015&#10;em chuyen cho anh&#10;De:53400,0=38181,0n&#10;Lo:90,0=1953,0n&#10;Xien:65,0=390,0n&#10;Th de:400,0=28000,0n&#10;em bu cho anh:12524,0n&#10;" toa="null" sc_toa="null" service_center="null" read="1" status="-1" locked="0" date_sent="0" readable_date="21-11-2015 18:29:46" contact_name="A Duc" />
  <sms protocol="0" address="0968193922" date="1448105394948" type="2" subject="null" body="Ngay:21/11/2015&#13;&#10;chị chuyen cho EM&#13;&#10;Xien:36,0=244,8n&#13;&#10;chị bu cho EM:244,8n&#13;&#10;" toa="null" sc_toa="null" service_center="null" read="1" status="32" locked="0" date_sent="0" readable_date="21-11-2015 18:29:54" contact_name="(Unknown)" />
  <sms protocol="0" address="0983099345" date="1448105399444" type="2" subject="null" body="Ngay:21/11/2015&#13;&#10;Ban chuyen cho toi&#13;&#10;De:2500,0=1825,0n&#13;&#10;Lo:35,0=763,0n&#13;&#10;Th lo:10,0=800,0n&#13;&#10;Ban bu cho toi:1788,0n&#13;&#10;" toa="null" sc_toa="null" service_center="null" read="1" status="0" locked="0" date_sent="0" readable_date="21-11-2015 18:29:59" contact_name="Viet Bo" />
  <sms protocol="0" address="01665040000" date="1448105405445" type="2" subject="null" body="Ngay:21/11/2015&#13;&#10;em chuyen cho anh&#13;&#10;Xien:151,0=906,0n&#13;&#10;em bu cho anh:906,0n&#13;&#10;" toa="null" sc_toa="null" service_center="null" read="1" status="32" locked="0" date_sent="0" readable_date="21-11-2015 18:30:05" contact_name="(Unknown)" />
  <sms protocol="0" address="01685897838" date="1448105411446" type="2" subject="null" body="Ngay:21/11/2015&#13;&#10;chi chuyen cho EM&#13;&#10;De:153150,0=110268,0n&#13;&#10;Lo:290,0=6307,5n&#13;&#10;Xien:240,0=1560,0n&#13;&#10;Th de:500,0=35000,0n&#13;&#10;Th lo:20,0=1600,0n&#13;&#10;chi bu cho EM:81535,5n&#13;&#10;" toa="null" sc_toa="null" service_center="null" read="1" status="0" locked="0" date_sent="0" readable_date="21-11-2015 18:30:11" contact_name="Chi H. v. b" />
  <sms protocol="0" address="01677281854" date="1448105417444" type="2" subject="null" body="Ngay:21/11/2015&#13;&#10;chau chuyen cho co&#13;&#10;De:102050,0=73476,0n&#13;&#10;Lo:255,0=5533,5n&#13;&#10;Thuong de:100,0=7000,0n&#13;&#10;Thuong lo:30,0=2400,0n&#13;&#10;chau bu cho co:69609,5n&#13;&#10;" toa="null" sc_toa="null" service_center="null" read="1" status="0" locked="0" date_sent="0" readable_date="21-11-2015 18:30:17" contact_name="(Unknown)" />
  <sms protocol="0" address="0964386982" date="1448105424968" type="2" subject="null" body="Ngay:21/11/2015&#13;&#10;em chuyen cho anh&#13;&#10;De:53400,0=38181,0n&#13;&#10;Lo:90,0=1953,0n&#13;&#10;Xien:65,0=390,0n&#13;&#10;Thuong de:400,0=28000,0n&#13;&#10;em bu cho anh:12524,0n&#13;&#10;" toa="null" sc_toa="null" service_center="null" read="1" status="32" locked="0" date_sent="0" readable_date="21-11-2015 18:30:24" contact_name="A Duc" />
  <sms protocol="0" address="01643882826" date="1448105430953" type="2" subject="null" body="Ngay:21/11/2015&#13;&#10;chau chuyen cho co&#13;&#10;Xien:55,0=330,0n&#13;&#10;chau bu cho co:330,0n&#13;&#10;" toa="null" sc_toa="null" service_center="null" read="1" status="0" locked="0" date_sent="0" readable_date="21-11-2015 18:30:30" contact_name="(Unknown)" />
  <sms protocol="0" address="0979399373" date="1448105436943" type="2" subject="null" body="Ngay:21/11/2015&#13;&#10;Anh chuyen cho EM&#13;&#10;Lo:20,0=440,0n&#13;&#10;Anh bu cho EM:440,0n&#13;&#10;" toa="null" sc_toa="null" service_center="null" read="1" status="0" locked="0" date_sent="0" readable_date="21-11-2015 18:30:36" contact_name="A Tung Thuy?" />
  <sms protocol="0" address="5055" date="1448105442815" type="1" subject="null" body="21/11:&#10;DB:12809&#10;1:28596&#10;2:16568-94079&#10;3:35536-34290-32174-96393-35442-32606&#10;4:9488-6889-1605-5560&#10;5:8138-8826-8662-3416-8156-4681&#10;6:778-165-515&#10;7:03-78-32-57 " toa="null" sc_toa="null" service_center="null" read="1" status="-1" locked="0" date_sent="0" readable_date="21-11-2015 18:30:42" contact_name="(Unknown)" />
  <sms protocol="0" address="+841677281854" date="1448105534565" type="1" subject="null" body="Ngay:21/11/2015&#10;chau chuyen cho co&#10;De:102050,0=73476,0n&#10;Lo:255,0=5533,5n&#10;Th de:100,0=7000,0n&#10;Th lo:30,0=2400,0n&#10;chau bu cho co:69609,5n&#10;" toa="null" sc_toa="null" service_center="null" read="1" status="-1" locked="0" date_sent="0" readable_date="21-11-2015 18:32:14" contact_name="(Unknown)" />
  <sms protocol="0" address="01632029067" date="1448105674232" type="2" subject="null" body="Tinh den het ngay:20/11/15 EM thu 2160n&#13;&#10;Ngay:21/11/15 Chị-244n &#13;&#10;Tong cong: EM thu 2404" toa="null" sc_toa="null" service_center="null" read="1" status="32" locked="0" date_sent="0" readable_date="21-11-2015 18:34:34" contact_name="(Unknown)" />
  <sms protocol="0" address="01643882826" date="1448105691309" type="2" subject="null" body="Tinh den het ngay:20/11/15 chau bu 5292n&#13;&#10;Ngay:21/11/15 co+330n &#13;&#10;Tong cong: chau bu 5622" toa="null" sc_toa="null" service_center="null" read="1" status="0" locked="0" date_sent="0" readable_date="21-11-2015 18:34:51" contact_name="(Unknown)" />
  <sms protocol="0" address="01665040000" date="1448105700261" type="2" subject="null" body="Tinh den het ngay:20/11/15 em bu 11781n&#13;&#10;Ngay:21/11/15 anh+906n &#13;&#10;Tong cong: em bu 12687" toa="null" sc_toa="null" service_center="null" read="1" status="32" locked="0" date_sent="0" readable_date="21-11-2015 18:35:00" contact_name="(Unknown)" />
  <sms protocol="0" address="01677281854" date="1448105706992" type="2" subject="null" body="Tinh den het ngay:20/11/15 chau bu 66887n&#13;&#10;Ngay:21/11/15 co-16887n -20000n -50000n +69609n &#13;&#10;Tong cong: chau bu 49609" toa="null" sc_toa="null" service_center="null" read="1" status="32" locked="0" date_sent="0" readable_date="21-11-2015 18:35:06" contact_name="(Unknown)" />
  <sms protocol="0" address="0964386982" date="1448105711284" type="2" subject="null" body="Tinh den het ngay:20/11/15 em thu 16448n&#13;&#10;Ngay:21/11/15 anh+16448n +12524n &#13;&#10;Tong cong: em bu 12524" toa="null" sc_toa="null" service_center="null" read="1" status="32" locked="0" date_sent="0" readable_date="21-11-2015 18:35:11" contact_name="A Duc" />
  <sms protocol="0" address="0983099345" date="1448105728445" type="2" subject="null" body="Tinh den het ngay:20/11/15 toi thu 106081n&#13;&#10;Ngay:21/11/15 Ban+50000n -1788n -81487n &#13;&#10;Tong cong: toi thu 139356" toa="null" sc_toa="null" service_center="null" read="1" status="32" locked="0" date_sent="0" readable_date="21-11-2015 18:35:28" contact_name="Viet Bo" />
  <sms protocol="0" address="0983099345" date="1448108818506" type="2" subject="null" body="Ngay:21/11/2015&#13;&#10;chi chuyen cho EM&#13;&#10;chi bu cho EM:81535,5n&#13;&#10;T thu c 81487" toa="null" sc_toa="null" service_center="null" read="1" status="0" locked="0" date_sent="0" readable_date="21-11-2015 19:26:58" contact_name="Viet Bo" />
</smses>