<?xml version='1.0' encoding='UTF-8' standalone='yes' ?>
<!--File Created By SMS Backup & Restore Pro v7.21 on 22/11/2015 18:24:38-->
<?xml-stylesheet type="text/xsl" href="sms.xsl"?>
<smses count="68">
  <sms protocol="0" address="+84983099345" date="1448148238094" type="1" subject="null" body="chị hiền là 125240" toa="null" sc_toa="null" service_center="+84980200623" read="0" status="-1" locked="0" date_sent="1448148215000" readable_date="22-11-2015 06:23:58" contact_name="Viet Bo" />
  <sms protocol="0" address="109" date="1448151173327" type="1" subject="null" body="Viettel da gia han thanh cong tinh nang VT100. Quy khach co 200 tin nhan noi mang va cuoc goi noi mang giam con 200d/phut tru tai khoan goc. TKKM se tru theo quy dinh goi cuoc. Cuoc goi se tru tu TK goc den TK KM. KM ap dung den 24h ngay dang ky. De kiem tra so tin nhan, soan KT100 gui 109 (100d/tin).  Huy gia han, soan HUYVT gui 109 (100d/tin). Chi tiet LH 198 (200d/phut)." toa="null" sc_toa="null" service_center="+84980200037" read="0" status="-1" locked="0" date_sent="1448151165000" readable_date="22-11-2015 07:12:53" contact_name="(Unknown)" />
  <sms protocol="0" address="0974282195" date="1448178469473" type="2" subject="null" body="ngay 21/11/15:&#13;&#10;THU:&#13;&#10;v b:139356&#13;&#10;A 10 3500&#10;BU&#13;&#10;boss:49609;&#13;&#10;a duc:12524" toa="null" sc_toa="null" service_center="null" read="1" status="0" locked="0" date_sent="0" readable_date="22-11-2015 14:47:49" contact_name="(Unknown)" />
  <sms protocol="0" address="+84974282195" date="1448179903177" type="1" subject="null" body="218 het han 23/12" toa="null" sc_toa="null" service_center="null" read="0" status="-1" locked="0" date_sent="0" readable_date="22-11-2015 15:11:43" contact_name="(Unknown)" />
  <sms protocol="0" address="+84974282195" date="1448182283357" type="1" subject="null" body="tien e vay 1000&#10;vb dua 6000&#10;co loc 1t &#10;a tu 1t" toa="null" sc_toa="null" service_center="null" read="0" status="-1" locked="0" date_sent="0" readable_date="22-11-2015 15:51:23" contact_name="(Unknown)" />
  <sms protocol="0" address="+84974282195" date="1448184157060" type="1" subject="null" body="66 50đ. 96 25đ. 69 25đ" toa="null" sc_toa="null" service_center="null" read="0" status="-1" locked="0" date_sent="0" readable_date="22-11-2015 16:22:37" contact_name="(Unknown)" />
  <sms protocol="0" address="+84983099345" date="1448188582357" type="1" subject="null" body="đề đầu 8x200n , de 89x2tr lô 89,98x100d" toa="null" sc_toa="null" service_center="null" read="0" status="-1" locked="0" date_sent="0" readable_date="22-11-2015 17:36:22" contact_name="Viet Bo" />
  <sms protocol="0" address="0983099345" date="1448188605550" type="2" subject="null" body="Nhan 1 tin." toa="null" sc_toa="null" service_center="null" read="1" status="32" locked="0" date_sent="0" readable_date="22-11-2015 17:36:45" contact_name="Viet Bo" />
  <sms protocol="0" address="+84914967139" date="1448188633637" type="1" subject="null" body="De 89 x 100 n  dạu dit  8 x  20 n   82 28 92 29 39 93  84 48 88  x 20 n .xien  66  02 83  x 20 d 39 83 60 x 10 d " toa="null" sc_toa="null" service_center="null" read="0" status="-1" locked="0" date_sent="0" readable_date="22-11-2015 17:37:13" contact_name="(Unknown)" />
  <sms protocol="0" address="0914967139" date="1448188644553" type="2" subject="null" body="Nhan 1 tin." toa="null" sc_toa="null" service_center="null" read="1" status="32" locked="0" date_sent="0" readable_date="22-11-2015 17:37:24" contact_name="(Unknown)" />
  <sms protocol="0" address="+841685897838" date="1448189149590" type="1" subject="null" body="De 45 x100n Xien 42.68x5d.32.86x5d." toa="null" sc_toa="null" service_center="null" read="1" status="-1" locked="0" date_sent="0" readable_date="22-11-2015 17:45:49" contact_name="Chi H. v. b" />
  <sms protocol="0" address="01685897838" date="1448189171052" type="2" subject="null" body="Nhan 1 tin." toa="null" sc_toa="null" service_center="null" read="1" status="0" locked="0" date_sent="0" readable_date="22-11-2015 17:46:11" contact_name="Chi H. v. b" />
  <sms protocol="0" address="01685897838" date="1448189174051" type="2" subject="null" body="Nhan 1 tin." toa="null" sc_toa="null" service_center="null" read="1" status="0" locked="0" date_sent="0" readable_date="22-11-2015 17:46:14" contact_name="Chi H. v. b" />
  <sms protocol="0" address="0964386982" date="1448189606049" type="2" subject="null" body="Tin 1: lo:89,98,66x50d.69,96x25d." toa="null" sc_toa="null" service_center="null" read="1" status="0" locked="0" date_sent="0" readable_date="22-11-2015 17:53:26" contact_name="A Duc" />
  <sms protocol="0" address="01677281854" date="1448189619557" type="2" subject="null" body="Tin 1: lo:89,98x50d." toa="null" sc_toa="null" service_center="null" read="1" status="32" locked="0" date_sent="0" readable_date="22-11-2015 17:53:39" contact_name="(Unknown)" />
  <sms protocol="0" address="+841677281854" date="1448189643898" type="1" subject="null" body="Nhan 1 tin.so tin cuoi:1." toa="null" sc_toa="null" service_center="null" read="1" status="-1" locked="0" date_sent="0" readable_date="22-11-2015 17:54:03" contact_name="(Unknown)" />
  <sms protocol="0" address="0964386982" date="1448189711049" type="2" subject="null" body="Tin 2: De:89x700n.88x210n.82,84x190n.80,81,83,85,86,87x170n.45x50n." toa="null" sc_toa="null" service_center="null" read="1" status="0" locked="0" date_sent="0" readable_date="22-11-2015 17:55:11" contact_name="A Duc" />
  <sms protocol="0" address="01677281854" date="1448189723049" type="2" subject="null" body="Tin 2: De:89x1570n." toa="null" sc_toa="null" service_center="null" read="1" status="32" locked="0" date_sent="0" readable_date="22-11-2015 17:55:23" contact_name="(Unknown)" />
  <sms protocol="0" address="+841677281854" date="1448189746619" type="1" subject="null" body="Nhan 2 tin.so tin cuoi:2." toa="null" sc_toa="null" service_center="null" read="1" status="-1" locked="0" date_sent="0" readable_date="22-11-2015 17:55:46" contact_name="(Unknown)" />
  <sms protocol="0" address="01677611443" date="1448189797237" type="2" subject="null" body="De 2kep x50n" toa="null" sc_toa="null" service_center="null" read="1" status="32" locked="0" date_sent="0" readable_date="22-11-2015 17:56:37" contact_name="(Unknown)" />
  <sms protocol="0" address="+841685897838" date="1448189808466" type="1" subject="null" body="Lo 13.46.76.54x30₫" toa="null" sc_toa="null" service_center="null" read="1" status="-1" locked="0" date_sent="0" readable_date="22-11-2015 17:56:48" contact_name="Chi H. v. b" />
  <sms protocol="0" address="01685897838" date="1448189816049" type="2" subject="null" body="Nhan 2 tin." toa="null" sc_toa="null" service_center="null" read="1" status="0" locked="0" date_sent="0" readable_date="22-11-2015 17:56:56" contact_name="Chi H. v. b" />
  <sms protocol="0" address="01685897838" date="1448189817547" type="2" subject="null" body="Nhan 2 tin." toa="null" sc_toa="null" service_center="null" read="1" status="0" locked="0" date_sent="0" readable_date="22-11-2015 17:56:57" contact_name="Chi H. v. b" />
  <sms protocol="0" address="01677281854" date="1448189885046" type="2" subject="null" body="Tin 3: lo:13,46,54,76x30d." toa="null" sc_toa="null" service_center="null" read="1" status="0" locked="0" date_sent="0" readable_date="22-11-2015 17:58:05" contact_name="(Unknown)" />
  <sms protocol="0" address="+841677281854" date="1448189909297" type="1" subject="null" body="Nhan 3 tin.so tin cuoi:3." toa="null" sc_toa="null" service_center="null" read="1" status="-1" locked="0" date_sent="0" readable_date="22-11-2015 17:58:29" contact_name="(Unknown)" />
  <sms protocol="0" address="+84968193922" date="1448189973180" type="1" subject="null" body="X3.48.49.95.=30 ; X2.35.55.=30 ; X2.27.35.=30 ; X2.27.55.=30 ; X2.34.33.=50 ; X2.66.85.=50 ; X2.88.99.=50 ; X2.61.68.=50 ;" toa="null" sc_toa="null" service_center="null" read="0" status="-1" locked="0" date_sent="0" readable_date="22-11-2015 17:59:33" contact_name="(Unknown)" />
  <sms protocol="0" address="+84964386982" date="1448189980072" type="1" subject="null" body="Nhan 2 tin.so tin cuoi:2." toa="null" sc_toa="null" service_center="null" read="1" status="-1" locked="0" date_sent="0" readable_date="22-11-2015 17:59:40" contact_name="A Duc" />
  <sms protocol="0" address="+841685897838" date="1448189991153" type="1" subject="null" body="De 76 78 97 99 5 5 66 86 424 50 22 272 161 88 77x10N dau 7 X. 10N" toa="null" sc_toa="null" service_center="null" read="1" status="-1" locked="0" date_sent="0" readable_date="22-11-2015 17:59:51" contact_name="Chi H. v. b" />
  <sms protocol="0" address="0968193922" date="1448190002048" type="2" subject="null" body="Nhan 1 tin." toa="null" sc_toa="null" service_center="null" read="1" status="0" locked="0" date_sent="0" readable_date="22-11-2015 18:00:02" contact_name="(Unknown)" />
  <sms protocol="0" address="01685897838" date="1448190017048" type="2" subject="null" body="Nhan 3 tin." toa="null" sc_toa="null" service_center="null" read="1" status="0" locked="0" date_sent="0" readable_date="22-11-2015 18:00:17" contact_name="Chi H. v. b" />
  <sms protocol="0" address="01643882826" date="1448190062049" type="2" subject="null" body="Tin 1: xi3:39,60,83*5d.xi3:02,66,83*15d." toa="null" sc_toa="null" service_center="null" read="1" status="0" locked="0" date_sent="0" readable_date="22-11-2015 18:01:02" contact_name="(Unknown)" />
  <sms protocol="0" address="01665040000" date="1448190086048" type="2" subject="null" body="Tin 1: xi3:02,66,83*5d.,xi3:39,60,83*5d.,xi2:32,86*5d.,xi2:33,34*5d.,xi2:42,68*5d.,xi2:61,68*5d.,xi2:66,85*5d.,xi2:88,99*5d.xi2:27,35*3d.,xi2:27,55*3d.,xi2:35,55*3d.,xi3:48,49,95*3d." toa="null" sc_toa="null" service_center="null" read="1" status="0" locked="0" date_sent="0" readable_date="22-11-2015 18:01:26" contact_name="(Unknown)" />
  <sms protocol="0" address="+841665040000" date="1448190157693" type="1" subject="null" body="Ok" toa="null" sc_toa="null" service_center="null" read="1" status="-1" locked="0" date_sent="0" readable_date="22-11-2015 18:02:37" contact_name="(Unknown)" />
  <sms protocol="0" address="+841665040000" date="1448190190098" type="1" subject="null" body="Ok :))" toa="null" sc_toa="null" service_center="null" read="1" status="-1" locked="0" date_sent="0" readable_date="22-11-2015 18:03:10" contact_name="(Unknown)" />
  <sms protocol="0" address="+841685897838" date="1448190385440" type="1" subject="null" body="He03.x500.21.14x150.dan 48x500" toa="null" sc_toa="null" service_center="null" read="1" status="-1" locked="0" date_sent="0" readable_date="22-11-2015 18:06:25" contact_name="Chi H. v. b" />
  <sms protocol="0" address="01685897838" date="1448190396547" type="2" subject="null" body="Nhan 4 tin." toa="null" sc_toa="null" service_center="null" read="1" status="0" locked="0" date_sent="0" readable_date="22-11-2015 18:06:36" contact_name="Chi H. v. b" />
  <sms protocol="0" address="0964386982" date="1448190444549" type="2" subject="null" body="Tin 3: De:58x700n.85x530n.86x360n.45,80,84,87x350n.48,78x340n.08,68,76x320n.74,75,88x310n.03,30,35,46,47,53,54,56,57,64,65,67x300n.77x270n.55,66x260n.44x250n." toa="null" sc_toa="null" service_center="null" read="1" status="0" locked="0" date_sent="0" readable_date="22-11-2015 18:07:24" contact_name="A Duc" />
  <sms protocol="0" address="01677281854" date="1448190459548" type="2" subject="null" body="Tin 4: De:85x520n.58x320n.03,08,30,35,44,45,46,47,48,53,54,55,56,57,64,65,66,67,68,74,75,76,77,78,80,84,86,87,88x200n.14,21x150n.81,82,89x50n.28x40n.18,29,39,92,93,98x20n.24,42,70,71,73,79,97x10n." toa="null" sc_toa="null" service_center="null" read="1" status="0" locked="0" date_sent="0" readable_date="22-11-2015 18:07:39" contact_name="(Unknown)" />
  <sms protocol="0" address="+84964386982" date="1448190481939" type="1" subject="null" body="Nhan 3 tin.so tin cuoi:3." toa="null" sc_toa="null" service_center="null" read="1" status="-1" locked="0" date_sent="0" readable_date="22-11-2015 18:08:01" contact_name="A Duc" />
  <sms protocol="0" address="+841677281854" date="1448190508783" type="1" subject="null" body="Nhan 4 tin.so tin cuoi:4." toa="null" sc_toa="null" service_center="null" read="0" status="-1" locked="0" date_sent="0" readable_date="22-11-2015 18:08:28" contact_name="(Unknown)" />
  <sms protocol="0" address="+841685897838" date="1448190584916" type="1" subject="null" body="De he 27.49x500.xjen 98.68.88x10d.00.98.35x10d.29.71.88x10d" toa="null" sc_toa="null" service_center="null" read="1" status="-1" locked="0" date_sent="0" readable_date="22-11-2015 18:09:44" contact_name="Chi H. v. b" />
  <sms protocol="0" address="01685897838" date="1448190591549" type="2" subject="null" body="Nhan 5 tin." toa="null" sc_toa="null" service_center="null" read="1" status="0" locked="0" date_sent="0" readable_date="22-11-2015 18:09:51" contact_name="Chi H. v. b" />
  <sms protocol="0" address="01685897838" date="1448190593050" type="2" subject="null" body="Nhan 5 tin." toa="null" sc_toa="null" service_center="null" read="1" status="0" locked="0" date_sent="0" readable_date="22-11-2015 18:09:53" contact_name="Chi H. v. b" />
  <sms protocol="0" address="01665040000" date="1448190612546" type="2" subject="null" body="Tin 2: xi3:00,35,98*10d.,xi3:29,71,88*10d.,xi3:68,88,98*10d." toa="null" sc_toa="null" service_center="null" read="1" status="32" locked="0" date_sent="0" readable_date="22-11-2015 18:10:12" contact_name="(Unknown)" />
  <sms protocol="0" address="+841685897838" date="1448190701415" type="1" subject="null" body="De.hai.kep.x3000.n.353.55.252.565.050.515.343.646.141.20.70.99.44.33.88.00.585.34.14.949.747.272.77.161.060.767.x800n" toa="null" sc_toa="null" service_center="null" read="1" status="-1" locked="0" date_sent="0" readable_date="22-11-2015 18:11:41" contact_name="Chi H. v. b" />
  <sms protocol="0" address="01685897838" date="1448190710054" type="2" subject="null" body="Nhan 6 tin." toa="null" sc_toa="null" service_center="null" read="1" status="32" locked="0" date_sent="0" readable_date="22-11-2015 18:11:50" contact_name="Chi H. v. b" />
  <sms protocol="0" address="01685897838" date="1448190711554" type="2" subject="null" body="Nhan 6 tin." toa="null" sc_toa="null" service_center="null" read="1" status="0" locked="0" date_sent="0" readable_date="22-11-2015 18:11:51" contact_name="Chi H. v. b" />
  <sms protocol="0" address="+841685897838" date="1448190873573" type="1" subject="null" body="He.36.33.12.77.03.00.43.x300n.585.585.69.20.30.505.55.00.272.33.383.363.343.575.88.81.919.99.949.44.x800n" toa="null" sc_toa="null" service_center="null" read="1" status="-1" locked="0" date_sent="0" readable_date="22-11-2015 18:14:33" contact_name="Chi H. v. b" />
  <sms protocol="0" address="01685897838" date="1448190879550" type="2" subject="null" body="Nhan 7 tin." toa="null" sc_toa="null" service_center="null" read="1" status="0" locked="0" date_sent="0" readable_date="22-11-2015 18:14:39" contact_name="Chi H. v. b" />
  <sms protocol="0" address="0964386982" date="1448190941054" type="2" subject="null" body="Tin 4: De:72,27,99,49,94,50,00,05,33,38,16,22,61,11,34,43,14,20,36,63x800n.83,81x630n.06,15,19,25,41,51,52,60,69,70,91x600n.44x550n.55,66x540n.77x530n.30,35,53,67,46,47,56,57,64,65x500n.74,75x490n.76x480n.88x280n.58,85,03,08,12,13,17,18,21,26,31,39,48,62,68,71,80,84,86,89,93,98x100n." toa="null" sc_toa="null" service_center="null" read="1" status="0" locked="0" date_sent="0" readable_date="22-11-2015 18:15:41" contact_name="A Duc" />
  <sms protocol="0" address="+84964386982" date="1448190966970" type="1" subject="null" body="Nhan 4 tin.so tin cuoi:4." toa="null" sc_toa="null" service_center="null" read="1" status="-1" locked="0" date_sent="0" readable_date="22-11-2015 18:16:06" contact_name="A Duc" />
  <sms protocol="0" address="0964386982" date="1448190978557" type="2" subject="null" body="Tin 5: De:88,72,27,44,55,99,49,94,77,50,00,05,33,83,38,16,22,61,58,85,66,11,34,43,14,20,76,30,35,53,67,81x200n.74,75x110n.36,46,47,56,57,63,64,65x100n." toa="null" sc_toa="null" service_center="null" read="1" status="32" locked="0" date_sent="0" readable_date="22-11-2015 18:16:18" contact_name="A Duc" />
  <sms protocol="0" address="01677281854" date="1448190996554" type="2" subject="null" body="Tin5: de:88x4420n.72x4370n.27x4360n.44x4350n.55x4160n.99x4060n.49,94x4050n.77x3870n.50x3860n.00,05,33x3850n.83x3270n.38x3070n.16,22,61x2760n.58,85x2400n.66x2260n.11x1950n.34x1700n.43x900n.14,20x600n.76x420n.30,35,53,67x400n.81x270n." toa="null" sc_toa="null" service_center="null" read="1" status="32" locked="0" date_sent="0" readable_date="22-11-2015 18:16:36" contact_name="(Unknown)" />
  <sms protocol="0" address="01677281854" date="1448191008547" type="2" subject="null" body="Tin6: de:03,06,08,12,13,15,17,18,19,21,25,26,31,36,39,41,46,47,48,51,52,56,57,60,62,63,64,65,68,69,70,71,74,75,80,84,86,89,91,93,98x200n." toa="null" sc_toa="null" service_center="null" read="1" status="32" locked="0" date_sent="0" readable_date="22-11-2015 18:16:48" contact_name="(Unknown)" />
  <sms protocol="0" address="+841677281854" date="1448191024556" type="1" subject="null" body="Nhan 5 tin.so tin cuoi:5." toa="null" sc_toa="null" service_center="null" read="0" status="-1" locked="0" date_sent="0" readable_date="22-11-2015 18:17:04" contact_name="(Unknown)" />
  <sms protocol="0" address="+841677281854" date="1448191032320" type="1" subject="null" body="Nhan 6 tin.so tin cuoi:6." toa="null" sc_toa="null" service_center="null" read="0" status="-1" locked="0" date_sent="0" readable_date="22-11-2015 18:17:12" contact_name="(Unknown)" />
  <sms protocol="0" address="+84964386982" date="1448191044907" type="1" subject="null" body="Nhan 5 tin.so tin cuoi:5." toa="null" sc_toa="null" service_center="null" read="1" status="-1" locked="0" date_sent="0" readable_date="22-11-2015 18:17:24" contact_name="A Duc" />
  <sms protocol="0" address="0974282195" date="1448191346051" type="2" subject="null" body="Nhan 1 tin.. HET DE" toa="null" sc_toa="null" service_center="null" read="1" status="32" locked="0" date_sent="0" readable_date="22-11-2015 18:22:26" contact_name="(Unknown)" />
  <sms protocol="0" address="0983099345" date="1448191347559" type="2" subject="null" body="Nhan 1 tin.. HET DE" toa="null" sc_toa="null" service_center="null" read="1" status="0" locked="0" date_sent="0" readable_date="22-11-2015 18:22:27" contact_name="Viet Bo" />
  <sms protocol="0" address="0914967139" date="1448191349077" type="2" subject="null" body="Nhan 1 tin.. HET DE" toa="null" sc_toa="null" service_center="null" read="1" status="32" locked="0" date_sent="0" readable_date="22-11-2015 18:22:29" contact_name="(Unknown)" />
  <sms protocol="0" address="01685897838" date="1448191350558" type="2" subject="null" body="Nhan 7 tin.. HET DE" toa="null" sc_toa="null" service_center="null" read="1" status="0" locked="0" date_sent="0" readable_date="22-11-2015 18:22:30" contact_name="Chi H. v. b" />
  <sms protocol="0" address="0968193922" date="1448191352055" type="2" subject="null" body="Nhan 1 tin.. HET DE" toa="null" sc_toa="null" service_center="null" read="1" status="32" locked="0" date_sent="0" readable_date="22-11-2015 18:22:32" contact_name="(Unknown)" />
  <sms protocol="0" address="+841677281854" date="1448191384283" type="1" subject="null" body="chau gui cho co 6 tin" toa="null" sc_toa="null" service_center="null" read="0" status="-1" locked="0" date_sent="0" readable_date="22-11-2015 18:23:04" contact_name="(Unknown)" />
  <sms protocol="0" address="01643882826" date="1448191391055" type="2" subject="null" body="chau gui cho co 1 tin" toa="null" sc_toa="null" service_center="null" read="1" status="0" locked="0" date_sent="0" readable_date="22-11-2015 18:23:11" contact_name="(Unknown)" />
  <sms protocol="0" address="01665040000" date="1448191392546" type="2" subject="null" body="em gui cho anh 2 tin" toa="null" sc_toa="null" service_center="null" read="1" status="0" locked="0" date_sent="0" readable_date="22-11-2015 18:23:12" contact_name="(Unknown)" />
  <sms protocol="0" address="01677281854" date="1448191394050" type="2" subject="null" body="chau gui cho co 6 tin" toa="null" sc_toa="null" service_center="null" read="1" status="0" locked="0" date_sent="0" readable_date="22-11-2015 18:23:14" contact_name="(Unknown)" />
  <sms protocol="0" address="01677611443" date="1448191395547" type="2" subject="null" body="EM gui cho BAC 1 tin" toa="null" sc_toa="null" service_center="null" read="1" status="32" locked="0" date_sent="0" readable_date="22-11-2015 18:23:15" contact_name="(Unknown)" />
  <sms protocol="0" address="0964386982" date="1448191397049" type="2" subject="null" body="em gui cho anh 5 tin" toa="null" sc_toa="null" service_center="null" read="1" status="0" locked="0" date_sent="0" readable_date="22-11-2015 18:23:17" contact_name="A Duc" />
</smses>