<?xml version='1.0' encoding='UTF-8' standalone='yes' ?>
<!--File Created By SMS Backup & Restore Pro v7.21 on 23/11/2015 22:37:01-->
<?xml-stylesheet type="text/xsl" href="sms.xsl"?>
<smses count="126">
  <sms protocol="0" address="BIDV" date="1448240812147" type="1" subject="null" body="TK 39010000577279 tai BIDV -11,000 VND vao 23:59 22/11/15;so du TK tai 08:11 23/11/15 la: 383,875 VND.ND: PHI QLTK 39010000577279 6TH CUOI NAM 201" toa="null" sc_toa="null" service_center="+84980200037" read="1" status="-1" locked="0" date_sent="1448240810000" readable_date="23-11-2015 08:06:52" contact_name="(Unknown)" />
  <sms protocol="0" address="0978475222" date="1448246822171" type="2" subject="null" body="Lai ngay 23 la 45k tat ca la 320" toa="null" sc_toa="null" service_center="null" read="1" status="0" locked="0" date_sent="0" readable_date="23-11-2015 09:47:02" contact_name="Huy Ly 222" />
  <sms protocol="0" address="01632468512" date="1448246822539" type="2" subject="null" body="Lai ngay 23 la 45k tat ca la 320" toa="null" sc_toa="null" service_center="null" read="1" status="0" locked="0" date_sent="0" readable_date="23-11-2015 09:47:02" contact_name="Huy ly2" />
  <sms protocol="0" address="+84978475222" date="1448249092268" type="1" subject="null" body="Ok." toa="null" sc_toa="null" service_center="+84980200613" read="1" status="-1" locked="0" date_sent="1448249089000" readable_date="23-11-2015 10:24:52" contact_name="Huy Ly 222" />
  <sms protocol="0" address="0977655973" date="1448259680145" type="2" subject="null" body="Tinh den het ngay:22/11/15 EM thu 2795n&#13;&#10;Ngay:23/11/15 BAC-2410n &#13;bong&#10;Tong cong: EM thu 5205" toa="null" sc_toa="null" service_center="null" read="1" status="32" locked="0" date_sent="0" readable_date="23-11-2015 13:21:20" contact_name="A Su Cong Tinh Uy" />
  <sms protocol="0" address="0977655973" date="1448259696668" type="2" subject="null" body="Hom nay a gui e 3trieu so con lai cuoi thag a gui e" toa="null" sc_toa="null" service_center="null" read="1" status="32" locked="0" date_sent="0" readable_date="23-11-2015 13:21:36" contact_name="A Su Cong Tinh Uy" />
  <sms protocol="0" address="+84983099345" date="1448273109631" type="1" subject="null" body="Lô 292 x15d . 99 x20d . Đề đầu 9 x20n ." toa="null" sc_toa="null" service_center="null" read="1" status="-1" locked="0" date_sent="0" readable_date="23-11-2015 17:05:09" contact_name="Viet Bo" />
  <sms protocol="0" address="+84983099345" date="1448273124015" type="1" subject="null" body="đề đầu 8x500n" toa="null" sc_toa="null" service_center="null" read="1" status="-1" locked="0" date_sent="0" readable_date="23-11-2015 17:05:24" contact_name="Viet Bo" />
  <sms protocol="0" address="0983099345" date="1448274240251" type="2" subject="null" body="Nhan 2 tin." toa="null" sc_toa="null" service_center="null" read="1" status="32" locked="0" date_sent="0" readable_date="23-11-2015 17:24:00" contact_name="Viet Bo" />
  <sms protocol="0" address="+841685897838" date="1448275078042" type="1" subject="null" body="De 787.080.797.383x50n.day 38x50n." toa="null" sc_toa="null" service_center="null" read="1" status="-1" locked="0" date_sent="0" readable_date="23-11-2015 17:37:58" contact_name="Chi H. v. b" />
  <sms protocol="0" address="+841685897838" date="1448275178874" type="1" subject="null" body="Lo  585x10d.de 585x50n." toa="null" sc_toa="null" service_center="null" read="1" status="-1" locked="0" date_sent="0" readable_date="23-11-2015 17:39:38" contact_name="Chi H. v. b" />
  <sms protocol="0" address="01685897838" date="1448275233257" type="2" subject="null" body="Nhan 2 tin." toa="null" sc_toa="null" service_center="null" read="1" status="32" locked="0" date_sent="0" readable_date="23-11-2015 17:40:33" contact_name="Chi H. v. b" />
  <sms protocol="0" address="01685897838" date="1448275236261" type="2" subject="null" body="Nhan 2 tin." toa="null" sc_toa="null" service_center="null" read="1" status="0" locked="0" date_sent="0" readable_date="23-11-2015 17:40:36" contact_name="Chi H. v. b" />
  <sms protocol="0" address="+841685897838" date="1448275280283" type="1" subject="null" body="Xjen 22.34.86x10d.58.44.x10d.91.86.35.x10d.66.26.86x10d.99.47.22x10d.58.22.29x10d.22.33.44x10d" toa="null" sc_toa="null" service_center="null" read="1" status="-1" locked="0" date_sent="0" readable_date="23-11-2015 17:41:20" contact_name="Chi H. v. b" />
  <sms protocol="0" address="01685897838" date="1448275288757" type="2" subject="null" body="Nhan 3 tin." toa="null" sc_toa="null" service_center="null" read="1" status="32" locked="0" date_sent="0" readable_date="23-11-2015 17:41:28" contact_name="Chi H. v. b" />
  <sms protocol="0" address="01685897838" date="1448275290252" type="2" subject="null" body="Nhan 3 tin." toa="null" sc_toa="null" service_center="null" read="1" status="0" locked="0" date_sent="0" readable_date="23-11-2015 17:41:30" contact_name="Chi H. v. b" />
  <sms protocol="0" address="+84979399373" date="1448275512128" type="1" subject="null" body="Lô 69,96x 10. Lx3: 45,62,95x70k" toa="null" sc_toa="null" service_center="null" read="1" status="-1" locked="0" date_sent="0" readable_date="23-11-2015 17:45:12" contact_name="A Tung Thuy?" />
  <sms protocol="0" address="0979399373" date="1448275552754" type="2" subject="null" body="Anh gui cho EM 1 tin" toa="null" sc_toa="null" service_center="null" read="1" status="0" locked="0" date_sent="0" readable_date="23-11-2015 17:45:52" contact_name="A Tung Thuy?" />
  <sms protocol="0" address="+841685897838" date="1448275723441" type="1" subject="null" body="Lo 27.97.787.383.x20d.87.55.86.x10d.xiện 65 .27.38x5d.97.78.20x5d.42.67.47x5d..De 65.67.x100.tông 9x100.kẹp băng x400.kẹp lệch x300." toa="null" sc_toa="null" service_center="null" read="1" status="-1" locked="0" date_sent="0" readable_date="23-11-2015 17:48:43" contact_name="Chi H. v. b" />
  <sms protocol="0" address="01685897838" date="1448275728256" type="2" subject="null" body="Nhan 4 tin." toa="null" sc_toa="null" service_center="null" read="1" status="0" locked="0" date_sent="0" readable_date="23-11-2015 17:48:48" contact_name="Chi H. v. b" />
  <sms protocol="0" address="01677281854" date="1448275747751" type="2" subject="null" body="Tin 1: lo:87x30d.27,38,78,83,97,99x20d.29,92x15d.55,58,69,85,86,96x10d." toa="null" sc_toa="null" service_center="null" read="1" status="0" locked="0" date_sent="0" readable_date="23-11-2015 17:49:07" contact_name="(Unknown)" />
  <sms protocol="0" address="01665040000" date="1448275765754" type="2" subject="null" body="Tin 1: xi3:20,78,97*5d.,xi3:27,38,65*5d.,xi3:42,47,67*5d.xi3:45,62,95*7d.xi3:22,29,58*10d.,xi3:22,33,44*10d.,xi3:22,34,86*10d.,xi3:22,47,99*10d.,xi3:26,66,86*10d.,xi3:35,86,91*10d.,xi2:44,58*10d." toa="null" sc_toa="null" service_center="null" read="1" status="0" locked="0" date_sent="0" readable_date="23-11-2015 17:49:25" contact_name="(Unknown)" />
  <sms protocol="0" address="+841677281854" date="1448275780743" type="1" subject="null" body="Nhan 1 tin.so tin cuoi:1." toa="null" sc_toa="null" service_center="null" read="1" status="-1" locked="0" date_sent="0" readable_date="23-11-2015 17:49:40" contact_name="(Unknown)" />
  <sms protocol="0" address="+841665040000" date="1448275793057" type="1" subject="null" body="Ok:))" toa="null" sc_toa="null" service_center="null" read="1" status="-1" locked="0" date_sent="0" readable_date="23-11-2015 17:49:53" contact_name="(Unknown)" />
  <sms protocol="0" address="+841677281854" date="1448275939878" type="1" subject="null" body="chau gui cho co 1 tin" toa="null" sc_toa="null" service_center="null" read="1" status="-1" locked="0" date_sent="0" readable_date="23-11-2015 17:52:19" contact_name="(Unknown)" />
  <sms protocol="0" address="+84968193922" date="1448276275443" type="1" subject="null" body="X2.27.32.=30 ; X2.82.88.=50 ; X2.62.86.=50 ; X3.98.99.62.=30 ;" toa="null" sc_toa="null" service_center="null" read="1" status="-1" locked="0" date_sent="0" readable_date="23-11-2015 17:57:55" contact_name="(Unknown)" />
  <sms protocol="0" address="0968193922" date="1448276292254" type="2" subject="null" body="Nhan 1 tin." toa="null" sc_toa="null" service_center="null" read="1" status="0" locked="0" date_sent="0" readable_date="23-11-2015 17:58:12" contact_name="(Unknown)" />
  <sms protocol="0" address="01665040000" date="1448276302751" type="2" subject="null" body="Tin 2: xi2:62,86*5d.,xi2:82,88*5d.xi2:27,32*3d.,xi3:62,98,99*3d." toa="null" sc_toa="null" service_center="null" read="1" status="0" locked="0" date_sent="0" readable_date="23-11-2015 17:58:22" contact_name="(Unknown)" />
  <sms protocol="0" address="+841685897838" date="1448276651484" type="1" subject="null" body="Ba.cang.605.694.666.676.453.578.587.585.555.050.510.650.123.479.474.147.x100n.794.x1000n.594.549.049.149.233.298.538.588.727.747.x200n265.299.598.257.275.075.127.279.269.238.222.216.059.232.540.910.210.100.105.555.888.999.494.949.444.333.777.111.x100n.lo.262.383.474.989.858.66.75.494.99.55.45.46.52.595.878.77.88.505.x50d.xien.45.46.52.x30d.55.94.69.x30d.86.88.66x30d19.99.55.x30d83.72.94.x30d.34.67.53.x30d" toa="null" sc_toa="null" service_center="null" read="1" status="-1" locked="0" date_sent="0" readable_date="23-11-2015 18:04:11" contact_name="Chi H. v. b" />
  <sms protocol="0" address="01685897838" date="1448276683755" type="2" subject="null" body="Nhan 5 tin." toa="null" sc_toa="null" service_center="null" read="1" status="32" locked="0" date_sent="0" readable_date="23-11-2015 18:04:43" contact_name="Chi H. v. b" />
  <sms protocol="0" address="+841685897838" date="1448276718721" type="1" subject="null" body="Kep.bang.5000n.kep.lech.2000n.989.848.626.282.464.686.383.474.767.050.36.00.494.66.161.585.x300n." toa="null" sc_toa="null" service_center="null" read="1" status="-1" locked="0" date_sent="0" readable_date="23-11-2015 18:05:18" contact_name="Chi H. v. b" />
  <sms protocol="0" address="01685897838" date="1448276728753" type="2" subject="null" body="Nhan 6 tin." toa="null" sc_toa="null" service_center="null" read="1" status="32" locked="0" date_sent="0" readable_date="23-11-2015 18:05:28" contact_name="Chi H. v. b" />
  <sms protocol="0" address="01685897838" date="1448276730251" type="2" subject="null" body="Nhan 6 tin." toa="null" sc_toa="null" service_center="null" read="1" status="0" locked="0" date_sent="0" readable_date="23-11-2015 18:05:30" contact_name="Chi H. v. b" />
  <sms protocol="0" address="0964386982" date="1448276752750" type="2" subject="null" body="Tin 1: lo:05,26,38,45,46,47,49,50,52,55,58,59,62,66,74,75,77,78,83,85,87,88,89,94,95,98,99x30d." toa="null" sc_toa="null" service_center="null" read="1" status="0" locked="0" date_sent="0" readable_date="23-11-2015 18:05:52" contact_name="A Duc" />
  <sms protocol="0" address="01677281854" date="1448276764752" type="2" subject="null" body="Tin 2: lo:05,26,38,45,46,47,49,50,52,55,58,59,62,66,74,75,77,78,83,85,87,88,89,94,95,98,99x20d." toa="null" sc_toa="null" service_center="null" read="1" status="0" locked="0" date_sent="0" readable_date="23-11-2015 18:06:04" contact_name="(Unknown)" />
  <sms protocol="0" address="+84964386982" date="1448276783127" type="1" subject="null" body="Nhan 1 tin.so tin cuoi:1." toa="null" sc_toa="null" service_center="null" read="1" status="-1" locked="0" date_sent="0" readable_date="23-11-2015 18:06:23" contact_name="A Duc" />
  <sms protocol="0" address="01643882826" date="1448276788753" type="2" subject="null" body="Tin 1: xi3:19,55,99*13d.,xi3:34,53,67*13d.,xi3:45,46,52*13d.,xi3:55,69,94*13d.,xi3:66,86,88*13d.,xi3:72,83,94*13d." toa="null" sc_toa="null" service_center="null" read="1" status="0" locked="0" date_sent="0" readable_date="23-11-2015 18:06:28" contact_name="(Unknown)" />
  <sms protocol="0" address="+841677281854" date="1448276789530" type="1" subject="null" body="Nhan 2 tin.so tin cuoi:2." toa="null" sc_toa="null" service_center="null" read="1" status="-1" locked="0" date_sent="0" readable_date="23-11-2015 18:06:29" contact_name="(Unknown)" />
  <sms protocol="0" address="01665040000" date="1448276805256" type="2" subject="null" body="Tin 3: xi3:19,55,99*17d.,xi3:34,53,67*17d.,xi3:45,46,52*17d.,xi3:55,69,94*17d.,xi3:66,86,88*17d.,xi3:72,83,94*17d." toa="null" sc_toa="null" service_center="null" read="1" status="0" locked="0" date_sent="0" readable_date="23-11-2015 18:06:45" contact_name="(Unknown)" />
  <sms protocol="0" address="01677281854" date="1448276839759" type="2" subject="null" body="Tin 3: Ba cang:049,149,233,298,538,549,555,588,594,727,747x50n.794x850n." toa="null" sc_toa="null" service_center="null" read="1" status="0" locked="0" date_sent="0" readable_date="23-11-2015 18:07:19" contact_name="(Unknown)" />
  <sms protocol="0" address="+841685897838" date="1448276858032" type="1" subject="null" body="Lo 535.191.86.282x50d." toa="null" sc_toa="null" service_center="null" read="1" status="-1" locked="0" date_sent="0" readable_date="23-11-2015 18:07:38" contact_name="Chi H. v. b" />
  <sms protocol="0" address="01685897838" date="1448276863752" type="2" subject="null" body="Nhan 7 tin." toa="null" sc_toa="null" service_center="null" read="1" status="32" locked="0" date_sent="0" readable_date="23-11-2015 18:07:43" contact_name="Chi H. v. b" />
  <sms protocol="0" address="01685897838" date="1448276865252" type="2" subject="null" body="Nhan 7 tin." toa="null" sc_toa="null" service_center="null" read="1" status="0" locked="0" date_sent="0" readable_date="23-11-2015 18:07:45" contact_name="Chi H. v. b" />
  <sms protocol="0" address="+841677281854" date="1448276877182" type="1" subject="null" body="Nhan 3 tin.so tin cuoi:3." toa="null" sc_toa="null" service_center="null" read="1" status="-1" locked="0" date_sent="0" readable_date="23-11-2015 18:07:57" contact_name="(Unknown)" />
  <sms protocol="0" address="01677281854" date="1448276878755" type="2" subject="null" body="Tin 4: lo:19,28,35,53,82,86,91x50d." toa="null" sc_toa="null" service_center="null" read="1" status="32" locked="0" date_sent="0" readable_date="23-11-2015 18:07:58" contact_name="(Unknown)" />
  <sms protocol="0" address="+84914967139" date="1448276888863" type="1" subject="null" body="De  23  47 67 07 37 73 27  72 54 39 93  71 79  24 42 92 43  74 x 20 n  dau dit 2  x 20 n  &#10;Lo  99 66 44  x 20 d  32 87 78  05 50 54  67 69 79 33  x 10 d  68  07 70 x 20 d  xien  68 54 32 x 20 d  44 05 70 x 10 d " toa="null" sc_toa="null" service_center="null" read="1" status="-1" locked="0" date_sent="0" readable_date="23-11-2015 18:08:08" contact_name="(Unknown)" />
  <sms protocol="0" address="0914967139" date="1448276893752" type="2" subject="null" body="Nhan 1 tin." toa="null" sc_toa="null" service_center="null" read="1" status="32" locked="0" date_sent="0" readable_date="23-11-2015 18:08:13" contact_name="(Unknown)" />
  <sms protocol="0" address="01677281854" date="1448276904259" type="2" subject="null" body="Tin 5: lo:07,44,66,68,70,99x20d.05,32,33,50,54,67,69,78,79,87x10d." toa="null" sc_toa="null" service_center="null" read="1" status="0" locked="0" date_sent="0" readable_date="23-11-2015 18:08:24" contact_name="(Unknown)" />
  <sms protocol="0" address="+841677281854" date="1448276914268" type="1" subject="null" body="Nhan 4 tin.so tin cuoi:4." toa="null" sc_toa="null" service_center="null" read="1" status="-1" locked="0" date_sent="0" readable_date="23-11-2015 18:08:34" contact_name="(Unknown)" />
  <sms protocol="0" address="01665040000" date="1448276922250" type="2" subject="null" body="Tin 4: xi3:32,54,68*20d.xi3:05,44,70*10d." toa="null" sc_toa="null" service_center="null" read="1" status="32" locked="0" date_sent="0" readable_date="23-11-2015 18:08:42" contact_name="(Unknown)" />
  <sms protocol="0" address="+841677281854" date="1448276927832" type="1" subject="null" body="Nhan 5 tin.so tin cuoi:5." toa="null" sc_toa="null" service_center="null" read="1" status="-1" locked="0" date_sent="0" readable_date="23-11-2015 18:08:47" contact_name="(Unknown)" />
  <sms protocol="0" address="0983650782" date="1448276952252" type="2" subject="null" body="Tin 1: Ba cang:794,049,149,233,298,538,549,555,588,594,727,747x50n." toa="null" sc_toa="null" service_center="null" read="1" status="0" locked="0" date_sent="0" readable_date="23-11-2015 18:09:12" contact_name="A T 782 Lv" />
  <sms protocol="0" address="01643882826" date="1448276968760" type="2" subject="null" body="Tin 2: Ba cang:794,049,149,233,298,538,549,555,588,594,727,747,050,059,075,100,105,111,123,127,147,210,216,222,232,238,257,265,269,275,279,299,333,444,453,474,479,494,510,540,578,585,587,598,605,650,666,676,694,777,888,910,949,999x50n." toa="null" sc_toa="null" service_center="null" read="1" status="0" locked="0" date_sent="0" readable_date="23-11-2015 18:09:28" contact_name="(Unknown)" />
  <sms protocol="0" address="01665040000" date="1448276980751" type="2" subject="null" body="Tin 5: Ba cang:794,049,149,233,298,538,549,555,588,594,727,747,050,059,075,100,105,111,123,127,147,210,216,222,232,238,257,265,269,275,279,299,333,444,453,474,479,494,510,540,578,585,587,598,605,650,666,676,694,777,888,910,949,999x50n." toa="null" sc_toa="null" service_center="null" read="1" status="0" locked="0" date_sent="0" readable_date="23-11-2015 18:09:40" contact_name="(Unknown)" />
  <sms protocol="0" address="+84983650782" date="1448277001460" type="1" subject="null" body="Em gui cho Anh 1 tin" toa="null" sc_toa="null" service_center="null" read="1" status="-1" locked="0" date_sent="0" readable_date="23-11-2015 18:10:01" contact_name="A T 782 Lv" />
  <sms protocol="0" address="0964386982" date="1448277006253" type="2" subject="null" body="Tin 2: De:88,00,66,33,22,99,11,44,55,77,83,38,94,05,16,49,50,61,27,72x1000n.85x750n.82x720n.84,86,89x700n.81x500n.80,87x450n.67x320n.36x300n.58x250n.26,28,47,62,74,98x220n.46,48,64,68,76x200n.54,90x20n." toa="null" sc_toa="null" service_center="null" read="1" status="0" locked="0" date_sent="0" readable_date="23-11-2015 18:10:06" contact_name="A Duc" />
  <sms protocol="0" address="01677281854" date="1448277025752" type="2" subject="null" body="Tin6: de:88x4930n.00,66x4680n.33x4430n.22x4420n.99x4400n.11,44,55,77x4380n.83x2180n.38x1680n.94x1600n.05,16,49,50,61x1580n.27,72x1420n.09,18,26,28,36,45,46,47,48,54,58,62,63,64,65,67,68,74,76,80,81,82,84,85,86,87,89,90,98x100n.79,97x70n.92x60n.08,78x50n.23,24,42,93x40n." toa="null" sc_toa="null" service_center="null" read="1" status="32" locked="0" date_sent="0" readable_date="23-11-2015 18:10:25" contact_name="(Unknown)" />
  <sms protocol="0" address="+84964386982" date="1448277026363" type="1" subject="null" body="Nhan 2 tin.so tin cuoi:2." toa="null" sc_toa="null" service_center="null" read="1" status="-1" locked="0" date_sent="0" readable_date="23-11-2015 18:10:26" contact_name="A Duc" />
  <sms protocol="0" address="01677281854" date="1448277037753" type="2" subject="null" body="Tin7: de:02,07,12,20,21,25,29,32,37,39,43,52,71,73,91,95,96x20n." toa="null" sc_toa="null" service_center="null" read="1" status="0" locked="0" date_sent="0" readable_date="23-11-2015 18:10:37" contact_name="(Unknown)" />
  <sms protocol="0" address="+841685897838" date="1448277052534" type="1" subject="null" body="Lo 040 33 x 5 d " toa="null" sc_toa="null" service_center="null" read="1" status="-1" locked="0" date_sent="0" readable_date="23-11-2015 18:10:52" contact_name="Chi H. v. b" />
  <sms protocol="0" address="01685897838" date="1448277061750" type="2" subject="null" body="Nhan 8 tin." toa="null" sc_toa="null" service_center="null" read="1" status="32" locked="0" date_sent="0" readable_date="23-11-2015 18:11:01" contact_name="Chi H. v. b" />
  <sms protocol="0" address="01677281854" date="1448277070751" type="2" subject="null" body="Tin 8: lo:04,33,40x5d." toa="null" sc_toa="null" service_center="null" read="1" status="32" locked="0" date_sent="0" readable_date="23-11-2015 18:11:10" contact_name="(Unknown)" />
  <sms protocol="0" address="+841677281854" date="1448277070757" type="1" subject="null" body="Nhan 6 tin.so tin cuoi:6." toa="null" sc_toa="null" service_center="null" read="1" status="-1" locked="0" date_sent="0" readable_date="23-11-2015 18:11:10" contact_name="(Unknown)" />
  <sms protocol="0" address="+841677281854" date="1448277081407" type="1" subject="null" body="Nhan 7 tin.so tin cuoi:7." toa="null" sc_toa="null" service_center="null" read="1" status="-1" locked="0" date_sent="0" readable_date="23-11-2015 18:11:21" contact_name="(Unknown)" />
  <sms protocol="0" address="+841677281854" date="1448277136218" type="1" subject="null" body="Nhan 8 tin.so tin cuoi:8." toa="null" sc_toa="null" service_center="null" read="1" status="-1" locked="0" date_sent="0" readable_date="23-11-2015 18:12:16" contact_name="(Unknown)" />
  <sms protocol="0" address="+841685897838" date="1448277378325" type="1" subject="null" body="De 22.77..727.202.252x200.33.171.x500" toa="null" sc_toa="null" service_center="null" read="1" status="-1" locked="0" date_sent="0" readable_date="23-11-2015 18:16:18" contact_name="Chi H. v. b" />
  <sms protocol="0" address="01685897838" date="1448277388755" type="2" subject="null" body="Nhan 9 tin." toa="null" sc_toa="null" service_center="null" read="1" status="0" locked="0" date_sent="0" readable_date="23-11-2015 18:16:28" contact_name="Chi H. v. b" />
  <sms protocol="0" address="01685897838" date="1448277390254" type="2" subject="null" body="Nhan 9 tin." toa="null" sc_toa="null" service_center="null" read="1" status="32" locked="0" date_sent="0" readable_date="23-11-2015 18:16:30" contact_name="Chi H. v. b" />
  <sms protocol="0" address="0964386982" date="1448277409763" type="2" subject="null" body="Tin 3: De:17,71x500n.02,20,25,52x200n." toa="null" sc_toa="null" service_center="null" read="1" status="0" locked="0" date_sent="0" readable_date="23-11-2015 18:16:49" contact_name="A Duc" />
  <sms protocol="0" address="01677281854" date="1448277421754" type="2" subject="null" body="Tin 9: De:33x500n.22,27,72,77x200n." toa="null" sc_toa="null" service_center="null" read="1" status="0" locked="0" date_sent="0" readable_date="23-11-2015 18:17:01" contact_name="(Unknown)" />
  <sms protocol="0" address="+84964386982" date="1448277431525" type="1" subject="null" body="Nhan 3 tin.so tin cuoi:3." toa="null" sc_toa="null" service_center="null" read="1" status="-1" locked="0" date_sent="0" readable_date="23-11-2015 18:17:11" contact_name="A Duc" />
  <sms protocol="0" address="+841677281854" date="1448277470539" type="1" subject="null" body="Nhan 9 tin.so tin cuoi:9." toa="null" sc_toa="null" service_center="null" read="1" status="-1" locked="0" date_sent="0" readable_date="23-11-2015 18:17:50" contact_name="(Unknown)" />
  <sms protocol="0" address="+841685897838" date="1448277546156" type="1" subject="null" body="Ba cang tu 000 den 999 x100. Tong 10 con" toa="null" sc_toa="null" service_center="null" read="1" status="-1" locked="0" date_sent="0" readable_date="23-11-2015 18:19:06" contact_name="Chi H. v. b" />
  <sms protocol="0" address="01685897838" date="1448277576262" type="2" subject="null" body="Nhan 10 tin." toa="null" sc_toa="null" service_center="null" read="1" status="0" locked="0" date_sent="0" readable_date="23-11-2015 18:19:36" contact_name="Chi H. v. b" />
  <sms protocol="0" address="01643882826" date="1448277610755" type="2" subject="null" body="Tin 3: Ba cang:555,111,222,333,444,666,777,888,999,000x50n." toa="null" sc_toa="null" service_center="null" read="1" status="0" locked="0" date_sent="0" readable_date="23-11-2015 18:20:10" contact_name="(Unknown)" />
  <sms protocol="0" address="01665040000" date="1448277631755" type="2" subject="null" body="Tin 6: Ba cang:555,111,222,333,444,666,777,888,999,000x50n." toa="null" sc_toa="null" service_center="null" read="1" status="0" locked="0" date_sent="0" readable_date="23-11-2015 18:20:31" contact_name="(Unknown)" />
  <sms protocol="0" address="01643882826" date="1448277646761" type="2" subject="null" body="chau gui cho co 3 tin" toa="null" sc_toa="null" service_center="null" read="1" status="0" locked="0" date_sent="0" readable_date="23-11-2015 18:20:46" contact_name="(Unknown)" />
  <sms protocol="0" address="01665040000" date="1448277648254" type="2" subject="null" body="em gui cho anh 6 tin" toa="null" sc_toa="null" service_center="null" read="1" status="32" locked="0" date_sent="0" readable_date="23-11-2015 18:20:48" contact_name="(Unknown)" />
  <sms protocol="0" address="01677281854" date="1448277649768" type="2" subject="null" body="chau gui cho co 9 tin" toa="null" sc_toa="null" service_center="null" read="1" status="32" locked="0" date_sent="0" readable_date="23-11-2015 18:20:49" contact_name="(Unknown)" />
  <sms protocol="0" address="01685897838" date="1448277651252" type="2" subject="null" body="chi gui cho EM 10 tin" toa="null" sc_toa="null" service_center="null" read="1" status="32" locked="0" date_sent="0" readable_date="23-11-2015 18:20:51" contact_name="Chi H. v. b" />
  <sms protocol="0" address="0914967139" date="1448277652756" type="2" subject="null" body="chi gui cho EM 1 tin" toa="null" sc_toa="null" service_center="null" read="1" status="32" locked="0" date_sent="0" readable_date="23-11-2015 18:20:52" contact_name="(Unknown)" />
  <sms protocol="0" address="0964386982" date="1448277654252" type="2" subject="null" body="em gui cho anh 3 tin" toa="null" sc_toa="null" service_center="null" read="1" status="32" locked="0" date_sent="0" readable_date="23-11-2015 18:20:54" contact_name="A Duc" />
  <sms protocol="0" address="0968193922" date="1448277655753" type="2" subject="null" body="chị gui cho EM 1 tin" toa="null" sc_toa="null" service_center="null" read="1" status="0" locked="0" date_sent="0" readable_date="23-11-2015 18:20:55" contact_name="(Unknown)" />
  <sms protocol="0" address="0974282195" date="1448277657253" type="2" subject="null" body="EM gui cho BAC 1 tin" toa="null" sc_toa="null" service_center="null" read="1" status="32" locked="0" date_sent="0" readable_date="23-11-2015 18:20:57" contact_name="(Unknown)" />
  <sms protocol="0" address="0983099345" date="1448277658750" type="2" subject="null" body="Ban gui cho toi 2 tin" toa="null" sc_toa="null" service_center="null" read="1" status="0" locked="0" date_sent="0" readable_date="23-11-2015 18:20:58" contact_name="Viet Bo" />
  <sms protocol="0" address="0983650782" date="1448277660252" type="2" subject="null" body="em gui cho anh 1 tin" toa="null" sc_toa="null" service_center="null" read="1" status="0" locked="0" date_sent="0" readable_date="23-11-2015 18:21:00" contact_name="A T 782 Lv" />
  <sms protocol="0" address="+841685897838" date="1448277678753" type="1" subject="null" body="De.363.x500n.ba.cang.363.383.333.x200n" toa="null" sc_toa="null" service_center="null" read="1" status="-1" locked="0" date_sent="0" readable_date="23-11-2015 18:21:18" contact_name="Chi H. v. b" />
  <sms protocol="0" address="01685897838" date="1448277687254" type="2" subject="null" body="Nhan 11 tin." toa="null" sc_toa="null" service_center="null" read="1" status="32" locked="0" date_sent="0" readable_date="23-11-2015 18:21:27" contact_name="Chi H. v. b" />
  <sms protocol="0" address="01677281854" date="1448277700756" type="2" subject="null" body="Tin 10: De:36,63x500n..Ba cang:333,363,383x200n." toa="null" sc_toa="null" service_center="null" read="1" status="32" locked="0" date_sent="0" readable_date="23-11-2015 18:21:40" contact_name="(Unknown)" />
  <sms protocol="0" address="0983099345" date="1448277709755" type="2" subject="null" body="Nhan 2 tin.. HET DE" toa="null" sc_toa="null" service_center="null" read="1" status="32" locked="0" date_sent="0" readable_date="23-11-2015 18:21:49" contact_name="Viet Bo" />
  <sms protocol="0" address="01685897838" date="1448277711261" type="2" subject="null" body="Nhan 11 tin.. HET DE" toa="null" sc_toa="null" service_center="null" read="1" status="0" locked="0" date_sent="0" readable_date="23-11-2015 18:21:51" contact_name="Chi H. v. b" />
  <sms protocol="0" address="0979399373" date="1448277712752" type="2" subject="null" body="Nhan 1 tin.. HET DE" toa="null" sc_toa="null" service_center="null" read="1" status="32" locked="0" date_sent="0" readable_date="23-11-2015 18:21:52" contact_name="A Tung Thuy?" />
  <sms protocol="0" address="0968193922" date="1448277714253" type="2" subject="null" body="Nhan 1 tin.. HET DE" toa="null" sc_toa="null" service_center="null" read="1" status="0" locked="0" date_sent="0" readable_date="23-11-2015 18:21:54" contact_name="(Unknown)" />
  <sms protocol="0" address="0914967139" date="1448277715753" type="2" subject="null" body="Nhan 1 tin.. HET DE" toa="null" sc_toa="null" service_center="null" read="1" status="0" locked="0" date_sent="0" readable_date="23-11-2015 18:21:55" contact_name="(Unknown)" />
  <sms protocol="0" address="+841677281854" date="1448277736855" type="1" subject="null" body="Nhan 10 tin.so tin cuoi:10." toa="null" sc_toa="null" service_center="null" read="1" status="-1" locked="0" date_sent="0" readable_date="23-11-2015 18:22:16" contact_name="(Unknown)" />
  <sms protocol="0" address="+841677281854" date="1448278042063" type="1" subject="null" body="chau gui cho co 10 tin" toa="null" sc_toa="null" service_center="null" read="1" status="-1" locked="0" date_sent="0" readable_date="23-11-2015 18:27:22" contact_name="(Unknown)" />
  <sms protocol="0" address="0968193922" date="1448278274622" type="2" subject="null" body="Ngay:23/11/2015&#13;&#10;chị chuyen cho EM&#13;&#10;Xien:16,0=108,8n&#13;&#10;Th xien:500,0n&#13;&#10;EM bu cho chị:391,2n&#13;&#10;" toa="null" sc_toa="null" service_center="null" read="1" status="32" locked="0" date_sent="0" readable_date="23-11-2015 18:31:14" contact_name="(Unknown)" />
  <sms protocol="0" address="0983099345" date="1448278277621" type="2" subject="null" body="Ngay:23/11/2015&#13;&#10;Ban chuyen cho toi&#13;&#10;De:5200,0=3796,0n&#13;&#10;Lo:50,0=1090,0n&#13;&#10;Th de:500,0=35000,0n&#13;&#10;Th lo:20,0=1600,0n&#13;&#10;toi bu cho Ban:31714,0n&#13;&#10;" toa="null" sc_toa="null" service_center="null" read="1" status="32" locked="0" date_sent="0" readable_date="23-11-2015 18:31:17" contact_name="Viet Bo" />
  <sms protocol="0" address="01665040000" date="1448278280621" type="2" subject="null" body="Ngay:23/11/2015&#13;&#10;em chuyen cho anh&#13;&#10;3Cang:3200,0=2304,0n&#13;&#10;Xien:240,0=1440,0n&#13;&#10;Thuong xien:500,0n&#13;&#10;em bu cho anh:3244,0n&#13;&#10;" toa="null" sc_toa="null" service_center="null" read="1" status="0" locked="0" date_sent="0" readable_date="23-11-2015 18:31:20" contact_name="(Unknown)" />
  <sms protocol="0" address="01685897838" date="1448278285120" type="2" subject="null" body="Ngay:23/11/2015&#13;&#10;chi chuyen cho EM&#13;&#10;De:91700,0=66024,0n&#13;&#10;Lo:1885,0=40998,8n&#13;&#10;3Cang:9000,0=6480,0n&#13;&#10;Xien:265,0=1722,5n&#13;&#10;Th de:100,0=7000,0n&#13;&#10;Th lo:630,0=50400,0n&#13;&#10;chi bu cho EM:57825,2n&#13;&#10;" toa="null" sc_toa="null" service_center="null" read="1" status="32" locked="0" date_sent="0" readable_date="23-11-2015 18:31:25" contact_name="Chi H. v. b" />
  <sms protocol="0" address="0983650782" date="1448278289620" type="2" subject="null" body="Ngay:23/11/2015&#13;&#10;em chuyen cho anh&#13;&#10;3Cang:600,0=396,0n&#13;&#10;em bu cho anh:396,0n&#13;&#10;" toa="null" sc_toa="null" service_center="null" read="1" status="32" locked="0" date_sent="0" readable_date="23-11-2015 18:31:29" contact_name="A T 782 Lv" />
  <sms protocol="0" address="01677281854" date="1448278292627" type="2" subject="null" body="Ngay:23/11/2015&#13;&#10;chau chuyen cho co&#13;&#10;De:67260,0=48427,2n&#13;&#10;Lo:1365,0=29620,5n&#13;&#10;3Cang:2000,0=1440,0n&#13;&#10;Thuong de:100,0=7000,0n&#13;&#10;Thuong lo:460,0=36800,0n&#13;&#10;chau bu cho co:35687,7n&#13;&#10;" toa="null" sc_toa="null" service_center="null" read="1" status="32" locked="0" date_sent="0" readable_date="23-11-2015 18:31:32" contact_name="(Unknown)" />
  <sms protocol="0" address="0964386982" date="1448278297122" type="2" subject="null" body="Ngay:23/11/2015&#13;&#10;em chuyen cho anh&#13;&#10;De:30000,0=21450,0n&#13;&#10;Lo:810,0=17577,0n&#13;&#10;Thuong de:500,0=35000,0n&#13;&#10;Thuong lo:240,0=19200,0n&#13;&#10;anh bu cho em:15173,0n&#13;&#10;" toa="null" sc_toa="null" service_center="null" read="1" status="0" locked="0" date_sent="0" readable_date="23-11-2015 18:31:37" contact_name="A Duc" />
  <sms protocol="0" address="01643882826" date="1448278300119" type="2" subject="null" body="Ngay:23/11/2015&#13;&#10;chau chuyen cho co&#13;&#10;3Cang:3200,0=2304,0n&#13;&#10;Xien:78,0=468,0n&#13;&#10;chau bu cho co:2772,0n&#13;&#10;" toa="null" sc_toa="null" service_center="null" read="1" status="32" locked="0" date_sent="0" readable_date="23-11-2015 18:31:40" contact_name="(Unknown)" />
  <sms protocol="0" address="0914967139" date="1448278309123" type="2" subject="null" body="Ngay:23/11/2015&#13;&#10;chi chuyen cho EM&#13;&#10;De:760,0=547,2n&#13;&#10;Lo:220,0=4785,0n&#13;&#10;Xien:30,0=210,0n&#13;&#10;Th lo:50,0=4000,0n&#13;&#10;chi bu cho EM:1542,2n&#13;&#10;" toa="null" sc_toa="null" service_center="null" read="1" status="0" locked="0" date_sent="0" readable_date="23-11-2015 18:31:49" contact_name="(Unknown)" />
  <sms protocol="0" address="0979399373" date="1448278313623" type="2" subject="null" body="Ngay:23/11/2015&#13;&#10;Anh chuyen cho EM&#13;&#10;Lo:20,0=440,0n&#13;&#10;Xien:7,0=52,5n&#13;&#10;Anh bu cho EM:492,5n&#13;&#10;" toa="null" sc_toa="null" service_center="null" read="1" status="32" locked="0" date_sent="0" readable_date="23-11-2015 18:31:53" contact_name="A Tung Thuy?" />
  <sms protocol="0" address="01685897838" date="1448278354121" type="2" subject="null" body="Ngay:23/11/2015&#13;&#10;chi chuyen cho EM&#13;2 sim&#10;De:92460,0=66571,2n&#13;&#10;Lo:2105,0=45783,8n&#13;&#10;3Cang:9000,0=6480,0n&#13;&#10;Xien:295,0=1917,5n&#13;&#10;Th de:100,0=7000,0n&#13;&#10;Th lo:680,0=54400,0n&#13;&#10;chi bu cho EM:59352,4n&#13;&#10;" toa="null" sc_toa="null" service_center="null" read="1" status="0" locked="0" date_sent="0" readable_date="23-11-2015 18:32:34" contact_name="Chi H. v. b" />
  <sms protocol="0" address="5055" date="1448278394746" type="1" subject="null" body="23/11:&#10;DB:52781&#10;1:59237&#10;2:10855-85336&#10;3:53723-19697-56088-81124-90638-79591&#10;4:4591-1434-2182-9387&#10;5:7041-0126-8390-7890-7616-3117&#10;6:809-677-773&#10;7:94-44-17-99 " toa="null" sc_toa="null" service_center="null" read="1" status="-1" locked="0" date_sent="0" readable_date="23-11-2015 18:33:14" contact_name="(Unknown)" />
  <sms protocol="0" address="01643882826" date="1448278400595" type="2" subject="null" body="Tinh den het ngay:22/11/15 chau bu 5742n&#13;&#10;Ngay:23/11/15 co+2772n &#13;&#10;Tong cong: chau bu 8514" toa="null" sc_toa="null" service_center="null" read="1" status="32" locked="0" date_sent="0" readable_date="23-11-2015 18:33:20" contact_name="(Unknown)" />
  <sms protocol="0" address="01665040000" date="1448278406613" type="2" subject="null" body="Tinh den het ngay:22/11/15 em bu 12679n&#13;&#10;Ngay:23/11/15 anh+3244n &#13;&#10;Tong cong: em bu 15923" toa="null" sc_toa="null" service_center="null" read="1" status="0" locked="0" date_sent="0" readable_date="23-11-2015 18:33:26" contact_name="(Unknown)" />
  <sms protocol="0" address="01677281854" date="1448278412627" type="2" subject="null" body="Tinh den het ngay:22/11/15 chau bu 41509n&#13;&#10;Ngay:23/11/15 co-30000n +35687n &#13;&#10;Tong cong: chau bu 47196" toa="null" sc_toa="null" service_center="null" read="1" status="0" locked="0" date_sent="0" readable_date="23-11-2015 18:33:32" contact_name="(Unknown)" />
  <sms protocol="0" address="01685897838" date="1448278416419" type="2" subject="null" body="Ngay:23/11/15 chi-59203n " toa="null" sc_toa="null" service_center="null" read="1" status="0" locked="0" date_sent="0" readable_date="23-11-2015 18:33:36" contact_name="Chi H. v. b" />
  <sms protocol="0" address="+84964386982" date="1448278428777" type="1" subject="null" body="Ngay:23/11/2015&#10;em chuyen cho anh&#10;De:30000,0=21450,0n&#10;Lo:810,0=17577,0n&#10;Th de:500,0=35000,0n&#10;Th lo:240,0=19200,0n&#10;anh bu cho em:15173,0n" toa="null" sc_toa="null" service_center="+84980200623" read="1" status="-1" locked="0" date_sent="1448278414000" readable_date="23-11-2015 18:33:48" contact_name="A Duc" />
  <sms protocol="0" address="0983099345" date="1448278469033" type="2" subject="null" body="Tinh den het ngay:22/11/15 toi thu 108418n&#13;&#10;Ngay:23/11/15 Ban+50000n -59203n +31714n &#13;&#10;Tong cong: toi thu 85907" toa="null" sc_toa="null" service_center="null" read="1" status="0" locked="0" date_sent="0" readable_date="23-11-2015 18:34:29" contact_name="Viet Bo" />
  <sms protocol="0" address="0983650782" date="1448278479161" type="2" subject="null" body="Tinh den het ngay:22/11/15 em bu 1800n&#13;&#10;Ngay:23/11/15 anh+396n +1800n &#13;&#10;Tong cong: em bu 3996" toa="null" sc_toa="null" service_center="null" read="1" status="32" locked="0" date_sent="0" readable_date="23-11-2015 18:34:39" contact_name="A T 782 Lv" />
  <sms protocol="0" address="0979399373" date="1448278481817" type="2" subject="null" body="Tinh den het ngay:22/11/15 EM thu 252n&#13;&#10;Ngay:23/11/15 Anh-492n &#13;&#10;Tong cong: EM thu 744" toa="null" sc_toa="null" service_center="null" read="1" status="0" locked="0" date_sent="0" readable_date="23-11-2015 18:34:41" contact_name="A Tung Thuy?" />
  <sms protocol="0" address="0964386982" date="1448278491897" type="2" subject="null" body="Tinh den het ngay:22/11/15 em bu 12746n&#13;&#10;Ngay:23/11/15 anh-15173n &#13;&#10;Tong cong: em thu 2427" toa="null" sc_toa="null" service_center="null" read="1" status="32" locked="0" date_sent="0" readable_date="23-11-2015 18:34:51" contact_name="A Duc" />
  <sms protocol="0" address="01632029067" date="1448278503843" type="2" subject="null" body="Tinh den het ngay:22/11/15 EM thu 2122n&#13;&#10;Ngay:23/11/15 Chị+391n &#13;&#10;Tong cong: EM thu 1731" toa="null" sc_toa="null" service_center="null" read="1" status="0" locked="0" date_sent="0" readable_date="23-11-2015 18:35:03" contact_name="(Unknown)" />
  <sms protocol="0" address="+841677281854" date="1448278508958" type="1" subject="null" body="Ngay:23/11/2015&#10;chau chuyen cho co&#10;De:67260,0=48427,2n&#10;Lo:1365,0=29620,5n&#10;3Cang:2000,0=1440,0n&#10;Th de:100,0=7000,0n&#10;Th lo:460,0=36800,0n&#10;chau bu cho co:35687,7n&#10;" toa="null" sc_toa="null" service_center="null" read="1" status="-1" locked="0" date_sent="0" readable_date="23-11-2015 18:35:08" contact_name="(Unknown)" />
  <sms protocol="0" address="0983099345" date="1448278630356" type="2" subject="null" body="Ngay:23/11/2015&#13;&#10;chi bu cho EM:59352,4n&#13;&#10;T thu 59203&#10;" toa="null" sc_toa="null" service_center="null" read="1" status="0" locked="0" date_sent="0" readable_date="23-11-2015 18:37:10" contact_name="Viet Bo" />
  <sms protocol="0" address="+84983650782" date="1448278676157" type="1" subject="null" body="Ngay:23/11/2015&#10;Em chuyen cho Anh&#10;3Cang:600,0=396,0n&#10;Em bu cho Anh:396,0n&#10;" toa="null" sc_toa="null" service_center="null" read="1" status="-1" locked="0" date_sent="0" readable_date="23-11-2015 18:37:56" contact_name="A T 782 Lv" />
  <sms protocol="0" address="0983099345" date="1448286531944" type="2" subject="null" body="Tinh den het ngay:22/11/15 toi thu 108418n&#13;&#10;Ngay:23/11/15 Ban+50000n -22900n -59203n +31714n &#13;&#10;Tong cong: toi thu 108807" toa="null" sc_toa="null" service_center="null" read="1" status="0" locked="0" date_sent="0" readable_date="23-11-2015 20:48:51" contact_name="Viet Bo" />
  <sms protocol="0" address="+84983099345" date="1448286609875" type="1" subject="null" body="chị hiền nợ 102386" toa="null" sc_toa="null" service_center="null" read="1" status="-1" locked="0" date_sent="0" readable_date="23-11-2015 20:50:09" contact_name="Viet Bo" />
  <sms protocol="0" address="01685897838" date="1448292787284" type="2" subject="null" body="Ngay:23/11/2015&#13;&#10;chi chuyen cho EM&#13;2 sim . lay tin nay &#10;De:92460,0=66571,2n&#13;&#10;Lo:2105,0=45783,8n&#13;&#10;3Cang:9000,0=6390,0n&#13;&#10;Xien:295,0=1917,5n&#13;&#10;Th de:100,0=7000,0n&#13;&#10;Th lo:680,0=54400,0n&#13;&#10;chi bu cho EM:59262,4n&#13;&#10;" toa="null" sc_toa="null" service_center="null" read="1" status="0" locked="0" date_sent="0" readable_date="23-11-2015 22:33:07" contact_name="Chi H. v. b" />
  <sms protocol="0" address="0983099345" date="1448292902026" type="2" subject="null" body="Tinh den het ngay:22/11/15 toi thu 108418n&#13;&#10;Ngay:23/11/15 Ban+50000n -22900n -59172n +31714n &#13;&#10;Tong cong: toi thu 108776" toa="null" sc_toa="null" service_center="null" read="1" status="0" locked="0" date_sent="0" readable_date="23-11-2015 22:35:02" contact_name="Viet Bo" />
  <sms protocol="0" address="0983099345" date="1448292949002" type="2" subject="null" body="Ngay:23/11/2015&#13;&#10;chi bu cho EM:59262,4n&#13;&#10;T thu 59172&#10;" toa="null" sc_toa="null" service_center="null" read="1" status="32" locked="0" date_sent="0" readable_date="23-11-2015 22:35:49" contact_name="Viet Bo" />
</smses>