<?xml version='1.0' encoding='UTF-8' standalone='yes' ?>
<!--File Created By SMS Backup & Restore Pro v7.21 on 24/11/2015 19:34:21-->
<?xml-stylesheet type="text/xsl" href="sms.xsl"?>
<smses count="80">
  <sms protocol="0" address="+84978475222" date="1448321710138" type="2" subject="null" body="Lai ngay 24 la 135k tat ca la 455k tối đưa t nhé" toa="null" sc_toa="null" service_center="null" read="1" status="0" locked="0" date_sent="0" readable_date="24-11-2015 06:35:10" contact_name="Huy Ly 222" />
  <sms protocol="0" address="01632468512" date="1448321710631" type="2" subject="null" body="Lai ngay 24 la 135k tat ca la 455k tối đưa t nhé" toa="null" sc_toa="null" service_center="null" read="1" status="32" locked="0" date_sent="0" readable_date="24-11-2015 06:35:10" contact_name="Huy ly2" />
  <sms protocol="0" address="+84978475222" date="1448323313576" type="1" subject="null" body="Uk ok." toa="null" sc_toa="null" service_center="null" read="1" status="-1" locked="0" date_sent="0" readable_date="24-11-2015 07:01:53" contact_name="Huy Ly 222" />
  <sms protocol="0" address="109" date="1448323365206" type="1" subject="null" body="Viettel da gia han thanh cong tinh nang VT100. Quy khach co 200 tin nhan noi mang va cuoc goi noi mang giam con 200d/phut tru tai khoan goc. TKKM se tru theo quy dinh goi cuoc. Cuoc goi se tru tu TK goc den TK KM. KM ap dung den 24h ngay dang ky. De kiem tra so tin nhan, soan KT100 gui 109 (100d/tin).  Huy gia han, soan HUYVT gui 109 (100d/tin). Chi tiet LH 198 (200d/phut)." toa="null" sc_toa="null" service_center="null" read="1" status="-1" locked="0" date_sent="0" readable_date="24-11-2015 07:02:45" contact_name="(Unknown)" />
  <sms protocol="0" address="101" date="1448333478225" type="1" subject="null" body="TK goc la 239244 dong.Tran trong cam on!&#10;Tai MIEN PHI ung dung Wifi Master Key de tim kiem wifi mien phi moi luc moi noi. Click de tai http://aff.mclick.mobi/wifi/qcviettel?aff_sub1=3098532c&amp;aff_sub2=91b8c1869c019f6f8f0bbee47095cd64f2190cc5 va nhan ngay 10MB vao tai khoan khi truy cap ung dung lan dau tien." toa="null" sc_toa="null" service_center="null" read="1" status="-1" locked="0" date_sent="0" readable_date="24-11-2015 09:51:18" contact_name="(Unknown)" />
  <sms protocol="0" address="+84983099345" date="1448360682423" type="1" subject="null" body="Lô  07 x10d .474 70x5d . Đề đầu 9 x10n" toa="null" sc_toa="null" service_center="null" read="1" status="-1" locked="0" date_sent="0" readable_date="24-11-2015 17:24:42" contact_name="Viet Bo" />
  <sms protocol="0" address="+84983099345" date="1448360694407" type="1" subject="null" body="Lô 22x5d" toa="null" sc_toa="null" service_center="null" read="1" status="-1" locked="0" date_sent="0" readable_date="24-11-2015 17:24:54" contact_name="Viet Bo" />
  <sms protocol="0" address="+84968193922" date="1448361399027" type="1" subject="null" body="X3.72.73.77.=30 ; X3.95.31.01.=50 ; " toa="null" sc_toa="null" service_center="null" read="1" status="-1" locked="0" date_sent="0" readable_date="24-11-2015 17:36:39" contact_name="(Unknown)" />
  <sms protocol="0" address="+84974282195" date="1448361549591" type="1" subject="null" body="29 150đ" toa="null" sc_toa="null" service_center="null" read="1" status="-1" locked="0" date_sent="0" readable_date="24-11-2015 17:39:09" contact_name="(Unknown)" />
  <sms protocol="0" address="0968193922" date="1448361753066" type="2" subject="null" body="Nhan 1 tin." toa="null" sc_toa="null" service_center="null" read="1" status="0" locked="0" date_sent="0" readable_date="24-11-2015 17:42:33" contact_name="(Unknown)" />
  <sms protocol="0" address="0983099345" date="1448361754558" type="2" subject="null" body="Nhan 2 tin." toa="null" sc_toa="null" service_center="null" read="1" status="0" locked="0" date_sent="0" readable_date="24-11-2015 17:42:34" contact_name="Viet Bo" />
  <sms protocol="0" address="+84983099345" date="1448362125479" type="1" subject="null" body="lô 89x100d đề 89,99 x 500n" toa="null" sc_toa="null" service_center="null" read="1" status="-1" locked="0" date_sent="0" readable_date="24-11-2015 17:48:45" contact_name="Viet Bo" />
  <sms protocol="0" address="0983099345" date="1448362140057" type="2" subject="null" body="Nhan 3 tin." toa="null" sc_toa="null" service_center="null" read="1" status="0" locked="0" date_sent="0" readable_date="24-11-2015 17:49:00" contact_name="Viet Bo" />
  <sms protocol="0" address="01665040000" date="1448362191056" type="2" subject="null" body="Tin 1: xi3:01,31,95*5d.xi3:72,73,77*3d." toa="null" sc_toa="null" service_center="null" read="1" status="32" locked="0" date_sent="0" readable_date="24-11-2015 17:49:51" contact_name="(Unknown)" />
  <sms protocol="0" address="+841665040000" date="1448362206010" type="1" subject="null" body="Ok :))" toa="null" sc_toa="null" service_center="null" read="1" status="-1" locked="0" date_sent="0" readable_date="24-11-2015 17:50:06" contact_name="(Unknown)" />
  <sms protocol="0" address="0964386982" date="1448362210565" type="2" subject="null" body="Tin 1: lo:29,89x50d.07x10d.22,47,70,74x5d." toa="null" sc_toa="null" service_center="null" read="1" status="0" locked="0" date_sent="0" readable_date="24-11-2015 17:50:10" contact_name="A Duc" />
  <sms protocol="0" address="01677281854" date="1448362222559" type="2" subject="null" body="Tin 1: lo:29x100d.89x50d." toa="null" sc_toa="null" service_center="null" read="1" status="32" locked="0" date_sent="0" readable_date="24-11-2015 17:50:22" contact_name="(Unknown)" />
  <sms protocol="0" address="+841677281854" date="1448362263865" type="1" subject="null" body="Nhan 1 tin.so tin cuoi:1." toa="null" sc_toa="null" service_center="null" read="1" status="-1" locked="0" date_sent="0" readable_date="24-11-2015 17:51:03" contact_name="(Unknown)" />
  <sms protocol="0" address="VIETTEL KM" date="1448362439108" type="1" subject="null" body="[QC] Viettel KM: 2.500d/ngay co 200SMS noi mang, cuoc goi noi mang 200d/p tru tai khoan goc, su dung den 24h. De dang ky theo ngay (soan VT100N gui 109); gia han tu dong hang ngay (soan VT100 gui 109). Phi gui 109: 100d/tin. LH 198 (200d/p). Tu choi, soan TC2 gui 199." toa="null" sc_toa="null" service_center="null" read="1" status="-1" locked="0" date_sent="0" readable_date="24-11-2015 17:53:59" contact_name="(Unknown)" />
  <sms protocol="0" address="01677281854" date="1448362627558" type="2" subject="null" body="Tin 2: De:99x510n.89x500n.90,91,92,93,94,95,96,97,98x10n." toa="null" sc_toa="null" service_center="null" read="1" status="0" locked="0" date_sent="0" readable_date="24-11-2015 17:57:07" contact_name="(Unknown)" />
  <sms protocol="0" address="+841677281854" date="1448362656918" type="1" subject="null" body="Nhan 2 tin.so tin cuoi:2." toa="null" sc_toa="null" service_center="null" read="1" status="-1" locked="0" date_sent="0" readable_date="24-11-2015 17:57:36" contact_name="(Unknown)" />
  <sms protocol="0" address="+84964386982" date="1448362660169" type="1" subject="null" body="Nhan 1 tin.so tin cuoi:1." toa="null" sc_toa="null" service_center="null" read="1" status="-1" locked="0" date_sent="0" readable_date="24-11-2015 17:57:40" contact_name="A Duc" />
  <sms protocol="0" address="+84968193922" date="1448362672823" type="1" subject="null" body="X2.00.83.=70 ," toa="null" sc_toa="null" service_center="null" read="1" status="-1" locked="0" date_sent="0" readable_date="24-11-2015 17:57:52" contact_name="(Unknown)" />
  <sms protocol="0" address="0968193922" date="1448362683058" type="2" subject="null" body="Nhan 2 tin." toa="null" sc_toa="null" service_center="null" read="1" status="0" locked="0" date_sent="0" readable_date="24-11-2015 17:58:03" contact_name="(Unknown)" />
  <sms protocol="0" address="0968193922" date="1448362684564" type="2" subject="null" body="Nhan 2 tin." toa="null" sc_toa="null" service_center="null" read="1" status="0" locked="0" date_sent="0" readable_date="24-11-2015 17:58:04" contact_name="(Unknown)" />
  <sms protocol="0" address="01665040000" date="1448362698063" type="2" subject="null" body="Tin 2: xi2:00,83*7d." toa="null" sc_toa="null" service_center="null" read="1" status="0" locked="0" date_sent="0" readable_date="24-11-2015 17:58:18" contact_name="(Unknown)" />
  <sms protocol="0" address="+841685897838" date="1448363146459" type="1" subject="null" body="De71x 300N 33 17 18 83 05x20N 797 717 70 303  727X 10N  3Cang 871x20N tong 3x10N he 44X10N 2kepX 110N lo 171 181 797 94x10D 949X10D 727x5D Xien 59 94x20N 35 94x20N 34 42 94 24x20N 29 35 78 94x20N  78 94 46x20N 59 94x30N 00 25x20N 98 97x  20N)" toa="null" sc_toa="null" service_center="null" read="1" status="-1" locked="0" date_sent="0" readable_date="24-11-2015 18:05:46" contact_name="Chi H. v. b" />
  <sms protocol="0" address="01685897838" date="1448363179559" type="2" subject="null" body="chi gui cho EM 1 tin" toa="null" sc_toa="null" service_center="null" read="1" status="0" locked="0" date_sent="0" readable_date="24-11-2015 18:06:19" contact_name="Chi H. v. b" />
  <sms protocol="0" address="01677281854" date="1448363197559" type="2" subject="null" body="Tin 3: lo:94x20d.17,18,49,71,79,81,97x10d.27,72x5d." toa="null" sc_toa="null" service_center="null" read="1" status="0" locked="0" date_sent="0" readable_date="24-11-2015 18:06:37" contact_name="(Unknown)" />
  <sms protocol="0" address="01665040000" date="1448363209558" type="2" subject="null" body="Tin 3: xi2:35,94*2d.,xi2:59,94*2d." toa="null" sc_toa="null" service_center="null" read="1" status="32" locked="0" date_sent="0" readable_date="24-11-2015 18:06:49" contact_name="(Unknown)" />
  <sms protocol="0" address="01665040000" date="1448363220069" type="2" subject="null" body="Tin 4: Ba cang:871x20n." toa="null" sc_toa="null" service_center="null" read="1" status="32" locked="0" date_sent="0" readable_date="24-11-2015 18:07:00" contact_name="(Unknown)" />
  <sms protocol="0" address="+841677281854" date="1448363234156" type="1" subject="null" body="Nhan 3 tin.so tin cuoi:3." toa="null" sc_toa="null" service_center="null" read="1" status="-1" locked="0" date_sent="0" readable_date="24-11-2015 18:07:14" contact_name="(Unknown)" />
  <sms protocol="0" address="01677281854" date="1448363236558" type="2" subject="null" body="Tin 4: De:71x310n.94x220n.00,05,33,49,83x130n.27,44,72,99x120n.11,16,22,38,50,55,61,66,77,88x110n.78x40n.17,59,97x30n.03,18,24,25,29,30,34,35,42,46,98x20n.12,21,58,67,70,76,79,85x10n." toa="null" sc_toa="null" service_center="null" read="1" status="0" locked="0" date_sent="0" readable_date="24-11-2015 18:07:16" contact_name="(Unknown)" />
  <sms protocol="0" address="+841677281854" date="1448363261018" type="1" subject="null" body="Nhan 4 tin.so tin cuoi:4." toa="null" sc_toa="null" service_center="null" read="1" status="-1" locked="0" date_sent="0" readable_date="24-11-2015 18:07:41" contact_name="(Unknown)" />
  <sms protocol="0" address="+841685897838" date="1448363304155" type="1" subject="null" body=".dê.919.797.77.717.272.878.989.393.88.949.00.141.181.08.56.47.x300n." toa="null" sc_toa="null" service_center="null" read="1" status="-1" locked="0" date_sent="0" readable_date="24-11-2015 18:08:24" contact_name="Chi H. v. b" />
  <sms protocol="0" address="01685897838" date="1448363328063" type="2" subject="null" body="chi gui cho EM 2 tin" toa="null" sc_toa="null" service_center="null" read="1" status="0" locked="0" date_sent="0" readable_date="24-11-2015 18:08:48" contact_name="Chi H. v. b" />
  <sms protocol="0" address="0964386982" date="1448363347556" type="2" subject="null" body="Tin 2: De:00,08,14,17,18,19,27,39,41,47,49,56,71,72,77,78,79,81,87,88,89,91,93,94,97,98x300n." toa="null" sc_toa="null" service_center="null" read="1" status="0" locked="0" date_sent="0" readable_date="24-11-2015 18:09:07" contact_name="A Duc" />
  <sms protocol="0" address="+84964386982" date="1448363376847" type="1" subject="null" body="Nhan 2 tin.so tin cuoi:2." toa="null" sc_toa="null" service_center="null" read="1" status="-1" locked="0" date_sent="0" readable_date="24-11-2015 18:09:36" contact_name="A Duc" />
  <sms protocol="0" address="+841685897838" date="1448363440728" type="1" subject="null" body="Ba.cang.194.149.138.183.100.155.159.145.171.156.123.179.169.161.033.049.098.198.167.555.272.838.444.111.777.794.479.147.x100n.194.794.127.138.x500n.191.110.010.050.505.098.063.230.x100n" toa="null" sc_toa="null" service_center="null" read="1" status="-1" locked="0" date_sent="0" readable_date="24-11-2015 18:10:40" contact_name="Chi H. v. b" />
  <sms protocol="0" address="01685897838" date="1448363461557" type="2" subject="null" body="chi gui cho EM 3 tin" toa="null" sc_toa="null" service_center="null" read="1" status="0" locked="0" date_sent="0" readable_date="24-11-2015 18:11:01" contact_name="Chi H. v. b" />
  <sms protocol="0" address="0968193922" date="1448363463062" type="2" subject="null" body="chị gui cho EM 2 tin" toa="null" sc_toa="null" service_center="null" read="1" status="32" locked="0" date_sent="0" readable_date="24-11-2015 18:11:03" contact_name="(Unknown)" />
  <sms protocol="0" address="0974282195" date="1448363464557" type="2" subject="null" body="BAC gui cho EM 1 tin" toa="null" sc_toa="null" service_center="null" read="1" status="32" locked="0" date_sent="0" readable_date="24-11-2015 18:11:04" contact_name="(Unknown)" />
  <sms protocol="0" address="0983099345" date="1448363466060" type="2" subject="null" body="Ban gui cho toi 3 tin" toa="null" sc_toa="null" service_center="null" read="1" status="32" locked="0" date_sent="0" readable_date="24-11-2015 18:11:06" contact_name="Viet Bo" />
  <sms protocol="0" address="01677281854" date="1448363505058" type="2" subject="null" body="Tin 5: Ba cang:098x50n.138,194,794x450n.127x350n." toa="null" sc_toa="null" service_center="null" read="1" status="32" locked="0" date_sent="0" readable_date="24-11-2015 18:11:45" contact_name="(Unknown)" />
  <sms protocol="0" address="0983650782" date="1448363524557" type="2" subject="null" body="Tin 1: Ba cang:010,033,049,050,063,100,110,111,123,145,147,149,155,156,159,161,167,169,171,179,183,191,198,230,272,444,479,505,555,777,838x25n.138,194,794,127,098x75n." toa="null" sc_toa="null" service_center="null" read="1" status="0" locked="0" date_sent="0" readable_date="24-11-2015 18:12:04" contact_name="A T 782 Lv" />
  <sms protocol="0" address="+841677281854" date="1448363531088" type="1" subject="null" body="Nhan 5 tin.so tin cuoi:5." toa="null" sc_toa="null" service_center="null" read="1" status="-1" locked="0" date_sent="0" readable_date="24-11-2015 18:12:11" contact_name="(Unknown)" />
  <sms protocol="0" address="01665040000" date="1448363539556" type="2" subject="null" body="Tin 5: Ba cang:138,194,794,127,098,010,033,049,050,063,100,110,111,123,145,147,149,155,156,159,161,167,169,171,179,183,191,198,230,272,444,479,505,555,777,838x75n." toa="null" sc_toa="null" service_center="null" read="1" status="0" locked="0" date_sent="0" readable_date="24-11-2015 18:12:19" contact_name="(Unknown)" />
  <sms protocol="0" address="+841685897838" date="1448363555625" type="1" subject="null" body="Kep.bang.2000n.kep.lech.x1000n.he.49.x2000n." toa="null" sc_toa="null" service_center="null" read="1" status="-1" locked="0" date_sent="0" readable_date="24-11-2015 18:12:35" contact_name="Chi H. v. b" />
  <sms protocol="0" address="01685897838" date="1448363649060" type="2" subject="null" body="chi gui cho EM 4 tin" toa="null" sc_toa="null" service_center="null" read="1" status="0" locked="0" date_sent="0" readable_date="24-11-2015 18:14:09" contact_name="Chi H. v. b" />
  <sms protocol="0" address="+84983650782" date="1448363668231" type="1" subject="null" body="Em gui cho Anh 1 tin" toa="null" sc_toa="null" service_center="null" read="1" status="-1" locked="0" date_sent="0" readable_date="24-11-2015 18:14:28" contact_name="A T 782 Lv" />
  <sms protocol="0" address="0964386982" date="1448363722567" type="2" subject="null" body="Tin 3: De:44,99,11,22,33,55,66,05,16,38,50,61,83x500n.49,94,00,77,88,27,72x200n." toa="null" sc_toa="null" service_center="null" read="1" status="32" locked="0" date_sent="0" readable_date="24-11-2015 18:15:22" contact_name="A Duc" />
  <sms protocol="0" address="+84964386982" date="1448363733376" type="1" subject="null" body="Nhan 3 tin.so tin cuoi:3." toa="null" sc_toa="null" service_center="null" read="1" status="-1" locked="0" date_sent="0" readable_date="24-11-2015 18:15:33" contact_name="A Duc" />
  <sms protocol="0" address="01677281854" date="1448363734561" type="2" subject="null" body="Tin 6: De:44,99x3450n.49,94x2750n.00,77,88x1750n.11,22,33,55,66x1450n.27,72x750n.05,16,38,50,61,83x450n." toa="null" sc_toa="null" service_center="null" read="1" status="32" locked="0" date_sent="0" readable_date="24-11-2015 18:15:34" contact_name="(Unknown)" />
  <sms protocol="0" address="+841677281854" date="1448363812096" type="1" subject="null" body="Nhan 6 tin.so tin cuoi:6." toa="null" sc_toa="null" service_center="null" read="1" status="-1" locked="0" date_sent="0" readable_date="24-11-2015 18:16:52" contact_name="(Unknown)" />
  <sms protocol="0" address="+841677281854" date="1448363947103" type="1" subject="null" body="chau gui cho co 6 tin" toa="null" sc_toa="null" service_center="null" read="1" status="-1" locked="0" date_sent="0" readable_date="24-11-2015 18:19:07" contact_name="(Unknown)" />
  <sms protocol="0" address="0983099345" date="1448364108059" type="2" subject="null" body="Nhan 3 tin.. HET LO" toa="null" sc_toa="null" service_center="null" read="1" status="32" locked="0" date_sent="0" readable_date="24-11-2015 18:21:48" contact_name="Viet Bo" />
  <sms protocol="0" address="0968193922" date="1448364109556" type="2" subject="null" body="Nhan 2 tin.. HET LO" toa="null" sc_toa="null" service_center="null" read="1" status="0" locked="0" date_sent="0" readable_date="24-11-2015 18:21:49" contact_name="(Unknown)" />
  <sms protocol="0" address="0974282195" date="1448364111056" type="2" subject="null" body="Nhan 1 tin.. HET LO" toa="null" sc_toa="null" service_center="null" read="1" status="32" locked="0" date_sent="0" readable_date="24-11-2015 18:21:51" contact_name="(Unknown)" />
  <sms protocol="0" address="01685897838" date="1448364112563" type="2" subject="null" body="Nhan 4 tin.. HET LO" toa="null" sc_toa="null" service_center="null" read="1" status="0" locked="0" date_sent="0" readable_date="24-11-2015 18:21:52" contact_name="Chi H. v. b" />
  <sms protocol="0" address="0968193922" date="1448364429060" type="2" subject="null" body="Ngay:24/11/2015&#13;&#10;chị chuyen cho EM&#13;&#10;Xien:15,0=102,0n&#13;&#10;chị bu cho EM:102,0n&#13;&#10;" toa="null" sc_toa="null" service_center="null" read="1" status="0" locked="0" date_sent="0" readable_date="24-11-2015 18:27:09" contact_name="(Unknown)" />
  <sms protocol="0" address="0983099345" date="1448364432065" type="2" subject="null" body="Ngay:24/11/2015&#13;&#10;Ban chuyen cho toi&#13;&#10;De:1100,0=803,0n&#13;&#10;Lo:130,0=2834,0n&#13;&#10;Th lo:115,0=9200,0n&#13;&#10;toi bu cho Ban:5563,0n&#13;&#10;" toa="null" sc_toa="null" service_center="null" read="1" status="32" locked="0" date_sent="0" readable_date="24-11-2015 18:27:12" contact_name="Viet Bo" />
  <sms protocol="0" address="01665040000" date="1448364435061" type="2" subject="null" body="Ngay:24/11/2015&#13;&#10;em chuyen cho anh&#13;&#10;3Cang:2720,0=1958,4n&#13;&#10;Xien:19,0=114,0n&#13;&#10;em bu cho anh:2072,4n&#13;&#10;" toa="null" sc_toa="null" service_center="null" read="1" status="0" locked="0" date_sent="0" readable_date="24-11-2015 18:27:15" contact_name="(Unknown)" />
  <sms protocol="0" address="01685897838" date="1448364439556" type="2" subject="null" body="Ngay:24/11/2015&#13;&#10;chi chuyen cho EM&#13;&#10;De:48990,0=35272,8n&#13;&#10;Lo:100,0=2175,0n&#13;&#10;3Cang:5620,0=3990,2n&#13;&#10;Xien:4,0=26,0n&#13;&#10;Th de:20,0=1400,0n&#13;&#10;Th lo:50,0=4000,0n&#13;&#10;chi bu cho EM:36064,0n&#13;&#10;" toa="null" sc_toa="null" service_center="null" read="1" status="0" locked="0" date_sent="0" readable_date="24-11-2015 18:27:19" contact_name="Chi H. v. b" />
  <sms protocol="0" address="0983650782" date="1448364442563" type="2" subject="null" body="Ngay:24/11/2015&#13;&#10;em chuyen cho anh&#13;&#10;3Cang:1150,0=759,0n&#13;&#10;em bu cho anh:759,0n&#13;&#10;" toa="null" sc_toa="null" service_center="null" read="1" status="32" locked="0" date_sent="0" readable_date="24-11-2015 18:27:22" contact_name="A T 782 Lv" />
  <sms protocol="0" address="01677281854" date="1448364447058" type="2" subject="null" body="Ngay:24/11/2015&#13;&#10;chau chuyen cho co&#13;&#10;De:33390,0=24040,8n&#13;&#10;Lo:250,0=5425,0n&#13;&#10;3Cang:1750,0=1260,0n&#13;&#10;Thuong de:20,0=1400,0n&#13;&#10;Thuong lo:200,0=16000,0n&#13;&#10;chau bu cho co:13325,8n&#13;&#10;" toa="null" sc_toa="null" service_center="null" read="1" status="0" locked="0" date_sent="0" readable_date="24-11-2015 18:27:27" contact_name="(Unknown)" />
  <sms protocol="0" address="0964386982" date="1448364451563" type="2" subject="null" body="Ngay:24/11/2015&#13;&#10;em chuyen cho anh&#13;&#10;De:15700,0=11225,5n&#13;&#10;Lo:130,0=2821,0n&#13;&#10;Thuong lo:115,0=9200,0n&#13;&#10;em bu cho anh:4846,5n&#13;&#10;" toa="null" sc_toa="null" service_center="null" read="1" status="32" locked="0" date_sent="0" readable_date="24-11-2015 18:27:31" contact_name="A Duc" />
  <sms protocol="0" address="0974282195" date="1448364454560" type="2" subject="null" body="Ngay:24/11/2015&#13;&#10;BAC chuyen cho EM&#13;&#10;Lo:150,0=3270,0n&#13;&#10;Th lo:150,0=12000,0n&#13;&#10;EM bu cho BAC:8730,0n&#13;&#10;" toa="null" sc_toa="null" service_center="null" read="1" status="32" locked="0" date_sent="0" readable_date="24-11-2015 18:27:34" contact_name="(Unknown)" />
  <sms protocol="0" address="+84983650782" date="1448364550076" type="1" subject="null" body="Ngay:24/11/2015&#10;Em chuyen cho Anh&#10;3Cang:1150,0=759,0n&#10;Em bu cho Anh:759,0n&#10;" toa="null" sc_toa="null" service_center="null" read="1" status="-1" locked="0" date_sent="0" readable_date="24-11-2015 18:29:10" contact_name="A T 782 Lv" />
  <sms protocol="0" address="01665040000" date="1448364578779" type="2" subject="null" body="Tinh den het ngay:23/11/15 em bu 15923n&#13;&#10;Ngay:24/11/15 anh+2072n &#13;&#10;Tong cong: em bu 17995" toa="null" sc_toa="null" service_center="null" read="1" status="0" locked="0" date_sent="0" readable_date="24-11-2015 18:29:38" contact_name="(Unknown)" />
  <sms protocol="0" address="01677281854" date="1448364586866" type="2" subject="null" body="Tinh den het ngay:23/11/15 chau bu 47196n&#13;&#10;Ngay:24/11/15 co-40000n +13325n &#13;&#10;Tong cong: chau bu 20521" toa="null" sc_toa="null" service_center="null" read="1" status="0" locked="0" date_sent="0" readable_date="24-11-2015 18:29:46" contact_name="(Unknown)" />
  <sms protocol="0" address="5055" date="1448364586982" type="1" subject="null" body="24/11:&#10;DB:56329&#10;1:67069&#10;2:73591-65674&#10;3:93988-16221-69294-82148-08012-80830&#10;4:1210-5294-6383-8021&#10;5:0817-9161-6289-4485-4068-0639&#10;6:261-377-622&#10;7:23-47-40-80 " toa="null" sc_toa="null" service_center="+84980200037" read="1" status="-1" locked="0" date_sent="1448364585000" readable_date="24-11-2015 18:29:46" contact_name="(Unknown)" />
  <sms protocol="0" address="0964386982" date="1448364591824" type="2" subject="null" body="Tinh den het ngay:23/11/15 em thu 2427n&#13;&#10;Ngay:24/11/15 anh+4846n &#13;&#10;Tong cong: em bu 2419" toa="null" sc_toa="null" service_center="null" read="1" status="0" locked="0" date_sent="0" readable_date="24-11-2015 18:29:51" contact_name="A Duc" />
  <sms protocol="0" address="0983099345" date="1448364598199" type="2" subject="null" body="Tinh den het ngay:23/11/15 toi thu 108776n&#13;&#10;Ngay:24/11/15 Ban+45000n -36007n +5563n &#13;&#10;Tong cong: toi thu 94220" toa="null" sc_toa="null" service_center="null" read="1" status="0" locked="0" date_sent="0" readable_date="24-11-2015 18:29:58" contact_name="Viet Bo" />
  <sms protocol="0" address="0983650782" date="1448364611100" type="2" subject="null" body="Tinh den het ngay:23/11/15 em bu 3996n&#13;&#10;Ngay:24/11/15 anh+759n &#13;&#10;Tong cong: em bu 4755" toa="null" sc_toa="null" service_center="null" read="1" status="0" locked="0" date_sent="0" readable_date="24-11-2015 18:30:11" contact_name="A T 782 Lv" />
  <sms protocol="0" address="0989573888" date="1448364623285" type="2" subject="null" body="Tinh den het ngay:23/11/15 EM thu 360n&#13;&#10;Tong cong: EM thu 360" toa="null" sc_toa="null" service_center="null" read="1" status="32" locked="0" date_sent="0" readable_date="24-11-2015 18:30:23" contact_name="A Hoang Meo" />
  <sms protocol="0" address="+841677281854" date="1448364638449" type="1" subject="null" body="Ngay:24/11/2015&#10;chau chuyen cho co&#10;De:33390,0=24040,8n&#10;Lo:250,0=5425,0n&#10;3Cang:1750,0=1260,0n&#10;Th de:20,0=1400,0n&#10;Th lo:200,0=16000,0n&#10;chau bu cho co:13325,8n" toa="null" sc_toa="null" service_center="+84980200623" read="1" status="-1" locked="0" date_sent="1448364636000" readable_date="24-11-2015 18:30:38" contact_name="(Unknown)" />
  <sms protocol="0" address="0979399373" date="1448364642996" type="2" subject="null" body="Tinh den het ngay:23/11/15 EM thu 744n&#13;&#10;Tong cong: EM thu 744" toa="null" sc_toa="null" service_center="null" read="1" status="0" locked="0" date_sent="0" readable_date="24-11-2015 18:30:42" contact_name="A Tung Thuy?" />
  <sms protocol="0" address="0973836212" date="1448364651966" type="2" subject="null" body="Tinh den het ngay:23/11/15 tao thu 3908n&#13;&#10;Ngay:24/11/15 may+50n &#13;&#10;Tong cong: tao thu 3858&#10;" toa="null" sc_toa="null" service_center="null" read="1" status="0" locked="0" date_sent="0" readable_date="24-11-2015 18:30:51" contact_name="Tien Em" />
  <sms protocol="0" address="0983099345" date="1448364705791" type="2" subject="null" body="Ngay:24/11/2015&#13;&#10;chi bu cho EM:36064,0n&#13;&#10;T thu 36007" toa="null" sc_toa="null" service_center="null" read="1" status="32" locked="0" date_sent="0" readable_date="24-11-2015 18:31:45" contact_name="Viet Bo" />
  <sms protocol="0" address="+84964386982" date="1448364801370" type="1" subject="null" body="Ngay:24/11/2015&#10;em chuyen cho anh&#10;De:15700,0=11225,5n&#10;Lo:130,0=2821,0n&#10;Th lo:115,0=9200,0n&#10;em bu cho anh:4846,5n&#10;" toa="null" sc_toa="null" service_center="null" read="1" status="-1" locked="0" date_sent="0" readable_date="24-11-2015 18:33:21" contact_name="A Duc" />
</smses>