<?xml version="1.0" encoding="UTF-8" standalone="yes"?><memberList>
<groupID64>103582791430801364</groupID64>
<groupDetails>
		<groupName><![CDATA[Team StarHawk]]></groupName>
		<groupURL><![CDATA[starhawk]]></groupURL>
		<headline><![CDATA[Zombie killing is magic!]]></headline>
		<summary><![CDATA[Team StarHawk is a friendship pony rainbow death ninja marine squad that was founded by Falconblade and Cathode, and is composed of mad scientists, bronies, assassins, and space marines.  The name was inspired by Falcon's past alias, Hawk.<br>Feel free to join us; we'll always welcome some new recruits!<br><br>This group is primarily centered toward team-based First Person Shooters, such as Team Fortress 2 and Left 4 Dead.  Roles will be dealt out as necessary, however we strongly encourage adaptability.<br><br>If you're part of this group, you are welcome to use our tag, /T/S\H\.  But you don't have to.<br><br>Now let's crack some skulls, Hawks!]]></summary>
		<avatarIcon><![CDATA[http://cdn.akamai.steamstatic.com/steamcommunity/public/images/avatars/bd/bd3c38857fe715b7ae7bfe195b985b805466d044.jpg]]></avatarIcon>
		<avatarMedium><![CDATA[http://cdn.akamai.steamstatic.com/steamcommunity/public/images/avatars/bd/bd3c38857fe715b7ae7bfe195b985b805466d044_medium.jpg]]></avatarMedium>
		<avatarFull><![CDATA[http://cdn.akamai.steamstatic.com/steamcommunity/public/images/avatars/bd/bd3c38857fe715b7ae7bfe195b985b805466d044_full.jpg]]></avatarFull>
		<memberCount>21</memberCount>
		<membersInChat>0</membersInChat>
		<membersInGame>0</membersInGame>
		<membersOnline>2</membersOnline>
</groupDetails>
<memberCount>21</memberCount>
<totalPages>1</totalPages>
<currentPage>1</currentPage>
<startingMember>0</startingMember>
<members>
	<steamID64>76561198009904532</steamID64>
	<steamID64>76561198004808757</steamID64>
	<steamID64>76561198000264284</steamID64>
	<steamID64>76561198016710420</steamID64>
	<steamID64>76561198010892015</steamID64>
	<steamID64>76561198004984287</steamID64>
	<steamID64>76561197980283206</steamID64>
	<steamID64>76561197967117636</steamID64>
	<steamID64>76561197968863200</steamID64>
	<steamID64>76561197980763372</steamID64>
	<steamID64>76561197992198727</steamID64>
	<steamID64>76561198005429187</steamID64>
	<steamID64>76561198010447988</steamID64>
	<steamID64>76561198018960482</steamID64>
	<steamID64>76561198025628761</steamID64>
	<steamID64>76561198030184436</steamID64>
	<steamID64>76561198045469666</steamID64>
	<steamID64>76561198071675315</steamID64>
	<steamID64>76561198106368989</steamID64>
	<steamID64>76561198188855162</steamID64>
	<steamID64>76561198194780497</steamID64>
</members>
</memberList>
